ds,y,next_return
2002-07-01,14.235882759094238,0.02011488266044892
2002-07-02,14.522235870361328,-0.009859290339137905
2002-07-03,14.379056930541992,0.024182270124544214
2002-07-04,14.726775169372559,-0.0500000550441736
2002-07-05,13.990435600280762,-0.0058478388088372135
2002-07-08,13.908621788024902,-0.013235376499040385
2002-07-09,13.724535942077637,-0.0029807759856895766
2002-07-10,13.683626174926758,-0.025410985340306724
2002-07-11,13.335911750793457,-0.01533733842010676
2002-07-12,13.13137435913086,-0.009345756382848625
2002-07-15,13.008651733398438,-0.0015725160843835795
2002-07-16,12.988195419311523,-0.015748018776557404
2002-07-17,12.78365707397461,0.011200080330417084
2002-07-18,12.926835060119629,0.0
2002-07-19,12.926835060119629,-0.0047468901904562655
2002-07-22,12.865472793579102,-0.011128707129041016
2002-07-23,12.722296714782715,-0.009646413366421025
2002-07-24,12.59957218170166,0.012987138811025867
2002-07-25,12.763204574584961,-0.022436130698286427
2002-07-26,12.476847648620605,0.0
2002-07-29,12.476847648620605,-0.0016391596893140514
2002-07-30,12.456396102905273,0.029556609137189493
2002-07-31,12.824564933776855,-0.03508755622128701
2002-08-01,12.374582290649414,-0.003305720158234382
2002-08-02,12.333675384521484,0.001658110125606349
2002-08-05,12.3541259765625,-0.006622464922681703
2002-08-06,12.272311210632324,0.0
2002-08-07,12.272311210632324,0.0
2002-08-08,12.272311210632324,0.0
2002-08-09,12.272311210632324,0.008333481628830075
2002-08-12,12.374582290649414,0.003305720158234271
2002-08-13,12.415489196777344,-0.0016475678153630158
2002-08-14,12.395033836364746,0.0
2002-08-15,12.395033836364746,0.034653483248423544
2002-08-16,12.824564933776855,0.028708318277905542
2002-08-19,13.192736625671387,0.0263566492190348
2002-08-20,13.54045295715332,0.004531703116607666
2002-08-21,13.601814270019531,-0.02857170702321099
2002-08-22,13.213187217712402,0.007740148686783854
2002-08-23,13.315459251403809,-0.006144415904833833
2002-08-26,13.233643531799316,-0.0077279679192441275
2002-08-27,13.13137435913086,-0.004672950817052879
2002-08-28,13.070012092590332,-0.026604059379925493
2002-08-29,12.722296714782715,0.04501587108830796
2002-08-30,13.295001983642578,0.013846459533944255
2002-09-02,13.479090690612793,-0.01517456212040158
2002-09-03,13.274551391601562,0.013867360146029517
2002-09-04,13.458634376525879,0.003039596167937697
2002-09-05,13.499543190002441,-0.015151713171401515
2002-09-06,13.295001983642578,-0.019999684380115346
2002-09-09,13.029106140136719,0.0
2002-09-10,13.029106140136719,0.0015698278027651558
2002-09-11,13.049559593200684,0.018808480752850798
2002-09-12,13.295001983642578,0.047692459984419955
2002-09-13,13.929073333740234,0.00587366897782049
2002-09-16,14.01088809967041,0.017518247479610727
2002-09-17,14.25633430480957,-0.015781815992534587
2002-09-18,14.031343460083008,-0.08454814914500375
2002-09-19,12.845019340515137,0.07324846226280401
2002-09-20,13.785897254943848,-0.031157282654059593
2002-09-23,13.356366157531738,-0.045941907860421516
2002-09-24,12.742749214172363,0.016051276551461324
2002-09-25,12.947286605834961,-0.009478563022061959
2002-09-26,12.824564933776855,0.020733768897799987
2002-09-27,13.090466499328613,-0.021874935570995624
2002-09-30,12.804113388061523,0.023961488106064577
2002-10-01,13.110918998718262,0.0
2002-10-02,13.110918998718262,-0.0015599592516473137
2002-10-03,13.090466499328613,0.0015623965265636475
2002-10-04,13.110918998718262,-0.00624005522340132
2002-10-07,13.029106140136719,0.004709483408295467
2002-10-08,13.090466499328613,-0.01250004644352265
2002-10-09,12.926835060119629,-0.0063291377374266045
2002-10-10,12.845019340515137,-0.003184576945290396
2002-10-11,12.804113388061523,-0.006389874159900333
2002-10-14,12.722296714782715,0.0
2002-10-15,12.722296714782715,-0.02250804798544559
2002-10-16,12.435942649841309,-0.014802572171799255
2002-10-17,12.251858711242676,-0.005008326843493838
2002-10-18,12.190497398376465,-0.005033536439159825
2002-10-21,12.129136085510254,-0.021922469168689784
2002-10-22,11.863235473632812,-0.0413794633612401
2002-10-23,11.37234115600586,-0.008992714656659073
2002-10-24,11.270072937011719,-0.03811237003204049
2002-10-25,10.840543746948242,-0.06037757626504625
2002-10-28,10.186017990112305,0.008032159346656575
2002-10-29,10.267833709716797,0.037848703267994166
2002-10-30,10.656457901000977,-0.0038388753426895628
2002-10-31,10.615549087524414,-0.001926744711491346
2002-11-01,10.59509563446045,0.00965241112704196
2002-11-04,10.69736385345459,-0.026768657106949867
2002-11-05,10.411009788513184,0.0
2002-11-06,10.411009788513184,-0.011787590337220766
2002-11-07,10.288289070129395,-0.00994053329178124
2002-11-08,10.186017990112305,-0.014056232043737515
2002-11-11,10.042840957641602,-0.00407343038181196
2002-11-12,10.001932144165039,0.004090091083094105
2002-11-13,10.042840957641602,-0.028513158027181906
2002-11-14,9.756487846374512,-0.03563949824537982
2002-11-15,9.408771514892578,-0.0065215108497911345
2002-11-18,9.347412109375,0.0
2002-11-19,9.347412109375,0.0
2002-11-20,9.347412109375,-0.026258606870478207
2002-11-21,9.101962089538574,0.008989009858342945
2002-11-22,9.1837797164917,0.03118041523003745
2002-11-25,9.470133781433105,0.03887693595920716
2002-11-26,9.838303565979004,-0.004158019675638558
2002-11-27,9.797395706176758,0.008350664644339645
2002-11-28,9.879210472106934,0.03312642030878532
2002-11-29,10.206473350524902,0.016032123299530188
2002-12-02,10.370104789733887,-0.011834270551818737
2002-12-03,10.247382164001465,-0.027944304965612843
2002-12-04,9.961026191711426,-0.008213583423018367
2002-12-05,9.879210472106934,-0.004140706005143491
2002-12-06,9.838303565979004,-0.016632175637387725
2002-12-09,9.674671173095703,0.010571013545296992
2002-12-10,9.776942253112793,-0.006276222662662367
2002-12-11,9.715579986572266,-0.03789458557349168
2002-12-12,9.347412109375,-0.026258606870478207
2002-12-13,9.101962089538574,0.033708053531297244
2002-12-16,9.408771514892578,0.015217196516617237
2002-12-17,9.551946640014648,0.0749467199390732
2002-12-18,10.267833709716797,0.02191238760151304
2002-12-19,10.492826461791992,-0.03508785164424966
2002-12-20,10.124655723571777,-0.042423984391800285
2002-12-23,9.695127487182617,0.012658175552066497
2002-12-24,9.817850112915039,0.0
2002-12-25,9.817850112915039,-0.022916896961775346
2002-12-26,9.592855453491211,-0.04051163762653298
2002-12-27,9.204233169555664,0.006666744030723981
2002-12-30,9.265595436096191,0.006622284119867761
2002-12-31,9.32695484161377,-0.0065787179802578866
2003-01-01,9.265595436096191,0.0
2003-01-02,9.265595436096191,-0.004415027623900003
2003-01-03,9.224687576293945,-0.015521174561289763
2003-01-06,9.081509590148926,-0.004504522006629874
2003-01-07,9.04060173034668,-0.020361912192273235
2003-01-08,8.856517791748047,-0.006928486791693778
2003-01-09,8.79515552520752,-0.03488347758915833
2003-01-10,8.488349914550781,0.028915655882471913
2003-01-13,8.733796119689941,-0.004683967076393625
2003-01-14,8.692887306213379,0.021176386178048734
2003-01-15,8.876971244812012,-0.018433143582649247
2003-01-16,8.713340759277344,0.004694744215572477
2003-01-17,8.754247665405273,0.16355149859022733
2003-01-20,10.186017990112305,-0.024096197162500888
2003-01-21,9.940573692321777,0.032921642907571824
2003-01-22,10.267833709716797,-0.03386462435137394
2003-01-23,9.920117378234863,-0.014432805546857996
2003-01-24,9.776942253112793,0.05857723281037486
2003-01-27,10.349648475646973,0.06521741333915942
2003-01-28,11.024625778198242,0.07792229137352624
2003-01-29,11.883689880371094,-0.018932983611525067
2003-01-30,11.658696174621582,-0.024561495927739707
2003-01-31,11.37234115600586,0.1025180037105975
2003-02-03,12.53821086883545,-0.03588905587754476
2003-02-04,12.088226318359375,-0.015228445218084974
2003-02-05,11.904141426086426,0.008591218497536968
2003-02-06,12.006412506103516,-0.02385025269991925
2003-02-07,11.720056533813477,0.04188506001528158
2003-02-10,12.210951805114746,0.006700113736908486
2003-02-11,12.292766571044922,-0.019966718128146876
2003-02-12,12.047320365905762,0.0
2003-02-13,12.047320365905762,-0.03904934015202499
2003-02-14,11.57688045501709,0.007067164589147579
2003-02-17,11.658696174621582,0.014035222329533914
2003-02-18,11.822328567504883,-0.013840961359597448
2003-02-19,11.658696174621582,-0.010526109999411837
2003-02-20,11.535975456237793,0.0070918931145080855
2003-02-21,11.61778736114502,-0.014084397206958754
2003-02-24,11.454157829284668,0.0035711921722185735
2003-02-25,11.495062828063965,-0.00355848414150739
2003-02-26,11.454157829284668,-0.0071429671651309645
2003-02-27,11.37234115600586,-0.016186903153806664
2003-02-28,11.188258171081543,-0.01096896206095277
2003-03-03,11.065534591674805,0.0
2003-03-04,11.065534591674805,-0.0018483926731703848
2003-03-05,11.04508113861084,0.0
2003-03-06,11.04508113861084,0.003703544767146738
2003-03-07,11.085987091064453,-0.001844896554690556
2003-03-10,11.065534591674805,0.0
2003-03-11,11.065534591674805,0.0
2003-03-12,11.065534591674805,-0.007393743061094082
2003-03-13,10.983718872070312,0.0
2003-03-14,10.983718872070312,0.005586656692075476
2003-03-17,11.04508113861084,0.0
2003-03-18,11.04508113861084,0.003703544767146738
2003-03-19,11.085987091064453,0.07011088648974151
2003-03-20,11.863235473632812,-0.0068966576159306126
2003-03-21,11.781418800354004,-0.03819442786148586
2003-03-24,11.33143424987793,0.01805077820242107
2003-03-25,11.535975456237793,0.03723388556892426
2003-03-26,11.96550464630127,0.017094000744894533
2003-03-27,12.170042991638184,0.001680717705955015
2003-03-28,12.190497398376465,-0.053691159658984966
2003-03-31,11.535975456237793,0.03191459371990568
2003-04-01,11.904141426086426,0.11340217748241788
2003-04-02,13.254096984863281,-0.043209750403081615
2003-04-03,12.681390762329102,0.03870944113744934
2003-04-04,13.172280311584473,0.015527937494393518
2003-04-07,13.376818656921387,-0.012232462994803184
2003-04-08,13.213187217712402,0.03869987732254088
2003-04-09,13.724535942077637,0.007451488299913933
2003-04-10,13.826804161071777,-0.010355103354116046
2003-04-11,13.683626174926758,-0.03139001201673619
2003-04-15,13.254096984863281,0.012345653251333522
2003-04-16,13.41772747039795,0.019816970132642275
2003-04-17,13.683626174926758,0.0
2003-04-18,13.683626174926758,0.011958401825662879
2003-04-21,13.847260475158691,-0.0044314339522193436
2003-04-22,13.785897254943848,-0.008902110405815455
2003-04-23,13.66317367553711,-0.03143706974221039
2003-04-24,13.233643531799316,-0.030912015805736326
2003-04-25,12.824564933776855,0.020733768897799987
2003-04-28,13.090466499328613,0.0
2003-04-29,13.090466499328613,0.05624991758551379
2003-04-30,13.826804161071777,0.0
2003-05-01,13.826804161071777,0.008875704342290236
2003-05-02,13.9495267868042,-0.01026393473118703
2003-05-05,13.806349754333496,0.002963181547124938
2003-05-06,13.847260475158691,-0.010339805942256475
2003-05-07,13.704082489013672,0.002984946455657056
2003-05-08,13.744988441467285,-0.02083334345174881
2003-05-09,13.458634376525879,-0.004559181672913026
2003-05-12,13.397274017333984,0.02595411750804022
2003-05-13,13.744988441467285,0.03273801201928994
2003-05-14,14.194972038269043,-0.020172653350225223
2003-05-15,13.908621788024902,0.005882237183723049
2003-05-16,13.990435600280762,-0.004386015438954338
2003-05-19,13.929073333740234,0.02055808105497503
2003-05-20,14.215428352355957,0.0014388878218285495
2003-05-21,14.235882759094238,0.005747013630299502
2003-05-22,14.317696571350098,0.0
2003-05-23,14.317696571350098,0.06714281232513297
2003-05-26,15.279026985168457,-0.020080179906387885
2003-05-27,14.972221374511719,0.023223906577478415
2003-05-28,15.319934844970703,0.04672887073275622
2003-05-29,16.035818099975586,-0.028061037275909917
2003-05-30,15.585836410522461,0.026247000691552724
2003-06-02,15.994917869567871,0.06010182396292074
2003-06-03,16.956241607666016,0.008443913208099785
2003-06-04,17.09941864013672,0.0023925211544424396
2003-06-05,17.140329360961914,-0.023866437418300745
2003-06-06,16.731250762939453,0.012225156560754513
2003-06-09,16.935792922973633,-0.04106278098570004
2003-06-10,16.2403621673584,0.03526425761222418
2003-06-11,16.813066482543945,-0.02554757070678937
2003-06-12,16.383533477783203,0.0511862476992766
2003-06-13,17.222145080566406,-0.020190237097540864
2003-06-16,16.874425888061523,0.007273151450668536
2003-06-17,16.997156143188477,-0.0048136068330414394
2003-06-18,16.91533851623535,-0.029020661759490807
2003-06-19,16.4244441986084,-0.024906577399342877
2003-06-20,16.01536750793457,-0.057471150748541255
2003-06-23,15.094945907592773,0.004064960521722005
2003-06-24,15.156306266784668,0.01889339393787237
2003-06-25,15.442660331726074,0.011920295701738581
2003-06-26,15.626741409301758,0.007853433815298683
2003-06-27,15.749464988708496,0.014285799924684373
2003-06-30,15.974458694458008,0.001280742934780088
2003-07-01,15.994917869567871,-0.007672839675106347
2003-07-02,15.872191429138184,0.007732167355566588
2003-07-03,15.994917869567871,-0.019181979940599447
2003-07-04,15.688103675842285,-0.035201948381199055
2003-07-07,15.135851860046387,-0.010810787991827442
2003-07-08,14.972221374511719,-0.009562972403218684
2003-07-09,14.829042434692383,0.019310483030253733
2003-07-10,15.115398406982422,0.010825290460782622
2003-07-11,15.279026985168457,0.016064381110528325
2003-07-14,15.52447509765625,-0.007905167719665207
2003-07-15,15.401751518249512,0.007968157339853343
2003-07-16,15.52447509765625,0.047430883457242556
2003-07-17,16.260814666748047,0.037735576838487495
2003-07-18,16.874425888061523,0.01333335744680797
2003-07-21,17.09941864013672,0.055024194034146046
2003-07-22,18.040300369262695,-0.03514738833447362
2003-07-23,17.406230926513672,0.10810795410589535
2003-07-24,19.287982940673828,-0.004241599816780406
2003-07-25,19.2061710357666,0.013844490799751474
2003-07-28,19.472070693969727,-0.023108984615788475
2003-07-29,19.022090911865234,-0.005376888563924376
2003-07-30,18.919811248779297,0.09513520434137845
2003-07-31,20.719751358032227,0.04540989478434221
2003-08-01,21.660633087158203,-0.010387173411315676
2003-08-04,21.435640335083008,0.036259362835565634
2003-08-05,22.21288299560547,-0.04511955574591264
2003-08-06,21.210647583007812,-0.012536320348531471
2003-08-07,20.944744110107422,-0.007812438815205547
2003-08-08,20.78111457824707,0.02263785751805214
2003-08-11,21.251554489135742,-0.005775029202737203
2003-08-12,21.128826141357422,-0.023233122005779205
2003-08-13,20.637937545776367,0.056491349577545646
2003-08-14,21.803802490234375,0.0
2003-08-15,21.803802490234375,0.06941861905448388
2003-08-18,23.317392349243164,0.0824560007178714
2003-08-19,25.24005126953125,-0.018638400683863243
2003-08-20,24.769617080688477,0.01816698729664612
2003-08-21,25.219606399536133,0.030818984571335584
2003-08-22,25.996849060058594,-0.024390168744510166
2003-08-25,25.362781524658203,0.03064500870169984
2003-08-26,26.140024185180664,0.03364635760593959
2003-08-27,27.019540786743164,0.03255098944156587
2003-08-28,27.8990535736084,0.01612905982502788
2003-08-29,28.34903907775879,-0.011543988146183293
2003-09-01,28.021778106689453,-0.027737160893638868
2003-09-02,27.24453353881836,-0.03153147350647745
2003-09-03,26.385473251342773,0.0023254272373463003
2003-09-04,26.44683074951172,0.002320248531706426
2003-09-05,26.508193969726562,-0.027006040037047208
2003-09-08,25.792312622070312,0.00951621729549057
2003-09-09,26.037757873535156,0.0031421220157752394
2003-09-10,26.119571685791016,-0.00861417165747369
2003-09-11,25.894573211669922,-0.026856161813595403
2003-09-12,25.19914436340332,0.009740373031021488
2003-09-15,25.44459342956543,0.006430967231234375
2003-09-16,25.608226776123047,0.009584550553303428
2003-09-17,25.853670120239258,0.03401902312020222
2003-09-18,26.733186721801758,-0.006885970629476268
2003-09-19,26.549102783203125,-0.028505300812335266
2003-09-22,25.792312622070312,0.0007928209072218806
2003-09-23,25.812761306762695,0.06180678046430721
2003-09-24,27.408164978027344,-0.0029851552272367465
2003-09-25,27.32634735107422,0.13173660468618564
2003-09-26,30.926227569580078,0.01653452981173964
2003-09-29,31.437578201293945,0.03383201844155059
2003-09-30,32.50117492675781,-0.02831993425342849
2003-10-01,31.58074378967285,0.0
2003-10-02,31.58074378967285,-0.029144784463507434
2003-10-03,30.660329818725586,0.0006669427502339342
2003-10-06,30.68077850341797,0.015333562441453674
2003-10-07,31.15122413635254,0.0006564327810321124
2003-10-08,31.171672821044922,-0.012467222837710734
2003-10-09,30.783048629760742,0.009966861395648063
2003-10-10,31.089859008789062,0.037499785276600583
2003-10-13,32.25572204589844,-0.08243470278550047
2003-10-14,29.596731185913086,0.0774014093125368
2003-10-15,31.88755989074707,-0.007697389651378339
2003-10-16,31.642108917236328,0.00969620806508753
2003-10-17,31.948917388916016,-0.040973147322630576
2003-10-20,30.639869689941406,-0.02736963552803029
2003-10-21,29.801267623901367,-0.02951291652114152
2003-10-22,28.92174530029297,0.07213603033213567
2003-10-23,31.008045196533203,0.019788590199042222
2003-10-24,31.62165069580078,-0.01164278443404887
2003-10-27,31.25348663330078,0.08573311034388986
2003-10-28,33.932945251464844,0.04038562758520836
2003-10-29,35.303348541259766,0.040556218712049175
2003-10-30,36.7351188659668,0.006681384036434146
2003-10-31,36.980560302734375,-0.04535387640815691
2003-11-03,35.303348541259766,0.0034763399366000147
2003-11-04,35.42607498168945,-0.029445984933560543
2003-11-05,34.38291931152344,0.008923614454944051
2003-11-06,34.68973922729492,0.004716888283293086
2003-11-07,34.85336685180664,-0.01173707815411884
2003-11-10,34.44429016113281,0.03859862112104473
2003-11-11,35.7737922668457,-0.02744424782346977
2003-11-12,34.79200744628906,-0.024691366146389115
2003-11-13,33.932945251464844,0.0156719523686506
2003-11-14,34.46474075317383,-0.0005933772195612086
2003-11-17,34.44429016113281,-0.01603335517318827
2003-11-18,33.892032623291016,-0.0024137290250662025
2003-11-19,33.81022644042969,-0.006654971800087228
2003-11-20,33.58522033691406,-0.006699102833613746
2003-11-21,33.3602294921875,-0.005517779843168591
2003-11-24,33.17615509033203,0.014179831273794408
2003-11-25,33.64658737182617,0.0
2003-11-26,33.64658737182617,-0.009118334614287016
2003-11-27,33.339786529541016,0.04049074209151793
2003-11-28,34.68973922729492,-0.02240593412565417
2003-12-01,33.91248321533203,-0.012062492111882706
2003-12-02,33.503414154052734,-0.008547239186406874
2003-12-03,33.2170524597168,0.01416283220354142
2003-12-04,33.6875,0.025500805346996724
2003-12-05,34.54655838012695,0.07282413884982097
2003-12-08,37.062381744384766,0.02317881783068021
2003-12-09,37.921443939208984,-0.06094913739519414
2003-12-10,35.610164642333984,0.0034460665253988054
2003-12-11,35.732879638671875,0.021179204796331064
2003-12-12,36.48967361450195,0.00448432180944347
2003-12-15,36.65330505371094,0.004464198365520922
2003-12-16,36.816932678222656,0.0016668155234020876
2003-12-17,36.878299713134766,0.03216844195843249
2003-12-18,38.06461715698242,-0.01182152148272908
2003-12-19,37.6146354675293,0.0435018641642253
2003-12-22,39.25094223022461,0.020323052881902948
2003-12-23,40.048641204833984,0.09754859522459891
2003-12-24,43.95532989501953,0.0
2003-12-25,43.95532989501953,-0.00884104022815635
2003-12-26,43.56671905517578,-0.002817327122184743
2003-12-29,43.44397735595703,-0.0023537618129322313
2003-12-30,43.34172058105469,-0.008022868263858896
2003-12-31,42.993995666503906,0.05661268973893008
2004-01-01,45.428001403808594,-0.012606605032061458
2004-01-02,44.855308532714844,-0.02188790284516373
2004-01-05,43.87351989746094,0.054079233609073185
2004-01-06,46.24616622924805,-0.01282619912060845
2004-01-07,45.65300369262695,0.09005385429951596
2004-01-08,49.76423263549805,-0.009453527470804857
2004-01-09,49.293785095214844,-0.007883876190115102
2004-01-12,48.90515899658203,-0.0033457372017927645
2004-01-13,48.74153518676758,0.0239191359740214
2004-01-14,49.90739059448242,-0.02213098708904726
2004-01-15,48.80289077758789,-0.041911190822444544
2004-01-16,46.757503509521484,-0.01618534544474637
2004-01-19,46.00071716308594,0.05157846394818999
2004-01-20,48.37336349487305,0.04270633991407635
2004-01-21,50.439212799072266,-0.009326944245937718
2004-01-22,49.96876907348633,0.03438381197117679
2004-01-23,51.686885833740234,0.0
2004-01-26,51.686885833740234,0.16422630156434148
2004-01-27,60.17523193359375,-0.05098558592002722
2004-01-28,57.10716247558594,-0.006447098588538647
2004-01-29,56.73898696899414,-0.029199561510402372
2004-01-30,55.08223342895508,0.0
2004-02-02,55.08223342895508,-0.0475307381285347
2004-02-03,52.464134216308594,0.019493268382432705
2004-02-04,53.48683166503906,-0.018355636144332887
2004-02-05,52.50504684448242,0.08920912797645841
2004-02-06,57.1889762878418,-0.00643780874904043
2004-02-09,56.820804595947266,-0.00575949365813877
2004-02-10,56.49354553222656,0.025343895422407448
2004-02-11,57.92531204223633,0.04131322871932297
2004-02-12,60.31839370727539,0.03865753484434875
2004-02-13,62.65015411376953,0.03493292055548669
2004-02-16,64.83870697021484,0.0009466332977938752
2004-02-17,64.90008544921875,-0.012291302830842565
2004-02-18,64.10237884521484,0.003828956988593424
2004-02-19,64.34782409667969,-0.02733614980345489
2004-02-20,62.588802337646484,-0.018627585963522653
2004-02-23,61.42292404174805,-0.009990031457022597
2004-02-24,60.80930709838867,-0.007063449470368299
2004-02-25,60.379783630371094,-0.0348917166692001
2004-02-26,58.27302932739258,-0.0003510098406479534
2004-02-27,58.2525749206543,0.14431170612373623
2004-03-01,66.65910339355469,0.0
2004-03-02,66.65910339355469,-0.05523161921827524
2004-03-03,62.977413177490234,-0.00032472899424085266
2004-03-04,62.95696258544922,-0.0003248344774139378
2004-03-05,62.9365119934082,0.004874585331730685
2004-03-08,63.24330139160156,-0.0035574236382591717
2004-03-09,63.01831817626953,0.017526889127604806
2004-03-10,64.12283325195312,-0.04657080293568794
2004-03-11,61.13658142089844,0.0076946509138440256
2004-03-12,61.60700607299805,0.0029879429027053206
2004-03-15,61.79108428955078,-0.042038781930937574
2004-03-16,59.19346237182617,0.004146428117784762
2004-03-17,59.43890380859375,-0.024088229465203503
2004-03-18,58.00712585449219,-0.04407597680422881
2004-03-19,55.45040512084961,-0.01512377105902174
2004-03-22,54.611785888671875,0.03408227294597044
2004-03-23,56.473079681396484,0.005432826993155171
2004-03-24,56.77988815307617,0.04646986292525512
2004-03-25,59.41844177246094,0.011015596370562486
2004-03-26,60.07297134399414,-0.0061287411569219685
2004-03-29,59.70479965209961,0.046248559620298835
2004-03-30,62.466060638427734,0.020301185281094147
2004-03-31,63.734195709228516,0.04204132542097616
2004-04-01,66.41366577148438,0.0612872735259804
2004-04-02,70.48397827148438,-0.04178730344701875
2004-04-05,67.53864288330078,0.006662581157140579
2004-04-06,67.9886245727539,0.002105728557954656
2004-04-07,68.13179016113281,0.004202831525043749
2004-04-08,68.41813659667969,0.0
2004-04-09,68.41813659667969,0.00956644188221234
2004-04-12,69.0726547241211,0.03257318088679817
2004-04-13,71.32257080078125,0.0
2004-04-14,71.32257080078125,-0.03556034021679877
2004-04-15,68.78631591796875,0.0056497588720447744
2004-04-16,69.17494201660156,0.004435033900237917
2004-04-19,69.48173522949219,-0.014424444197994712
2004-04-20,68.47949981689453,-0.009856563438466637
2004-04-21,67.80452728271484,0.013272909862696913
2004-04-22,68.7044906616211,0.053587496606140705
2004-04-23,72.38619232177734,-0.0593389217714575
2004-04-27,68.09087371826172,0.006007861010327797
2004-04-28,68.49995422363281,0.019707463201233733
2004-04-29,69.84991455078125,-0.005563948931381013
2004-04-30,69.46127319335938,-0.013545057416017747
2004-05-03,68.52041625976562,-0.0008956578631500456
2004-05-04,68.45904541015625,0.03406049483208862
2004-05-05,70.7907943725586,0.007801100392285987
2004-05-06,71.3430404663086,-0.03899070427731566
2004-05-07,68.56132507324219,-0.05727933215155678
2004-05-10,64.6341781616211,-0.04525320740235972
2004-05-11,61.70927429199219,0.017235698518784703
2004-05-12,62.77287673950195,0.042358943949126315
2004-05-13,65.43186950683594,-0.11597374434574592
2004-05-14,57.84349060058594,-0.04490802940041383
2004-05-17,55.245853424072266,0.08293215011991473
2004-05-18,59.827510833740234,0.058461791153627596
2004-05-19,63.32513427734375,-0.029392594256105187
2004-05-20,61.463844299316406,-0.015308044535698007
2004-05-21,60.522953033447266,0.04393368877030479
2004-05-24,63.181949615478516,-0.025898386918274396
2004-05-25,61.54563903808594,0.03256910018830017
2004-05-26,63.55012512207031,-0.010942907270204416
2004-05-27,62.85470199584961,-0.03644659947758644
2004-05-28,60.56386184692383,-0.06484288398674443
2004-05-31,56.63672637939453,0.0
2004-06-01,56.63672637939453,0.01914039341878193
2004-06-02,57.72077560424805,-0.025159414466377483
2004-06-03,56.2685546875,-0.03525983996164461
2004-06-04,54.2845344543457,0.058779096671097264
2004-06-07,57.4753303527832,0.042348703737147275
2004-06-08,59.90933609008789,0.020485043081851062
2004-06-09,61.13658142089844,0.002676365050377605
2004-06-10,61.30020523071289,-0.05238582378609491
2004-06-11,58.08894348144531,-0.023591596559630834
2004-06-14,56.71853256225586,-0.009015347491795223
2004-06-15,56.20719528198242,-0.009461545681701322
2004-06-16,55.67538833618164,-0.005877984393115154
2004-06-17,55.34812927246094,0.0022172858838336307
2004-06-18,55.47085189819336,-0.0357668967622059
2004-06-21,53.48683166503906,0.013384111490186479
2004-06-22,54.20270538330078,-0.01622636325337745
2004-06-23,53.32319259643555,-0.03222074414335596
2004-06-24,51.605079650878906,0.05945278379699759
2004-06-25,54.67314529418945,0.025065521872126517
2004-06-28,56.043556213378906,0.0051094913365445915
2004-06-29,56.32991027832031,-0.008351511808988854
2004-06-30,55.85947036743164,0.020871495179511257
2004-07-01,57.02534103393555,0.030487761233288113
2004-07-02,58.763916015625,0.02784549921685775
2004-07-05,60.40022659301758,0.011852295728622453
2004-07-06,61.11610794067383,-0.026104252603468825
2004-07-07,59.52071762084961,0.02164942777987755
2004-07-08,60.80930709838867,0.06323593020297924
2004-07-09,64.6546401977539,-0.0196143378898338
2004-07-12,63.38648223876953,-0.019360948885034368
2004-07-13,62.15925979614258,-0.014807350891337112
2004-07-14,61.23884582519531,0.003339854071998216
2004-07-15,61.44337463378906,-0.0009988196445125386
2004-07-16,61.38200378417969,0.0113296787679813
2004-07-19,62.07744216918945,0.02372331883242107
2004-07-20,63.55012512207031,0.01448345559148878
2004-07-21,64.47055053710938,0.04409887288995251
2004-07-22,67.31362915039062,-0.07444526377399263
2004-07-23,62.30244827270508,-0.01017749401137491
2004-07-26,61.668365478515625,-0.014925344513346261
2004-07-27,60.74794387817383,0.009091029544087803
2004-07-28,61.30020523071289,-0.00266922123993929
2004-07-29,61.13658142089844,0.019404504564539904
2004-07-30,62.322906494140625,-0.006563948042231038
2004-08-02,61.913822174072266,-0.008589655285654252
2004-08-03,61.38200378417969,0.0036656067731100084
2004-08-04,61.60700607299805,-0.001327933343517107
2004-08-05,61.52519607543945,-0.009308451686741881
2004-08-06,60.952491760253906,0.021141070437273424
2004-08-09,62.241092681884766,0.0351623231221081
2004-08-10,64.42963409423828,-0.0012697572896182008
2004-08-11,64.34782409667969,0.008264449091662351
2004-08-12,64.87962341308594,-0.04981083977684597
2004-08-13,61.64791488647461,-0.0026543518009909395
2004-08-16,61.48427963256836,0.004989969124073568
2004-08-17,61.79108428955078,-0.06388613720494951
2004-08-18,57.84349060058594,0.02793523372579787
2004-08-19,59.4593620300293,-0.018576094114839292
2004-08-20,58.35483932495117,-0.021380863417642115
2004-08-23,57.10716247558594,-0.02936975210917614
2004-08-24,55.42993927001953,0.009225342390616786
2004-08-25,55.94129943847656,-0.0007315538372617558
2004-08-26,55.90037536621094,0.023783556485938107
2004-08-27,57.22988510131836,-0.02751979990496234
2004-08-30,55.654930114746094,0.02829857091411525
2004-08-31,57.22988510131836,-0.020371710766846296
2004-09-01,56.06401443481445,-0.0043778783813804845
2004-09-02,55.818572998046875,-0.01502401776210005
2004-09-03,54.97995376586914,0.005208544013199479
2004-09-06,55.266319274902344,-0.008882341434485186
2004-09-07,54.77542495727539,0.019044088504747148
2004-09-08,55.818572998046875,-0.02638352260146315
2004-09-09,54.345882415771484,0.0447873073195022
2004-09-10,56.77988815307617,0.007564980150165601
2004-09-13,57.20942687988281,0.04647842770752875
2004-09-14,59.868431091308594,-0.020498784578967366
2004-09-15,58.64120101928711,0.014998270606245478
2004-09-16,59.52071762084961,0.02542953441194218
2004-09-17,61.0343017578125,-0.007707795409135687
2004-09-20,60.56386184692383,0.01148266555508326
2004-09-21,61.25929641723633,0.0020030815585541095
2004-09-22,61.38200378417969,-0.014328325707088085
2004-09-23,60.50250244140625,0.01149418475031605
2004-09-24,61.19792938232422,-0.030414326293565885
2004-09-27,59.33663558959961,-0.023095527839964936
2004-09-28,57.966224670410156,-0.00811595644973273
2004-09-29,57.49577331542969,0.04091082559301995
2004-09-30,59.84797286987305,-0.022556492098464997
2004-10-01,58.49801254272461,0.009440685735019105
2004-10-04,59.05027389526367,0.03186694811099078
2004-10-05,60.93202590942383,0.00033588003229212404
2004-10-06,60.952491760253906,0.03791916927488659
2004-10-07,63.26375961303711,0.017135631683501407
2004-10-08,64.34782409667969,-0.003178844034726236
2004-10-11,64.14327239990234,-0.030612008225623488
2004-10-12,62.179718017578125,-0.024671105101582547
2004-10-14,60.64567565917969,0.016863359311607207
2004-10-15,61.668365478515625,-0.01990054182879719
2004-10-18,60.441131591796875,0.024365701691714703
2004-10-19,61.913822174072266,-0.011893160320700646
2004-10-20,61.17747116088867,-0.002340230813066113
2004-10-21,61.0343017578125,0.0
2004-10-22,61.0343017578125,0.009718511059154888
2004-10-25,61.627464294433594,0.02787938548845048
2004-10-26,63.34560012817383,0.01775893521664207
2004-10-27,64.47055053710938,0.015862780469863447
2004-10-28,65.49323272705078,-0.018426017921726934
2004-10-29,64.28645324707031,0.007317929389849764
2004-11-01,64.75689697265625,0.004106121056347112
2004-11-02,65.02279663085938,0.005347503856773406
2004-11-03,65.3705062866211,-0.0009383487373082477
2004-11-04,65.30916595458984,-0.023488870532626382
2004-11-05,63.77512741088867,0.018601748614255342
2004-11-08,64.96145629882812,0.005667423168692842
2004-11-09,65.32962036132812,0.020663715635993674
2004-11-10,66.67957305908203,0.009202243752020278
2004-11-11,67.29317474365234,0.0015200247702702452
2004-11-12,67.39546203613281,0.0
2004-11-15,67.39546203613281,-0.012139931158756667
2004-11-16,66.57728576660156,-0.008909268384805769
2004-11-17,65.984130859375,0.0
2004-11-18,65.984130859375,-0.004339741407698217
2004-11-19,65.6977767944336,0.004046967538208435
2004-11-22,65.96365356445312,0.017364701408329575
2004-11-23,67.10909271240234,0.004571673224669448
2004-11-24,67.4158935546875,0.016990526390123772
2004-11-25,68.56132507324219,0.0
2004-11-26,68.56132507324219,0.005966636510220447
2004-11-29,68.97040557861328,0.03024892785900679
2004-11-30,71.05668640136719,0.05584352333408704
2004-12-01,75.02474212646484,0.017175526913067785
2004-12-02,76.3133316040039,-0.0029479509256697956
2004-12-03,76.08836364746094,-0.038441384153740654
2004-12-06,73.16342163085938,-0.004193468058774852
2004-12-07,72.85661315917969,0.05755203801009934
2004-12-08,77.0496597290039,0.023095234771022488
2004-12-09,78.82913970947266,-0.02335222200919007
2004-12-10,76.9883041381836,0.01594052369975607
2004-12-13,78.21553802490234,0.04497912429023909
2004-12-14,81.73360443115234,0.06181170573622463
2004-12-15,86.78569793701172,0.005891777489137606
2004-12-16,87.2970199584961,-0.06958734753253204
2004-12-17,81.22225189208984,-0.015109671149523995
2004-12-20,79.99501037597656,0.017898531497917203
2004-12-21,81.42680358886719,0.021602443750800004
2004-12-22,83.18582153320312,0.02729284956195044
2004-12-23,85.4561996459961,-0.0002394447239354447
2004-12-24,85.43573760986328,0.004309429889519212
2004-12-27,85.80391693115234,0.012633985124782532
2004-12-28,86.8879623413086,0.0040020796273179116
2004-12-29,87.2356948852539,-0.0014069248830499426
2004-12-30,87.11296081542969,0.015966446168222737
2004-12-31,88.50384521484375,0.05523450274370423
2005-01-03,93.3923110961914,-0.009636538887750179
2005-01-04,92.4923324584961,-0.06965950695177947
2005-01-05,86.04936218261719,0.004040993515010971
2005-01-06,86.39708709716797,-0.004971813116978585
2005-01-07,85.96753692626953,-0.03140601513835228
2005-01-10,83.26763916015625,-0.022353192983433523
2005-01-11,81.40634155273438,-0.015326671972462846
2005-01-12,80.15865325927734,0.05945383620035294
2005-01-13,84.92439270019531,0.009874667713572816
2005-01-14,85.76299285888672,0.005724070193317887
2005-01-17,86.25390625,0.018970548067342996
2005-01-18,87.89019012451172,-0.01349772303560881
2005-01-19,86.70387268066406,-0.05001148317780446
2005-01-20,82.36768341064453,-0.01415455974506341
2005-01-24,81.2018051147461,0.025188844457109782
2005-01-25,83.24718475341797,0.029975507211510877
2005-01-27,85.74256134033203,0.04699411813854382
2005-01-28,89.77195739746094,0.050353075954885806
2005-01-31,94.29225158691406,-0.03427311787274678
2005-02-01,91.06056213378906,-0.016172775478844992
2005-02-02,89.58786010742188,0.0038816397926839663
2005-02-03,89.93560791015625,-0.0065956681517876925
2005-02-04,89.34242248535156,0.010989138612280236
2005-02-07,90.32421875,-0.02604161035549024
2005-02-08,87.97203063964844,-0.026737995276943982
2005-02-09,85.61983489990234,-0.018155712838731075
2005-02-10,84.06534576416016,0.0160581917161442
2005-02-11,85.415283203125,0.02945401888178445
2005-02-14,87.93110656738281,0.016980980808665835
2005-02-15,89.42426300048828,-0.017612379540103085
2005-02-16,87.84928894042969,-0.02025588076058693
2005-02-17,86.06982421875,0.037071824066352344
2005-02-18,89.26058959960938,-0.01581101654728334
2005-02-21,87.84928894042969,0.00093134079899726
2005-02-22,87.93110656738281,-0.0002325317870085497
2005-02-23,87.91065979003906,-0.006514487235808941
2005-02-24,87.33796691894531,0.028337125407139174
2005-02-25,89.81287384033203,0.025734557383978673
2005-02-28,92.1241683959961,-0.0026645357447709905
2005-03-01,91.87870025634766,0.049643913649111804
2005-03-02,96.4399185180664,-0.0025452960083376386
2005-03-03,96.19445037841797,0.002976983834347191
2005-03-04,96.48081970214844,-0.023319827542987337
2005-03-07,94.23090362548828,-0.001736453946807548
2005-03-08,94.06727600097656,0.0008696966791910121
2005-03-09,94.14908599853516,-0.029111426626351133
2005-03-10,91.40827178955078,0.0013423681450688285
2005-03-11,91.53097534179688,-0.009832336818717202
2005-03-14,90.63101196289062,-0.027758883856371375
2005-03-15,88.11519622802734,-0.02646216027017767
2005-03-16,85.78347778320312,-0.052694495425572696
2005-03-17,81.2631607055664,0.043040560681417483
2005-03-18,84.76077270507812,0.02292451936872819
2005-03-21,86.70387268066406,-0.003066580432841026
2005-03-22,86.43798828125,0.013724756390340431
2005-03-23,87.62432861328125,-0.00980418448396081
2005-03-24,86.76524353027344,-0.009901082383512394
2005-03-28,85.90617370605469,-0.019761731327133325
2005-03-29,84.2085189819336,-0.020403304081521578
2005-03-30,82.49038696289062,0.028514971078912765
2005-03-31,84.84259796142578,0.04411766425019614
2005-04-01,88.58565521240234,-0.003925295960356512
2005-04-04,88.23793029785156,0.005795069171975031
2005-04-05,88.74927520751953,-0.02327719342585821
2005-04-06,86.68344116210938,-0.009910425944122059
2005-04-07,85.82437133789062,0.014299363544267862
2005-04-08,87.05160522460938,-0.019736761382180612
2005-04-11,85.33348846435547,-0.0007190989296127492
2005-04-12,85.27212524414062,-0.007435946713850172
2005-04-13,84.63804626464844,-0.01329135386839242
2005-04-15,83.51309204101562,-0.000979789567693956
2005-04-18,83.43126678466797,0.01667065520442912
2005-04-19,84.8221206665039,-0.009163139666507947
2005-04-20,84.04488372802734,0.00024346557726251383
2005-04-21,84.06534576416016,0.008515772357192253
2005-04-22,84.7812271118164,0.003136213497569651
2005-04-25,85.047119140625,-0.011062772532459908
2005-04-26,84.10626220703125,-0.015807636010818582
2005-04-27,82.77674102783203,0.02520370815338624
2005-04-28,84.86302185058594,-0.005061148957050565
2005-04-29,84.43351745605469,0.002422365131243165
2005-05-02,84.63804626464844,0.019574842536442816
2005-05-03,86.2948226928711,0.024887287278083425
2005-05-04,88.44246673583984,0.007400582333268346
2005-05-05,89.09699249267578,0.0034434477943841024
2005-05-06,89.40379333496094,0.01967523711135044
2005-05-09,91.16283416748047,-0.006730915285471983
2005-05-10,90.54922485351562,-0.006324910679288975
2005-05-11,89.97650909423828,-0.002500720530065892
2005-05-12,89.75150299072266,-0.01276191442827379
2005-05-13,88.6061019897461,0.02723910968169796
2005-05-16,91.0196533203125,-0.013483174698544764
2005-05-17,89.79241943359375,-0.023462453752449597
2005-05-18,87.6856689453125,0.012829570623718256
2005-05-19,88.81063842773438,-0.011054682117432546
2005-05-20,87.82886505126953,0.021425211552736023
2005-05-23,89.71061706542969,0.002963885853272785
2005-05-24,89.97650909423828,0.004773771365867985
2005-05-25,90.40603637695312,0.03076904900545996
2005-05-26,93.187744140625,-0.012291408499411793
2005-05-27,92.0423355102539,-0.01888873775268307
2005-05-30,90.30377197265625,0.014495920007407737
2005-05-31,91.61280822753906,-0.006474584926524085
2005-06-01,91.0196533203125,-0.010112213381113788
2005-06-02,90.0992431640625,0.0029509323350851435
2005-06-03,90.36511993408203,-0.007016855396802746
2005-06-06,89.73104095458984,0.006838657225134659
2005-06-07,90.34468078613281,0.0018109795097949188
2005-06-08,90.50829315185547,-0.0020337849211964354
2005-06-09,90.32421875,-0.003170037678934423
2005-06-10,90.03788757324219,0.00931351971614336
2005-06-13,90.87645721435547,0.02385789900212054
2005-06-14,93.0445785522461,0.054077806647168325
2005-06-15,98.07622528076172,-0.020855155177573415
2005-06-16,96.03083038330078,-0.0044728060873826525
2005-06-17,95.60130310058594,0.006846490215115741
2005-06-20,96.2558364868164,0.005949774282692166
2005-06-21,96.82853698730469,0.007182202905722024
2005-06-22,97.52397918701172,0.0
2005-06-23,97.52397918701172,-0.0014682386604418785
2005-06-24,97.38079071044922,0.0065113352938110935
2005-06-27,98.0148696899414,0.007303725654345117
2005-06-28,98.73074340820312,0.008079771662356183
2005-06-29,99.5284652709961,-0.0008222824989201349
2005-06-30,99.44662475585938,0.009461307338245906
2005-07-01,100.38751983642578,0.009168647528540186
2005-07-04,101.30793762207031,-0.024227868619618564
2005-07-05,98.85346221923828,0.008897407030574733
2005-07-06,99.73300170898438,-0.011689995045976898
2005-07-07,98.56712341308594,0.05084017124647522
2005-07-08,103.57829284667969,0.011848443166850409
2005-07-11,104.80553436279297,0.008782221479382235
2005-07-12,105.72595977783203,-0.016444055379123523
2005-07-13,103.98739624023438,-0.004327271435987878
2005-07-14,103.53741455078125,0.011852900067615524
2005-07-15,104.76463317871094,0.006637920550317533
2005-07-18,105.46005249023438,-0.011248974524808886
2005-07-19,104.27373504638672,-0.019615336297035157
2005-07-20,102.2283706665039,0.015606140540269431
2005-07-21,103.82376098632812,0.0506302436409074
2005-07-22,109.08038330078125,0.0028127523188856696
2005-07-25,109.38719940185547,0.02954385877300658
2005-07-26,112.6189193725586,-0.006175113153163103
2005-07-27,111.9234848022461,0.10956115646622511
2005-07-28,124.18595123291016,-0.0672843120613178
2005-07-29,115.83018493652344,0.011301339591231585
2005-08-01,117.13922119140625,-0.0003491021561486951
2005-08-02,117.09832763671875,-0.009257825876878178
2005-08-03,116.01425170898438,0.002115713175266487
2005-08-04,116.25970458984375,0.03307527460902704
2005-08-05,120.10502624511719,-0.011410136417520977
2005-08-08,118.73461151123047,0.0022393167083289978
2005-08-09,119.00049591064453,0.04331400796518303
2005-08-10,124.1548843383789,0.026029806377087183
2005-08-11,127.38661193847656,-0.002569172162025124
2005-08-12,127.05933380126953,0.02527362775408859
2005-08-16,130.2705841064453,0.005024590001678542
2005-08-17,130.92514038085938,-0.003593226818145223
2005-08-18,130.45469665527344,-0.01959873812193702
2005-08-19,127.89794921875,-0.020150335483994142
2005-08-22,125.32076263427734,-0.009139997989777604
2005-08-23,124.17533111572266,0.024542961010656894
2005-08-24,127.22296142578125,0.010450144188721922
2005-08-25,128.55245971679688,-0.009705733562782481
2005-08-26,127.30476379394531,0.019762328981804522
2005-08-29,129.8206024169922,-0.005041653526953627
2005-08-30,129.1660919189453,-0.0015834558865657211
2005-08-31,128.96156311035156,0.0028544806472128315
2005-09-01,129.32968139648438,0.012810547739138034
2005-09-02,130.98646545410156,-0.004684233327963083
2005-09-05,130.37289428710938,0.020708866614435717
2005-09-06,133.07276916503906,0.015677916105811596
2005-09-08,135.15907287597656,0.004842632780091227
2005-09-09,135.8135986328125,0.01084355352624744
2005-09-12,137.2863006591797,0.02264572458416203
2005-09-13,140.39524841308594,-0.017627975741182134
2005-09-14,137.9203643798828,0.01616473695640841
2005-09-15,140.14981079101562,0.06085809927600394
2005-09-16,148.67906188964844,-0.007841474262022863
2005-09-19,147.51319885253906,-0.004991711857087022
2005-09-20,146.77685546875,-0.021599789087788035
2005-09-21,143.60650634765625,-0.04586248416281713
2005-09-22,137.02035522460938,0.012688637989007656
2005-09-23,138.7589569091797,0.031102497584318378
2005-09-26,143.07470703125,-0.014010065968868668
2005-09-27,141.07022094726562,-0.0021748634801839195
2005-09-28,140.76341247558594,0.007701295740704772
2005-09-29,141.84747314453125,0.006056185185296714
2005-09-30,142.70652770996094,-0.005589572319021352
2005-10-03,141.9088592529297,0.0067741998264756464
2005-10-04,142.87017822265625,-0.007731167108469994
2005-10-05,141.765625,-0.026835610292902046
2005-10-06,137.9612579345703,0.012898403559879812
2005-10-07,139.74073791503906,0.024297533240977387
2005-10-10,143.13609313964844,-0.0010003659693491596
2005-10-11,142.99290466308594,-0.019310795659416735
2005-10-13,140.23159790039062,-0.04127736686986094
2005-10-14,134.44320678710938,-0.027537235255996273
2005-10-17,130.7410125732422,0.009700005006860746
2005-10-18,132.0092010498047,-0.030833724890494074
2005-10-19,127.9388656616211,0.006234822251242278
2005-10-20,128.73654174804688,0.052112997248508375
2005-10-21,135.4453887939453,-0.022198491778730678
2005-10-24,132.43870544433594,0.017914850654467296
2005-10-25,134.8113250732422,0.021848003309566044
2005-10-26,137.75668334960938,-0.07780236911252547
2005-10-27,127.03888702392578,0.0573175897219913
2005-10-28,134.32044982910156,-0.01720697616958189
2005-10-31,132.0092010498047,0.019987389258676824
2005-11-02,134.64772033691406,0.0
2005-11-04,134.64772033691406,0.026127818121674196
2005-11-07,138.165771484375,0.006069687433184923
2005-11-08,139.00439453125,0.010594533881783441
2005-11-09,140.47708129882812,0.001601402343132996
2005-11-10,140.70204162597656,0.024421950257503156
2005-11-11,144.1382598876953,0.012204320341045571
2005-11-14,145.89736938476562,0.009812969263287341
2005-11-16,147.3290557861328,0.0019441021186477059
2005-11-17,147.615478515625,-0.00304844012814387
2005-11-18,147.1654815673828,-0.019318923045004155
2005-11-21,144.32240295410156,0.00028324289965864224
2005-11-22,144.36328125,0.00028347978732035095
2005-11-23,144.40420532226562,0.01402267237861321
2005-11-24,146.42913818359375,0.01662241386856289
2005-11-25,148.86314392089844,0.02225925965787856
2005-11-28,152.17672729492188,-0.012231258348746499
2005-11-29,150.31541442871094,-0.02857577617702689
2005-11-30,146.02003479003906,0.01120625181761059
2005-12-01,147.6563720703125,-0.008588472562439997
2005-12-02,146.3882293701172,-0.028783058547073415
2005-12-05,142.1747283935547,-0.01783910664194055
2005-12-06,139.63845825195312,0.013475831861236687
2005-12-07,141.52020263671875,0.016187317971920967
2005-12-08,143.81103515625,0.011235782191664434
2005-12-09,145.42686462402344,-0.013220546875122974
2005-12-12,143.50424194335938,0.0072692423591878
2005-12-13,144.5474090576172,-0.009622340576576183
2005-12-14,143.15652465820312,-0.005143730922053558
2005-12-15,142.420166015625,0.005601454008121953
2005-12-16,143.21792602539062,0.026420930051683778
2005-12-19,147.0018768310547,-0.005705053449194808
2005-12-20,146.16322326660156,-0.002098976787964224
2005-12-21,145.85643005371094,0.0019633121023905353
2005-12-22,146.14279174804688,-0.01595533083709577
2005-12-23,143.81103515625,-0.05248175027586788
2005-12-26,136.26358032226562,0.03422387255785719
2005-12-27,140.9270477294922,-0.007401853332604236
2005-12-28,139.88392639160156,0.006433534883756531
2005-12-29,140.78387451171875,0.003922868391309731
2005-12-30,141.33615112304688,-0.015774178454745935
2006-01-02,139.106689453125,0.018820717960058353
2006-01-03,141.7247772216797,-0.0043297453993427215
2006-01-04,141.11114501953125,-0.00724751456012529
2006-01-05,140.08843994140625,0.01401647954499996
2006-01-06,142.05198669433594,0.011951208220317255
2006-01-09,143.7496795654297,-0.029026792794948242
2006-01-10,139.57708740234375,-0.017877796828886794
2006-01-12,137.08175659179688,-0.002536902576752098
2006-01-13,136.73399353027344,0.00044883388559679993
2006-01-16,136.7953643798828,-0.00986857699496746
2006-01-17,135.4453887939453,-0.0006038382709316892
2006-01-18,135.3636016845703,0.0465397592137875
2006-01-19,141.66339111328125,-0.005630946487589661
2006-01-20,140.86569213867188,-0.00029051837707461114
2006-01-23,140.82476806640625,0.009876702930255776
2006-01-24,142.2156524658203,0.023586826311969178
2006-01-25,145.570068359375,-0.0004211704723650067
2006-01-27,145.50875854492188,0.007871278521469405
2006-01-30,146.6540985107422,-0.003486481236375849
2006-01-31,146.14279174804688,-0.016935115572625947
2006-02-01,143.6678466796875,0.035450053401782755
2006-02-02,148.76087951660156,0.009349491798962273
2006-02-03,150.15171813964844,0.006538694840210413
2006-02-06,151.13351440429688,0.003789519425451804
2006-02-07,151.70623779296875,0.003640233267821369
2006-02-08,152.25848388671875,-0.02256862113931557
2006-02-10,148.8222198486328,-0.0015119120232481853
2006-02-13,148.5972137451172,0.011700301495091603
2006-02-14,150.33584594726562,-0.0048981924219556605
2006-02-15,149.59947204589844,-0.006835982024348652
2006-02-16,148.57681274414062,0.0053690358452644915
2006-02-17,149.37452697753906,-0.005203787072335042
2006-02-20,148.5972137451172,0.014865994822388373
2006-02-21,150.80625915527344,-0.008544870765545554
2006-02-22,149.51763916015625,0.006156271571545302
2006-02-23,150.4381103515625,-0.010061453810444543
2006-02-24,148.9244842529297,-0.0090644232045054
2006-02-27,147.57456970214844,0.0008314164364442433
2006-02-28,147.697265625,0.045284729936128754
2006-03-01,154.3856964111328,0.05140434882174727
2006-03-02,162.32179260253906,0.028477838855919257
2006-03-03,166.94436645507812,-0.008208856593253211
2006-03-06,165.57394409179688,-0.00432354313230765
2006-03-07,164.8580780029297,-0.028411889184320915
2006-03-08,160.1741485595703,-0.023368767953047875
2006-03-09,156.4310760498047,0.008891160995358138
2006-03-10,157.82192993164062,0.009201666283477516
2006-03-13,159.27415466308594,-0.007705262339039454
2006-03-14,158.04690551757812,0.01216527276838364
2006-03-16,159.96958923339844,-0.011379497464985677
2006-03-17,158.1492156982422,-0.006208134002452792
2006-03-20,157.1674041748047,0.015096227491652181
2006-03-21,159.5400390625,-0.008205159791637384
2006-03-22,158.23098754882812,-0.01589939889058889
2006-03-23,155.7152099609375,0.002364146347773044
2006-03-24,156.08334350585938,0.028960772417611746
2006-03-27,160.6036376953125,-0.0022920918318872774
2006-03-28,160.2355194091797,0.007786351934232272
2006-03-29,161.48316955566406,0.04838494633023793
2006-03-30,169.29652404785156,-0.0026578598302282597
2006-03-31,168.8465576171875,0.021562730671324415
2006-04-03,172.4873504638672,-0.010079501024890858
2006-04-04,170.74876403808594,0.003234529240832451
2006-04-05,171.30105590820312,-0.021970382988790838
2006-04-07,167.53750610351562,-0.012818794036797643
2006-04-10,165.38987731933594,-0.019169219717960817
2006-04-12,162.219482421875,-0.00365630798960348
2006-04-13,161.62635803222656,0.0003793305448416273
2006-04-17,161.6876678466797,0.028969279365004708
2006-04-18,166.37164306640625,0.015490494098501228
2006-04-19,168.94882202148438,-0.0013318003690313551
2006-04-20,168.72381591796875,-0.004606472864894018
2006-04-21,167.94659423828125,0.0028011507331817675
2006-04-24,168.4170379638672,-0.029390310869999103
2006-04-25,163.4672088623047,0.03053032734941241
2006-04-26,168.45791625976562,-0.025983377985876577
2006-04-27,164.080810546875,0.011468400104154952
2006-04-28,165.96255493164062,0.007641045547464476
2006-05-02,167.23068237304688,0.0388943787335887
2006-05-03,173.73501586914062,-0.00023529105916808568
2006-05-04,173.6941375732422,-0.009067558130964493
2006-05-05,172.11915588378906,0.0028522160592006074
2006-05-08,172.61007690429688,-0.01587899903236989
2006-05-09,169.86920166015625,0.004575951525203292
2006-05-10,170.64651489257812,-0.005873390149228941
2006-05-11,169.6442413330078,0.00120572361181015
2006-05-12,169.84878540039062,-0.02962427265319767
2006-05-15,164.817138671875,0.0006206570669731182
2006-05-16,164.91943359375,0.0322460992435345
2006-05-17,170.23744201660156,-0.03784718770752704
2006-05-18,163.79443359375,-0.025474380013772557
2006-05-19,159.6218719482422,-0.07483334016825771
2006-05-22,147.6768341064453,0.02396119340588787
2006-05-23,151.21534729003906,0.002028950613665037
2006-05-24,151.52215576171875,0.06317463693420322
2006-05-25,161.09451293945312,-0.01396638784408033
2006-05-26,158.8446044921875,-0.016224529396621
2006-05-29,156.26742553710938,-0.019371374793943907
2006-05-30,153.2403106689453,-0.021356286923999046
2006-05-31,149.96766662597656,-0.0545554202204841
2006-06-01,141.78611755371094,0.055827883808764245
2006-06-02,149.7017364501953,-0.037299814807132514
2006-06-05,144.11788940429688,-0.018876410680461753
2006-06-06,141.3974609375,0.02083067145057349
2006-06-07,144.34286499023438,-0.0690095007703242
2006-06-08,134.3818359375,0.023744249929146033
2006-06-09,137.5726318359375,-0.0361284877040271
2006-06-12,132.6023406982422,-0.008638209335613434
2006-06-13,131.45689392089844,0.016648560984190874
2006-06-14,133.6454620361328,0.045148596423465026
2006-06-15,139.6793670654297,0.07146013443045329
2006-06-16,149.66087341308594,-0.01011350225704577
2006-06-19,148.14727783203125,-0.027474976774079285
2006-06-20,144.07693481445312,0.04699040247500963
2006-06-21,150.84716796875,-0.010982791687571769
2006-06-22,149.19044494628906,0.01562908949208608
2006-06-23,151.52215576171875,-0.025782877932632675
2006-06-26,147.615478515625,0.0004156446968657246
2006-06-27,147.6768341064453,0.0034625422691880736
2006-06-28,148.18817138671875,-0.007591596081411467
2006-06-29,147.0631866455078,0.02920719619030354
2006-06-30,151.35848999023438,-0.00027007600235096074
2006-07-03,151.31761169433594,-0.014868781115911833
2006-07-04,149.0677032470703,0.01536742495701593
2006-07-05,151.35848999023438,-0.00797293796115306
2006-07-06,150.15171813964844,0.01076171836693085
2006-07-07,151.76760864257812,0.05026953898768993
2006-07-10,159.3968963623047,-0.018991435670363543
2006-07-11,156.36972045898438,0.001569695719471298
2006-07-12,156.61517333984375,-0.03016865271515834
2006-07-13,151.8903045654297,-0.025047107863017337
2006-07-14,148.0858917236328,-0.018093640188204807
2006-07-17,145.40647888183594,0.013925595625057241
2006-07-18,147.4313507080078,-0.018035282534440644
2006-07-19,144.7723846435547,0.029810589448368674
2006-07-20,149.088134765625,-0.01810945854109869
2006-07-21,146.3882293701172,0.02067898940752677
2006-07-24,149.41539001464844,0.011498978716181663
2006-07-25,151.13351440429688,0.035593051612135884
2006-07-26,156.5128173828125,0.03410922877378919
2006-07-27,161.85134887695312,-0.025274792615128217
2006-07-28,157.76058959960938,-0.0067420459893695606
2006-07-31,156.69696044921875,0.021276442426605424
2006-08-01,160.03091430664062,0.004729310838340828
2006-08-02,160.78775024414062,0.015519503603645068
2006-08-03,163.28309631347656,0.0038834040546602555
2006-08-04,163.9171905517578,-0.020963321587749273
2006-08-07,160.48094177246094,0.031481146406784566
2006-08-08,165.53306579589844,-0.0016065078871259075
2006-08-09,165.2671356201172,0.012500107331334886
2006-08-10,167.33299255371094,-0.00977892796453872
2006-08-11,165.6966552734375,0.019627232322101174
2006-08-14,168.94882202148438,0.0016950514936919792
2006-08-16,169.23519897460938,0.0021754579705091093
2006-08-17,169.60336303710938,-0.011939135912629295
2006-08-18,167.5784454345703,0.0006102479589882304
2006-08-21,167.6807098388672,-0.0012197515670723247
2006-08-22,167.47618103027344,-0.008304786228583327
2006-08-23,166.0853271484375,0.02290628346480994
2006-08-24,169.8897247314453,0.00541769172741291
2006-08-25,170.8101348876953,-0.002035873357064011
2006-08-28,170.46238708496094,-0.003479861070518897
2006-08-29,169.86920166015625,-0.00349156365640646
2006-08-30,169.27609252929688,-0.006645676934196265
2006-08-31,168.15113830566406,0.0052302400926755865
2006-09-01,169.03060913085938,0.013068997859642772
2006-09-04,171.2396697998047,-0.0015527924020992678
2006-09-05,170.97377014160156,0.022251530731498104
2006-09-06,174.7781982421875,-0.007841010125137715
2006-09-07,173.4077606201172,0.015451692299082387
2006-09-08,176.0872039794922,-0.021140374509610038
2006-09-11,172.36465454101562,0.003915868234052766
2006-09-12,173.03961181640625,0.047517513608958506
2006-09-13,181.26202392578125,-0.009027132157517825
2006-09-14,179.62574768066406,0.01571413001733868
2006-09-15,182.4484100341797,-0.004708646585886211
2006-09-18,181.58932495117188,-0.00991215765070752
2006-09-19,179.7893829345703,0.05210479757698527
2006-09-20,189.1572723388672,0.006812103727381613
2006-09-21,190.44583129882812,0.007840280847985825
2006-09-22,191.93898010253906,0.00948404683298154
2006-09-25,193.75933837890625,0.012456714378370703
2006-09-26,196.17294311523438,-0.00688140294437245
2006-09-27,194.822998046875,-0.008084323836615503
2006-09-28,193.24798583984375,-0.006667903700837807
2006-09-29,191.9594268798828,-0.003835852903753212
2006-10-03,191.2230987548828,-0.012621691498968635
2006-10-04,188.80953979492188,-0.003466673433640821
2006-10-05,188.15499877929688,0.0008696021693748168
2006-10-06,188.31861877441406,0.00847196351152113
2006-10-09,189.91404724121094,0.009800656537369168
2006-10-10,191.77532958984375,0.008532335767096999
2006-10-11,193.41162109375,0.006451066252300519
2006-10-12,194.65933227539062,0.0032572993716328824
2006-10-13,195.29339599609375,0.01822357936885699
2006-10-16,198.8523406982422,0.0027773201431215977
2006-10-17,199.4046173095703,0.011898595527564337
2006-10-18,201.77725219726562,-0.0049669252281929754
2006-10-19,200.77503967285156,0.012938067378512885
2006-10-20,203.3726806640625,0.0020114445786958424
2006-10-23,203.78175354003906,0.010237857000963135
2006-10-26,205.8680419921875,0.04778943723313356
2006-10-27,215.70635986328125,0.027972560738376284
2006-10-30,221.74021911621094,-0.021861527761520505
2006-10-31,216.89263916015625,0.020558416060022955
2006-11-01,221.3516082763672,0.013121429229754122
2006-11-02,224.2560577392578,-0.001276872689342512
2006-11-03,223.96971130371094,-0.0069407583921574645
2006-11-06,222.41519165039062,0.00018386133781622682
2006-11-07,222.45608520507812,-0.0002756727161932204
2006-11-08,222.39476013183594,-0.01066871091687105
2006-11-09,220.0220947265625,0.011434620435514242
2006-11-10,222.5379638671875,0.036764459847363984
2006-11-13,230.71945190429688,0.010195212702284184
2006-11-14,233.07168579101562,0.0156207834372728
2006-11-15,236.7124481201172,-0.0020737196038441708
2006-11-16,236.22157287597656,0.00588798526608425
2006-11-17,237.61244201660156,0.04157693125472761
2006-11-20,247.49163818359375,0.031156910535221183
2006-11-21,255.2027130126953,0.023002200602512568
2006-11-22,261.07293701171875,-0.025305447046454876
2006-11-23,254.46636962890625,-0.00868090992538817
2006-11-24,252.2573699951172,0.02246022078837817
2006-11-27,257.9231262207031,-0.003965154630026779
2006-11-28,256.9004211425781,-0.010589130842030725
2006-11-29,254.18006896972656,0.015047654437567282
2006-11-30,258.0048828125,0.004122515584961128
2006-12-01,259.0685119628906,-0.003237070535978992
2006-12-04,258.2298889160156,0.012752554842261121
2006-12-05,261.5229797363281,0.012592091682386064
2006-12-06,264.81610107421875,-0.014597993383804075
2006-12-07,260.9503173828125,-0.00548695914543873
2006-12-08,259.51849365234375,-0.04342694682981996
2006-12-11,248.24839782714844,-0.05091870796161113
2006-12-12,235.60791015625,0.038284415315268605
2006-12-13,244.62802124023438,0.020735978211497974
2006-12-14,249.70062255859375,0.009092736785628386
2006-12-15,251.97108459472656,0.005357236829714784
2006-12-18,253.32095336914062,-0.022204369905097332
2006-12-19,247.6961212158203,-0.0013210116938857652
2006-12-20,247.36891174316406,0.011658526080973397
2006-12-21,250.25286865234375,0.005149393569931604
2006-12-22,251.54151916503906,0.015368493526700666
2006-12-26,255.40733337402344,0.011131128320401418
2006-12-27,258.25030517578125,-0.0009503274860186428
2006-12-28,258.0048828125,-0.001189216758706535
2006-12-29,257.69805908203125,0.0069846345146105104
2007-01-02,259.49798583984375,0.009773932964297183
2007-01-03,262.0343017578125,-0.004449509336923563
2007-01-04,260.8683776855469,-0.002195215681549234
2007-01-05,260.29571533203125,-0.022316243755400422
2007-01-08,254.4868927001953,0.0017678322523617673
2007-01-09,254.93678283691406,-0.01532404207753657
2007-01-10,251.03012084960938,0.03707319267349929
2007-01-11,260.33660888671875,0.04305491571041564
2007-01-12,271.5453796386719,-0.003540346543082329
2007-01-15,270.5840148925781,0.012699491129360307
2007-01-16,274.0202941894531,-0.002612512149050228
2007-01-17,273.3044128417969,0.00770843934196086
2007-01-18,275.4111633300781,0.017526840030658075
2007-01-19,280.2382507324219,-0.012626694096068425
2007-01-22,276.69976806640625,0.01995853488149968
2007-01-23,282.2222900390625,-0.004131117901871373
2007-01-24,281.056396484375,0.04955950580564572
2007-01-25,294.98541259765625,-0.010885899788559583
2007-01-29,291.77423095703125,-0.005608178680197917
2007-01-31,290.1379089355469,0.03144151524959038
2007-02-01,299.2602844238281,0.053379910854002954
2007-02-02,315.2347717285156,0.01369054193995467
2007-02-05,319.5505065917969,-0.013441656318274653
2007-02-06,315.2552185058594,0.0029847197797001623
2007-02-07,316.1961669921875,-0.008150666395395967
2007-02-08,313.61895751953125,-0.01910911573850893
2007-02-09,307.6259765625,-0.034441575478795894
2007-02-12,297.0308532714844,0.019625285122212288
2007-02-13,302.86016845703125,0.029783390409751087
2007-02-14,311.88037109375,0.04059533669103277
2007-02-15,324.541259765625,0.008319190774839225
2007-02-19,327.2411804199219,-0.010375603408697809
2007-02-20,323.8458557128906,0.020147890349414554
2007-02-21,330.37066650390625,-0.008481942686520583
2007-02-22,327.5684814453125,-0.05594775513976269
2007-02-23,309.24176025390625,-0.03181422633682396
2007-02-26,299.4034729003906,-0.011886937863608837
2007-02-27,295.844482421875,-0.005945700494892181
2007-02-28,294.0854797363281,0.013979733293706609
2007-03-01,298.19671630859375,-0.030591906305295846
2007-03-02,289.0743103027344,-0.028231849057687386
2007-03-05,280.9132080078125,0.0495123066206451
2007-03-06,294.8218688964844,0.002913964099788391
2007-03-07,295.68096923828125,0.04911437593264201
2007-03-08,310.2031555175781,-0.0104181741249183
2007-03-09,306.9714050292969,0.025319920121994244
2007-03-12,314.743896484375,-0.005328826372507978
2007-03-13,313.0666809082031,-0.046256354078234474
2007-03-14,298.5853576660156,-0.0025345345406730946
2007-03-15,297.8285827636719,-0.014834238748132944
2007-03-16,293.4105224609375,0.022865104660930058
2007-03-19,300.119384765625,0.005315877714678896
2007-03-20,301.71478271484375,0.032608108559169624
2007-03-21,311.5531311035156,0.024684755263825187
2007-03-22,319.2437438964844,0.004869333931365238
2007-03-23,320.7982482910156,-0.017214938055542084
2007-03-26,315.2757263183594,-0.01686785006807212
2007-03-28,309.95770263671875,0.007654754588451773
2007-03-29,312.3303527832031,0.0005237218134337418
2007-03-30,312.4939270019531,-0.045751963343818924
2007-04-02,298.19671630859375,0.006516321762384036
2007-04-03,300.1398620605469,0.018808675114130757
2007-04-04,305.78509521484375,-0.0019395275393150335
2007-04-05,305.1920166015625,0.020105630380463868
2007-04-09,311.3280944824219,0.005978670598599356
2007-04-10,313.1894226074219,0.011102264525595817
2007-04-11,316.6665344238281,-0.006588233888229822
2007-04-12,314.58026123046875,0.016319876882075812
2007-04-13,319.71417236328125,0.026677881721516084
2007-04-16,328.24346923828125,-0.0033026580246975357
2007-04-17,327.1593933105469,0.01875590173799213
2007-04-18,333.2955627441406,0.004479725134870272
2007-04-19,334.78863525390625,0.03329692004469509
2007-04-20,345.9360656738281,-0.004611917128933163
2007-04-23,344.34063720703125,0.0374813198274202
2007-04-24,357.2469787597656,-0.012481346533212201
2007-04-25,352.7880554199219,0.0009275823974392861
2007-04-26,353.11529541015625,-0.042689917674383016
2007-04-27,338.04083251953125,-0.018152064264783996
2007-04-30,331.9046936035156,0.029456907885753836
2007-05-03,341.68157958984375,-0.022807336260392108
2007-05-04,333.88873291015625,0.007534778325591462
2007-05-07,336.4045104980469,-0.008755361256059135
2007-05-08,333.45916748046875,0.012819867499970217
2007-05-09,337.73406982421875,-0.008054761644439634
2007-05-10,335.0137023925781,-0.00610536113616944
2007-05-11,332.96832275390625,0.012961306078635104
2007-05-14,337.2840270996094,0.011400796028057325
2007-05-15,341.12933349609375,0.017208519567591285
2007-05-16,346.9996643066406,0.0017092498692887759
2007-05-17,347.5927734375,0.002707218312332227
2007-05-18,348.5337829589844,-0.0005872641519759636
2007-05-21,348.3291015625,0.009160466120345712
2007-05-22,351.51995849609375,-0.010590344005168673
2007-05-23,347.7972412109375,-0.0155254803617213
2007-05-24,342.39752197265625,-0.003225759874477707
2007-05-25,341.29302978515625,-0.007011943498854145
2007-05-28,338.89990234375,0.009415337424196757
2007-05-29,342.09075927734375,-0.004843246387258082
2007-05-30,340.4339294433594,0.020488126806365914
2007-05-31,347.4087829589844,-0.009361561877217595
2007-06-01,344.156494140625,-0.01723521191205002
2007-06-04,338.2248840332031,0.012820590324618353
2007-06-05,342.5611267089844,-0.01564359263478987
2007-06-06,337.2022399902344,-0.003639459473205986
2007-06-07,335.9750061035156,-0.007061893253378582
2007-06-08,333.6023864746094,-0.0051502618629146735
2007-06-11,331.8842468261719,-0.006471155473889545
2007-06-12,329.736572265625,-0.009428487762114801
2007-06-13,326.6276550292969,0.024297167085477023
2007-06-14,334.56378173828125,-0.0060527305243297524
2007-06-15,332.53875732421875,-0.004920512121637577
2007-06-18,330.9024963378906,0.0036467723500839266
2007-06-19,332.1092224121094,0.01613619228205132
2007-06-20,337.46820068359375,-0.010485833174024073
2007-06-21,333.9295654296875,0.0112704899305478
2007-06-22,337.693115234375,0.008116286904700898
2007-06-25,340.4339294433594,0.024753528332935426
2007-06-26,348.8608703613281,-0.01682670291046484
2007-06-27,342.9906921386719,0.012284681744183068
2007-06-28,347.2042236328125,-0.015081230968495896
2007-06-29,341.96795654296875,0.0012561569628630753
2007-07-02,342.39752197265625,0.03536437128966763
2007-07-03,354.5061950683594,-0.0072697712788381
2007-07-04,351.92901611328125,-0.00877600695802383
2007-07-05,348.8404846191406,0.015831255978909553
2007-07-06,354.3630676269531,0.01997085887602479
2007-07-09,361.44000244140625,-0.013015480173115268
2007-07-10,356.7356872558594,0.002580089935296792
2007-07-11,357.6560974121094,0.0073774230087437775
2007-07-12,360.294677734375,0.002497514851599103
2007-07-13,361.19451904296875,-0.004869621554321357
2007-07-16,359.4356384277344,-0.015933707517252316
2007-07-17,353.70849609375,0.023188488324739964
2007-07-18,361.91046142578125,0.0133377102881993
2007-07-19,366.7375183105469,0.030507882207708725
2007-07-20,377.9259033203125,0.018563412618149533
2007-07-23,384.9414978027344,-0.00897979453078357
2007-07-24,381.48480224609375,0.015388031864980611
2007-07-25,387.3551025390625,-0.022441607292041255
2007-07-26,378.6622314453125,-0.03581285112416144
2007-07-27,365.10125732421875,-0.007731009580864923
2007-07-30,362.2786560058594,0.01750218407707349
2007-07-31,368.61932373046875,-0.042392787168519575
2007-08-01,352.9925231933594,0.012574113681164345
2007-08-02,357.43109130859375,-0.0013162228911105522
2007-08-03,356.96063232421875,-0.0065320804186687065
2007-08-06,354.6289367675781,0.010785353893698613
2007-08-07,358.4537353515625,0.01118424166843468
2007-08-08,362.4627685546875,-0.018170559004746956
2007-08-09,355.8766174316406,-0.0362089686756224
2007-08-10,342.9906921386719,0.01568379158544375
2007-08-13,348.3700866699219,0.005342699168166876
2007-08-14,350.2313232421875,-0.06418278237562713
2007-08-16,327.75250244140625,-0.005304291683806972
2007-08-17,326.0140075683594,0.0388354131354931
2007-08-20,338.6748962402344,-0.017031007959397715
2007-08-21,332.90692138671875,0.04153366113303747
2007-08-22,346.7337646484375,0.004070227777850155
2007-08-23,348.1450500488281,0.01703775511554717
2007-08-24,354.07666015625,0.013170741461409952
2007-08-27,358.7401123046875,-0.001881380795352161
2007-08-28,358.065185546875,0.00491252083851812
2007-08-29,359.8241882324219,0.004888675576103507
2007-08-30,361.583251953125,-0.004864892694010026
2007-08-31,359.8241882324219,-0.0114255966917709
2007-09-03,355.7129821777344,-0.012937711151927433
2007-09-04,351.1108703613281,-0.01095174260753895
2007-09-05,347.2655944824219,-0.008128340140637347
2007-09-06,344.4429016113281,0.006947643267011916
2007-09-07,346.8359680175781,0.0038335711515962156
2007-09-10,348.16558837890625,-0.005581096515024919
2007-09-11,346.2224426269531,-0.005376457346868646
2007-09-12,344.3609924316406,-0.0033853180528465865
2007-09-13,343.1952209472656,-0.011144762129861374
2007-09-14,339.3703918457031,-0.018322395714792772
2007-09-17,333.1523132324219,0.02228633378020084
2007-09-18,340.5770568847656,0.06522133589437806
2007-09-19,362.7899475097656,0.007893235315469038
2007-09-20,365.6535339355469,0.030653907802167257
2007-09-21,376.86224365234375,0.025671668574240192
2007-09-24,386.53692626953125,0.020002144316275006
2007-09-25,394.26849365234375,-0.00503212612979409
2007-09-26,392.28448486328125,0.001251402440475946
2007-09-27,392.775390625,-0.021090614914893502
2007-09-28,384.49151611328125,0.001649176150077647
2007-10-01,385.1256103515625,0.030962861840238887
2007-10-03,397.0502014160156,-0.009221292181470386
2007-10-04,393.3888854980469,0.034056221111142815
2007-10-05,406.7862243652344,-0.008799082881212006
2007-10-08,403.2068786621094,0.05392376169962443
2007-10-09,424.9493103027344,0.030900902343663272
2007-10-10,438.08062744140625,0.02367177879023008
2007-10-11,448.4507751464844,-0.025222399571005694
2007-10-12,437.1397705078125,0.053387499026123386
2007-10-15,460.4775695800781,-0.015013457880277636
2007-10-16,453.564208984375,-0.002886278332586034
2007-10-17,452.2550964355469,-0.08258324592032318
2007-10-18,414.9064025878906,-0.03741688611793781
2007-10-19,399.38189697265625,-0.04716753626094272
2007-10-22,380.5440368652344,0.07831187472768919
2007-10-23,410.34515380859375,-0.006629312838804191
2007-10-24,407.6248474121094,0.022580133893327137
2007-10-25,416.8290710449219,-0.027724545352379115
2007-10-26,405.2726745605469,0.004794587339208123
2007-10-29,407.2157897949219,0.004118739052374476
2007-10-30,408.89300537109375,0.007053121794909023
2007-10-31,411.7769775390625,-0.06606394909163993
2007-11-01,384.5733642578125,-0.04802685351976321
2007-11-02,366.103515625,0.05234952252660774
2007-11-05,385.26885986328125,-0.02558946935678197
2007-11-06,375.4100341796875,-0.019450899878680872
2007-11-07,368.10797119140625,-0.018114165603148047
2007-11-08,361.44000244140625,-0.05602395406962679
2007-11-12,341.1907043457031,0.00023997917020168735
2007-11-13,341.2725830078125,0.03014651045085226
2007-11-14,351.5607604980469,0.04962793652711639
2007-11-15,369.00799560546875,0.012083458557448079
2007-11-16,373.4668884277344,-0.004764677988942867
2007-11-19,371.68743896484375,-0.0039623286889544085
2007-11-20,370.2146911621094,-0.00541397611694483
2007-11-21,368.2103576660156,0.00705448427945532
2007-11-22,370.8078918457031,0.012245617162496725
2007-11-23,375.3486633300781,0.032041741788742195
2007-11-26,387.37548828125,-0.0328422691262944
2007-11-27,374.6531982421875,-0.0063328423193455
2007-11-28,372.28057861328125,0.005164650226373135
2007-11-29,374.2032775878906,0.027056670613583078
2007-11-30,384.3279724121094,-0.01655158361839082
2007-12-03,377.96673583984375,-0.007684404968698932
2007-12-04,375.0622863769531,0.003926675264956492
2007-12-05,376.5350341796875,0.02194564891435613
2007-12-06,384.79833984375,0.019242018762364088
2007-12-07,392.20263671875,0.015071862888758059
2007-12-10,398.1138610839844,0.0646834381021042
2007-12-11,423.865234375,0.02181145429662834
2007-12-12,433.1103515625,-0.06668230910587258
2007-12-13,404.22955322265625,-0.034255930599554896
2007-12-14,390.3822937011719,-0.051870509856632
2007-12-17,370.1329650878906,0.005747116485881998
2007-12-18,372.2601623535156,-0.004615427118429771
2007-12-19,370.5420227050781,0.01451747215288246
2007-12-20,375.9213562011719,0.05794649555279663
2007-12-24,397.7046813964844,0.011571758013570799
2007-12-26,402.30682373046875,-0.018353702061551513
2007-12-27,394.9230041503906,-0.024860138490269246
2007-12-28,385.10516357421875,0.058423459754661344
2007-12-31,407.6043395996094,-0.02890401657515107
2008-01-01,395.82293701171875,-0.001395107570927645
2008-01-02,395.2707214355469,-0.01774898857193019
2008-01-03,388.25506591796875,-0.0007900274965096932
2008-01-04,387.9483337402344,-0.011915633460561903
2008-01-07,383.32568359375,0.0414598860456199
2008-01-08,399.21832275390625,-0.0017932840865014787
2008-01-09,398.5024108886719,-0.006877785765140754
2008-01-10,395.7615966796875,-0.0026873959579639672
2008-01-11,394.6980285644531,-0.05959470257970312
2008-01-14,371.1761169433594,-0.05460950731412495
2008-01-15,350.9063720703125,0.009034569726485975
2008-01-16,354.07666015625,0.007394083836563148
2008-01-17,356.6947326660156,0.0012617027485817278
2008-01-18,357.144775390625,-0.05045535644095667
2008-01-21,339.1249084472656,0.016224332268911068
2008-01-22,344.6269836425781,0.0066472813455231705
2008-01-23,346.9178161621094,0.0043629362683361705
2008-01-24,348.431396484375,0.07437630283602226
2008-01-25,374.346435546875,-0.05026770289104121
2008-01-28,355.5289001464844,-0.02134391579172168
2008-01-29,347.9405212402344,0.011110385074002416
2008-01-30,351.8062744140625,-0.0013371804342613425
2008-01-31,351.3358459472656,0.05891593477843737
2008-02-01,372.0351257324219,0.014898964772505074
2008-02-04,377.57806396484375,0.013001275896388664
2008-02-05,382.487060546875,-0.038235231226546595
2008-02-06,367.8625793457031,-0.038643298835311146
2008-02-07,353.64715576171875,0.021341507087746292
2008-02-08,361.19451904296875,-0.039356359978377164
2008-02-11,346.9792175292969,0.012497125063160697
2008-02-12,351.3154602050781,0.0
2008-02-13,351.3154602050781,0.021308723447596156
2008-02-14,358.8015441894531,0.003990402824343819
2008-02-15,360.2333068847656,-0.0009651710736713337
2008-02-18,359.8856201171875,0.010173299961365956
2008-02-19,363.5468444824219,-0.024192830124279974
2008-02-20,354.7516174316406,0.002018151144724367
2008-02-21,355.4675598144531,-0.02054187853135836
2008-02-22,348.16558837890625,-0.0010579654631688307
2008-02-25,347.7972412109375,-0.012820116841660067
2008-02-26,343.33843994140625,0.0029189777462612643
2008-02-27,344.34063720703125,0.005227169155554323
2008-02-28,346.14056396484375,-0.023518087194399295
2008-02-29,338.0,-0.041150064863396785
2008-03-03,324.0912780761719,-0.03199752010932766
2008-03-04,313.7211608886719,-0.0206676741230436
2008-03-05,307.2372741699219,6.66497741108607e-05
2008-03-07,307.25775146484375,0.07202761321711026
2008-03-10,329.3887939453125,-0.021174583162395733
2008-03-11,322.41412353515625,0.03787336252064155
2008-03-12,334.6250305175781,-0.04566012946839093
2008-03-13,319.34600830078125,-0.03554742635218877
2008-03-14,307.99407958984375,-0.013680361858239176
2008-03-17,303.7806091308594,0.021478694146027433
2008-03-18,310.305419921875,0.02531124828974729
2008-03-19,318.1596374511719,0.02912275771177364
2008-03-24,327.4253234863281,0.04147925920533857
2008-03-25,341.0066833496094,-0.03586854860079647
2008-03-26,328.7752685546875,0.02899063128985091
2008-03-27,338.3066711425781,0.0012700221990029625
2008-03-28,338.736328125,-0.0021737500936961363
2008-03-31,338.0,-0.028018296822993727
2008-04-01,328.5298156738281,0.024903334938805477
2008-04-02,336.7113037109375,-0.0041306561666277775
2008-04-03,335.3204650878906,-0.04367460545491397
2008-04-04,320.67547607421875,0.04452129037464592
2008-04-07,334.9523620605469,0.011785378251757406
2008-04-08,338.89990234375,-0.007906387279614235
2008-04-09,336.2204284667969,-0.028288039751404814
2008-04-10,326.70941162109375,0.008076323319708756
2008-04-11,329.3480224609375,0.014407978594665138
2008-04-15,334.09326171875,-0.011203492867091547
2008-04-16,330.3502502441406,0.019627125085577957
2008-04-17,336.8340759277344,0.039470511975714606
2008-04-21,350.12908935546875,0.00011653416752155366
2008-04-22,350.1698913574219,-0.01279172960042152
2008-04-23,345.69061279296875,-0.0024259352607218787
2008-04-24,344.85198974609375,0.09418757870498595
2008-04-25,377.332763671875,0.006125226860254074
2008-04-28,379.6440124511719,-0.028931908112225124
2008-04-29,368.6601867675781,-0.00327319195278708
2008-04-30,367.4534912109375,0.0022265287213816265
2008-05-02,368.2716369628906,-0.0069980381229788335
2008-05-05,365.6944580078125,-0.05324667889947454
2008-05-06,346.2224426269531,-0.035682890558912383
2008-05-07,333.86822509765625,0.015989844421406163
2008-05-08,339.20672607421875,0.015195059417230095
2008-05-09,344.3609924316406,-0.004573458344325987
2008-05-12,342.78607177734375,-0.021361392128174783
2008-05-13,335.46368408203125,0.03511957362828433
2008-05-14,347.2450256347656,0.008658943052812118
2008-05-15,350.2518005371094,-0.004380045013305245
2008-05-16,348.7176818847656,-0.02680474929903709
2008-05-20,339.3703918457031,-0.008618685743046028
2008-05-21,336.4454650878906,-0.005775696178879186
2008-05-22,334.50225830078125,0.02439784070205464
2008-05-23,342.66339111328125,0.03080066481457644
2008-05-26,353.2176513671875,-0.0008106798582645514
2008-05-27,352.9313049316406,0.024919988174514573
2008-05-28,361.7263488769531,-0.029177218452399845
2008-05-29,351.17218017578125,0.020385914570082653
2008-05-30,358.3311462402344,0.001712259496950752
2008-06-02,358.9447021484375,-0.04108502877936393
2008-06-03,344.19744873046875,-0.03690278155334381
2008-06-04,331.49560546875,0.01505507782407789
2008-06-05,336.4862976074219,-0.024983078606234055
2008-06-06,328.079833984375,-0.025810751479928395
2008-06-09,319.6118469238281,-0.00639947843229105
2008-06-10,317.5664978027344,0.039417956088682926
2008-06-11,330.0843200683594,0.016296938953531015
2008-06-12,335.46368408203125,-0.004451045324282754
2008-06-13,333.97052001953125,0.029336012294369773
2008-06-16,343.76788330078125,-0.009281921235276602
2008-06-17,340.5770568847656,-0.024622964689428706
2008-06-18,332.1910400390625,-0.008250808710072999
2008-06-19,329.4501953125,-0.04923308246160596
2008-06-20,313.2303466796875,-0.009076638465648434
2008-06-23,310.38726806640625,-0.010609717848304556
2008-06-24,307.0941467285156,0.03889728775941559
2008-06-25,319.0392761230469,-0.013399489338289161
2008-06-26,314.7643127441406,-0.027941777726370742
2008-06-27,305.96923828125,-0.03569778575703175
2008-06-30,295.04681396484375,-0.019895958810495662
2008-07-01,289.17657470703125,0.05007799920175082
2008-07-02,303.657958984375,-0.04654469469352773
2008-07-03,289.5242919921875,0.013281569182340913
2008-07-04,293.36962890625,0.014641319960520649
2008-07-07,297.6649475097656,-0.022813166240938876
2008-07-08,290.874267578125,0.049715109100813226
2008-07-09,305.3351135253906,-0.006229847396674204
2008-07-10,303.43292236328125,0.0042466526331881305
2008-07-11,304.72149658203125,-0.012149185277203656
2008-07-14,301.0193786621094,-0.0350613247243482
2008-07-15,290.4652404785156,0.029434653310870473
2008-07-16,299.0149841308594,0.025309337308788704
2008-07-17,306.5828552246094,0.07158573963028658
2008-07-18,328.5298156738281,-0.005665629225105051
2008-07-21,326.6684875488281,-0.025483654985256843
2008-07-22,318.3437805175781,0.04883070863613037
2008-07-23,333.88873291015625,-0.020277005494811817
2008-07-24,327.11846923828125,-0.0035015334427089817
2008-07-25,325.9730529785156,-0.0021335048450660254
2008-07-28,325.277587890625,-0.02169383571874084
2008-07-29,318.2210693359375,0.04113625666365017
2008-07-30,331.3114929199219,-0.013828690226009188
2008-07-31,326.7298889160156,0.026856000937766966
2008-08-01,335.5045471191406,-0.0050601188141002895
2008-08-04,333.8068542480469,0.02953433856427523
2008-08-05,343.6656188964844,0.03487681413273047
2008-08-06,355.6515808105469,-0.023061799172489517
2008-08-07,347.4496154785156,-0.010007616008426368
2008-08-08,343.97247314453125,0.005589511049755691
2008-08-11,345.8951110839844,-0.026373594960637625
2008-08-12,336.7726135253906,-0.002914991937285283
2008-08-13,335.7909240722656,-0.0027409306586076987
2008-08-14,334.87054443359375,-0.01160517260579974
2008-08-18,330.98431396484375,-0.021258114049686472
2008-08-19,323.9482116699219,0.030432773582248274
2008-08-20,333.8068542480469,-0.020526809617282815
2008-08-21,326.9548645019531,0.013074900568498693
2008-08-22,331.2297668457031,0.008397844908163865
2008-08-25,334.0113830566406,-0.009430432571927438
2008-08-26,330.86151123046875,-0.004883749459262288
2008-08-27,329.24566650390625,-0.0004348059019408934
2008-08-28,329.1025085449219,0.04101944810804059
2008-08-29,342.60211181640625,-0.025432939861501302
2008-09-01,333.88873291015625,0.022604700578546577
2008-09-02,341.4361877441406,-0.010603153452737324
2008-09-04,337.8158874511719,-0.027125309779954088
2008-09-05,328.65252685546875,0.020413331023059422
2008-09-08,335.3614196777344,0.020858807386176403
2008-09-09,342.3566589355469,-0.029752611415072572
2008-09-10,332.170654296875,-0.043165332790424005
2008-09-11,317.8323974609375,0.002445574211607182
2008-09-12,318.60968017578125,-0.01778270190557618
2008-09-15,312.9439392089844,0.011895406008671117
2008-09-16,316.6665344238281,-0.0051028624311655335
2008-09-17,315.0506286621094,-0.011556166713113769
2008-09-18,311.40985107421875,0.058588074531093826
2008-09-19,329.6547546386719,0.0036606679406749887
2008-09-22,330.86151123046875,-0.019967588019188964
2008-09-23,324.2550048828125,0.022582376895354805
2008-09-24,331.57745361328125,-0.024242691988038745
2008-09-25,323.53912353515625,-0.018839661074183223
2008-09-26,317.4437561035156,-0.033182859022166555
2008-09-29,306.9100646972656,0.046118015927286926
2008-09-30,321.06414794921875,0.0074534509815475936
2008-10-01,323.4571838378906,-0.04350571207122911
2008-10-03,309.38494873046875,-0.03774953575317086
2008-10-06,297.705810546875,0.028169112262312
2008-10-07,306.0919189453125,-0.019913220512022933
2008-10-08,299.99664306640625,-0.05597576470277077
2008-10-10,283.2041015625,0.06868392264164602
2008-10-13,302.6556701660156,0.03615607323718528
2008-10-14,313.5985107421875,-0.0675059624390667
2008-10-15,292.4287414550781,0.022102615184968588
2008-10-16,298.8921813964844,-0.07322255982913795
2008-10-17,277.00653076171875,0.045706211888354664
2008-10-20,289.6674499511719,0.0229490162216468
2008-10-21,296.3150329589844,-0.08020988601959023
2008-10-22,272.5476379394531,-0.07684836176122722
2008-10-23,251.60279846191406,-0.12673744943687149
2008-10-24,219.71530151367188,0.05120102683040284
2008-10-27,230.96495056152344,0.09183485317859419
2008-10-29,252.1755828857422,0.060507682805981844
2008-10-31,267.43414306640625,0.057743890930361585
2008-11-03,282.8768310546875,0.03680382613243616
2008-11-04,293.28778076171875,-0.04407533712767364
2008-11-05,280.36102294921875,-0.06704633895984158
2008-11-06,261.5638427734375,0.013528646386317345
2008-11-07,265.1024475097656,0.09814044794233867
2008-11-10,291.1197204589844,-0.07335065026551435
2008-11-11,269.7658996582031,-0.04170169335142904
2008-11-12,258.5162048339844,0.024606604675991406
2008-11-14,264.8774108886719,0.026100227167385137
2008-11-17,271.790771484375,-0.0624624412196666
2008-11-18,254.81405639648438,-0.016936920364173935
2008-11-19,250.498291015625,-0.03315084387465994
2008-11-20,242.19406127929688,0.04526660379034597
2008-11-21,253.15736389160156,0.03062138623889532
2008-11-24,260.9093933105469,-0.015678850138119538
2008-11-25,256.8186340332031,0.040140061717561126
2008-11-26,267.1273498535156,0.0
2008-11-27,267.1273498535156,0.027641342412040082
2008-11-28,274.5111083984375,-0.030325463192509727
2008-12-01,266.1864318847656,0.030966946356603575
2008-12-02,274.4294128417969,-0.010211061369676533
2008-12-03,271.627197265625,0.03268076146991006
2008-12-04,280.5041809082031,-0.030479697626986324
2008-12-05,271.9544982910156,0.05482816682666769
2008-12-08,286.8652648925781,0.04926956922664161
2008-12-10,300.9989929199219,0.008969561909068391
2008-12-11,303.6988220214844,-0.025458009126770875
2008-12-12,295.9672546386719,0.019212219105395834
2008-12-15,301.6534423828125,0.010035125417569679
2008-12-16,304.6805725097656,-0.04773085285492773
2008-12-17,290.1379089355469,0.0012688226308394945
2008-12-18,290.50604248046875,0.016264427791029323
2008-12-19,295.23095703125,0.0005540551045013498
2008-12-22,295.39453125,-0.015579439738961365
2008-12-23,290.7924499511719,-0.030175091279627475
2008-12-24,282.01776123046875,-0.004351727348455681
2008-12-26,280.7904968261719,0.037368887080378554
2008-12-29,291.2833251953125,0.014816383251480492
2008-12-30,295.5990905761719,-0.009825534103137135
2008-12-31,292.6946716308594,-0.014814901315491125
2009-01-02,288.3584289550781,-0.02730870345199965
2009-01-05,280.4837341308594,-0.041785176214145126
2009-01-06,268.763671875,-0.010654549732208363
2009-01-07,265.9001159667969,-0.01707686719235535
2009-01-09,261.359375,-0.023556308195581965
2009-01-12,255.2027130126953,-0.0269296228721555
2009-01-13,248.3302001953125,0.02586292920340494
2009-01-14,254.75274658203125,-0.030670464262294805
2009-01-15,246.93936157226562,0.05151977165763122
2009-01-16,259.66162109375,0.019062965999544934
2009-01-19,264.6115417480469,-0.04715186884333855
2009-01-20,252.13461303710938,-0.054027700734463724
2009-01-21,238.51235961914062,0.06200172399387727
2009-01-22,253.300537109375,-0.009770543961122646
2009-01-23,250.82565307617188,0.05585897648817295
2009-01-27,264.8365173339844,0.007337036651650752
2009-01-28,266.7796325683594,-0.0379515284834363
2009-01-29,256.6549377441406,0.010440223498760837
2009-01-30,259.33447265625,-0.028630285323196225
2009-02-02,251.90965270996094,0.014939714343881194
2009-02-03,255.67311096191406,0.014880405839341693
2009-02-04,259.4776306152344,-0.008907431794389575
2009-02-05,257.1663513183594,0.02926890512882241
2009-02-06,264.6933288574219,0.02890065580434875
2009-02-09,272.3431396484375,-0.003304968321877544
2009-02-10,271.44305419921875,0.01491976184324817
2009-02-11,275.492919921875,-0.033558345791767086
2009-02-12,266.2478332519531,0.0013827870747462612
2009-02-13,266.6159973144531,-0.02148052194518313
2009-02-16,260.8889465332031,-0.007997137379019748
2009-02-17,258.8025817871094,0.012961587030300148
2009-02-18,262.1570739746094,0.01185898663420848
2009-02-19,265.2659912109375,-0.008867338622651322
2009-02-20,262.9137878417969,-0.009413175078950897
2009-02-24,260.4389343261719,0.006439957145851771
2009-02-25,262.11614990234375,0.017869671308328172
2009-02-26,266.8000793457031,-0.02100610751723908
2009-02-27,261.1956481933594,-0.033985663275910905
2009-03-02,252.31874084472656,-0.02537264087645108
2009-03-03,245.916748046875,-0.000832133727135087
2009-03-04,245.7121124267578,-0.01814687943958726
2009-03-05,241.25320434570312,0.021195488897757686
2009-03-06,246.36668395996094,-0.02407647223097742
2009-03-09,240.43504333496094,-0.06686506970708095
2009-03-12,224.35833740234375,0.016774454709842734
2009-03-13,228.121826171875,0.024477678948872317
2009-03-16,233.70571899414062,0.00043777354317398043
2009-03-17,233.8080291748047,-0.003149350287019237
2009-03-18,233.07168579101562,0.0016673446992279128
2009-03-19,233.46029663085938,-0.002277900457083315
2009-03-20,232.92849731445312,0.04179800568639713
2009-03-23,242.66444396972656,0.017700902400055618
2009-03-24,246.95982360839844,-0.02103701389683965
2009-03-25,241.7645263671875,0.05219972128742989
2009-03-26,254.3845672607422,0.0
2009-03-27,254.3845672607422,-0.01961911056137211
2009-03-30,249.39376831054688,0.02640882706905856
2009-03-31,255.97996520996094,-0.01741915174402231
2009-04-01,251.52101135253906,0.038790182848114974
2009-04-02,261.2775573730469,0.03295761056155411
2009-04-06,269.8886413574219,0.003865119518265514
2009-04-08,270.9317932128906,0.005662041657857442
2009-04-09,272.4658203125,-0.004128622246913127
2009-04-13,271.3409118652344,0.03279025933106072
2009-04-15,280.2382507324219,-0.025180534969165835
2009-04-16,273.18170166015625,0.019092414354589415
2009-04-17,278.39739990234375,0.01124085587697965
2009-04-20,281.5268249511719,0.04548105917016798
2009-04-21,294.3309631347656,-0.009589889178825528
2009-04-22,291.50836181640625,-0.006595795332274057
2009-04-23,289.58563232421875,0.0591185167215329
2009-04-24,306.70550537109375,-0.00813581839670463
2009-04-27,304.210205078125,-0.02595301534053751
2009-04-28,296.3150329589844,0.039207279437746934
2009-04-29,307.9327392578125,0.0016605981562562988
2009-04-30,308.444091796875,0.0069631276877155646
2009-05-04,310.5918273925781,-0.011195509926678282
2009-05-05,307.1145935058594,0.008991178146119827
2009-05-06,309.87591552734375,0.03306928668800335
2009-05-07,320.123291015625,-0.018145722511392015
2009-05-08,314.3144226074219,-0.02563951199359582
2009-05-11,306.25555419921875,0.06030851640724788
2009-05-12,324.7253723144531,0.0024566281547442337
2009-05-13,325.5231018066406,-0.039082790141806156
2009-05-14,312.8007507324219,0.04603430975365019
2009-05-15,327.2003173828125,0.2542350560079092
2009-05-18,410.3861083984375,-0.0878189395645238
2009-05-19,374.346435546875,-0.0605946203115717
2009-05-20,351.6630554199219,-0.008375555776364285
2009-05-21,348.7176818847656,0.008387751546126587
2009-05-22,351.64263916015625,-0.057294057795506004
2009-05-25,331.49560546875,-0.048312406190575086
2009-05-26,315.4802551269531,-0.0031121171847741103
2009-05-27,314.4984436035156,0.035249578258568226
2009-05-28,325.5843811035156,0.03141108671691506
2009-05-29,335.81134033203125,-0.01961247074437289
2009-06-01,329.2252502441406,-0.005467158902537794
2009-06-02,327.4253234863281,-0.0024361843749222123
2009-06-03,326.6276550292969,0.02248084287160479
2009-06-04,333.97052001953125,0.012677609250237643
2009-06-05,338.2044677734375,-0.015603462246591038
2009-06-08,332.92730712890625,-0.0017200822559559903
2009-06-09,332.3546447753906,0.02726342734011733
2009-06-10,341.415771484375,0.023723862821331432
2009-06-11,349.5154724121094,-0.03072324855410269
2009-06-12,338.7772216796875,-0.010505490830959086
2009-06-15,335.21820068359375,-0.012142277751326147
2009-06-16,331.14788818359375,-0.008091564192750256
2009-06-17,328.4683837890625,0.0023663851780113543
2009-06-18,329.24566650390625,0.0029198082961077176
2009-06-19,330.2070007324219,-0.020441168356696515
2009-06-22,323.4571838378906,-0.005437942758050318
2009-06-23,321.6982421875,0.015132039287351295
2009-06-24,326.5661926269531,-0.005574286549727803
2009-06-25,324.7458190917969,0.020469829214949886
2009-06-26,331.393310546875,-0.0035179723984390954
2009-06-29,330.22747802734375,-0.006317685026763997
2009-06-30,328.1412048339844,0.02755090871163257
2009-07-01,337.1817932128906,-0.02565968184883516
2009-07-02,328.5298156738281,0.019860542216099564
2009-07-03,335.0545959472656,-0.0440755951164894
2009-07-06,320.286865234375,0.03755035654530281
2009-07-07,332.3137512207031,-0.024373471945790204
2009-07-08,324.214111328125,0.003974172070232873
2009-07-09,325.5025939941406,-0.022684458538567487
2009-07-10,318.1187438964844,-0.014530825878264042
2009-07-13,313.4962158203125,0.009069038117158534
2009-07-14,316.3393249511719,0.009052068980254013
2009-07-15,319.2028503417969,0.0058310807858665825
2009-07-16,321.06414794921875,0.05274912243848506
2009-07-17,338.0,0.02759412054479471
2009-07-20,347.3268127441406,-0.01313208926471321
2009-07-21,342.76568603515625,-0.017782364380391047
2009-07-22,336.6705017089844,-0.01081433960547018
2009-07-23,333.0296325683594,0.02438128366772152
2009-07-24,341.1493225097656,0.018151174085975885
2009-07-27,347.3415832519531,0.014285841055751813
2009-07-28,352.30364990234375,-0.011290867187455311
2009-07-29,348.3258361816406,-0.001648247524671853
2009-07-30,347.751708984375,-0.0327830455261231
2009-07-31,336.3513488769531,0.0008534181319688194
2009-08-03,336.6383972167969,-0.023510812787310487
2009-08-04,328.7237548828125,0.0016216687926235984
2009-08-05,329.2568359375,-0.005355503634783543
2009-08-06,327.4934997558594,-0.03856734319500876
2009-08-07,314.8629455566406,-0.028393023106822457
2009-08-10,305.92303466796875,0.025335363828130397
2009-08-11,313.6737060546875,0.06026924266864886
2009-08-12,332.5785827636719,0.018742174549582158
2009-08-13,338.81182861328125,-0.010529998326455736
2009-08-14,335.244140625,-0.024464647237029902
2009-08-17,327.0425109863281,0.030845995004539217
2009-08-18,337.1304626464844,-0.013623586517029662
2009-08-19,332.53753662109375,-0.013318294989533408
2009-08-20,328.10870361328125,0.029121051957007538
2009-08-21,337.66357421875,0.0063154793322102165
2009-08-24,339.79608154296875,-0.015085808551810187
2009-08-25,334.66998291015625,-0.006494343756685117
2009-08-26,332.49652099609375,0.027380474015914924
2009-08-27,341.6004333496094,0.04489794715051865
2009-08-28,356.9375915527344,-0.024356772337792765
2009-08-31,348.2437438964844,-0.005534450166769567
2009-09-01,346.31640625,-0.022853965986893265
2009-09-02,338.4017028808594,-0.01854077832238399
2009-09-03,332.1274719238281,0.00012340173844838098
2009-09-04,332.16845703125,0.038518549687555526
2009-09-07,344.9631042480469,0.008083776792323194
2009-09-08,347.751708984375,-0.03455187164198592
2009-09-09,335.7362365722656,0.017466678119749224
2009-09-10,341.6004333496094,0.011284521291388572
2009-09-11,345.4552307128906,-0.004511091419102886
2009-09-14,343.8968505859375,-0.008824088998911295
2009-09-15,340.8622741699219,0.010346684572771547
2009-09-16,344.3890686035156,0.030721560706431728
2009-09-17,354.96923828125,0.023451653215988966
2009-09-18,363.2938537597656,-0.032509204779773704
2009-09-22,351.48345947265625,-0.0351186594902847
2009-09-23,339.13983154296875,0.01402671877651751
2009-09-24,343.8968505859375,-0.01132816839965034
2009-09-25,340.0011291503906,0.010975610522318213
2009-09-29,343.73284912109375,-0.0008350913815124983
2009-09-30,343.44580078125,0.039044495341758356
2009-10-01,356.85546875,-0.08009627620272564
2009-10-05,328.2726745605469,-0.10218606042165357
2009-10-06,294.727783203125,-0.0016695590227011614
2009-10-07,294.2357177734375,-0.06912906642482364
2009-10-08,273.8954772949219,0.027998306853688204
2009-10-09,281.5640869140625,0.023157515500268122
2009-10-12,288.08441162109375,0.0009962976498816278
2009-10-13,288.3714294433594,-0.03256529149344056
2009-10-14,278.98052978515625,-0.044245262936582264
2009-10-15,266.636962890625,0.0033835937535766636
2009-10-16,267.5391540527344,0.007510674170952969
2009-10-20,269.5485534667969,0.01232325777998633
2009-10-21,272.8702697753906,0.013074779120481272
2009-10-22,276.43798828125,-0.017801755733955038
2009-10-23,271.51690673828125,-0.0012083758848141501
2009-10-26,271.1888122558594,-0.07167678615939233
2009-10-27,251.75086975097656,0.03306742421923614
2009-10-28,260.07562255859375,-0.016713783058234788
2009-10-29,255.72877502441406,-0.06077631109534021
2009-10-30,240.1865234375,0.025781049883919938
2009-11-03,246.3787841796875,0.017310245821432035
2009-11-04,250.64366149902344,0.04482995227801867
2009-11-05,261.8800048828125,0.0023490657109122015
2009-11-06,262.49517822265625,-0.03905647448416205
2009-11-09,252.2430419921875,-0.04600901336882224
2009-11-10,240.63758850097656,0.022324699556289795
2009-11-11,246.00975036621094,-0.0033340373186656613
2009-11-12,245.18954467773438,0.010536730255548354
2009-11-13,247.77304077148438,0.002151489334867307
2009-11-16,248.30612182617188,-0.01932263216532426
2009-11-17,243.50819396972656,-0.0030312898669446753
2009-11-18,242.77005004882812,-0.008783874071050635
2009-11-19,240.63758850097656,-0.015848526593290946
2009-11-20,236.82383728027344,-0.04675342983760755
2009-11-23,225.7515106201172,0.026339974630362972
2009-11-24,231.6977996826172,-0.002655133538063348
2009-11-25,231.08261108398438,-0.00461383642482982
2009-11-26,230.0164337158203,0.01141010525357733
2009-11-27,232.6409454345703,0.05605529242165841
2009-11-30,245.68170166015625,0.016691576098770478
2009-12-01,249.7825164794922,0.0006565770381179448
2009-12-02,249.94651794433594,0.006726780845145441
2009-12-03,251.6278533935547,0.010756376797734779
2009-12-04,254.33445739746094,0.020315917932395733
2009-12-07,259.5014953613281,0.03840041771796865
2009-12-08,269.4664611816406,0.008065910770897577
2009-12-09,271.63995361328125,0.03381650218883103
2009-12-10,280.82586669921875,-0.031687977377342746
2009-12-11,271.92706298828125,-0.03619367968553078
2009-12-14,262.08502197265625,-0.008449462401149854
2009-12-15,259.87054443359375,0.02729994628579302
2009-12-16,266.9649963378906,-0.0036863666505904114
2009-12-17,265.9808654785156,-0.019889254526994526
2009-12-18,260.6907043457031,-0.024382330640424943
2009-12-21,254.33445739746094,0.03821349847309796
2009-12-22,264.053466796875,0.01335567137559246
2009-12-23,267.580078125,-0.015631843015744384
2009-12-24,263.3973083496094,0.014946235101528815
2009-12-29,267.3341064453125,-0.0007674654029837802
2009-12-30,267.1289367675781,0.012435222861004958
2009-12-31,270.45074462890625,-0.013798262945815543
2010-01-04,266.718994140625,0.015836545441064942
2010-01-05,270.9429016113281,-0.010595322933318996
2010-01-06,268.0721740722656,0.007801972384701594
2010-01-07,270.1636657714844,-0.013205654350644469
2010-01-08,266.5959777832031,0.011997961953644332
2010-01-11,269.7945861816406,-0.020367668409114303
2010-01-12,264.29949951171875,-0.011947256103123083
2010-01-13,261.141845703125,-0.0010993215455337157
2010-01-14,260.8547668457031,-0.002043710294092338
2010-01-15,260.3216552734375,0.010397035480913752
2010-01-18,263.0282287597656,-0.00046792465264455796
2010-01-19,262.9051513671875,0.034160329179433235
2010-01-20,271.8860778808594,-0.027450839096781587
2010-01-21,264.4225769042969,-0.0007756850605550314
2010-01-22,264.21746826171875,0.02716104338730574
2010-01-25,271.3938903808594,-0.02417622330284319
2010-01-27,264.8326110839844,-0.02864657724934272
2010-01-28,257.2460632324219,-0.023114883445980228
2010-01-29,251.2998504638672,0.015665557747325254
2010-02-01,255.23660278320312,-0.011407238491877858
2010-02-02,252.32505798339844,0.004388083845461965
2010-02-03,253.43228149414062,-0.015857907350849243
2010-02-04,249.4133758544922,-0.013317810254836915
2010-02-05,246.09173583984375,0.027662242771332224
2010-02-08,252.89918518066406,0.015566609414347177
2010-02-09,256.8359680175781,0.006865731123368413
2010-02-10,258.5993347167969,-0.002537355511699979
2010-02-11,257.94317626953125,-0.0918918109925817
2010-02-15,234.2403106689453,-0.049019706832826415
2010-02-16,222.75791931152344,0.027798230563990778
2010-02-17,228.9501953125,0.009851324404444473
2010-02-18,231.20565795898438,-0.010996750723025861
2010-02-19,228.66314697265625,-0.006814911420698788
2010-02-22,227.10482788085938,0.011556456117770786
2010-02-23,229.72935485839844,-0.014816071396428598
2010-02-24,226.32566833496094,0.00108720868574963
2010-02-25,226.5717315673828,0.011221525523778197
2010-02-26,229.1142120361328,0.03884023347229659
2010-03-02,238.0130615234375,0.00603035281000186
2010-03-03,239.4483642578125,0.005651621336272505
2010-03-04,240.8016357421875,0.0165190477566437
2010-03-05,244.77944946289062,-0.019265963199044278
2010-03-08,240.06353759765625,-0.004783317709926349
2010-03-09,238.9152374267578,-0.011328401399222865
2010-03-10,236.20870971679688,0.02065945770376998
2010-03-11,241.08865356445312,0.01752001552406446
2010-03-12,245.31253051757812,0.0013374550485849568
2010-03-15,245.640625,-0.015692708995929006
2010-03-16,241.78585815429688,0.011024394159719675
2010-03-17,244.45140075683594,0.006877869901482203
2010-03-18,246.13270568847656,0.03932022665310986
2010-03-19,255.81069946289062,0.014267385076240036
2010-03-22,259.46044921875,-0.027500882145377603
2010-03-23,252.32505798339844,0.021940419227309382
2010-03-25,257.8611755371094,-0.013517807658236847
2010-03-26,254.37545776367188,0.0066096606331449426
2010-03-29,256.0567932128906,-0.004324192127996618
2010-03-30,254.94955444335938,0.005468874469771956
2010-03-31,256.3438415527344,-0.033754609443592876
2010-04-01,247.69105529785156,0.04652312208932097
2010-04-05,259.21441650390625,0.001265843946588685
2010-04-06,259.54254150390625,0.012481701273062251
2010-04-07,262.7820739746094,-0.023408161082486334
2010-04-08,256.6308288574219,-0.015979550684428467
2010-04-09,252.5299835205078,0.0009746942637691713
2010-04-12,252.776123046875,-0.0038935922485756613
2010-04-13,251.7919158935547,-0.009120479521932512
2010-04-15,249.49545288085938,0.0019721197578070893
2010-04-16,249.98748779296875,0.003609189424763626
2010-04-19,250.88973999023438,-0.004576729182213413
2010-04-20,249.74148559570312,0.00394084263647132
2010-04-21,250.72567749023438,-0.00850503646702283
2010-04-22,248.59324645996094,-0.016166101157471413
2010-04-23,244.574462890625,-0.0026829823403811126
2010-04-26,243.91827392578125,0.0030261310488526316
2010-04-27,244.65640258789062,-0.015085193143834497
2010-04-28,240.96571350097656,0.008679180358523553
2010-04-29,243.05709838867188,0.0074236972965642245
2010-04-30,244.86148071289062,-0.005191920206599976
2010-05-03,243.59017944335938,-0.026936043176346458
2010-05-04,237.02882385253906,0.02525981688718515
2010-05-05,243.01612854003906,-0.014681183111839191
2010-05-06,239.4483642578125,-0.015242388587456634
2010-05-07,235.79859924316406,0.02400005642808778
2010-05-10,241.45777893066406,-0.03294838019064117
2010-05-11,233.50213623046875,-0.08236743141580138
2010-05-12,214.2691650390625,-0.010909147361722549
2010-05-13,211.93167114257812,0.023800513695794612
2010-05-14,216.9757537841797,0.007937918340603423
2010-05-17,218.69808959960938,0.00487525011166845
2010-05-18,219.76429748535156,-0.030789226266905723
2010-05-19,212.9979248046875,0.00211791190105437
2010-05-20,213.44903564453125,0.022862480266068186
2010-05-21,218.32901000976562,-0.0005634448551585791
2010-05-24,218.20599365234375,-0.005450217015697811
2010-05-25,217.0167236328125,-0.00359032028894124
2010-05-26,216.23756408691406,-0.011378665892334161
2010-05-27,213.77706909179688,0.00019179029062899033
2010-05-28,213.8180694580078,0.008438867345461176
2010-05-31,215.62245178222656,-0.02244188376037337
2010-06-01,210.78347778320312,0.05194533682218494
2010-06-02,221.73269653320312,0.011466627542395136
2010-06-03,224.2752227783203,0.010422230735793736
2010-06-04,226.6126708984375,-0.028591796213230825
2010-06-07,220.13340759277344,-0.03744414075521141
2010-06-08,211.8907012939453,0.0530286712914565
2010-06-09,223.12698364257812,0.04833674694057577
2010-06-10,233.91221618652344,-0.04102377670075241
2010-06-11,224.31625366210938,-0.016087842898238836
2010-06-14,220.70748901367188,0.0016723258928923457
2010-06-15,221.0765838623047,-0.012613680873935995
2010-06-16,218.28799438476562,0.0035693409951627064
2010-06-17,219.067138671875,-0.008049156412745395
2010-06-18,217.3038330078125,-0.00037756586091197697
2010-06-21,217.22178649902344,-0.01076079280705955
2010-06-22,214.88430786132812,0.007824304190302778
2010-06-23,216.5656280517578,-0.003029695596619253
2010-06-24,215.9095001220703,-0.0007596549644183215
2010-06-25,215.7454833984375,0.008933527291985266
2010-06-28,217.6728515625,0.0015072825116533295
2010-06-29,218.00094604492188,-0.011286765297744528
2010-06-30,215.54042053222656,0.00856165486674354
2010-07-01,217.38580322265625,-0.0013203855854408975
2010-07-02,217.09877014160156,0.010389108353830112
2010-07-05,219.35423278808594,0.015330004683630882
2010-07-06,222.71693420410156,0.016939667690624605
2010-07-07,226.48968505859375,0.01738186599303071
2010-07-08,230.42649841308594,0.09859408150236226
2010-07-09,253.1451873779297,-0.009557795321951446
2010-07-12,250.72567749023438,-0.01913659069943341
2010-07-13,245.92764282226562,0.005836404706202281
2010-07-14,247.36297607421875,-0.011936330359665348
2010-07-15,244.41036987304688,0.001510081548648845
2010-07-16,244.77944946289062,-0.003183170835612259
2010-07-19,244.00027465820312,0.0005044149755590865
2010-07-20,244.12335205078125,-0.008903254905284541
2010-07-21,241.94985961914062,0.02406771866497537
2010-07-22,247.77304077148438,0.038728778707103784
2010-07-23,257.3689880371094,0.02103239391344025
2010-07-26,262.7820739746094,0.007022889628808704
2010-07-27,264.6275634765625,-0.002014573105166506
2010-07-28,264.0944519042969,-0.01583850511801288
2010-07-29,259.9115905761719,-0.03187136504475929
2010-07-30,251.6278533935547,0.036668887516666304
2010-08-02,260.8547668457031,0.03269948169616366
2010-08-03,269.38458251953125,-0.01613661147585521
2010-08-04,265.0376281738281,0.004487174246636583
2010-08-05,266.2268981933594,-0.0036967015114991453
2010-08-06,265.24273681640625,0.015460553641419184
2010-08-09,269.3435363769531,-0.008830878479792692
2010-08-10,266.9649963378906,-0.014900017821401712
2010-08-11,262.9872131347656,-0.011694950951922078
2010-08-12,259.9115905761719,0.00015780606362758576
2010-08-13,259.9526062011719,0.00567894796590851
2010-08-16,261.4288635253906,-0.008313545985694781
2010-08-17,259.2554626464844,0.0003173525826036805
2010-08-18,259.3377380371094,-0.001586494859542431
2010-08-19,258.9263000488281,-0.013981500612234243
2010-08-20,255.30612182617188,0.022720168647113903
2010-08-23,261.1067199707031,0.018433849212448283
2010-08-24,265.919921875,-0.019337904238676207
2010-08-25,260.777587890625,0.014513361949922476
2010-08-26,264.5623474121094,-0.016949125170907187
2010-08-27,260.0782470703125,0.021195473868150128
2010-08-30,265.5907287597656,0.014095798435390883
2010-08-31,269.3344421386719,0.03146466435919981
2010-09-01,277.8089599609375,-0.01051383440892062
2010-09-02,274.88812255859375,0.015414429742924174
2010-09-03,279.1253662109375,0.012233364456757823
2010-09-06,282.5400085449219,0.0004363665742772582
2010-09-07,282.6632995605469,0.024596129410899614
2010-09-08,289.61572265625,-0.005397608967971812
2010-09-09,288.052490234375,-0.003713354855606088
2010-09-13,286.98284912109375,0.021932497037916665
2010-09-14,293.277099609375,-0.0007015532818375192
2010-09-15,293.07135009765625,-0.024283995542394465
2010-09-16,285.95440673828125,0.03251323297354558
2010-09-17,295.251708984375,0.019785405560503122
2010-09-20,301.0933837890625,-0.0010931229239786733
2010-09-21,300.7642517089844,-0.007659422311102615
2010-09-22,298.4605712890625,-0.01998649073676817
2010-09-23,292.4953918457031,0.03558384802778747
2010-09-24,302.90350341796875,0.013581424571071254
2010-09-27,307.0173645019531,0.0002679828574467802
2010-09-28,307.0996398925781,-0.026389935209446103
2010-09-29,298.99530029296875,0.007980216949708963
2010-09-30,301.38134765625,-0.00327583036441903
2010-10-01,300.3940734863281,-0.014379711383758709
2010-10-04,296.0744934082031,-0.017229125946000123
2010-10-05,290.973388671875,-0.004383186485958146
2010-10-06,289.697998046875,0.007810426064994047
2010-10-07,291.9606628417969,-0.005495367549611108
2010-10-08,290.3562316894531,-0.028478327519159685
2010-10-11,282.0873718261719,-0.01108353719865518
2010-10-12,278.9608459472656,0.025217621419301617
2010-10-13,285.9955749511719,-0.007336283198116633
2010-10-14,283.8974304199219,-0.03303872155666643
2010-10-15,274.517822265625,-0.019181470529381683
2010-10-18,269.2521667480469,-0.0001527850112009732
2010-10-19,269.2110290527344,-0.018184534683246323
2010-10-20,264.3155517578125,0.04933812041253005
2010-10-21,277.35638427734375,-0.010827631751810562
2010-10-22,274.353271484375,0.011246374864182451
2010-10-25,277.4387512207031,-0.024911251240634646
2010-10-26,270.52740478515625,-0.020833215825297846
2010-10-27,264.8914489746094,0.02702258062620766
2010-10-28,272.04949951171875,-0.01512151301954856
2010-10-29,267.9356994628906,0.029633073594513393
2010-11-01,275.8754577636719,-0.01804358837671316
2010-11-02,270.8976745605469,-0.002581568193403605
2010-11-03,270.1983337402344,-0.0068513627786482845
2010-11-04,268.34710693359375,0.005825298145225366
2010-11-08,269.9103088378906,0.0198144118196093
2010-11-09,275.2584228515625,-0.022418452652581022
2010-11-10,269.0875549316406,-0.031493533115712125
2010-11-11,260.613037109375,-0.03535945004594976
2010-11-12,251.3979034423828,0.013418863383110491
2010-11-15,254.77137756347656,0.012271708590028352
2010-11-16,257.8978576660156,0.036688610553537115
2010-11-18,267.3597717285156,0.01077087883645933
2010-11-19,270.2394714355469,0.025879349855966183
2010-11-22,277.23309326171875,-0.02314909095552431
2010-11-23,270.8153991699219,0.008051089020054913
2010-11-24,272.9957580566406,0.009644375260255744
2010-11-25,275.6286315917969,-0.0035821213470317304
2010-11-26,274.64129638671875,0.014679459157819208
2010-11-29,278.6728820800781,0.06333030099042292
2010-11-30,296.3213195800781,-0.02665569637122356
2010-12-01,288.42266845703125,-0.012694272393898864
2010-12-02,284.7613525390625,-0.001444637586726527
2010-12-03,284.3499755859375,-0.0007234711158906615
2010-12-06,284.1442565917969,0.010134747255322596
2010-12-07,287.02398681640625,-0.0034397985285165023
2010-12-08,286.03668212890625,-0.026463455619155307
2010-12-09,278.4671630859375,-0.02201206994730409
2010-12-10,272.3375244140625,0.0031720237078711744
2010-12-13,273.2013854980469,0.009336075135415456
2010-12-14,275.75201416015625,0.013576155935440148
2010-12-15,279.49566650390625,0.013541388919643405
2010-12-16,283.2804260253906,-0.027011377174743112
2010-12-20,275.6286315917969,-0.006417879760167389
2010-12-21,273.85968017578125,0.031245284902751802
2010-12-22,282.41650390625,0.00014566321282050154
2010-12-23,282.4576416015625,0.015438483974842487
2010-12-24,286.818359375,-0.01922005553247852
2010-12-27,281.3056945800781,0.0013162541054967392
2010-12-28,281.67596435546875,0.03402973231297479
2010-12-29,291.2613220214844,0.009745547252419273
2010-12-30,294.0998229980469,0.003776669302670399
2010-12-31,295.2105407714844,0.0015331640936298019
2011-01-03,295.66314697265625,-0.008209498270592697
2011-01-04,293.23590087890625,-0.02076294179245297
2011-01-05,287.1474609375,0.012034117923132692
2011-01-06,290.60302734375,-0.04161941006964576
2011-01-07,278.50830078125,0.0017724870043918095
2011-01-10,279.001953125,-0.0019167967574151845
2011-01-11,278.4671630859375,0.03146694967523711
2011-01-12,287.22967529296875,-0.007017892800444403
2011-01-13,285.21392822265625,-0.008366030415508874
2011-01-14,282.82781982421875,0.013818635946645674
2011-01-17,286.7361145019531,-0.011764869911127018
2011-01-18,283.3627014160156,0.00014517681793302373
2011-01-19,283.4038391113281,-0.012048357537981946
2011-01-20,279.9892883300781,-0.012488815697186073
2011-01-21,276.4925537109375,-0.008778482552305067
2011-01-24,274.06536865234375,0.013959352709526085
2011-01-25,277.8911437988281,-0.035824978802291296
2011-01-27,267.9356994628906,0.004913370214552515
2011-01-28,269.2521667480469,-0.02521032024214387
2011-01-31,262.4642333984375,-0.0059559826557469275
2011-02-01,260.9010009765625,0.017975123765908485
2011-02-02,265.5907287597656,0.05266453840494356
2011-02-03,279.57794189453125,-0.021483188356123284
2011-02-04,273.57171630859375,0.004060060697885115
2011-02-07,274.68243408203125,-0.0016474102173652527
2011-02-08,274.22991943359375,-0.0034503802930035965
2011-02-09,273.2837219238281,-0.028752107351444622
2011-02-10,265.4262390136719,-0.011469059971000783
2011-02-11,262.3820495605469,0.026497211184108416
2011-02-14,269.3344421386719,0.005498580201961367
2011-02-15,270.8153991699219,-0.0022785463144964213
2011-02-16,270.1983337402344,0.03486581387844545
2011-02-17,279.6190185546875,-0.025010815759270666
2011-02-18,272.6255187988281,-0.0019617406286727146
2011-02-21,272.0906982421875,-0.0006047644491821158
2011-02-22,271.9261474609375,-0.006959111948677044
2011-02-23,270.0337829589844,-0.011578389793395871
2011-02-24,266.9072265625,0.016491966170654182
2011-02-25,271.3090515136719,0.004700315120319987
2011-02-28,272.58428955078125,0.01901648021807323
2011-03-01,277.76788330078125,-0.02206781486674536
2011-03-03,271.6381530761719,-0.009692351645689934
2011-03-04,269.0053405761719,-0.007646373409529672
2011-03-07,266.94842529296875,0.03205410634469841
2011-03-08,275.5052185058594,-0.007018023860860256
2011-03-09,273.57171630859375,-0.009022468658798966
2011-03-10,271.1034240722656,-0.021092659585162044
2011-03-11,265.3851318359375,-0.002480410848951342
2011-03-14,264.72686767578125,-0.02362053681047016
2011-03-15,258.473876953125,0.020053787206871787
2011-03-16,263.6572570800781,-0.008113644263379904
2011-03-17,261.5180358886719,0.0025173223448067272
2011-03-18,262.1763610839844,-0.005492146136739651
2011-03-21,260.7364501953125,0.030608936619860083
2011-03-22,268.7173156738281,0.012247696820868459
2011-03-23,272.00848388671875,0.008015663107216353
2011-03-24,274.1888122558594,0.019354743924032913
2011-03-25,279.49566650390625,0.023844479573869704
2011-03-28,286.16009521484375,0.036802804852011706
2011-03-29,296.69158935546875,-0.003327508051335193
2011-03-30,295.704345703125,-0.005565222237358669
2011-03-31,294.0586853027344,-0.005875536999589537
2011-04-01,292.3309326171875,0.011398774415132928
2011-04-04,295.66314697265625,0.002504363515130059
2011-04-05,296.4035949707031,-0.01929214697721593
2011-04-06,290.6853332519531,0.01047287625206339
2011-04-07,293.7296447753906,0.013725186450648463
2011-04-08,297.7611389160156,0.0015200311324021776
2011-04-11,298.2137451171875,0.013795008282960763
2011-04-13,302.3276062011719,0.01347122560141556
2011-04-15,306.40032958984375,-0.011010021188977093
2011-04-18,303.02685546875,0.022128822315214736
2011-04-19,309.73248291015625,0.01089147502974086
2011-04-20,313.1059265136719,-0.011299574896526332
2011-04-21,309.5679626464844,-0.002126396267006392
2011-04-25,308.9096984863281,0.01638047991410696
2011-04-26,313.96978759765625,0.009302925051141386
2011-04-27,316.890625,0.00415423071470844
2011-04-28,318.2070617675781,-0.017323663957708346
2011-04-29,312.6945495605469,0.009603884300545262
2011-05-02,315.6976318359375,-0.02410732756037348
2011-05-03,308.0870056152344,-0.012551861517058005
2011-05-04,304.2199401855469,-0.03204877998378719
2011-05-05,294.4700622558594,-0.01941882198463185
2011-05-06,288.7518005371094,0.04060424322215428
2011-05-09,300.4763488769531,0.0020535223967397265
2011-05-10,301.0933837890625,0.0006832398359333247
2011-05-11,301.2991027832031,-0.0013652428160161323
2011-05-12,300.88775634765625,0.0056056652017497655
2011-05-13,302.5744323730469,0.009381266856814063
2011-05-16,305.4129638671875,-0.0013469531480133634
2011-05-17,305.0015869140625,0.00337192469461578
2011-05-18,306.030029296875,-0.016534516581185987
2011-05-19,300.969970703125,0.02200658596513705
2011-05-20,307.5932922363281,-0.01444437598674575
2011-05-23,303.1502990722656,0.005835329666529665
2011-05-24,304.9192810058594,-0.0025633544994567714
2011-05-25,304.1376647949219,-0.006357426056215476
2011-05-26,302.2041320800781,0.015246563411216663
2011-05-27,306.81170654296875,-0.0038886544788009347
2011-05-30,305.6186218261719,0.007268852168618167
2011-05-31,307.8401184082031,0.019911859510543195
2011-06-01,313.96978759765625,-0.0011791221794524853
2011-06-02,313.5995788574219,-0.007083863409909963
2011-06-03,311.3780822753906,0.0040954649980198266
2011-06-06,312.6533203125,-0.005657771031087888
2011-06-07,310.8843994140625,-0.0002648457945668703
2011-06-08,310.80206298828125,-0.003176536733474289
2011-06-09,309.8147888183594,-0.006904641848792359
2011-06-10,307.6756286621094,0.009760546483480459
2011-06-13,310.6787109375,0.004502117811620909
2011-06-14,312.0774230957031,-0.0067228604930905655
2011-06-15,309.9793701171875,-0.018845464845151372
2011-06-16,304.1376647949219,0.029487507654789358
2011-06-17,313.1059265136719,0.02443806467050469
2011-06-20,320.75762939453125,0.0044888077601001886
2011-06-21,322.19744873046875,-0.02502527523341591
2011-06-22,314.1343688964844,0.0009165929554950658
2011-06-23,314.42230224609375,0.025513467449740368
2011-06-24,322.4443054199219,0.010461907720672015
2011-06-27,325.81768798828125,0.010858535194560925
2011-06-28,329.3555908203125,0.0028728752027831206
2011-06-29,330.3017883300781,-0.01631568254092619
2011-06-30,324.9126892089844,-0.028994887542561187
2011-07-01,315.49188232421875,0.002216764921932013
2011-07-04,316.1912536621094,-0.00533435383128289
2011-07-05,314.50457763671875,0.003008533347513165
2011-07-06,315.4507751464844,0.03808027152983473
2011-07-07,327.4632263183594,0.0003769693620363501
2011-07-08,327.586669921875,-0.01733014357632867
2011-07-11,321.9095458984375,-0.011118155932141716
2011-07-12,318.33050537109375,0.02067720098084047
2011-07-13,324.9126892089844,0.00417818075562848
2011-07-14,326.2702331542969,-0.009078287862857248
2011-07-15,323.3082580566406,0.00038190834294171694
2011-07-18,323.4317321777344,0.013609561085356825
2011-07-19,327.83349609375,-0.007780070240973047
2011-07-20,325.2829284667969,-0.0006324309582130816
2011-07-21,325.07720947265625,0.04062229807559614
2011-07-22,338.2825927734375,0.05229257173127566
2011-07-25,355.9722595214844,-0.01860628561929667
2011-07-26,349.34893798828125,0.011658213267460305
2011-07-27,353.4217224121094,0.002909958040477445
2011-07-28,354.4501647949219,0.014972074427211268
2011-07-29,359.75701904296875,0.009377005659235493
2011-08-01,363.1304626464844,-0.020278914492314004
2011-08-02,355.7665710449219,-0.014222973729342003
2011-08-03,350.7065124511719,-0.005161177592908239
2011-08-04,348.8964538574219,-0.019455175659792934
2011-08-05,342.1086120605469,-0.01791740836371114
2011-08-08,335.9789123535156,-0.0026937086334832827
2011-08-09,335.0738830566406,-0.0009821761084386482
2011-08-10,334.7447814941406,-0.023964626589844773
2011-08-11,326.7227478027344,-0.020146083742735743
2011-08-12,320.14056396484375,0.017347726475892333
2011-08-16,325.69427490234375,0.003925564660079539
2011-08-17,326.9728088378906,-0.013370424140945025
2011-08-18,322.6010437011719,-0.019048734409101264
2011-08-19,316.4559020996094,0.023589180208699823
2011-08-22,323.92083740234375,0.022663520452433694
2011-08-23,331.26202392578125,-0.009711193045211175
2011-08-24,328.0450744628906,0.011566712539075485
2011-08-25,331.8394775390625,-0.009072795353492813
2011-08-26,328.8287658691406,0.01605410864959378
2011-08-29,334.1078186035156,-0.0009872082184536612
2011-08-30,333.7779846191406,0.009761148999514191
2011-09-02,337.0360412597656,-0.007464507641572138
2011-09-05,334.5202331542969,-0.0180001767996687
2011-09-06,328.4988098144531,0.0085375208247227
2011-09-07,331.3033752441406,-0.005353095282682685
2011-09-08,329.5298767089844,0.0016270552929305016
2011-09-09,330.0660400390625,-0.0358617974548624
2011-09-12,318.2292785644531,-0.01101590882086878
2011-09-13,314.72369384765625,-0.01100760932993794
2011-09-14,311.25933837890625,0.0258380292226581
2011-09-15,319.3016662597656,-0.003358540867870241
2011-09-16,318.2292785644531,0.0027218753215583202
2011-09-19,319.095458984375,0.011761628596458351
2011-09-20,322.8485412597656,0.0047266776260099785
2011-09-21,324.3745422363281,-0.052002590998959985
2011-09-22,307.5062255859375,0.005901136560767295
2011-09-23,309.32086181640625,0.015733300867635247
2011-09-26,314.1875,0.017590072203849116
2011-09-27,319.7140808105469,-0.02154262856359601
2011-09-28,312.82659912109375,-0.010151792530892045
2011-09-29,309.6508483886719,0.0069258401722973595
2011-09-30,311.7954406738281,0.007804510031552692
2011-10-03,314.2288513183594,-0.02900661584043196
2011-10-04,305.1141357421875,-0.010272975140978469
2011-10-05,301.9797058105469,-0.030865855012965238
2011-10-07,292.6588439941406,0.024661816744691922
2011-10-10,299.8763427734375,0.031494711972342104
2011-10-11,309.32086181640625,-0.0047999048128885
2011-10-12,307.8361511230469,-0.00884241623645865
2011-10-13,305.1141357421875,0.037172208786174776
2011-10-14,316.4559020996094,-0.00938336547688745
2011-10-17,313.4864807128906,-0.015656046708023785
2011-10-18,308.5785217285156,0.02846827587714218
2011-10-19,317.36322021484375,0.013775273435148616
2011-10-20,321.7349853515625,-0.03089357741705756
2011-10-21,311.7954406738281,0.013227478789336944
2011-10-24,315.9197082519531,0.014229828912263542
2011-10-25,320.4151916503906,0.009010354435720735
2011-10-28,323.30224609375,-0.0003827649847535364
2011-10-31,323.1784973144531,0.007018943403973132
2011-11-01,325.4468688964844,-0.025598816531093638
2011-11-02,317.1158142089844,0.023279968889212688
2011-11-03,324.4982604980469,0.009913422718497822
2011-11-04,327.71514892578125,-0.00037733143239737643
2011-11-08,327.59149169921875,-0.004784099295375932
2011-11-09,326.0242614746094,0.0008852247223036791
2011-11-11,326.3128662109375,0.024267111334733693
2011-11-14,334.2315368652344,-0.008884598285680223
2011-11-15,331.26202392578125,0.0
2011-11-16,331.26202392578125,-0.014815389403060042
2011-11-17,326.354248046875,0.004675622986249461
2011-11-18,327.8801574707031,-0.022767360726851926
2011-11-21,320.4151916503906,-0.025099803654792474
2011-11-22,312.3728332519531,-0.03670448707008023
2011-11-23,300.9073486328125,0.03810303959419614
2011-11-24,312.3728332519531,-0.009374127147248279
2011-11-25,309.4446105957031,0.03292020882690827
2011-11-28,319.631591796875,-0.035612670532099155
2011-11-29,308.2486572265625,0.033181389948332196
2011-11-30,318.4767761230469,-0.01812981734975605
2011-12-01,312.7028503417969,0.030335094006849195
2011-12-02,322.188720703125,-0.00025621644559115087
2011-12-05,322.1061706542969,-0.03367471120890786
2011-12-07,311.25933837890625,-0.026765735763842113
2011-12-08,302.9282531738281,-0.02328075578210853
2011-12-09,295.8758544921875,-0.04572100180913152
2011-12-12,282.3481140136719,0.010371182048215966
2011-12-13,285.2763977050781,0.008529689491916681
2011-12-14,287.709716796875,-0.034833944159279207
2011-12-15,277.6876525878906,-0.00029672713269601747
2011-12-16,277.6052551269531,-0.000445882398077746
2011-12-19,277.4814758300781,-0.03909051326074542
2011-12-20,266.63458251953125,0.05645786545210396
2011-12-21,281.6882019042969,-0.018447603175564486
2011-12-22,276.4917297363281,-0.013574381950889891
2011-12-23,272.738525390625,0.04264327025243997
2011-12-26,284.3689880371094,-0.0047857939991219345
2011-12-27,283.008056640625,0.0017486182292802965
2011-12-28,283.5029296875,-0.008001228010347639
2011-12-29,281.23455810546875,0.0074790347647124555
2011-12-30,283.3379211425781,0.0037846210483651888
2012-01-02,284.4102478027344,0.04016822691641386
2012-01-03,295.8345031738281,-0.03429515762739577
2012-01-04,285.6888122558594,-0.005630216939660371
2012-01-05,284.080322265625,-0.04021477011291752
2012-01-06,272.6560974121094,-0.03055528661985507
2012-01-09,264.32501220703125,0.030893959199676857
2012-01-10,272.4910583496094,-0.01422714581172535
2012-01-11,268.6142883300781,0.0024565002789722623
2012-01-12,269.2741394042969,0.02496561767764205
2012-01-13,275.9967346191406,0.016138682361438228
2012-01-16,280.4509582519531,0.01485285289141225
2012-01-17,284.616455078125,0.0011593006967813846
2012-01-18,284.9464111328125,-0.013605474233821857
2012-01-19,281.069580078125,0.004695612028897012
2012-01-20,282.3893737792969,0.028625355074683778
2012-01-23,290.4728698730469,0.012779076749159346
2012-01-24,294.1848449707031,0.007429991901325428
2012-01-25,296.3706359863281,0.04258282960782567
2012-01-27,308.9909362792969,-0.04658294333391111
2012-01-30,294.59722900390625,0.023939535262429867
2012-01-31,301.6497497558594,-0.012031715645742458
2012-02-01,298.0203857421875,0.06794919109373665
2012-02-02,318.2706298828125,0.0045352941560012905
2012-02-03,319.7140808105469,0.0037408874869218067
2012-02-06,320.91009521484375,-0.026474616431120923
2012-02-07,312.41412353515625,-0.06534657082522477
2012-02-08,291.9989318847656,-0.011016990514746694
2012-02-09,288.781982421875,-0.0004285197374817029
2012-02-10,288.6582336425781,-0.006429283014367737
2012-02-13,286.8023681640625,-0.015386882657263179
2012-02-14,282.3893737792969,0.021177121545907562
2012-02-15,288.36956787109375,0.002145239633775775
2012-02-16,288.9881896972656,-0.002140647432062659
2012-02-17,288.36956787109375,0.026601775751712298
2012-02-21,296.04071044921875,-0.03190287425744753
2012-02-22,286.5961608886719,-0.025183621701334147
2012-02-23,279.3786315917969,0.011514876709494581
2012-02-24,282.59564208984375,-0.0048163657949908956
2012-02-27,281.23455810546875,0.0067460301097261866
2012-02-28,283.13177490234375,0.020247342487794917
2012-02-29,288.86444091796875,-0.011136431106195
2012-03-01,285.64752197265625,0.011839619627914244
2012-03-02,289.02947998046875,-0.0038527416244127366
2012-03-05,287.9159240722656,-0.038676532517230244
2012-03-06,276.78033447265625,-0.017583144808478668
2012-03-07,271.9136657714844,0.0279085443465239
2012-03-09,279.50238037109375,0.0007377657217688682
2012-03-12,279.7085876464844,-0.00014718251319001396
2012-03-13,279.66741943359375,-0.002507163245615396
2012-03-14,278.96624755859375,-0.019367222956021113
2012-03-15,273.5634460449219,-0.012362497764701441
2012-03-16,270.1815185546875,-0.007174606373120618
2012-03-19,268.2430725097656,-0.007533855477076856
2012-03-20,266.22216796875,0.03129384673794022
2012-03-21,274.55328369140625,-0.026889049394646536
2012-03-22,267.1708068847656,0.03735693464949441
2012-03-23,277.1514892578125,-0.02127960624112224
2012-03-26,271.2538146972656,0.0299528207689872
2012-03-27,279.3786315917969,-0.0028051229322185733
2012-03-28,278.5949401855469,-0.016579911992541607
2012-03-29,273.9758605957031,0.017311451861351967
2012-03-30,278.7187805175781,0.007102550657463347
2012-04-02,280.6983947753906,-0.01028492839417583
2012-04-03,277.8114318847656,-0.01989317090184084
2012-04-04,272.2848815917969,-0.0010603850090857847
2012-04-09,271.99615478515625,0.00030349711705790483
2012-04-10,272.0787048339844,-0.02379873198006832
2012-04-11,265.60357666015625,0.006211093771579357
2012-04-12,267.2532653808594,-0.0015432741963754548
2012-04-13,266.8408203125,-0.019938379476294177
2012-04-16,261.52044677734375,0.016559538698981635
2012-04-17,265.8511047363281,-0.00263780520464596
2012-04-18,265.14984130859375,0.006844159416603546
2012-04-19,266.9645690917969,0.0021626917104058396
2012-04-20,267.54193115234375,-0.03653448105548951
2012-04-23,257.7674255371094,-0.016480094827185154
2012-04-24,253.51939392089844,0.01838323739288583
2012-04-25,258.1799011230469,-0.01501636103568793
2012-04-26,254.302978515625,-0.002918996759870396
2012-04-27,253.5606689453125,0.01008487994958518
2012-04-30,256.1177978515625,0.02399318055189492
2012-05-02,262.26287841796875,-0.009278168174143508
2012-05-03,259.8295593261719,-0.010317596879057644
2012-05-04,257.14874267578125,0.013793205755822546
2012-05-07,260.6956481933594,-0.0020565468438596968
2012-05-08,260.1595153808594,-0.01902372659314644
2012-05-09,255.21031188964844,0.0022628372081539005
2012-05-10,255.78781127929688,-0.009352031311238629
2012-05-11,253.3956756591797,0.0017904392962313498
2012-05-14,253.849365234375,-0.011697873177356044
2012-05-15,250.87986755371094,-0.021699751418089552
2012-05-16,245.4358367919922,0.0038648711339710484
2012-05-17,246.38441467285156,-0.007197661938104005
2012-05-18,244.61102294921875,-0.006069992142639147
2012-05-21,243.12623596191406,0.001357327109306139
2012-05-22,243.45623779296875,-0.04421513357318907
2012-05-23,232.69178771972656,0.05565392186030804
2012-05-24,245.64199829101562,0.004197561570427499
2012-05-25,246.673095703125,0.011035033596503485
2012-05-28,249.3951416015625,-0.007772528260513112
2012-05-29,247.4567108154297,0.007499943116382468
2012-05-30,249.3126220703125,0.0009927809323388992
2012-05-31,249.5601348876953,-0.005619017298074458
2012-06-01,248.15785217285156,-0.02094086473245571
2012-06-04,242.96121215820312,-0.024953045041464672
2012-06-05,236.89859008789062,0.035167048342630514
2012-06-06,245.2296142578125,0.014127111021289496
2012-06-07,248.69400024414062,0.009121012417775631
2012-06-08,250.96234130859375,-0.0006571992041377595
2012-06-11,250.7974090576172,0.015457897079864669
2012-06-12,254.67420959472656,-0.004696312457351803
2012-06-13,253.47817993164062,-0.004393103613507976
2012-06-14,252.3646240234375,0.018793796565783394
2012-06-15,257.1075134277344,-0.00802057092909958
2012-06-18,255.0453643798828,0.018596317853562416
2012-06-19,259.78826904296875,-0.014605341028777752
2012-06-20,255.9939727783203,0.004188815032359239
2012-06-21,257.0662841796875,-0.002406586868146321
2012-06-22,256.4476318359375,-0.006593678465398489
2012-06-25,254.75669860839844,-0.009227506306251243
2012-06-26,252.4059295654297,-0.003758386015926485
2012-06-27,251.45729064941406,-0.004100305197273779
2012-06-28,250.42623901367188,0.0047757930296332685
2012-06-29,251.62222290039062,0.016882577251106312
2012-07-02,255.87025451660156,0.027401685508005258
2012-07-03,262.88153076171875,0.02588638955053013
2012-07-04,269.68658447265625,-0.008716783466050426
2012-07-05,267.3357849121094,-0.008639439528889015
2012-07-06,265.0261535644531,-0.014161177019376248
2012-07-09,261.2730712890625,0.014680432957428824
2012-07-10,265.1086730957031,-0.01757932267467055
2012-07-11,260.4482421875,-0.029928929711022567
2012-07-12,252.65330505371094,0.0053869796309153894
2012-07-13,254.01434326171875,0.037668338791346345
2012-07-16,263.5826416015625,0.014395149469565771
2012-07-17,267.376953125,0.0013883613227463343
2012-07-18,267.7481689453125,-0.024799933254095352
2012-07-19,261.1080322265625,-0.006001995327716725
2012-07-20,259.5408630371094,-0.033052682449041026
2012-07-23,250.96234130859375,0.014133157350598946
2012-07-24,254.5092315673828,-0.025441564045289855
2012-07-25,248.03411865234375,-0.0006650809551967951
2012-07-26,247.86915588378906,0.023127975610970797
2012-07-27,253.60186767578125,0.005529344914203538
2012-07-30,255.00411987304688,-0.029435463844733833
2012-07-31,247.49795532226562,-0.008498630026856913
2012-08-01,245.39456176757812,0.0025213002865656087
2012-08-02,246.01327514648438,-0.005867680192543134
2012-08-03,244.5697479248047,-0.0010118464900724655
2012-08-06,244.32228088378906,-0.00810272106910448
2012-08-07,242.3426055908203,-0.06620136486429906
2012-08-08,226.2991943359375,-0.06415180519601715
2012-08-09,211.7816925048828,-0.0044790362643716275
2012-08-10,210.83311462402344,0.017410091321957033
2012-08-13,214.5037384033203,0.002883896439229705
2012-08-14,215.12234497070312,0.0007700242115018519
2012-08-16,215.28799438476562,0.008846196862538624
2012-08-17,217.19247436523438,-0.014296688067649055
2012-08-21,214.08734130859375,-0.03829056390867047
2012-08-22,205.8898162841797,0.0014075984227606142
2012-08-23,206.17962646484375,-0.004216785616067531
2012-08-24,205.31021118164062,0.00483961231374308
2012-08-27,206.3038330078125,-0.0014046256865957174
2012-08-28,206.01405334472656,-0.026125338549804367
2012-08-29,200.63186645507812,0.0022696695696351465
2012-08-30,201.0872344970703,0.020383044959829455
2012-08-31,205.18600463867188,-0.0038335488697537334
2012-09-03,204.3994140625,0.011747808222450473
2012-09-04,206.8006591796875,0.03243257082918416
2012-09-05,213.5077362060547,-0.022299894307234225
2012-09-06,208.7465362548828,0.015470000796028671
2012-09-07,211.97584533691406,0.019726607644415806
2012-09-10,216.15740966796875,0.0021070031170205006
2012-09-11,216.61285400390625,-0.003249309309563131
2012-09-12,215.9090118408203,-0.027612661736236332
2012-09-13,209.9471893310547,0.0061131183081102325
2012-09-14,211.23062133789062,0.0378283649529263
2012-09-17,219.22113037109375,0.01303129504284728
2012-09-18,222.07786560058594,0.0001863393086276588
2012-09-20,222.11924743652344,0.04100652017987194
2012-09-21,231.2275848388672,-0.0008952910672626047
2012-09-24,231.02056884765625,-0.012186393753726876
2012-09-25,228.20526123046875,-0.03773581373205859
2012-09-26,219.59375,-0.014328730365910092
2012-09-27,216.44725036621094,0.015493524995652042
2012-09-28,219.80078125,-0.0015069215509427858
2012-10-01,219.4695587158203,0.0009431170083173956
2012-10-03,219.67654418945312,0.016773679452864343
2012-10-04,223.361328125,-0.014828795983770737
2012-10-05,220.0491485595703,0.017685909873566885
2012-10-08,223.94091796875,-0.019042405550431574
2012-10-09,219.67654418945312,-0.012250288642095097
2012-10-10,216.98544311523438,0.020034165103297585
2012-10-11,221.3325653076172,-0.026000446321128856
2012-10-12,215.57781982421875,0.014211527828071446
2012-10-15,218.64151000976562,0.013633854401841283
2012-10-16,221.6224365234375,0.010834846664694808
2012-10-17,224.023681640625,-0.0171870725947334
2012-10-18,220.17337036132812,0.004512975766916227
2012-10-19,221.16700744628906,0.017970732284831925
2012-10-22,225.14154052734375,-0.0025744032006774775
2012-10-23,224.5619354248047,-0.0057154734651496675
2012-10-25,223.27845764160156,0.000556422065340012
2012-10-29,223.40269470214844,0.00148255720832835
2012-10-30,223.73390197753906,-0.0020356518699755632
2012-10-31,223.27845764160156,0.04264788563373867
2012-11-01,232.80081176757812,-0.02205221607575991
2012-11-02,227.6670379638672,-0.005273522731012226
2012-11-05,226.4664306640625,0.0009139112328342414
2012-11-06,226.67340087890625,-0.009680202336302512
2012-11-07,224.47915649414062,0.021947370846657988
2012-11-08,229.4058837890625,-0.004511803108935064
2012-11-09,228.370849609375,0.015228464721773527
2012-11-12,231.8485870361328,0.03678565347865326
2012-11-15,240.37728881835938,0.038236272806713156
2012-11-16,249.56842041015625,0.026874763538325075
2012-11-19,256.2755126953125,-0.0016154546350901633
2012-11-20,255.86151123046875,-0.005178034057444658
2012-11-21,254.53665161132812,0.0013010965443129852
2012-11-22,254.86782836914062,-0.007634608308510482
2012-11-23,252.92201232910156,0.015714340269857408
2012-11-26,256.8965148925781,0.0530217148165506
2012-11-27,270.5176086425781,0.011172429337791279
2012-11-29,273.5399475097656,0.020130181136375658
2012-11-30,279.0463562011719,-0.017358992566649856
2012-12-03,274.202392578125,0.003925625905391472
2012-12-04,275.27880859375,-0.006166289149317716
2012-12-05,273.58135986328125,-0.017251861018656056
2012-12-06,268.861572265625,-0.0069295813783704086
2012-12-07,266.99847412109375,-0.01411063153917147
2012-12-10,263.23095703125,-0.011638675414628485
2012-12-11,260.16729736328125,-0.007320212800648207
2012-12-12,258.2628173828125,0.018916414463562514
2012-12-13,263.1482238769531,-0.016834706797910326
2012-12-14,258.71820068359375,-0.03808613632176172
2012-12-17,248.8646240234375,0.04275520810085265
2012-12-18,259.5048828125,0.00845538566907389
2012-12-19,261.6990966796875,0.002689451026872902
2012-12-20,262.4029235839844,-0.030135598183805623
2012-12-21,254.49525451660156,0.00406718764961167
2012-12-24,255.53033447265625,0.028515798824299
2012-12-26,262.8169860839844,0.003938231676383186
2012-12-27,263.8520202636719,0.001255160970461855
2012-12-28,264.1831970214844,-0.00611187448414563
2012-12-31,262.56854248046875,0.01576771597260107
2013-01-01,266.7086486816406,-0.00325967969138774
2013-01-02,265.8392639160156,0.02164763464581254
2013-01-03,271.59405517578125,-0.003048790765061815
2013-01-04,270.7660217285156,-0.0006115552381690259
2013-01-07,270.6004333496094,0.010710118996936302
2013-01-08,273.49859619140625,0.01044465288001506
2013-01-09,276.3551940917969,-0.011085949290864816
2013-01-10,273.2915344238281,-0.014694674623741633
2013-01-11,269.2756042480469,0.010762472512708232
2013-01-14,272.1736755371094,0.050197862060436194
2013-01-15,285.8362121582031,-0.006662836615728307
2013-01-16,283.9317321777344,0.030913033547849578
2013-01-17,292.70892333984375,-0.013154374619323894
2013-01-18,288.8585205078125,0.019205909237473007
2013-01-21,294.40631103515625,-0.010968885383865423
2013-01-22,291.177001953125,0.044646697594706186
2013-01-23,304.1770935058594,-0.014836050976821613
2013-01-24,299.664306640625,-0.0038686681467299255
2013-01-25,298.5050048828125,-0.00873769553925341
2013-01-28,295.8967590332031,-0.02196722444279542
2013-01-29,289.396728515625,-0.014020106819058076
2013-01-30,285.33935546875,-0.014509518716577574
2013-01-31,281.19921875,-0.030035153916679436
2013-02-01,272.75335693359375,0.0050087372624945115
2013-02-04,274.1195068359375,-0.019030102151464168
2013-02-05,268.9029846191406,0.005696929652486027
2013-02-06,270.4349060058594,-0.01990213743302427
2013-02-07,265.05267333984375,0.005310730404181951
2013-02-08,266.4602966308594,-0.017401963563339562
2013-02-11,261.8233642578125,0.019291495889935728
2013-02-12,266.87432861328125,0.011324494238838412
2013-02-13,269.89654541015625,-0.04371814920222483
2013-02-14,258.09716796875,0.01588078409634819
2013-02-15,262.1959533691406,-0.009316618008884725
2013-02-18,259.753173828125,-0.0196046756000523
2013-02-19,254.66079711914062,-0.011542501400585436
2013-02-20,251.72137451171875,-0.02565798773726702
2013-02-21,245.26271057128906,0.045408487254547714
2013-02-22,256.39971923828125,-0.008557964299155452
2013-02-25,254.20545959472656,0.01563524089911117
2013-02-26,258.1800231933594,0.03191142172681638
2013-02-27,266.4189147949219,0.003574106115510789
2013-02-28,267.3711242675781,-0.036543895671115045
2013-03-01,257.600341796875,0.01591129442694794
2013-03-04,261.6990966796875,0.019142412280026555
2013-03-05,266.7086486816406,-0.005122484569785368
2013-03-06,265.3424377441406,-0.0006241704036957785
2013-03-07,265.17681884765625,0.008274876474713588
2013-03-08,267.3711242675781,-0.00480013221907416
2013-03-11,266.08770751953125,-0.021160749163738446
2013-03-12,260.45709228515625,0.00874235382366817
2013-03-13,262.7341003417969,-0.008509315132489204
2013-03-14,260.4984130859375,-0.01366809231289745
2013-03-15,256.9378967285156,-0.009023449697547536
2013-03-18,254.6194305419922,-0.04585365660720164
2013-03-19,242.94419860839844,-0.04550110601383994
2013-03-20,231.8899688720703,0.06373883087614973
2013-03-21,246.6703643798828,-0.012923835638334769
2013-03-22,243.48243713378906,-0.01853427975984001
2013-03-25,238.96966552734375,0.028759572434046143
2013-03-26,245.8423309326172,-0.017345722064884828
2013-03-28,241.57801818847656,0.006512103891490595
2013-04-01,243.1511993408203,-0.006299906552536649
2013-04-02,241.61936950683594,-0.037697049789239045
2013-04-03,232.5110321044922,-0.025640965063099763
2013-04-04,226.54922485351562,-0.012244251919394489
2013-04-05,223.77529907226562,0.03829792398920495
2013-04-08,232.34542846679688,-0.01282978448137162
2013-04-09,229.36448669433594,0.01678720027121483
2013-04-10,233.21487426757812,-0.022900725400534006
2013-04-11,227.87408447265625,-0.006177331713043799
2013-04-12,226.4664306640625,0.022486164661416286
2013-04-15,231.5587921142578,0.019130981203374864
2013-04-16,235.98873901367188,0.0036842681748932016
2013-04-17,236.85818481445312,0.047544125269652904
2013-04-18,248.11940002441406,0.0036711092038603788
2013-04-22,249.0302734375,-0.004322614183140061
2013-04-23,247.9538116455078,0.01469344336313183
2013-04-25,251.59710693359375,0.04805021242467866
2013-04-26,263.6864013671875,-0.0007851419296807105
2013-04-29,263.4793701171875,0.0017283451853506993
2013-04-30,263.93475341796875,-0.006274300136414945
2013-05-02,262.27874755859375,0.0029990633381233867
2013-05-03,263.0653381347656,0.008813561288264271
2013-05-06,265.3838806152344,0.03338531449561466
2013-05-07,274.2438049316406,-0.02113577808117384
2013-05-08,268.44744873046875,0.0024680309841906833
2013-05-09,269.1099853515625,-0.0023075014436059194
2013-05-10,268.489013671875,-0.0385510183854052
2013-05-13,258.13848876953125,0.017642701309731335
2013-05-14,262.6927490234375,0.017021076878538377
2013-05-15,267.1640625,-0.003564137570547077
2013-05-16,266.21185302734375,-0.018506906272103385
2013-05-17,261.28509521484375,-0.024560401504825524
2013-05-20,254.86782836914062,-0.010883542123944268
2013-05-21,252.09396362304688,0.024963032413446218
2013-05-22,258.3869934082031,-0.03472110265654482
2013-05-23,249.41551208496094,-0.00582850713903571
2013-05-24,247.9617919921875,0.03567833060848136
2013-05-27,256.80865478515625,0.018276062119716663
2013-05-28,261.5021057128906,0.000635087276653179
2013-05-29,261.6681823730469,0.0012698349016362354
2013-05-30,262.0004577636719,-0.0426440476674419
2013-05-31,250.82769775390625,0.004802033599209166
2013-06-03,252.0321807861328,0.0026368906413267723
2013-06-04,252.69676208496094,-0.005752824376454302
2013-06-05,251.2430419921875,-0.024301592715516573
2013-06-06,245.13743591308594,-0.02304310394677933
2013-06-07,239.48870849609375,-0.015782154619661704
2013-06-10,235.7090606689453,-0.017797330546073353
2013-06-11,231.51406860351562,-0.0034087315569359955
2013-06-12,230.7248992919922,0.03582373060344013
2013-06-13,238.99032592773438,0.006082629368164838
2013-06-14,240.4440155029297,0.02262907134075509
2013-06-17,245.88504028320312,-0.013682362807445503
2013-06-18,242.520751953125,0.026032035052573788
2013-06-19,248.8340606689453,-0.03588746319275027
2013-06-20,239.90403747558594,0.010907338221872731
2013-06-21,242.520751953125,-0.02911448712205489
2013-06-24,235.4598846435547,0.04180603079534384
2013-06-25,245.30352783203125,-0.059600296388228724
2013-06-26,230.68336486816406,0.010983151613648934
2013-06-27,233.2169952392578,0.03918095585421444
2013-06-28,242.3546600341797,0.01508132460238043
2013-07-01,246.0096893310547,0.022623427111852612
2013-07-02,251.5752716064453,-0.027406290089722174
2013-07-03,244.68052673339844,0.022407010796062776
2013-07-04,250.1630859375,-0.01759923702116195
2013-07-05,245.76040649414062,-0.007604919212867323
2013-07-08,243.89141845703125,-0.006641779596523123
2013-07-09,242.27154541015625,-0.005314435993356126
2013-07-10,240.9840087890625,0.03429833532660531
2013-07-11,249.24935913085938,0.018163484769883498
2013-07-12,253.77659606933594,0.029296269856067703
2013-07-15,261.2113037109375,0.021147930011687688
2013-07-16,266.7353820800781,-0.015727110419049062
2013-07-17,262.5404052734375,0.024046824079812845
2013-07-18,268.8536682128906,0.019156741069062067
2013-07-19,274.0040283203125,0.01894779610637065
2013-07-22,279.19580078125,-0.01785174005278134
2013-07-23,274.211669921875,0.022114508832582036
2013-07-24,280.2757263183594,-0.0008892566752776165
2013-07-25,280.0264892578125,0.0002968643539145166
2013-07-26,280.109619140625,-0.00948975838665278
2013-07-29,277.4514465332031,-0.03862320628356353
2013-07-30,266.7353820800781,0.07287447864138707
2013-07-31,286.173583984375,-0.0036281093052440427
2013-08-01,285.13531494140625,0.0058263053130827025
2013-08-02,286.7966003417969,-0.02577808243695756
2013-08-05,279.4035339355469,-0.03998822565027893
2013-08-06,268.2306823730469,0.01037456212796739
2013-08-07,271.0134582519531,0.033870127015509954
2013-08-08,280.1927185058594,0.013341059135606903
2013-08-12,283.9307861328125,0.013458200717896718
2013-08-13,287.7519836425781,-0.008949357289917748
2013-08-14,285.1767883300781,-0.02228349777461447
2013-08-16,278.8220520019531,-0.05377619140757328
2013-08-19,263.82806396484375,0.0026760768331905993
2013-08-20,264.5340881347656,-0.06186223452407302
2013-08-21,248.16941833496094,0.04769893761269883
2013-08-22,260.0068359375,-0.012939347673400992
2013-08-23,256.64251708984375,-0.006149890447440076
2013-08-26,255.06419372558594,-0.04282698249874506
2013-08-27,244.14056396484375,-0.020755317688829433
2013-08-28,239.07334899902344,0.04013221673265832
2013-08-29,248.6678924560547,-0.0008351384534990292
2013-08-30,248.46022033691406,0.004012137991753262
2013-09-02,249.4570770263672,-0.05094933032974014
2013-09-03,236.74740600585938,0.04280725350517711
2013-09-04,246.8819122314453,-0.0033647198737821737
2013-09-05,246.0512237548828,0.05925062819325233
2013-09-06,260.6299133300781,0.07840630346330069
2013-09-10,281.06494140625,-0.00960560420832457
2013-09-11,278.3651428222656,-0.019397423814080827
2013-09-12,272.965576171875,-0.008672892590515624
2013-09-13,270.5981750488281,0.03069845463400589
2013-09-16,278.9051208496094,0.00461661532899682
2013-09-17,280.1927185058594,0.0008891933706953736
2013-09-18,280.4418640136719,0.04946722456311359
2013-09-19,294.3145446777344,-0.028507276833222073
2013-09-20,285.9244384765625,-0.026292931755335425
2013-09-23,278.4066467285156,-0.014470949745961526
2013-09-24,274.3778381347656,0.01725683761857799
2013-09-25,279.11273193359375,-0.0037202193841525677
2013-09-26,278.0743713378906,-0.02822987989057435
2013-09-27,270.224365234375,-0.02044267504126618
2013-09-30,264.70025634765625,0.012395981506388543
2013-10-01,267.9814758300781,0.005269542934652538
2013-10-03,269.39361572265625,0.012488600949986939
2013-10-04,272.7579650878906,-0.01553235031746869
2013-10-07,268.5213928222656,0.02737839429865674
2013-10-08,275.8730773925781,0.006172807412192061
2013-10-09,277.57598876953125,-0.0037408156242406676
2013-10-10,276.5376281738281,0.004956528024622653
2013-10-11,277.9082946777344,-0.004334267208506826
2013-10-14,276.7037658691406,0.018012515455724243
2013-10-15,281.6878967285156,0.028162857114070183
2013-10-17,289.62103271484375,0.02323234813813091
2013-10-18,296.349609375,-0.010651457184095547
2013-10-21,293.19305419921875,-0.0022668061432132847
2013-10-22,292.5284423828125,-0.012210538922455494
2013-10-23,288.9565124511719,0.00517440569161387
2013-10-24,290.4516906738281,-0.017588928881795973
2013-10-25,285.34295654296875,-0.01193599909648202
2013-10-28,281.9371032714844,0.005303449742734667
2013-10-29,283.4323425292969,0.05509969247950286
2013-10-30,299.04937744140625,0.019722325688190434
2013-10-31,304.94732666015625,0.0002724039215757923
2013-11-01,305.0303955078125,-0.020697260174747267
2013-11-05,298.71710205078125,-0.011123515865065103
2013-11-06,295.3943176269531,-0.020669290016685826
2013-11-07,289.2887268066406,-0.012203814729878304
2013-11-08,285.75830078125,-0.008720885527644495
2013-11-11,283.2662353515625,-0.00953117344109089
2013-11-12,280.5663757324219,-0.015543749515287808
2013-11-13,276.205322265625,0.022255636472598317
2013-11-14,282.3524475097656,0.015739735466176796
2013-11-18,286.7966003417969,0.018392698423271625
2013-11-19,292.0715637207031,-0.02047771085640282
2013-11-20,286.0906066894531,-0.01669582874692377
2013-11-21,281.3140869140625,-0.00812054544862828
2013-11-22,279.0296630859375,0.000744593494387713
2013-11-25,279.2374267578125,-0.027071430850884814
2013-11-26,271.6780700683594,-0.015746858665473318
2013-11-27,267.3999938964844,0.005281230216785504
2013-11-28,268.81219482421875,0.010506630119891947
2013-11-29,271.6365051269531,0.017125520377800907
2013-12-02,276.2884216308594,-0.004810558309518154
2013-12-03,274.9593200683594,0.0037763043561021004
2013-12-04,275.9976501464844,0.009330497238412061
2013-12-05,278.5728454589844,-0.008797061876422485
2013-12-06,276.1222229003906,0.011883545629501668
2013-12-09,279.4035339355469,-0.0032706041563017596
2013-12-10,278.4897155761719,-0.02132726012927877
2013-12-11,272.55029296875,-0.013715260049123712
2013-12-12,268.81219482421875,-0.008498215007019416
2013-12-13,266.52777099609375,-0.023375288627278
2013-12-16,260.297607421875,0.04467835607341741
2013-12-17,271.9272766113281,0.0012219274019351634
2013-12-18,272.2595520019531,-0.012814803414844866
2013-12-19,268.7705993652344,0.01344464535614831
2013-12-20,272.3841247558594,0.0010673932155829124
2013-12-23,272.67486572265625,-0.007920640267889967
2013-12-24,270.5151062011719,0.011975647317271187
2013-12-26,273.75469970703125,-0.0010616033141911396
2013-12-27,273.4640808105469,0.0013668314162764705
2013-12-30,273.8378601074219,0.0018201029095903376
2013-12-31,274.3362731933594,0.022709729437314863
2014-01-01,280.5663757324219,-0.026794729680944318
2014-01-02,273.0486755371094,0.0019775888906312655
2014-01-03,273.5886535644531,0.0
2014-01-06,273.5886535644531,0.007135229822175404
2014-01-07,275.540771484375,0.002110219162424709
2014-01-08,276.1222229003906,-0.008423433624304533
2014-01-09,273.79632568359375,0.002882378236238603
2014-01-10,274.58551025390625,0.0013613603066944258
2014-01-13,274.9593200683594,-0.009214564432527106
2014-01-14,272.4256896972656,0.010824877098235763
2014-01-15,275.3746643066406,-0.048114712322090525
2014-01-16,262.1250915527344,-0.014736099444484174
2014-01-17,258.26239013671875,-0.007558779412157435
2014-01-20,256.31024169921875,-0.011829405101268398
2014-01-21,253.2782440185547,0.01590683157856243
2014-01-22,257.3070983886719,0.015819007882284408
2014-01-23,261.37744140625,-0.004767294475444661
2014-01-24,260.1313781738281,-0.019958329349476833
2014-01-27,254.93959045410156,-0.002932296990116101
2014-01-28,254.19203186035156,-0.013399041427470282
2014-01-29,250.78610229492188,0.022358528645096465
2014-01-30,256.393310546875,0.020573359792113166
2014-01-31,261.6681823730469,-0.02904753168843377
2014-02-03,254.06736755371094,0.03400384335444828
2014-02-04,262.7066345214844,-0.006166207288231473
2014-02-05,261.08673095703125,0.002545325757513872
2014-02-06,261.75128173828125,0.0014281107315718966
2014-02-07,262.1250915527344,-0.02709540865598714
2014-02-10,255.022705078125,-0.00781778774676356
2014-02-11,253.02899169921875,0.0109980347966665
2014-02-12,255.8118133544922,-0.016398742538197286
2014-02-13,251.6168212890625,0.008253628268352298
2014-02-14,253.69357299804688,-0.002455903268013815
2014-02-17,253.07052612304688,-0.007877852764176296
2014-02-18,251.07687377929688,0.000992793857805152
2014-02-19,251.32614135742188,-0.018674742318426807
2014-02-20,246.6326904296875,-0.029471234870063867
2014-02-21,239.36412048339844,-0.01856675034759747
2014-02-24,234.91990661621094,0.015204948962733944
2014-02-25,238.49185180664062,0.0038315264646346936
2014-02-26,239.4056396484375,-0.002081876962754081
2014-02-28,238.9072265625,-0.0033032458786548258
2014-03-03,238.11805725097656,0.002442246402745818
2014-03-04,238.69960021972656,-0.01600845902145287
2014-03-05,234.87838745117188,0.01096375687894291
2014-03-06,237.4535369873047,0.05614810154767258
2014-03-07,250.78610229492188,0.01076540453425312
2014-03-10,253.4859161376953,-0.006881885534905652
2014-03-11,251.741455078125,-0.009569509946825483
2014-03-12,249.33241271972656,0.0024988603294846534
2014-03-13,249.95545959472656,-0.019607802439900013
2014-03-14,245.05438232421875,0.0003389190108720186
2014-03-18,245.13743591308594,0.015587793513322179
2014-03-19,248.95858764648438,-0.014013943582121602
2014-03-20,245.46969604492188,-0.010321374228869806
2014-03-21,242.9361114501953,0.0051288667256534914
2014-03-24,244.18209838867188,0.0030619798461737346
2014-03-25,244.92977905273438,0.012548501038954107
2014-03-26,248.00328063964844,0.04069668248165903
2014-03-27,258.09619140625,0.02156445748144553
2014-03-28,263.6618957519531,0.0011027037713116083
2014-03-31,263.95263671875,-0.00755329972714236
2014-04-01,261.95892333984375,0.03329640360350283
2014-04-02,270.68121337890625,-0.0158048507263282
2014-04-03,266.40313720703125,-0.014031505591730498
2014-04-04,262.66510009765625,0.003952824500029539
2014-04-07,263.703369140625,0.008348192669579202
2014-04-09,265.9048156738281,-0.001093976255940876
2014-04-10,265.6139221191406,0.007818915241984525
2014-04-11,267.69073486328125,0.009309494521580142
2014-04-15,270.18280029296875,-0.0047652018727374346
2014-04-16,268.89532470703125,0.005714910246798377
2014-04-17,270.4320373535156,0.02841364520318579
2014-04-21,278.1159973144531,0.0013437496056589726
2014-04-22,278.4897155761719,0.010589168807450644
2014-04-23,281.4386901855469,0.0
2014-04-24,281.4386901855469,0.008559795441057672
2014-04-25,283.8477478027344,-0.011852654781578487
2014-04-28,280.4833984375,-0.007848323555524561
2014-04-29,278.2820739746094,-0.020746271390137294
2014-04-30,272.5087585449219,-0.007468335250746194
2014-05-02,270.47357177734375,-0.01627789528412782
2014-05-05,266.0708312988281,-0.016858767264365193
2014-05-06,261.585205078125,-0.012385167618178317
2014-05-07,258.3454284667969,-0.009646194189260493
2014-05-08,255.85337829589844,0.004707708142253075
2014-05-09,257.057861328125,0.02617557642683277
2014-05-12,263.7864990234375,0.0051960050700181615
2014-05-13,265.1571350097656,0.012531378511484226
2014-05-14,268.47991943359375,-0.00556939147830926
2014-05-15,266.9846496582031,0.029091553768948897
2014-05-16,274.75164794921875,0.022524447793428548
2014-05-19,280.9402770996094,0.027646439204805695
2014-05-20,288.707275390625,-0.023737680172847497
2014-05-21,281.8540344238281,-0.019746436499821995
2014-05-22,276.2884216308594,0.03322291832511004
2014-05-23,285.467529296875,-0.012076179683992216
2014-05-26,282.0201721191406,-0.010603883441145379
2014-05-27,279.0296630859375,0.016969469479322763
2014-05-28,283.7646484375,-0.011856018239697175
2014-05-29,280.40032958984375,0.019404324566469233
2014-05-30,285.84130859375,0.05085759297441239
2014-06-02,300.3785095214844,-0.003871661355002276
2014-06-03,299.2155456542969,-0.017490192198737486
2014-06-04,293.9822082519531,0.003673230799829952
2014-06-05,295.06207275390625,0.0019707105293695903
2014-06-06,295.6435546875,0.0014047785386090972
2014-06-09,296.0588684082031,0.014450189289903381
2014-06-10,300.33697509765625,-0.017148503237635282
2014-06-11,295.1866455078125,-0.037568610796019586
2014-06-12,284.0968933105469,-0.025438575478444303
2014-06-13,276.869873046875,-0.0019501851314613905
2014-06-16,276.3299255371094,0.016834756541269424
2014-06-17,280.98187255859375,0.005912646322763893
2014-06-18,282.6432189941406,-0.006172224331876808
2014-06-19,280.898681640625,0.0017746777441614014
2014-06-20,281.3971862792969,0.008265748079103075
2014-06-23,283.72314453125,-0.0017567957113231447
2014-06-24,283.2247009277344,-0.011585216514215957
2014-06-25,279.9434814453125,0.004302539095459412
2014-06-26,281.14794921875,-0.019943868521737906
2014-06-27,275.540771484375,0.015676958041493272
2014-06-30,279.86041259765625,-0.0041557321078340426
2014-07-01,278.6973876953125,0.007898509431739198
2014-07-02,280.898681640625,-0.0035484863470950367
2014-07-03,279.90191650390625,0.006826012617334953
2014-07-04,281.8125305175781,0.015328282743510169
2014-07-07,286.1322326660156,-0.011322761852866403
2014-07-08,282.8924255371094,0.0027893748518714734
2014-07-09,283.6815185546875,-0.021815411810824692
2014-07-10,277.4928894042969,0.004340645605735549
2014-07-11,278.6973876953125,-0.010133967620184814
2014-07-14,275.8730773925781,0.007377368260767403
2014-07-15,277.9082946777344,0.00493164277512137
2014-07-16,279.2788391113281,0.0011900899631958062
2014-07-17,279.6112060546875,-0.0010399135588226027
2014-07-18,279.3204345703125,0.002825373558961175
2014-07-21,280.109619140625,0.05026685893932781
2014-07-22,294.1898498535156,0.0005647295288917498
2014-07-23,294.3559875488281,0.0007054098110643725
2014-07-24,294.5636291503906,0.0005641165318674979
2014-07-25,294.72979736328125,-0.0023958070374061613
2014-07-28,294.023681640625,0.05424508914151627
2014-07-30,309.9730224609375,-0.0006699683652851007
2014-07-31,309.7653503417969,0.019174039699554335
2014-08-01,315.7048034667969,-0.008288436507825292
2014-08-04,313.0881042480469,-0.00570440141409656
2014-08-05,311.3021240234375,-0.018946257666594635
2014-08-06,305.40411376953125,-0.00503173525568168
2014-08-07,303.8674011230469,0.02241650628740599
2014-08-08,310.6790466308594,0.006550769321744143
2014-08-11,312.7142333984375,-0.017266288150115883
2014-08-12,307.3148193359375,-0.003649122570081764
2014-08-13,306.1933898925781,-0.009224142098173682
2014-08-14,303.3690185546875,0.030394346690144403
2014-08-18,312.5897216796875,0.0022586288702266533
2014-08-19,313.2957458496094,-0.006893773910671808
2014-08-20,311.1359558105469,-5.3848326037941874e-05
2014-08-21,311.11920166015625,-0.016168119407295123
2014-08-22,306.0889892578125,0.010955915518402692
2014-08-25,309.4424743652344,0.0013543644945650524
2014-08-26,309.861572265625,-0.0016231770896939501
2014-08-27,309.3586120605469,0.002168083595810666
2014-08-28,310.0293273925781,0.016224956666677448
2014-09-01,315.0595397949219,0.042043628790015
2014-09-02,328.3057861328125,0.03294185755541679
2014-09-03,339.12078857421875,0.0
2014-09-04,339.12078857421875,-0.008405453051615774
2014-09-05,336.27032470703125,0.006606735732204161
2014-09-08,338.4919738769531,0.005820565909389064
2014-09-09,340.4621887207031,0.004063098178467506
2014-09-10,341.84552001953125,-0.004169228058078178
2014-09-11,340.4202880859375,0.01957876418704907
2014-09-12,347.0852966308594,-0.0059179001047278135
2014-09-15,345.0312805175781,0.001822309157494928
2014-09-16,345.6600341796875,0.00497210633952605
2014-09-17,347.3786926269531,0.0037406971243281184
2014-09-18,348.6781311035156,-0.0022840168272943995
2014-09-19,347.8817443847656,0.00048195565569342236
2014-09-22,348.0494079589844,-0.02083572448748483
2014-09-23,340.79754638671875,-0.008241327724792469
2014-09-24,337.9889221191406,0.007689507956545549
2014-09-25,340.587890625,-0.0029537514121378283
2014-09-26,339.5818786621094,-0.004443977529739795
2014-09-29,338.0727844238281,0.004835814218292267
2014-09-30,339.7076416015625,-0.004935705212396502
2014-10-01,338.03094482421875,0.0004958201064984014
2014-10-07,338.19854736328125,-0.009171825892047458
2014-10-08,335.0966491699219,0.013134711182522851
2014-10-09,339.498046875,-0.03123840415250001
2014-10-10,328.8926696777344,-0.0019118218119716923
2014-10-13,328.2638854980469,0.017494455239416506
2014-10-14,334.0066833496094,0.0
2014-10-15,334.0066833496094,-0.02572790505312561
2014-10-16,325.41339111328125,0.020095382732262967
2014-10-17,331.95269775390625,0.014522001804470941
2014-10-20,336.7733154296875,0.022280231560503294
2014-10-21,344.2767028808594,-0.0029221915745396565
2014-10-22,343.2706604003906,0.012455756620137759
2014-10-27,347.5463562011719,-0.016523744909183513
2014-10-28,341.8035888671875,-0.006377464014099776
2014-10-29,339.6237487792969,0.005924453069520386
2014-10-30,341.6358337402344,-0.021104050542385067
2014-10-31,334.4259338378906,-0.007896814783159956
2014-11-03,331.7850341796875,-0.028300673698106293
2014-11-05,322.3952941894531,0.016382802033537924
2014-11-07,327.6770324707031,0.0010233465125983887
2014-11-10,328.0123596191406,-0.015974512828017873
2014-11-11,322.77252197265625,0.0059740313767833175
2014-11-12,324.7007751464844,0.009295291873574696
2014-11-13,327.7189636230469,-0.006523604590688126
2014-11-14,325.5810546875,0.012488845813524607
2014-11-17,329.6471862792969,0.016022490161202496
2014-11-18,334.928955078125,0.005632006408775148
2014-11-19,336.8152770996094,-0.00995654251160416
2014-11-20,333.4617614746094,0.009553783675570582
2014-11-21,336.6475830078125,-0.0052297705032640085
2014-11-24,334.8869934082031,0.010389410854819703
2014-11-25,338.36627197265625,-0.025396420825957944
2014-11-26,329.7729797363281,-0.020211177104277556
2014-11-27,323.1078796386719,-0.008043561151116485
2014-11-28,320.5089416503906,-0.011770887080779446
2014-12-01,316.73626708984375,0.017337241037367113
2014-12-02,322.22760009765625,-0.015480898598452031
2014-12-03,317.2392272949219,-0.02246275839213796
2014-12-04,310.1131591796875,-0.005677150517212182
2014-12-05,308.35260009765625,0.005301512317081647
2014-12-08,309.9873352050781,-0.04219030653206224
2014-12-09,296.90887451171875,-0.002400322331641891
2014-12-10,296.1961975097656,-0.028304541315015364
2014-12-11,287.8125,0.01354505971769826
2014-12-12,291.7109375,0.0057479068467285455
2014-12-15,293.3876647949219,0.0002856332408855966
2014-12-16,293.4714660644531,-0.022853597155630734
2014-12-17,286.76458740234375,0.017979818876878273
2014-12-18,291.9205627441406,-0.014646882967634278
2014-12-19,287.64483642578125,0.016613148988928517
2014-12-22,292.42352294921875,0.01834883544730226
2014-12-23,297.7891540527344,-0.005912304371151533
2014-12-24,296.0285339355469,0.003398670737071674
2014-12-26,297.0346374511719,-0.008750023501959414
2014-12-29,294.4355773925781,-0.004128496232146062
2014-12-30,293.2200012207031,0.008434537338967596
2014-12-31,295.69317626953125,0.02891981380648323
2015-01-01,304.24456787109375,0.0059244779520228885
2015-01-02,306.04705810546875,-0.02218885083087785
2015-01-05,299.2562255859375,-0.00784395068013266
2015-01-06,296.90887451171875,0.0024000139786681807
2015-01-07,297.6214599609375,0.017323936729809697
2015-01-08,302.7774353027344,-0.014813820332611916
2015-01-09,298.2921447753906,-0.01925236205420322
2015-01-12,292.54931640625,-0.007594414336525079
2015-01-13,290.32757568359375,-0.0014438499413567119
2015-01-14,289.90838623046875,0.01026619948086882
2015-01-15,292.8846435546875,-0.018605966462872048
2015-01-16,287.43524169921875,0.02216701749438732
2015-01-19,293.80682373046875,0.012697946769356205
2015-01-20,297.5375671386719,0.039729587882143313
2015-01-21,309.3586120605469,0.002709956522910062
2015-01-22,310.19696044921875,0.03810809231392209
2015-01-23,322.0179748535156,0.026295301739926114
2015-01-27,330.48553466796875,-0.0522577994062432
2015-01-28,313.215087890625,0.0058887709296462365
2015-01-29,315.0595397949219,-0.005587923367116887
2015-01-30,313.29901123046875,-0.038533702207889986
2015-02-02,301.2264404296875,0.03409401749926144
2015-02-03,311.4964599609375,-0.006997765088591179
2015-02-04,309.3166809082031,-0.011518999843029953
2015-02-05,305.753662109375,0.009733967758652318
2015-02-06,308.7298583984375,-0.032993853581193444
2015-02-09,298.5436706542969,0.00014035010246171709
2015-02-10,298.5855712890625,-0.0001403304070747291
2015-02-11,298.5436706542969,-0.009547998048387352
2015-02-12,295.69317626953125,0.006521231621688051
2015-02-13,297.6214599609375,0.01788707669654621
2015-02-16,302.9450378417969,-0.02587503877090369
2015-02-18,295.1063232421875,0.013352162616840246
2015-02-19,299.046630859375,-0.020605439649929225
2015-02-20,292.8846435546875,-0.005867934586220813
2015-02-23,291.166015625,-0.015116558892384502
2015-02-24,286.76458740234375,0.01914916531353228
2015-02-25,292.2558898925781,0.0021513806354440668
2015-02-26,292.8846435546875,0.016745536531112437
2015-02-27,297.7891540527344,-0.017314181096346526
2015-03-02,292.6331787109375,0.0005730522168934105
2015-03-03,292.8008728027344,0.0057264063501387685
2015-03-04,294.4775695800781,-0.00953765093749992
2015-03-05,291.6689453125,-0.012790706434213095
2015-03-09,287.93829345703125,0.07133486420264967
2015-03-10,308.47833251953125,0.05870372008201641
2015-03-11,326.587158203125,0.021178219198460635
2015-03-12,333.5036926269531,0.006158717650009526
2015-03-13,335.5576477050781,-0.029606514560931996
2015-03-16,325.6229553222656,-0.004762974515588714
2015-03-17,324.072021484375,-0.011124104357469022
2015-03-18,320.4670104980469,-0.0007848729219127604
2015-03-19,320.2154846191406,-0.0044508526353399525
2015-03-20,318.7902526855469,0.007889628674534466
2015-03-23,321.3053894042969,0.027658263946503503
2015-03-24,330.192138671875,0.002919849430707
2015-03-25,331.15625,0.01177210752453517
2015-03-26,335.0546569824219,-0.05792566602401972
2015-03-27,315.6463928222656,0.03426293526477209
2015-03-30,326.46136474609375,0.010015343791990095
2015-03-31,329.7309875488281,0.0228833485660076
2015-04-01,337.2763366699219,-0.0037285089556329254
2015-04-06,336.018798828125,0.009855263951383808
2015-04-07,339.3303527832031,0.035577633128782926
2015-04-08,351.4029235839844,-0.02851016316347066
2015-04-09,341.3843688964844,0.011665060412642703
2015-04-10,345.36663818359375,0.03337791533319767
2015-04-13,356.8942565917969,-0.02478282704036039
2015-04-15,348.0494079589844,0.006864866566364647
2015-04-16,350.438720703125,-0.028827651862167736
2015-04-17,340.3363952636719,-0.008991276385175495
2015-04-20,337.2763366699219,-0.00994284135238277
2015-04-21,333.9228515625,0.0027618391692036948
2015-04-22,334.8450927734375,0.0011266651622590107
2015-04-23,335.22235107421875,-0.0017506381226167766
2015-04-24,334.635498046875,-0.020418252573382145
2015-04-27,327.8028259277344,0.024936035130475487
2015-04-28,335.9769287109375,-0.03343739088762476
2015-04-29,324.74273681640625,-0.016135161829009426
2015-04-30,319.5029602050781,0.030962685514352106
2015-05-04,329.3956298828125,-0.014889143936297256
2015-05-05,324.4912109375,0.008138398002883074
2015-05-06,327.1320495605469,0.008841580963524054
2015-05-07,330.0244140625,0.010923560046753211
2015-05-08,333.62945556640625,-0.004397674063355006
2015-05-11,332.1622619628906,-0.011736361746233825
2015-05-12,328.2638854980469,-0.02298552761010475
2015-05-13,320.71856689453125,0.009018388083856355
2015-05-14,323.6109313964844,0.015544012622307868
2015-05-15,328.6411437988281,0.01390326024548627
2015-05-18,333.2103271484375,0.0013837809045011973
2015-05-19,333.6714172363281,0.006406862424539916
2015-05-20,335.8092041015625,-0.010235922221749627
2015-05-21,332.37188720703125,-0.003909775651119718
2015-05-22,331.0723876953125,0.012661657101666668
2015-05-25,335.2643127441406,0.0016252590469947314
2015-05-26,335.8092041015625,0.020471753565769468
2015-05-27,342.6838073730469,-0.01406733580531161
2015-05-28,337.8631591796875,0.05607961268527961
2015-05-29,356.8103942871094,-0.02114674841170816
2015-06-01,349.2650146484375,0.003600788346342476
2015-06-02,350.52264404296875,0.0062183057770004435
2015-06-03,352.7023010253906,-0.010220856011183832
2015-06-04,349.0973815917969,-0.0019212843389799783
2015-06-05,348.4266662597656,-0.012151004905298968
2015-06-08,344.19293212890625,-0.0063330151472081875
2015-06-09,342.0131530761719,0.017404165774745906
2015-06-10,347.9656066894531,-0.010842090390599579
2015-06-11,344.19293212890625,0.010351895648664344
2015-06-12,347.7559814453125,-0.002772378850589563
2015-06-15,346.7918701171875,0.00157141051892018
2015-06-16,347.3368225097656,0.01930961321291247
2015-06-17,354.04376220703125,0.009826997063951293
2015-06-18,357.52294921875,0.017704436723494865
2015-06-19,363.8526916503906,-0.021889375121878607
2015-06-22,355.88818359375,0.013663050740952531
2015-06-23,360.7507019042969,-0.012433128989324915
2015-06-24,356.26544189453125,0.004118088357258465
2015-06-25,357.7325744628906,-0.02050616689846374
2015-06-26,350.3968505859375,-0.009690114898320834
2015-06-29,347.00146484375,0.01485856789261808
2015-06-30,352.15740966796875,0.010474982698548185
2015-07-01,355.84625244140625,0.020497033970620082
2015-07-02,363.1400451660156,0.004501917874160322
2015-07-03,364.7748718261719,-0.004596524889309728
2015-07-06,363.0981750488281,-0.0028861991186586167
2015-07-07,362.0502014160156,-0.0035892799027213984
2015-07-08,360.7507019042969,0.008366156761155263
2015-07-09,363.768798828125,-0.033648222110514325
2015-07-10,351.52862548828125,0.0104936326330054
2015-07-13,355.2174377441406,-0.0033041045072644826
2015-07-14,354.04376220703125,0.0015392232564162
2015-07-15,354.5887145996094,0.004019480577043266
2015-07-16,356.01397705078125,0.0028257653568111163
2015-07-17,357.0199890136719,0.008453665156800794
2015-07-20,360.0381164550781,0.03679123329583178
2015-07-21,373.28436279296875,-0.013138723368352978
2015-07-22,368.3798828125,-0.014792886663255733
2015-07-23,362.93048095703125,0.0023098579895608484
2015-07-24,363.768798828125,-0.03675946998551005
2015-07-27,350.3968505859375,-0.019021401166576246
2015-07-28,343.7318115234375,0.018658391370850236
2015-07-29,350.1452941894531,-0.0016760271723835762
2015-07-30,349.5584411621094,0.004437098945368367
2015-07-31,351.1094665527344,0.00023867561975476903
2015-08-03,351.1932678222656,-0.01348760299554197
2015-08-04,346.4565124511719,0.010405378039577862
2015-08-05,350.0615234375,-0.00610715052878541
2015-08-06,347.92364501953125,-0.008192697996853182
2015-08-07,345.0732116699219,-0.0034013247478920094
2015-08-10,343.8995056152344,-0.013042445406600933
2015-08-11,339.4142150878906,-0.015190985373485288
2015-08-12,334.2581787109375,-0.029459036323657206
2015-08-13,324.4112548828125,0.026767051340375048
2015-08-14,333.09478759765625,-0.01240191115773459
2015-08-17,328.9637756347656,-0.011916895844282016
2015-08-18,325.0435485839844,-0.007781127585161474
2015-08-19,322.51434326171875,-0.006665878133826686
2015-08-20,320.364501953125,-0.02749972755947394
2015-08-21,311.5545654296875,-0.0575026790034695
2015-08-24,293.63934326171875,0.00014352564245134758
2015-08-25,293.6814880371094,-0.026266515160253356
2015-08-26,285.9674987792969,0.023879730855593584
2015-08-27,292.79632568359375,0.04376607065616733
2015-08-28,305.6108703613281,-0.022620350166767222
2015-08-31,298.6978454589844,-0.02512022449329676
2015-09-01,291.1944885253906,-0.006224571915268928
2015-09-02,289.3819274902344,0.010196608118963058
2015-09-03,292.3326416015625,0.009372642015643029
2015-09-04,295.07257080078125,-0.008285811740648241
2015-09-07,292.6276550292969,0.0018725968765926915
2015-09-08,293.1756286621094,0.019410460051178413
2015-09-09,298.8663024902344,-0.011424398292252502
2015-09-10,295.4519348144531,-0.004993508665974811
2015-09-11,293.9765930175781,0.01562956599821974
2015-09-14,298.5713195800781,-0.008894694531707992
2015-09-15,295.9156188964844,0.024216621910258196
2015-09-16,303.0816955566406,-0.0072322268171969295
2015-09-18,300.8897399902344,-0.012888918414674877
2015-09-21,297.0115966796875,-0.024127056670882108
2015-09-22,289.8455810546875,-0.01716117443665066
2015-09-23,284.8714904785156,-0.014649474984062105
2015-09-24,280.6982727050781,-0.016068196280442093
2015-09-28,276.1879577636719,-0.015110064201309004
2015-09-29,272.0147399902344,0.04711008025127161
2015-09-30,284.8293762207031,0.004735629637097949
2015-10-01,286.17822265625,0.020032656933285375
2015-10-05,291.9111328125,0.007508877882489218
2015-10-06,294.1030578613281,-0.017772542953226167
2015-10-07,288.8760986328125,-0.003210262698961741
2015-10-08,287.94873046875,0.017713309220154017
2015-10-09,293.04925537109375,0.0054659979893025845
2015-10-12,294.65106201171875,-0.011588041419656303
2015-10-13,291.23663330078125,0.0024604846026119453
2015-10-14,291.9532165527344,0.01429402732785312
2015-10-15,296.12640380859375,-0.004555277648099043
2015-10-16,294.7774658203125,0.04018316915940212
2015-10-19,306.62255859375,-0.005086685043545591
2015-10-20,305.0628662109375,0.026668667406940516
2015-10-21,313.198486328125,-0.03337832391817974
2015-10-23,302.74444580078125,-0.01921448177631191
2015-10-26,296.9273681640625,0.0012775295805138587
2015-10-27,297.30670166015625,0.016021521336264
2015-10-28,302.07000732421875,-0.00809387132851025
2015-10-29,299.6250915527344,-0.01786697344653221
2015-10-30,294.2716979980469,0.003151401138374643
2015-11-02,295.1990661621094,-0.007139915991623336
2015-11-03,293.09136962890625,-0.0035954743108561615
2015-11-04,292.0375671386719,-0.028435275579558272
2015-11-05,283.7333984375,0.007873942067095019
2015-11-06,285.9674987792969,-0.011645166581417565
2015-11-09,282.6373596191406,-0.010738046621370012
2015-11-10,279.6023864746094,0.006784209274579567
2015-11-13,281.499267578125,0.00554055390144681
2015-11-16,283.0589294433594,-0.0037230162987080817
2015-11-17,282.0050964355469,-0.0016444565117761378
2015-11-18,281.5413513183594,0.016768978576554794
2015-11-19,286.26251220703125,0.005301351243303776
2015-11-20,287.78009033203125,-0.006884533558827011
2015-11-23,285.7988586425781,0.007522324743992392
2015-11-24,287.94873046875,0.0017563449710793488
2015-11-26,288.4544677734375,0.0001462112661811954
2015-11-27,288.49664306640625,-0.022939859678860364
2015-11-30,281.8785705566406,-0.034694054531122176
2015-12-01,272.09906005859375,0.0004646628553022225
2015-12-02,272.2254943847656,-0.010374556418320746
2015-12-03,269.4012756347656,0.005476372720948586
2015-12-04,270.8766174316406,-0.0037346420184124485
2015-12-07,269.864990234375,-0.007029226492196727
2015-12-08,267.9680480957031,-0.022022880207526074
2015-12-09,262.0666198730469,0.005790344666644742
2015-12-10,263.5840759277344,-0.009914991369232573
2015-12-11,260.97064208984375,-0.010983705054302795
2015-12-14,258.1042175292969,0.009962094263841426
2015-12-15,260.67547607421875,0.0360611926225507
2015-12-16,270.07574462890625,0.006399210290986002
2015-12-17,271.80401611328125,-0.01039098076298206
2015-12-18,268.9797058105469,0.005798550407780878
2015-12-21,270.5393981933594,0.007167484392334611
2015-12-22,272.4784851074219,0.028310452675818887
2015-12-23,280.1924743652344,0.01835406068412393
2015-12-24,285.33514404296875,-0.019795907148148273
2015-12-28,279.6866760253906,0.010549961248358164
2015-12-29,282.6373596191406,-0.006413027059121612
2015-12-30,280.8247985839844,0.021915293596536545
2015-12-31,286.9791564941406,0.00029381948636775235
2016-01-01,287.0634765625,-0.040234748412161125
2016-01-04,275.5135498046875,-0.010251408170200649
2016-01-05,272.68914794921875,-0.003864035029799151
2016-01-06,271.6354675292969,0.00046523118709451694
2016-01-07,271.7618408203125,0.004653517335924118
2016-01-08,273.0264892578125,-0.008337420578163668
2016-01-11,270.7501525878906,-0.017904537462546277
2016-01-12,265.9024963378906,-0.0215596229720032
2016-01-13,260.16973876953125,0.0004859686094540461
2016-01-14,260.2961730957031,-0.00858303382951997
2016-01-15,258.0620422363281,-0.01911141405862249
2016-01-18,253.13011169433594,0.03347208880993491
2016-01-19,261.6029052734375,-0.002256012572729227
2016-01-20,261.0127258300781,-0.0009686812547607948
2016-01-21,260.7598876953125,-0.034271140301805336
2016-01-22,251.82334899902344,-0.004017391467686093
2016-01-25,250.81167602539062,0.0010083229534190163
2016-01-27,251.0645751953125,-0.021490639712435478
2016-01-28,245.66903686523438,-0.005147710899378266
2016-01-29,244.40440368652344,0.02311127970673188
2016-02-01,250.0529022216797,0.018880709263976003
2016-02-02,254.77407836914062,-0.007941486532149655
2016-02-03,252.75079345703125,0.01484290650554243
2016-02-04,256.5023498535156,0.009695934679417872
2016-02-05,258.9893798828125,0.012369906124551688
2016-02-08,262.19305419921875,0.004019185380226276
2016-02-09,263.2468566894531,-0.0030424041159865522
2016-02-10,262.4459533691406,-0.008351910253099226
2016-02-11,260.2540283203125,0.05134413633014234
2016-02-12,273.6165466308594,-0.01740857855687572
2016-02-15,268.853271484375,-0.01128881252934233
2016-02-16,265.8182373046875,0.01347927954984951
2016-02-17,269.4012756347656,0.005163495394801432
2016-02-18,270.7923278808594,0.015099529229354092
2016-02-19,274.88116455078125,0.009354406300840612
2016-02-22,277.4525146484375,-0.02370098258121489
2016-02-23,270.8766174316406,0.008247780412197425
2016-02-24,273.1107482910156,-0.004321570430200428
2016-02-25,271.93048095703125,-0.014261412620314329
2016-02-26,268.0523681640625,-0.007705663092557269
2016-02-29,265.9868469238281,0.016481683900963606
2016-03-01,270.3707580566406,0.017617793491716105
2016-03-02,275.13409423828125,0.021602569947138273
2016-03-03,281.07769775390625,-0.012447512875183753
2016-03-04,277.5789794921875,0.006833662646162253
2016-03-08,279.4758605957031,0.00935141542269946
2016-03-09,282.08935546875,0.00508097362212423
2016-03-10,283.52264404296875,0.002824830175437887
2016-03-11,284.32354736328125,0.0103779079190367
2016-03-14,287.27423095703125,0.006309514881017497
2016-03-15,289.0867919921875,-0.012831586365841696
2016-03-16,285.3773498535156,0.006646922415143752
2016-03-17,287.27423095703125,0.010418231368425568
2016-03-18,290.2671203613281,0.027156782130380863
2016-03-21,298.14984130859375,-0.007776126653492699
2016-03-22,295.8313903808594,0.02080339367325701
2016-03-23,301.9856872558594,-0.023450434426187217
2016-03-28,294.90399169921875,0.013435934753494028
2016-03-29,298.8663024902344,-0.0019745230669570013
2016-03-30,298.27618408203125,-0.008479202906839567
2016-03-31,295.7470397949219,-0.043757124494081645
2016-04-01,282.8059997558594,0.03890293576542203
2016-04-04,293.8079833984375,-0.05164996104907815
2016-04-05,278.6328125,0.012102967720454272
2016-04-06,282.0050964355469,-0.009715993616530638
2016-04-07,279.26513671875,0.01011303732067459
2016-04-08,282.08935546875,0.040794919329293355
2016-04-11,293.59716796875,0.005312458942235532
2016-04-12,295.1568908691406,0.00328473760716963
2016-04-13,296.12640380859375,0.023203039737331066
2016-04-18,302.9974365234375,-0.007651617243886855
2016-04-20,300.67901611328125,0.0016819840347521708
2016-04-21,301.18475341796875,-0.011616417180604466
2016-04-22,297.6860656738281,0.01656760718583694
2016-04-25,302.6180114746094,0.004039455891664767
2016-04-26,303.8404235839844,0.03509998701317363
2016-04-27,314.5052185058594,-0.0009381209848097205
2016-04-28,314.2101745605469,-0.02441657417964327
2016-04-29,306.5382385253906,-0.015951584152550935
2016-05-02,301.6484680175781,0.02948580578905169
2016-05-03,310.5428161621094,-0.01873216306777592
2016-05-04,304.7256774902344,-0.019504767581706273
2016-05-05,298.7820739746094,0.013261745503877265
2016-05-06,302.74444580078125,0.021442734263880325
2016-05-09,309.2361145019531,0.005588841028993263
2016-05-10,310.9643859863281,-0.026975918088112838
2016-05-11,302.5758361816406,0.008916060376376489
2016-05-12,305.27362060546875,-0.019883925213576514
2016-05-13,299.2035827636719,-0.004085553047473156
2016-05-16,297.9811706542969,-0.006365979885596951
2016-05-17,296.084228515625,0.0001424435647254807
2016-05-18,296.12640380859375,-0.018362915534339774
2016-05-19,290.68865966796875,-0.008265578587351552
2016-05-20,288.28594970703125,0.011405111324192863
2016-05-23,291.5738830566406,-0.0020241162794567558
2016-05-24,290.98370361328125,0.018832392898801675
2016-05-25,296.463623046875,0.0034124177005143697
2016-05-26,297.47528076171875,-0.004534416942715502
2016-05-27,296.12640380859375,0.01323846005604179
2016-05-30,300.0466613769531,-0.0126440091257779
2016-05-31,296.25286865234375,0.03372239563707424
2016-06-01,306.24322509765625,0.008120994385837133
2016-06-02,308.730224609375,-0.021982663521433188
2016-06-03,301.9435119628906,-0.026245782202194534
2016-06-06,294.0187683105469,0.0011469309942999661
2016-06-07,294.3559875488281,0.010024304706350406
2016-06-08,297.30670166015625,-0.003969967192033463
2016-06-09,296.12640380859375,-0.00042706372050416164
2016-06-10,295.99993896484375,-0.024779350647663567
2016-06-13,288.6652526855469,0.00073041679005037
2016-06-14,288.8760986328125,0.02699523721589059
2016-06-15,296.67437744140625,-0.015344970994995988
2016-06-16,292.1219177246094,0.030302903674381376
2016-06-17,300.97406005859375,0.02100844852092587
2016-06-20,307.29705810546875,-0.0063102375388672804
2016-06-21,305.3579406738281,0.002346799195560134
2016-06-22,306.0745544433594,0.004820204017148999
2016-06-23,307.5498962402344,-0.024533739771448015
2016-06-24,300.0045471191406,-0.013207909344635782
2016-06-27,296.0421142578125,0.016944227163625536
2016-06-28,301.0583190917969,-0.002520202828583562
2016-06-29,300.2995910644531,0.02975869332962877
2016-06-30,309.2361145019531,0.004225579092729248
2016-07-01,310.5428161621094,0.013573978512101181
2016-07-04,314.75811767578125,-0.01995434552317943
2016-07-05,308.4773254394531,-0.006969005810637641
2016-07-07,306.3275451660156,-0.022843287149967306
2016-07-08,299.33001708984375,0.013519266966449228
2016-07-11,303.3767395019531,0.009587418792523783
2016-07-12,306.28533935546875,0.0011009969951252252
2016-07-13,306.62255859375,0.008935737455869175
2016-07-14,309.3624572753906,0.032565931245831514
2016-07-15,319.4371337890625,-0.042887403036270255
2016-07-18,305.7373046875,0.004549928132236758
2016-07-19,307.1283874511719,-0.002470493044354316
2016-07-20,306.36962890625,0.012245495621130198
2016-07-21,310.12127685546875,-0.0013592724462987427
2016-07-22,309.6997375488281,0.012522071559002201
2016-07-25,313.57781982421875,-0.005645859330095648
2016-07-26,311.8074035644531,0.007300359537079526
2016-07-27,314.0837097167969,-0.0017446738428636976
2016-07-28,313.5357360839844,-0.0264856546257477
2016-07-29,305.2315368652344,0.005385915993147972
2016-08-01,306.87548828125,-0.01703303282040347
2016-08-02,301.6484680175781,0.0029347203785514697
2016-08-03,302.5337219238281,0.020621430030488996
2016-08-04,308.77239990234375,-0.006143397601902523
2016-08-05,306.87548828125,-0.0342031024008681
2016-08-08,296.37939453125,-0.00597389144707039
2016-08-09,294.6088562011719,-0.008584753084891483
2016-08-10,292.0797119140625,0.0036511839887458652
2016-08-11,293.1461486816406,0.00418631926313795
2016-08-12,294.37335205078125,-0.015382189515143363
2016-08-16,289.8452453613281,0.009344523049862108
2016-08-17,292.5537109375,0.02169813485771499
2016-08-18,298.9015808105469,-0.004955277026980842
2016-08-19,297.4204406738281,-0.0034149839629553647
2016-08-22,296.4047546386719,0.010137047879396954
2016-08-23,299.409423828125,-0.0032509269142297903
2016-08-24,298.4360656738281,-0.01871808325322244
2016-08-25,292.84991455078125,-0.005925007497832979
2016-08-26,291.1147766113281,-0.0039248372696844
2016-08-29,289.9721984863281,-0.03137781447722221
2016-08-30,280.8735046386719,-0.0006024775135725635
2016-08-31,280.70428466796875,-0.06271685142547634
2016-09-01,263.0993957519531,0.02589673574836837
2016-09-02,269.9128112792969,0.00815297366058898
2016-09-06,272.1134033203125,-0.004199128547928255
2016-09-07,270.97076416015625,0.013275227301650983
2016-09-08,274.5679626464844,-0.0070901072719113944
2016-09-09,272.6212463378906,-0.012573695158975107
2016-09-12,269.1933898925781,0.005659607961927771
2016-09-14,270.7169189453125,0.00891030534609305
2016-09-15,273.12908935546875,0.0027889715788813607
2016-09-16,273.8908386230469,0.0016997489095924578
2016-09-19,274.35638427734375,-0.015270892124790492
2016-09-20,270.1667175292969,0.008302097534311992
2016-09-21,272.40966796875,0.01600121886734951
2016-09-22,276.7685546875,-0.00015282575482244987
2016-09-23,276.72625732421875,-0.02018644945182746
2016-09-26,271.14013671875,-0.017324912884142618
2016-09-27,266.4426574707031,0.02207737601842119
2016-09-28,272.32501220703125,-0.0188035115188514
2016-09-29,267.204345703125,-0.005384688830839424
2016-09-30,265.7655334472656,0.01496818376766429
2016-10-03,269.7435607910156,0.01663001641483275
2016-10-04,274.2294006347656,-0.007098749391967418
2016-10-05,272.28271484375,0.0018652433939763124
2016-10-06,272.79058837890625,-0.008843019456074797
2016-10-07,270.3782958984375,-0.011112608518789924
2016-10-10,267.3736877441406,-0.028964762196847293
2016-10-13,259.6292724609375,-0.004401158878979183
2016-10-14,258.4866027832031,-0.013424947482842287
2016-10-17,255.0164337158203,0.01775619665863637
2016-10-18,259.5445556640625,0.0009782761551302421
2016-10-19,259.7984619140625,0.007004518695709949
2016-10-20,261.61822509765625,0.0021030699058151026
2016-10-21,262.1684265136719,-0.010008340380654235
2016-10-24,259.5445556640625,0.016794485344435506
2016-10-25,263.9034729003906,0.018922384030970907
2016-10-26,268.89715576171875,0.016997301849845492
2016-10-27,273.4676818847656,-0.01315401681667061
2016-10-28,269.8704833984375,-0.004390759999077232
2016-11-01,268.685546875,-0.024728405068075943
2016-11-02,262.0413818359375,-0.0020995573087839725
2016-11-03,261.4912109375,-0.007282450787438277
2016-11-04,259.5869140625,-0.0035865840032804908
2016-11-07,258.6558837890625,-0.002290565569356695
2016-11-08,258.06341552734375,-0.012791173174025006
2016-11-09,254.76248168945312,0.025415255310307527
2016-11-10,261.2373352050781,-0.023489160623698546
2016-11-11,255.10108947753906,0.004147370202900458
2016-11-15,256.1590881347656,0.023128680013547953
2016-11-16,262.0837097167969,-0.04036808978710771
2016-11-17,251.50389099121094,0.022210932173820863
2016-11-18,257.09002685546875,-0.013991623780941098
2016-11-21,253.492919921875,0.014858081473013263
2016-11-22,257.25933837890625,-0.011186110255028692
2016-11-23,254.38160705566406,0.006155303115507271
2016-11-24,255.94740295410156,-0.0046295498644342015
2016-11-25,254.76248168945312,0.05913603608600182
2016-11-28,269.828125,0.018977512088134807
2016-11-29,274.94879150390625,-0.000769408188358911
2016-11-30,274.73724365234375,-0.01971677039607489
2016-12-01,269.3203125,0.0012572112595363727
2016-12-02,269.6589050292969,0.025580615521430428
2016-12-05,276.55694580078125,0.006426903435781339
2016-12-06,278.3343505859375,-0.0021287303491270837
2016-12-07,277.7418518066406,0.013103989706676478
2016-12-08,281.3813781738281,-0.0013536428567167968
2016-12-09,281.00048828125,-0.008584330021946585
2016-12-12,278.5882873535156,0.0025821629415800906
2016-12-13,279.3076477050781,-0.022423851003124606
2016-12-14,273.04449462890625,-0.012864360181966905
2016-12-15,269.5319519042969,-0.02575004616722576
2016-12-16,262.59149169921875,-0.015309721616280081
2016-12-19,258.5712890625,-0.009656475071475268
2016-12-20,256.07440185546875,-0.0028095424575196315
2016-12-21,255.35494995117188,-0.03132236729592486
2016-12-22,247.35662841796875,0.011291694826968124
2016-12-23,250.1497039794922,0.0018608241854196628
2016-12-26,250.6151885986328,0.011820521973607834
2016-12-27,253.5775909423828,-0.0003339057690119329
2016-12-28,253.492919921875,0.011686211303593153
2016-12-29,256.4552917480469,0.008745732595373257
2016-12-30,258.69818115234375,0.017503788476660898
2017-01-02,263.22637939453125,-0.02106127923081147
2017-01-03,257.6824951171875,0.031039681468164604
2017-01-04,265.6808776855469,0.022937270434034485
2017-01-05,271.7748718261719,-0.00420435911708239
2017-01-06,270.6322326660156,-0.005629292573801514
2017-01-09,269.1087646484375,0.006762071344621257
2017-01-10,270.9284973144531,0.00827864157557312
2017-01-11,273.1714172363281,-0.0029434893173390098
2017-01-12,272.3673400878906,-0.004972138166191242
2017-01-13,271.0130920410156,-0.004996758649260413
2017-01-16,269.6589050292969,-0.00031393645876276466
2017-01-17,269.5742492675781,-0.014442668736384778
2017-01-18,265.6808776855469,0.010194202023907861
2017-01-19,268.3892822265625,0.0108798828369292
2017-01-20,271.309326171875,-0.0028074531869919372
2017-01-23,270.5476379394531,-0.009854821689721849
2017-01-24,267.8814392089844,-0.01627158721426525
2017-01-25,263.5225830078125,0.039826600894858455
2017-01-27,274.0177917480469,0.06764494769192386
2017-01-30,292.5537109375,0.007377221897688413
2017-01-31,294.7119445800781,-0.008902963937181707
2017-02-01,292.088134765625,0.02376131839621265
2017-02-02,299.0285339355469,0.0014151048821731127
2017-02-03,299.4516906738281,0.004098473844356354
2017-02-06,300.6789855957031,-0.005911303650419253
2017-02-07,298.9015808105469,-0.0026900046118156773
2017-02-08,298.0975341796875,0.008659754342213333
2017-02-09,300.6789855957031,0.006474299449823029
2017-02-10,302.62567138671875,0.0013984860289550927
2017-02-13,303.04888916015625,0.03044246572059306
2017-02-14,312.2744445800781,-0.009892882646058254
2017-02-15,309.1851501464844,0.0010951125212075308
2017-02-16,309.52374267578125,0.010390857299708234
2017-02-17,312.7399597167969,0.015832471608958842
2017-02-20,317.69140625,-0.03330233142544481
2017-02-21,307.1115417480469,-0.005098459958636337
2017-02-22,305.5457458496094,0.014542869679088133
2017-02-23,309.9892578125,-0.02880535883614921
2017-02-27,301.0599060058594,0.026567209295041305
2017-02-28,309.0582275390625,-0.006572583591548331
2017-03-01,307.02691650390625,-0.016264741332028154
2017-03-02,302.033203125,-0.0019615997697893794
2017-03-03,301.44073486328125,0.015021852452161921
2017-03-06,305.96893310546875,-0.0011065241437503426
2017-03-07,305.63037109375,-0.001107749895755239
2017-03-08,305.29180908203125,-0.0013862729390285988
2017-03-09,304.86859130859375,0.013048234352699417
2017-03-10,308.8465881347656,-0.010413639536831276
2017-03-14,305.63037109375,0.005815537175822838
2017-03-15,307.40777587890625,-0.0070209501746129055
2017-03-16,305.2494812011719,-0.038264259181407745
2017-03-17,293.5693359375,0.0073519077557673285
2017-03-20,295.7276306152344,0.0014311066319945276
2017-03-21,296.1508483886719,-0.03343816346431383
2017-03-22,286.24810791015625,0.0008868013720579881
2017-03-23,286.501953125,0.0059086528301373065
2017-03-24,288.1947937011719,-0.005286561740918461
2017-03-27,286.6712341308594,0.00605271032761201
2017-03-28,288.4063720703125,0.012032061795672178
2017-03-29,291.8764953613281,0.018414068534052364
2017-03-30,297.2511291503906,-0.003274531393973046
2017-03-31,296.27777099609375,-0.02356828035016989
2017-04-03,289.2950134277344,0.00789936810751568
2017-04-05,291.58026123046875,-0.00783745714847306
2017-04-06,289.2950134277344,0.008484729185845863
2017-04-07,291.7496032714844,0.002901135150848111
2017-04-10,292.59600830078125,0.01301708235874277
2017-04-11,296.4047546386719,0.001713343020415481
2017-04-12,296.91259765625,-0.030074213463097577
2017-04-13,287.9831848144531,0.0030859523730550897
2017-04-17,288.87188720703125,-0.007324931537413759
2017-04-18,286.75592041015625,0.0033942721577520096
2017-04-19,287.729248046875,0.00823657511546072
2017-04-20,290.0991516113281,0.00014580312643563964
2017-04-21,290.1414489746094,0.005396874314675282
2017-04-24,291.7073059082031,0.026983579819985337
2017-04-25,299.57861328125,0.010171146972391298
2017-04-26,302.62567138671875,0.0009787788720103663
2017-04-27,302.921875,-0.0067056250644762505
2017-04-28,300.8905944824219,-0.022222237999314998
2017-05-02,294.2041320800781,-0.003596086128897502
2017-05-03,293.1461486816406,-0.0010105339339835373
2017-05-04,292.84991455078125,-0.0036128196166236304
2017-05-05,291.7919006347656,0.018999236202675407
2017-05-08,297.3357238769531,-0.01722183408417266
2017-05-09,292.2150573730469,0.07965241413248236
2017-05-10,315.4906921386719,-0.01810853338252405
2017-05-11,309.7776184082031,-0.002458822675233341
2017-05-12,309.01593017578125,-0.0026020572725170554
2017-05-15,308.21185302734375,0.028010336367613187
2017-05-16,316.844970703125,0.004274069827561622
2017-05-17,318.1991882324219,-0.013831729557941874
2017-05-18,313.7979431152344,0.005394391711534885
2017-05-19,315.4906921386719,-0.0005362739926749738
2017-05-22,315.3215026855469,-0.0017448902511552067
2017-05-23,314.77130126953125,-0.009545465738956316
2017-05-24,311.76666259765625,0.006379913018538685
2017-05-25,313.7557067871094,0.007822668034996427
2017-05-26,316.2101135253906,-0.001338020781207594
2017-05-29,315.7870178222656,-0.0064325349698179934
2017-05-30,313.7557067871094,0.002292837559855876
2017-05-31,314.47509765625,-0.012515138693724781
2017-06-01,310.5393981933594,0.017307118734678717
2017-06-02,315.9139404296875,-0.0022772701506627024
2017-06-05,315.19451904296875,-0.009129968608562078
2017-06-06,312.3168029785156,0.010298126919521255
2017-06-07,315.5330810546875,-0.013680403520982098
2017-06-08,311.2164611816406,0.00027201569414847526
2017-06-09,311.3011169433594,-0.007068916247537582
2017-06-12,309.1005554199219,-0.005476468777986909
2017-06-13,307.40777587890625,0.006332485467785753
2017-06-14,309.35443115234375,-0.0005472073091981056
2017-06-15,309.1851501464844,-0.001231816517771156
2017-06-16,308.8042907714844,0.0072634384432535
2017-06-19,311.0472717285156,-0.002449178539650654
2017-06-20,310.28546142578125,0.0019094296555060009
2017-06-21,310.8779296875,-0.002994841976635021
2017-06-22,309.9468994140625,0.0
2017-06-23,309.9468994140625,0.014336365265440021
2017-06-27,314.3904113769531,0.015480183596398467
2017-06-28,319.2572326660156,0.013918185684334894
2017-06-29,323.7007141113281,-0.0071905176050777175
2017-06-30,321.3731384277344,0.006189109897628331
2017-07-03,323.3621520996094,-0.00719785736619083
2017-07-04,321.0346374511719,-0.007909473906150821
2017-07-05,318.49542236328125,0.013287266618617233
2017-07-06,322.72735595703125,0.012063870609628546
2017-07-07,326.6206970214844,0.05130860818669514
2017-07-10,343.379150390625,-0.025264827608762586
2017-07-11,334.7037353515625,0.004172391118107077
2017-07-12,336.1002502441406,0.017798517487848553
2017-07-13,342.08233642578125,0.009549970497853888
2017-07-14,345.3492126464844,0.003562439407645668
2017-07-17,346.5794982910156,-0.0003671835795503453
2017-07-18,346.4522399902344,0.03171702350142214
2017-07-19,357.440673828125,-0.0034420150033092067
2017-07-20,356.2103576660156,-0.020247850016890445
2017-07-21,348.99786376953125,0.02127394267312188
2017-07-24,356.42242431640625,0.01845015733030797
2017-07-25,362.99847412109375,-0.003623115909948016
2017-07-26,361.68328857421875,-0.023929603654785914
2017-07-27,353.0283508300781,-0.006609853204948446
2017-07-28,350.69488525390625,0.013670281780470361
2017-07-31,355.4889831542969,-0.004534941048599306
2017-08-01,353.8768615722656,-0.002877325716116874
2017-08-02,352.858642578125,0.02007935673271244
2017-08-03,359.9438171386719,-0.007779466586471995
2017-08-04,357.1436462402344,-0.008196612749183263
2017-08-07,354.2162780761719,0.0008383763568045044
2017-08-08,354.51324462890625,-0.004188542519426797
2017-08-09,353.0283508300781,0.0004805484216721112
2017-08-10,353.197998046875,-0.004084038905121212
2017-08-11,351.7555236816406,-0.014473477018911107
2017-08-14,346.6643981933594,-0.001958184951642683
2017-08-16,345.9855651855469,0.021091525241339282
2017-08-17,353.2829284667969,0.011168349332152827
2017-08-18,357.228515625,-0.00439419754402659
2017-08-21,355.6587829589844,0.007037704002161638
2017-08-22,358.16180419921875,0.023217475161989576
2017-08-23,366.4774169921875,0.0024311476015952405
2017-08-24,367.3683776855469,0.0033490816151318104
2017-08-28,368.5987243652344,-0.014502688843070932
2017-08-29,363.2530517578125,0.0021023137212599075
2017-08-30,364.0167236328125,-0.003030323354096587
2017-08-31,362.91363525390625,-0.012041082567255113
2017-09-01,358.54376220703125,-0.01455455476925993
2017-09-04,353.3253173828125,-0.023775229828488453
2017-09-05,344.9249267578125,-0.009840123866401207
2017-09-06,341.53082275390625,-0.012919342037846948
2017-09-07,337.11846923828125,0.015605658813158563
2017-09-08,342.3794250488281,-0.00136321228934011
2017-09-11,341.9126892089844,0.0055837330118946316
2017-09-12,343.82183837890625,-0.00876095318858261
2017-09-13,340.80963134765625,-0.006846829906023255
2017-09-14,338.4761657714844,-0.007270006357299685
2017-09-15,336.01544189453125,0.0016414251272007796
2017-09-18,336.5669860839844,-0.004664134529166697
2017-09-19,334.9971923828125,0.0051924955644377935
2017-09-20,336.7366638183594,0.008189457003039635
2017-09-21,339.4943542480469,-0.01187193982031276
2017-09-22,335.4638977050781,-0.014164682204135692
2017-09-25,330.712158203125,-0.00615773547409304
2017-09-26,328.67572021484375,-0.0036144692418212943
2017-09-27,327.48773193359375,-0.010104911715629217
2017-09-28,324.1784973144531,0.019369121599340122
2017-09-29,330.4575500488281,-0.012325052018145155
2017-10-03,326.3846435546875,-0.01949813426346514
2017-10-04,320.020751953125,0.0014584549189238238
2017-10-05,320.48748779296875,0.012178750671079541
2017-10-06,324.390625,-0.008762674004142434
2017-10-09,321.548095703125,0.014909616942571313
2017-10-10,326.3422546386719,0.049271885765510115
2017-10-11,342.4217529296875,-0.008177460564061656
2017-10-12,339.6216125488281,0.07657717360332783
2017-10-13,365.6288757324219,0.05198429136576821
2017-10-16,384.6358337402344,0.027906542395685907
2017-10-17,395.36968994140625,-0.008584710987803335
2017-10-18,391.9755554199219,0.025543949415516964
2017-10-19,401.9881591796875,0.049815264522315994
2017-10-23,422.0133056640625,0.009450026944291645
2017-10-24,426.0013427734375,0.027288144918208745
2017-10-25,437.6261291503906,-0.008628302122441922
2017-10-26,433.85015869140625,-0.05085070047962914
2017-10-27,411.78857421875,0.015660591242234734
2017-10-30,418.2374267578125,0.008723729285001092
2017-10-31,421.8860168457031,0.0842719602012707
2017-11-01,457.4391784667969,0.007605191066440531
2017-11-02,460.9180908203125,-0.003589796286443181
2017-11-03,459.26348876953125,-0.01607380246028578
2017-11-06,451.8813781738281,-0.03417528806329928
2017-11-07,436.4382019042969,-0.03703701372898105
2017-11-08,420.2738342285156,0.018070028950299077
2017-11-09,427.8681945800781,-0.0015866896665105434
2017-11-10,427.1893005371094,-0.010825296134007512
2017-11-13,422.5648498535156,0.00030122907384155795
2017-11-14,422.692138671875,-0.022884638376939992
2017-11-15,413.01898193359375,0.006471498113686636
2017-11-16,415.69183349609375,0.007348295585105413
2017-11-17,418.7464599609375,-0.001722335572449718
2017-11-20,418.0252380371094,0.02151622177814616
2017-11-21,427.0195617675781,-0.008246300877958412
2017-11-22,423.49822998046875,-0.005509905103266544
2017-11-23,421.164794921875,0.0009065463792925499
2017-11-24,421.5466003417969,0.002415508773865316
2017-11-27,422.5648498535156,-0.012048224095364879
2017-11-28,417.47369384765625,0.0076219804151791415
2017-11-29,420.6556701660156,0.0014119222622968053
2017-11-30,421.2496032714844,-0.024775805163137155
2017-12-01,410.81280517578125,0.0003097719914713082
2017-12-04,410.9400634765625,0.0131116993388527
2017-12-05,416.32818603515625,-0.014674347515606256
2017-12-06,410.2188415527344,0.06463954049869325
2017-12-07,436.7351989746094,0.020303140136366915
2017-12-08,445.602294921875,0.014376746053965883
2017-12-11,452.00860595703125,-0.016613466718716552
2017-12-12,444.4991760253906,-0.01240801027150118
2017-12-13,438.98382568359375,0.005701992030100023
2017-12-14,441.4869079589844,-0.0045165281261174695
2017-12-15,439.492919921875,0.01602465998912317
2017-12-18,446.53564453125,0.01966747038015093
2017-12-19,455.31787109375,-0.014349669326567227
2017-12-20,448.7842102050781,-0.009075490890950833
2017-12-21,444.7112731933594,0.008490904558024814
2017-12-22,448.4872741699219,0.02724436278067177
2017-12-26,460.7060241699219,-0.015286808159420628
2017-12-27,453.6632995605469,-0.006172422187838644
2017-12-28,450.86309814453125,-0.0031992945388354954
2017-12-29,449.420654296875,-0.0033040856093483617
2018-01-01,447.93572998046875,-0.021500334038290658
2018-01-02,438.3049621582031,0.0031943180435940466
2018-01-03,439.7050476074219,0.009262745558015206
2018-01-04,443.7779235839844,0.03250476302141814
2018-01-05,458.20281982421875,-0.043796251462763336
2018-01-08,438.13525390625,-0.01268519426591519
2018-01-09,432.5774230957031,-0.006669348910950279
2018-01-10,429.6924133300781,0.01648901599917796
2018-01-11,436.7776184082031,-0.010101989690147528
2018-01-12,432.36529541015625,-0.009910609634023682
2018-01-15,428.0802917480469,-0.01437079815945086
2018-01-16,421.9284362792969,0.0053293307538953005
2018-01-17,424.1770324707031,-0.009801910624699595
2018-01-18,420.019287109375,0.005858524679449362
2018-01-19,422.47998046875,-0.014460672137987296
2018-01-22,416.3706359863281,0.0028529791148734773
2018-01-23,417.55853271484375,-0.06624653080220821
2018-01-24,389.896728515625,-0.014798918859348364
2018-01-25,384.1266784667969,-0.026728316208475267
2018-01-29,373.859619140625,0.006487665289431677
2018-01-30,376.28509521484375,-0.001702417902192277
2018-01-31,375.6445007324219,-0.003296580364524848
2018-02-01,374.4061584472656,-0.036610384233952464
2018-02-02,360.6990051269531,0.04226353570849928
2018-02-05,375.94342041015625,-0.002385275195524561
2018-02-06,375.04669189453125,-0.02026643817949103
2018-02-07,367.4458312988281,-0.001045889838972136
2018-02-08,367.0615234375,-0.016984633690814155
2018-02-09,360.8271179199219,0.004497029369185279
2018-02-12,362.44976806640625,0.024505180455872022
2018-02-14,371.3316650390625,-0.013454614130611664
2018-02-15,366.3355407714844,-0.02156416279360951
2018-02-16,358.4358215332031,-0.01274722280756646
2018-02-19,353.86676025390625,0.009050402802603053
2018-02-20,357.06939697265625,0.003707207842433391
2018-02-21,358.39312744140625,-0.00845950885171498
2018-02-22,355.3612976074219,0.022711020390006276
2018-02-23,363.4319152832031,-0.005639882048246614
2018-02-26,361.3822021484375,0.017369697710781784
2018-02-27,367.6593017578125,-0.004529502484341141
2018-02-28,365.9939880371094,-0.00186677257385226
2018-03-01,365.3107604980469,-0.014728203150694674
2018-03-05,359.9303894042969,-0.01791431533417398
2018-03-06,353.48248291015625,-0.025851698458608907
2018-03-07,344.3443603515625,-0.004712377639656484
2018-03-08,342.7216796875,0.0021181082898558135
2018-03-09,343.4476013183594,0.04824076862360549
2018-03-12,360.0157775878906,0.011267867576807866
2018-03-13,364.0723876953125,-0.008679267361636156
2018-03-14,360.9125061035156,-0.005087439682519901
2018-03-15,359.0763854980469,-0.008800196154838291
2018-03-16,355.91644287109375,-0.04103177059798491
2018-03-19,341.31256103515625,0.0018764982166694644
2018-03-20,341.9530334472656,0.04445576070290036
2018-03-21,357.1548156738281,-0.006217162430706247
2018-03-22,354.934326171875,-0.006977867136787386
2018-03-23,352.4576416015625,0.021322964826017587
2018-03-26,359.97308349609375,-0.01969158324995479
2018-03-27,352.8846435546875,-0.03509207214119403
2018-03-28,340.5011901855469,-0.00902931765532966
2018-04-02,337.42669677734375,0.017970211629080968
2018-04-03,343.4903259277344,-0.017777189817840933
2018-04-04,337.384033203125,-0.0029110660853519654
2018-04-05,336.4018859863281,-0.022721497726117534
2018-04-06,328.7583312988281,-0.012079456384083032
2018-04-09,324.787109375,0.013804866168343422
2018-04-10,329.270751953125,-0.0006484982127140659
2018-04-11,329.0572204589844,-0.013236390251765151
2018-04-12,324.7016906738281,-0.006049535589166211
2018-04-13,322.7373962402344,-0.0033075632934702615
2018-04-16,321.669921875,0.01433691824281258
2018-04-17,326.28167724609375,0.005758446959939878
2018-04-18,328.1605529785156,0.028887401988158867
2018-04-19,337.6402587890625,0.01682026675112236
2018-04-20,343.3194580078125,0.0021145980779193607
2018-04-23,344.0454406738281,0.008439923038446873
2018-04-24,346.94915771484375,0.03347670780546452
2018-04-25,358.5638732910156,-0.02536593079778149
2018-04-26,349.46856689453125,-0.0010997795376035402
2018-04-27,349.084228515625,0.0019571996763294575
2018-04-30,349.7674560546875,-0.002686023603154286
2018-05-02,348.8279724121094,-0.009915405373130182
2018-05-03,345.36920166015625,-0.01891693053088528
2018-05-04,338.83587646484375,0.0037806086909686343
2018-05-07,340.11688232421875,0.007281863085971674
2018-05-08,342.59356689453125,0.0032407497310287248
2018-05-09,343.7038269042969,0.02397809648970073
2018-05-10,351.9451904296875,-0.061878042478066386
2018-05-11,330.1675109863281,-0.008923988686865392
2018-05-14,327.2210998535156,-0.003132046883989714
2018-05-15,326.19622802734375,-0.017279585599802694
2018-05-16,320.5596923828125,-0.02064746146742702
2018-05-17,313.9409484863281,-0.017002168808143203
2018-05-18,308.603271484375,-0.0037359409005576216
2018-05-21,307.4503479003906,0.005138699729307472
2018-05-22,309.0302429199219,-0.0139559323871703
2018-05-23,304.7174377441406,0.042320661401358706
2018-05-24,317.61328125,0.013578793552989188
2018-05-25,321.92608642578125,-0.004775106802868301
2018-05-28,320.38885498046875,0.010662378308829101
2018-05-29,323.8049621582031,-0.008835636520668655
2018-05-30,320.9439392089844,-0.005854122746403734
2018-05-31,319.0650939941406,0.027034205712509474
2018-06-01,327.6907653808594,-0.029710635475463154
2018-06-04,317.9548645019531,-0.02148800071409751
2018-06-05,311.1226501464844,0.042410067733105405
2018-06-06,324.3173828125,0.0005266658335867369
2018-06-07,324.4881896972656,-0.006316757280682261
2018-06-08,322.4384765625,0.029797370046974914
2018-06-11,332.0462951660156,-0.020961825902557907
2018-06-12,325.08599853515625,-0.01313532758477931
2018-06-13,320.8158874511719,0.0022627359156888183
2018-06-14,321.54180908203125,0.004648129197756923
2018-06-15,323.036376953125,-0.019431745439127734
2018-06-18,316.75921630859375,0.000808897019393573
2018-06-19,317.01544189453125,0.0018858367021366007
2018-06-20,317.61328125,-0.008604521024732859
2018-06-21,314.88037109375,0.015866543903857444
2018-06-22,319.8764343261719,-0.001067860008733268
2018-06-25,319.53485107421875,0.01616987812828352
2018-06-26,324.7016906738281,-0.011967302093784382
2018-06-27,320.8158874511719,0.006122809095271853
2018-06-28,322.7801818847656,0.010583196659197824
2018-06-29,326.19622802734375,-0.036392118178302235
2018-07-02,314.32525634765625,0.007335863477093252
2018-07-03,316.631103515625,-0.009035631314474823
2018-07-04,313.7701416015625,-0.010887389341368348
2018-07-05,310.35400390625,-0.0031644063530023026
2018-07-06,309.3719177246094,-0.00041420472643205475
2018-07-09,309.2437744140625,0.0157414662548232
2018-07-10,314.1117248535156,-0.015769450003609298
2018-07-11,309.1583557128906,0.00041449085292022403
2018-07-12,309.2864990234375,-0.008836176699852927
2018-07-13,306.5535888671875,-0.032177226258886416
2018-07-16,296.6895446777344,-0.013960818245526085
2018-07-17,292.5475158691406,-0.01678569718523415
2018-07-18,287.63690185546875,0.024346529113280946
2018-07-19,294.6398620605469,0.001159531791523838
2018-07-20,294.98150634765625,0.0392298577046819
2018-07-23,306.5535888671875,-0.005989657892546685
2018-07-24,304.7174377441406,-0.012612142176334662
2018-07-25,300.8742980957031,0.015185947447872605
2018-07-26,305.443359375,0.019712016503929286
2018-07-27,311.4642639160156,0.050863697561674304
2018-07-30,327.3064880371094,0.019178141455727715
2018-07-31,333.5836181640625,-0.015617058041502263
2018-08-01,328.3740234375,-0.023560244457331514
2018-08-02,320.637451171875,0.004021549023056625
2018-08-03,321.9269104003906,0.030040096119965387
2018-08-06,331.5976257324219,-0.009980589540144802
2018-08-07,328.2880859375,0.008902662218480684
2018-08-08,331.2107238769531,-0.047365488592996274
2018-08-09,315.52276611328125,0.007492080993901862
2018-08-10,317.8866882324219,0.0009464781441694825
2018-08-13,318.18756103515625,-0.008510152622628997
2018-08-14,315.479736328125,0.013624096021916055
2018-08-16,319.7778625488281,-0.001613020055101444
2018-08-17,319.2620544433594,-0.0022885646612237354
2018-08-20,318.5314025878906,-0.00620686463804021
2018-08-21,316.5543212890625,0.004480542091991779
2018-08-23,317.97265625,-0.002568399804670718
2018-08-24,317.1559753417969,0.027646105144186306
2018-08-27,325.9241027832031,-0.006198009135120475
2018-08-28,323.9040222167969,-0.005042357099846684
2018-08-29,322.2707824707031,0.021872377231841655
2018-08-30,329.3196105957031,0.001957716257172004
2018-08-31,329.9643249511719,-0.00013031489869241852
2018-09-03,329.92132568359375,-0.014199977763105331
2018-09-04,325.2364501953125,-0.01665132826665694
2018-09-05,319.8208312988281,0.0006719536819521643
2018-09-06,320.0357360839844,0.04646783696774581
2018-09-07,334.9071044921875,-0.003080123299699422
2018-09-10,333.87554931640625,-0.024974146363846206
2018-09-11,325.53729248046875,-0.005281326712918033
2018-09-12,323.8180236816406,0.018316972907685525
2018-09-14,329.7493896484375,-0.004040544077366981
2018-09-17,328.4170227050781,-0.02185582790018814
2018-09-18,321.23919677734375,-0.009767378409604954
2018-09-19,318.1015319824219,0.0012162841626619514
2018-09-21,318.4884338378906,-0.03859641255476476
2018-09-24,306.1959228515625,0.012071646898746957
2018-09-25,309.8922119140625,0.0022193011446693944
2018-09-26,310.5799560546875,-0.012455139409284666
2018-09-27,306.7116394042969,-0.05114908201494339
2018-09-28,291.02362060546875,-0.03485443248098674
2018-10-01,280.8801574707031,-0.025401784312509057
2018-10-03,273.74530029296875,-0.026063741194900514
2018-10-04,266.6104736328125,-0.03723994115581297
2018-10-05,256.6819152832031,-0.011386521836467267
2018-10-08,253.7592010498047,-0.021002728563411344
2018-10-09,248.4295654296875,0.02110732211868016
2018-10-10,253.67324829101562,-0.03303975463060149
2018-10-11,245.2919464111328,0.016471013289641068
2018-10-12,249.3321533203125,0.003620144438585715
2018-10-15,250.23477172851562,0.009962141265532853
2018-10-16,252.72764587402344,-0.018707390477637253
2018-10-17,247.99977111816406,-0.004159562042816534
2018-10-19,246.96820068359375,-0.005394892701454879
2018-10-22,245.63583374023438,0.0005248481332140731
2018-10-23,245.76475524902344,0.1047569236129724
2018-10-24,271.51031494140625,-0.06427111842955657
2018-10-25,254.06004333496094,0.008120502010831254
2018-10-26,256.1231384277344,-0.012921495648033687
2018-10-29,252.8136444091797,-0.005100494043025927
2018-10-30,251.524169921875,-0.0008541674148719869
2018-10-31,251.309326171875,0.003933500621257968
2018-11-01,252.2978515625,0.029131169369041476
2018-11-02,259.6475830078125,0.012184930840283048
2018-11-05,262.8113708496094,0.006101625873234706
2018-11-06,264.4149475097656,0.0039338212253454685
2018-11-07,265.4551086425781,-0.021224627470258106
2018-11-09,259.8209228515625,-0.011843226042576482
2018-11-12,256.7438049316406,0.004557956329629187
2018-11-13,257.9140319824219,0.012602754573335151
2018-11-14,261.1644592285156,0.010288697950194603
2018-11-15,263.85150146484375,0.09313412182395187
2018-11-16,288.4250793457031,0.012321511762688697
2018-11-19,291.9789123535156,-0.014546438931953953
2018-11-20,287.7316589355469,0.002259346265974793
2018-11-21,288.3817443847656,-0.01457772226039511
2018-11-22,284.17779541015625,0.02043613262888999
2018-11-26,289.98529052734375,-0.0191301249242547
2018-11-27,284.4378356933594,-0.042815809822241535
2018-11-28,272.2593994140625,0.009869531629354888
2018-11-29,274.94647216796875,-0.011664535200055615
2018-11-30,271.7393493652344,0.019936087453835682
2018-12-03,277.1567687988281,-0.0037529703399288294
2018-12-04,276.1166076660156,-0.018050487251636826
2018-12-05,271.132568359375,-0.028133129351974984
2018-12-06,263.5047607421875,-0.00016422445522190632
2018-12-07,263.46148681640625,-0.029610316379759527
2018-12-10,255.66030883789062,-0.01593474980593801
2018-12-11,251.58642578125,0.052712984401716456
2018-12-12,264.8482971191406,-0.008018160639526317
2018-12-13,262.7247009277344,0.053282724063281384
2018-12-14,276.723388671875,-0.012685946293602202
2018-12-17,273.212890625,0.008248516638667436
2018-12-18,275.46649169921875,0.015418624700686445
2018-12-19,279.71380615234375,-0.01905776145792848
2018-12-20,274.3830871582031,-0.027326149470831007
2018-12-21,266.88525390625,0.0038976382274540367
2018-12-24,267.92547607421875,0.03671932716904225
2018-12-26,277.7635192871094,-0.011702468370111019
2018-12-27,274.51300048828125,-0.000473250191601271
2018-12-28,274.3830871582031,-0.01279437125075844
2018-12-31,270.8725280761719,0.02239996593041127
2019-01-01,276.9400634765625,-0.021439767302142698
2019-01-02,271.0025329589844,0.002718854315511221
2019-01-03,271.7393493652344,0.028548502390122632
2019-01-04,279.4971008300781,0.0077532922475485044
2019-01-07,281.66412353515625,0.013232794160507932
2019-01-08,285.3913269042969,0.01594522409447774
2019-01-09,289.94195556640625,0.008370647664232678
2019-01-10,292.36895751953125,-0.006522207026760873
2019-01-11,290.4620666503906,-0.010444888825335896
2019-01-14,287.42822265625,0.018546367724278978
2019-01-15,292.75897216796875,-0.01125076434938932
2019-01-16,289.4652099609375,-0.0056893921854646035
2019-01-17,287.8183288574219,-0.06294226066565434
2019-01-18,269.702392578125,0.0006427078458333124
2019-01-21,269.875732421875,-0.020876850329877294
2019-01-22,264.2415771484375,-0.0037725202074960773
2019-01-23,263.2447204589844,-0.006749823759625406
2019-01-24,261.4678649902344,0.019393007219257186
2019-01-25,266.53851318359375,-0.007642146139414385
2019-01-28,264.5015869140625,0.008848198516058448
2019-01-29,266.8419494628906,-0.013480747727809939
2019-01-30,263.2447204589844,0.008890560320927277
2019-01-31,265.5851135253906,0.017787137843423784
2019-02-01,270.3091125488281,-0.01699533581131174
2019-02-04,265.7151184082031,0.005382365105221165
2019-02-05,267.1452941894531,0.001784592938143481
2019-02-06,267.6220397949219,0.007773473308839929
2019-02-07,269.702392578125,0.006748998145199581
2019-02-08,271.5226135253906,-0.003351933456315126
2019-02-11,270.61248779296875,-0.003042820749642239
2019-02-12,269.7890625,-0.033574429712159404
2019-02-14,260.7310485839844,0.012633030320232441
2019-02-15,264.0248718261719,-0.006729994693446817
2019-02-18,262.24798583984375,0.0038007331722629267
2019-02-19,263.2447204589844,0.01745165170937213
2019-02-20,267.8387756347656,0.0029125369550486724
2019-02-21,268.6188659667969,0.01274593128483037
2019-02-22,272.04266357421875,0.01083327518701993
2019-02-25,274.9897766113281,-0.005673595154294331
2019-02-26,273.4295959472656,0.014899091391146202
2019-02-27,277.5034484863281,-0.0065593832248662665
2019-02-28,275.6831970214844,-0.03269919246917086
2019-03-01,266.6685791015625,0.0006501341924580739
2019-03-05,266.8419494628906,0.005034837521159075
2019-03-06,268.1854553222656,-0.005656071910687177
2019-03-07,266.6685791015625,0.003412947020185797
2019-03-08,267.5787048339844,0.08130878822228826
2019-03-11,289.335205078125,0.05392442265194064
2019-03-12,304.93743896484375,-0.03993759125877305
2019-03-13,292.75897216796875,0.013767879208508305
2019-03-14,296.7896423339844,-0.013726808581784877
2019-03-15,292.7156677246094,-0.02087657598381598
2019-03-18,286.6047668457031,0.018448559410060072
2019-03-19,291.8922119140625,-0.008166153043203339
2019-03-20,289.5085754394531,-0.007335280848799974
2019-03-22,287.38494873046875,-0.01372364747696464
2019-03-25,283.44097900390625,0.00244665202522798
2019-03-26,284.13446044921875,-0.016168488155009153
2019-03-27,279.5404357910156,0.02310092127920349
2019-03-28,285.9980773925781,0.03288355171510471
2019-04-01,295.4027099609375,0.045921405456914366
2019-04-02,308.968017578125,-0.018095043748365347
2019-04-03,303.3772277832031,0.01942860246864897
2019-04-04,309.27142333984375,-0.0004202598605159702
2019-04-05,309.1414489746094,-0.004766658700188664
2019-04-08,307.6678771972656,-0.009437928928576311
2019-04-09,304.7641296386719,-0.032992203182873325
2019-04-10,294.70928955078125,0.01867654188646317
2019-04-11,300.21343994140625,-0.01270397424358527
2019-04-12,296.3995361328125,0.01681537660027055
2019-04-15,301.38360595703125,0.0030200274652891768
2019-04-16,302.2937927246094,-0.005161443120396125
2019-04-18,300.7335205078125,0.007061489871160509
2019-04-22,302.8571472167969,-0.013439408594679847
2019-04-23,298.78692626953125,0.02527646274762141
2019-04-24,306.3392028808594,0.012326706895303019
2019-04-25,310.1153564453125,-0.009284619154367402
2019-04-26,307.2360534667969,-0.015824368108462994
2019-04-30,302.3742370605469,0.012176178536583704
2019-05-02,306.0559997558594,0.02236279897890525
2019-05-03,312.9002685546875,0.006033873019675173
2019-05-06,314.78826904296875,-0.025490883066979664
2019-05-07,306.7640380859375,-0.0013848924656517658
2019-05-08,306.3392028808594,-0.027888978845945656
2019-05-09,297.79571533203125,0.0274211250675076
2019-05-10,305.96160888671875,-0.016815899059920758
2019-05-13,300.81658935546875,0.05633144969371506
2019-05-14,317.76202392578125,-0.01589418258530717
2019-05-15,312.7114562988281,-0.018264301431189733
2019-05-16,307.0,0.009994059509873754
2019-05-17,310.06817626953125,0.035469573086028605
2019-05-20,321.066162109375,-0.027785994386683166
2019-05-21,312.14501953125,0.013609502513010963
2019-05-22,316.3931579589844,0.010890593370423973
2019-05-23,319.8388671875,0.04250301512907795
2019-05-24,333.4329833984375,-0.010475628074566035
2019-05-27,329.9400634765625,-0.011158790899595927
2019-05-28,326.2583312988281,-0.01967601589137158
2019-05-29,319.8388671875,0.02331763430682554
2019-05-30,327.2967529296875,0.006057142004650906
2019-05-31,329.27923583984375,0.01132456123928649
2019-06-03,333.0081787109375,-0.0009923009615459
2019-06-04,332.677734375,0.003972871203715034
2019-06-06,333.9994201660156,0.009327339329469275
2019-06-07,337.11474609375,0.017782071114162523
2019-06-10,343.1093444824219,-0.000550208676379893
2019-06-11,342.9205627441406,-0.009222359241995548
2019-06-12,339.7580261230469,0.010697561911944264
2019-06-13,343.3926086425781,-0.028728643567544343
2019-06-14,333.52740478515625,-0.026323205745873435
2019-06-17,324.7478942871094,0.0033430943229981747
2019-06-18,325.83355712890625,-0.011734102194697837
2019-06-19,322.01019287109375,0.02184117524970075
2019-06-20,329.04327392578125,-0.01362815558022612
2019-06-21,324.55902099609375,0.003781422923042843
2019-06-24,325.78631591796875,0.010142134705264372
2019-06-25,329.0904846191406,-0.008749367212564696
2019-06-26,326.2111511230469,0.008971225115388837
2019-06-27,329.1376647949219,-0.0057364812446853986
2019-06-28,327.24957275390625,0.005336783013161872
2019-07-01,328.99603271484375,0.01463405086683034
2019-07-02,333.8105773925781,-0.0011311624607286408
2019-07-03,333.4329833984375,0.02703870022255317
2019-07-04,342.4485778808594,0.0056511000676835454
2019-07-05,344.3837890625,-0.02302625982208939
2019-07-08,336.45391845703125,0.01655440283387044
2019-07-09,342.0237121582031,-0.010350452240044605
2019-07-10,338.4836120605469,0.00613590798157615
2019-07-11,340.5605163574219,-0.012890019048366619
2019-07-12,336.1706848144531,-0.015445129339273111
2019-07-15,330.9784851074219,0.0004279192952139077
2019-07-16,331.1201171875,-0.012829599312230378
2019-07-17,326.8719787597656,-0.010830327606136558
2019-07-18,323.33184814453125,-0.0074453479576755965
2019-07-19,320.9245300292969,0.0076481151914857826
2019-07-22,323.3789978027344,0.003065451055789037
2019-07-23,324.37030029296875,-0.013678847029899188
2019-07-24,319.93328857421875,0.0002951283598513488
2019-07-25,320.0277099609375,-0.012094404056655517
2019-07-26,316.15716552734375,-0.001045093562273891
2019-07-29,315.8267517089844,0.03347788498823712
2019-07-30,326.39996337890625,-0.023572026821812697
2019-07-31,318.7060546875,-0.0405806177322241
2019-08-01,305.77276611328125,0.0606670231692763
2019-08-02,324.3230895996094,0.04118761102766344
2019-08-05,337.6811828613281,0.03005312993413467
2019-08-06,347.8295593261719,-0.0063782284094858754
2019-08-07,345.61102294921875,0.01652558917974445
2019-08-08,351.32244873046875,-0.0026870778258835104
2019-08-09,350.37841796875,-0.05253945580601327
2019-08-13,331.9697265625,0.02715778953158976
2019-08-14,340.98529052734375,0.000968997278000927
2019-08-16,341.3157043457031,-0.001521248707890832
2019-08-19,340.7964782714844,-0.008171685358727143
2019-08-20,338.0115966796875,-0.008797699234125322
2019-08-21,335.0378723144531,-0.006058101997527765
2019-08-22,333.0081787109375,0.010347312667911224
2019-08-23,336.45391845703125,0.011924800919226541
2019-08-26,340.466064453125,-0.03424368738567096
2019-08-27,328.8072509765625,-0.0071777839900593055
2019-08-28,326.4471435546875,-0.006651104700187482
2019-08-29,324.2759094238281,0.009606834186706381
2019-08-30,327.39117431640625,-0.02869083890553592
2019-09-03,317.998046875,0.026272821146700265
2019-09-04,326.3527526855469,0.005785339660538069
2019-09-05,328.2408142089844,0.004457782990471726
2019-09-06,329.70404052734375,0.02061581996312012
2019-09-09,336.50115966796875,-0.0037874315170676187
2019-09-11,335.2266845703125,-0.021261830537507187
2019-09-12,328.0991516113281,-0.012947541533452234
2019-09-13,323.85107421875,0.002769236046299417
2019-09-16,324.7478942871094,-0.012063895342493969
2019-09-17,320.8301696777344,-0.012505608552032421
2019-09-18,316.8179931640625,0.005959451685749961
2019-09-19,318.7060546875,0.05568725008043396
2019-09-20,336.45391845703125,-0.023569055635949132
2019-09-23,328.5240173339844,0.0018678922348427385
2019-09-24,329.1376647949219,-0.02007754527670047
2019-09-25,322.5293884277344,0.007024742911649007
2019-09-26,324.7950744628906,0.014678162922929339
2019-09-27,329.5624694824219,0.05141788165183714
2019-09-30,346.50787353515625,-0.04386328787946847
2019-10-01,331.30889892578125,-0.017238882753195628
2019-10-03,325.5975036621094,-0.015656593632930926
2019-10-04,320.499755859375,0.006038200228982049
2019-10-07,322.43499755859375,0.052261737439130096
2019-10-09,339.2860107421875,0.04966610072349331
2019-10-10,356.13702392578125,0.014976823276433127
2019-10-11,361.4708251953125,0.027814184195498415
2019-10-14,371.52484130859375,-0.025155809953010144
2019-10-15,362.1788330078125,0.004170501949969818
2019-10-16,363.6893005371094,0.0015574743792066137
2019-10-17,364.2557373046875,-0.006090349710437315
2019-10-18,362.03729248046875,-0.02451126749712007
2019-10-22,353.1632995605469,-0.036754949576386364
2019-10-23,340.18280029296875,0.03330109777332413
2019-10-24,351.5112609863281,0.007519845991442731
2019-10-25,354.1545715332031,-0.00546448464132121
2019-10-27,352.21929931640625,-0.03537930266042899
2019-10-29,339.7580261230469,0.022367351822132564
2019-10-30,347.3575134277344,0.01712189310143697
2019-10-31,353.304931640625,-0.003206417222419211
2019-11-01,352.1720886230469,0.013268919560051051
2019-11-04,356.84503173828125,0.015740738681913058
2019-11-05,362.4620361328125,-0.03255619442903668
2019-11-06,350.6616516113281,0.0008075379960159612
2019-11-07,350.94482421875,-0.006993885089775831
2019-11-08,348.4903564453125,0.006365959059601689
2019-11-11,350.7088317871094,-0.007806281694256345
2019-11-13,347.9710998535156,-0.0165490049083884
2019-11-14,342.2125244140625,0.08427581815684859
2019-11-15,371.0527648925781,0.04108891302715434
2019-11-18,386.2989196777344,0.07368036780459963
2019-11-19,414.7615661621094,-0.004665913761311202
2019-11-20,412.8263244628906,-0.025154402223678818
2019-11-21,402.4419250488281,-0.01325359247519775
2019-11-22,397.1081237792969,0.07310113038762367
2019-11-25,426.1371765136719,-0.04220196376838947
2019-11-26,408.1533508300781,0.0023128567785142273
2019-11-27,409.09735107421875,0.007615195838184041
2019-11-28,412.21270751953125,0.013282880936400288
2019-11-29,417.6880798339844,0.03650136558552064
2019-12-02,432.93426513671875,0.001090199832374461
2019-12-03,433.40625,0.005009838150731749
2019-12-04,435.5775451660156,-0.030450840590331207
2019-12-05,422.3138427734375,-0.005588443155918554
2019-12-06,419.9537658691406,0.002247794408055448
2019-12-09,420.8977355957031,0.0025794706589199468
2019-12-10,421.9834289550781,-0.009507683680547108
2019-12-11,417.9713439941406,-0.00926038353295855
2019-12-12,414.10076904296875,-0.024735110714266262
2019-12-13,403.8579406738281,-0.01390821572061518
2019-12-16,398.2409973144531,0.04290611768472519
2019-12-17,415.3279724121094,-0.003750330560337134
2019-12-18,413.7703552246094,0.025439160457182863
2019-12-19,424.29632568359375,0.009678608208012252
2019-12-20,428.4029235839844,0.0022034623822482224
2019-12-23,429.3468933105469,0.005167164113542011
2019-12-24,431.5653991699219,-0.020999700527559395
2019-12-26,422.5026550292969,0.016869577791779333
2019-12-27,429.6300964355469,0.011865576644152442
2019-12-30,434.7279052734375,-0.010206340902779387
2019-12-31,430.2909240722656,-0.0054847691519572805
2020-01-01,427.9308776855469,0.004191496215458557
2020-01-02,429.72454833984375,-0.00021979638971469928
2020-01-03,429.6300964355469,-0.011975321419004925
2020-01-06,424.4851379394531,-0.01011903422466709
2020-01-07,420.18975830078125,0.030891920837128772
2020-01-08,433.17022705078125,0.00272422626774671
2020-01-09,434.35028076171875,-0.0067376810871234705
2020-01-10,431.42376708984375,0.02603945392814011
2020-01-13,442.6578063964844,0.0009597372935463699
2020-01-14,443.0826416015625,-0.0031959651026672864
2020-01-15,441.66656494140625,0.012931533049162836
2020-01-16,447.37799072265625,0.055180323829671085
2020-01-17,472.064453125,0.01729832445168955
2020-01-20,480.2303771972656,0.005995733782811152
2020-01-21,483.1097106933594,0.005373600987306881
2020-01-22,485.70574951171875,0.01778430554262278
2020-01-23,494.34368896484375,0.0011458976776712593
2020-01-24,494.91015625,-0.018788798274623764
2020-01-27,485.61138916015625,-0.045003888134835246
2020-01-28,463.7569885253906,-0.002035746781686054
2020-01-29,462.8128967285156,-0.0009178097086846027
2020-01-30,462.38812255859375,0.013576975110243028
2020-01-31,468.66595458984375,0.02739449508069347
2020-02-03,481.50482177734375,0.017351240180124794
2020-02-04,489.8595275878906,0.02784717672258985
2020-02-05,503.500732421875,0.02521821097307475
2020-02-06,516.1981201171875,-0.013442031170372903
2020-02-07,509.2593688964844,-0.0013902695870557924
2020-02-10,508.5513610839844,-0.008167683426476002
2020-02-11,504.3976745605469,0.00991940817406567
2020-02-12,509.4010009765625,0.0006488117817988748
2020-02-13,509.73150634765625,0.046393191306745685
2020-02-14,533.3795776367188,-0.0002655943414330286
2020-02-17,533.2379150390625,-0.0293881923912932
2020-02-18,517.5670166015625,-0.00884641627921734
2020-02-19,512.9884033203125,0.00404851893001168
2020-02-20,515.0652465820312,-0.02877561566895126
2020-02-24,500.2439270019531,0.010096148772147373
2020-02-25,505.2944641113281,0.0013079277902585673
2020-02-26,505.9553527832031,-0.008023212294723248
2020-02-27,501.8959655761719,-0.015329566651163473
2020-02-28,494.2021179199219,-0.00983770856084798
2020-03-02,489.3403015136719,0.0047265608848507945
2020-03-03,491.6531982421875,-0.007776547109796472
2020-03-04,487.829833984375,0.01964203406048881
2020-03-05,497.41180419921875,-0.014708706383568804
2020-03-06,490.09552001953125,-0.044110477008863946
2020-03-09,468.4771728515625,-0.004937118348830594
2020-03-11,466.16424560546875,-0.05842443374159667
2020-03-12,438.9288635253906,0.05785568769853988
2020-03-13,464.3233947753906,-0.054996438042611895
2020-03-16,438.7872619628906,-0.021729730624478805
2020-03-17,429.2525329589844,-0.06410821977673853
2020-03-18,401.7339172363281,0.045118066924404676
2020-03-19,419.859375,0.04024726936102119
2020-03-20,436.757568359375,-0.11952873151369037
2020-03-23,384.552490234375,-0.00810125151813157
2020-03-24,381.4371337890625,0.061997297049059874
2020-03-25,405.085205078125,0.0969472116266048
2020-03-26,444.3570861816406,-0.04620782815762958
2020-03-27,423.8243103027344,-0.03987082257004759
2020-03-30,406.92608642578125,0.022851243505962238
2020-03-31,416.224853515625,-0.044341182280977276
2020-04-01,397.7689514160156,0.006170586630001695
2020-04-03,400.2234191894531,0.10909319524517902
2020-04-07,443.88507080078125,-0.01818383571351867
2020-04-08,435.81353759765625,0.058594170693419434
2020-04-09,461.34967041015625,0.048086833899718684
2020-04-13,483.5345153808594,-0.0033189520702473496
2020-04-15,481.9296875,-0.019686709720038276
2020-04-16,472.44207763671875,0.003996322713895051
2020-04-17,474.3301086425781,-0.024181474065661956
2020-04-20,462.860107421875,0.02080365266697437
2020-04-21,472.4892883300781,0.0017982204328503837
2020-04-22,473.33892822265625,-0.0107698913694515
2020-04-23,468.2411193847656,-0.0035281140170073666
2020-04-24,466.589111328125,-0.00040473034807853026
2020-04-27,466.4002685546875,-0.017002351108460045
2020-04-28,458.4703674316406,0.02131163243517986
2020-04-29,468.2411193847656,0.03689519709710898
2020-04-30,485.5169677734375,0.035387965117521514
2020-05-04,502.69842529296875,-0.008356937431544642
2020-05-05,498.4974060058594,0.03399308578887861
2020-05-06,515.44287109375,-0.0328755445815615
2020-05-07,498.4974060058594,0.0037876888694374777
2020-05-08,500.38555908203125,0.011602503294273703
2020-05-11,506.1912841796875,0.04410679865213929
2020-05-12,528.5177612304688,-0.006966204289408973
2020-05-13,524.8359985351562,-0.028959299855691012
2020-05-14,509.6371154785156,0.026396082010377464
2020-05-15,523.0895385742188,-0.02896590889069328
2020-05-18,507.9377746582031,0.11290766310354328
2020-05-19,565.287841796875,-0.007932365589122359
2020-05-20,560.8037719726562,0.0008416221267930624
2020-05-21,561.2757568359375,-0.002270675478379447
2020-05-22,560.0012817382812,-0.05723188107414223
2020-05-26,527.9513549804688,0.00688419766345616
2020-05-27,531.5858764648438,-0.0006213902216922751
2020-05-28,531.2555541992188,-0.01803669102264671
2020-05-29,521.6734619140625,0.011672031840514796
2020-06-01,527.762451171875,-0.0016992295469107077
2020-06-02,526.8656616210938,-0.01155712117247032
2020-06-03,520.776611328125,0.037705200081946444
2020-06-04,540.41259765625,0.020787836622950584
2020-06-05,551.6466064453125,0.0013689706044734962
2020-06-08,552.4017944335938,-0.029650459955421482
2020-06-09,536.0228271484375,-0.0012328348780111797
2020-06-10,535.3619995117188,-0.026891235133025382
2020-06-11,520.9654541015625,0.014949801405846452
2020-06-12,528.7537841796875,-0.016782787504983743
2020-06-15,519.8798217773438,-0.01053217231718706
2020-06-16,514.4043579101562,0.034042948025279074
2020-06-17,531.9161987304688,-0.004525460087677291
2020-06-18,529.509033203125,0.020680824890761063
2020-06-19,540.459716796875,0.014934795365093123
2020-06-22,548.5313720703125,-0.003872534281770257
2020-06-23,546.4071655273438,-0.0370593817143795
2020-06-24,526.1576538085938,0.0029604781216827636
2020-06-25,527.71533203125,0.002504369606231238
2020-06-26,529.0369262695312,0.011955825629769157
2020-06-29,535.3619995117188,-0.012784318437790376
2020-06-30,528.5177612304688,0.0005358441017018212
2020-07-01,528.8009643554688,-0.0030349006651181343
2020-07-02,527.1961059570312,0.04118537354381968
2020-07-03,548.9088745117188,-0.008341188234871622
2020-07-06,544.330322265625,-0.016389095330638925
2020-07-07,535.4092407226562,-0.010314808977735734
2020-07-08,529.8865966796875,0.013094497343941747
2020-07-09,536.8251953125,0.010639379198812415
2020-07-10,542.5366821289062,0.02105441144093878
2020-07-13,553.95947265625,0.004345602370717128
2020-07-14,556.3667602539062,-0.04369222006484985
2020-07-15,532.057861328125,-0.0015079321014137559
2020-07-16,531.2555541992188,0.0071078071219614625
2020-07-17,535.0316162109375,0.015879952881362236
2020-07-20,543.5278930664062,-0.013894863888479936
2020-07-21,535.9756469726562,0.002465886800832484
2020-07-22,537.2973022460938,-0.003426301183938052
2020-07-23,535.4563598632812,-0.013663642321020464
2020-07-24,528.1400756835938,8.956382647640204e-05
2020-07-27,528.1873779296875,0.00911516321921102
2020-07-28,533.0018920898438,0.0028338304875363818
2020-07-29,534.5123291015625,-0.023843242039634838
2020-07-30,521.767822265625,0.0038902076165530097
2020-07-31,523.797607421875,-0.013517286381803606
2020-08-03,516.71728515625,0.003014683856262801
2020-08-04,518.2750244140625,0.018123710315520958
2020-08-05,527.6680908203125,-0.002962529758895993
2020-08-06,526.1048583984375,0.009904634754194452
2020-08-07,531.3157348632812,-0.003477166255967612
2020-08-10,529.46826171875,-0.013867972639855508
2020-08-11,522.1256103515625,-0.006169380207343367
2020-08-12,518.9044189453125,-0.022548822416143532
2020-08-13,507.2037353515625,-0.012608564642276665
2020-08-14,500.8086242675781,-0.013620915929602906
2020-08-17,493.9871520996094,0.00939786696349798
2020-08-18,498.62957763671875,0.01814525334146433
2020-08-19,507.6773376464844,-0.01922164258744108
2020-08-20,497.9189453125,-0.010084636936154134
2020-08-21,492.8976135253906,0.012782339270059895
2020-08-24,499.197998046875,0.0033213675255476804
2020-08-25,500.85601806640625,-0.02676643076276275
2020-08-26,487.44989013671875,-0.006511148544290246
2020-08-27,484.2760314941406,0.02406344743951916
2020-08-28,495.92938232421875,-0.019772668281949235
2020-08-31,486.12353515625,0.06460737499008107
2020-09-01,517.5307006835938,0.007871829765534022
2020-09-02,521.6046142578125,-0.022795422871833115
2020-09-03,509.71441650390625,-0.027602269911932042
2020-09-04,495.6451416015625,-0.014718526226348838
2020-09-07,488.3499755859375,-0.03365982487964814
2020-09-08,471.9122009277344,0.012346915686425097
2020-09-09,477.7388610839844,-0.01368381978731159
2020-09-10,471.2015686035156,-0.011460633653432195
2020-09-11,465.8013000488281,-0.03569616343748827
2020-09-14,449.1739807128906,0.024151048205687253
2020-09-15,460.0220031738281,-0.007826190272907652
2020-09-16,456.4217834472656,-0.005708333408553812
2020-09-17,453.8163757324219,0.03246339855238389
2020-09-18,468.5487976074219,-0.054190643158225416
2020-09-21,443.1578369140625,0.00684128440543863
2020-09-22,446.1896057128906,-0.07888314279009523
2020-09-23,410.9927673339844,-0.033425578234747566
2020-09-24,397.2550964355469,0.04853342736237409
2020-09-25,416.5352478027344,0.009098011162260944
2020-09-28,420.32489013671875,-0.018144940255739983
2020-09-29,412.6981201171875,-0.03363175179534683
2020-09-30,398.818359375,0.027081649893484272
2020-10-01,409.6190185546875,-0.018272371043143165
2020-10-05,402.1343078613281,0.0054189312898544895
2020-10-06,404.3134460449219,-0.01007620234164619
2020-10-07,400.239501953125,0.004734180157022649
2020-10-08,402.1343078613281,0.0017670758071346437
2020-10-09,402.84490966796875,-0.023871130786576322
2020-10-12,393.2285461425781,0.0006023136574175858
2020-10-13,393.46539306640625,-0.004936138581070781
2020-10-14,391.523193359375,-0.0339987771867063
2020-10-15,378.2118835449219,0.006137213274293618
2020-10-16,380.5330505371094,-0.009834467945973313
2020-10-19,376.79071044921875,0.01835554470603351
2020-10-20,383.7069091796875,0.03456799117622822
2020-10-21,396.97088623046875,0.027804321390731968
2020-10-22,408.0083923339844,0.008707652776043906
2020-10-23,411.5611877441406,-0.0008055739428862729
2020-10-26,411.2296447753906,-0.0016127436731239175
2020-10-27,410.5664367675781,0.04269063951742913
2020-10-28,428.0937805175781,-0.002323675376362244
2020-10-29,427.0990295410156,-0.03782180451971284
2020-10-30,410.94537353515625,0.054524635563511836
2020-11-02,433.3520202636719,-0.006121585661600926
2020-11-03,430.69921875,-0.003409585612058841
2020-11-04,429.230712890625,0.009380853168339698
2020-11-05,433.25726318359375,-0.016181969481665615
2020-11-06,426.2463073730469,0.0486774802092238
2020-11-09,446.9949035644531,-0.011445519459820419
2020-11-10,441.8788146972656,0.02615783641476188
2020-11-11,453.4374084472656,0.00261174996737501
2020-11-12,454.6216735839844,-0.008544380250496642
2020-11-13,450.7372131347656,0.012086183950081208
2020-11-14,456.1849060058594,0.0063343797645574185
2020-11-17,459.0745544433594,-0.012692187140093125
2020-11-18,453.2478942871094,-0.020589445467611878
2020-11-19,443.915771484375,0.03233380300822919
2020-11-20,458.2692565917969,-0.013334738892051723
2020-11-23,452.1583557128906,-0.006285971723757444
2020-11-24,449.31610107421875,-0.021402223295359235
2020-11-25,439.6997375488281,0.00926528661242254
2020-11-26,443.773681640625,-0.010994819268557943
2020-11-27,438.89447021484375,0.034970219780785294
2020-12-01,454.2427062988281,0.011367165783484623
2020-12-02,459.4061584472656,-0.010311402002189385
2020-12-03,454.6690368652344,0.02886030528382033
2020-12-04,467.7909240722656,0.030784731233624907
2020-12-07,482.1917419433594,-0.010511846522939572
2020-12-08,477.1230163574219,-0.0010920813103594273
2020-12-09,476.6019592285156,0.004174475051470283
2020-12-10,478.5915222167969,-0.001484713489639744
2020-12-11,477.8809509277344,-0.002676381422477281
2020-12-14,476.6019592285156,0.002285991560765366
2020-12-15,477.69146728515625,0.023800047454180406
2020-12-16,489.060546875,-0.002130911565142002
2020-12-17,488.0184020996094,-0.008639150562737341
2020-12-18,483.8023376464844,-0.038676207095901916
2020-12-21,465.0906982421875,0.019148572068987457
2020-12-22,473.99652099609375,0.013791664364954714
2020-12-23,480.5337219238281,0.01991333870057832
2020-12-24,490.1027526855469,0.008312366237274826
2020-12-28,494.1766662597656,-0.0025882499553361304
2020-12-29,492.8976135253906,-0.007880804907651529
2020-12-30,489.01318359375,-0.012496330500579633
2020-12-31,482.9023132324219,0.01069253968545869
2021-01-01,488.0657653808594,0.0037852954982195985
2021-01-04,489.9132385253906,-0.00599502525216189
2021-01-05,486.9761962890625,0.021984509096688143
2021-01-06,497.68212890625,0.0379781810796731
2021-01-07,516.5831909179688,-0.009169985841887773
2021-01-08,511.84613037109375,0.012771987698195764
2021-01-11,518.3834228515625,0.033994160500749215
2021-01-12,536.0054321289062,0.02209450264424162
2021-01-13,547.8482055664062,0.003977631324612707
2021-01-14,550.02734375,0.03806728802545334
2021-01-15,570.9653930664062,-0.02605161877503892
2021-01-18,556.0908203125,0.009115033796539329
2021-01-19,561.1596069335938,0.006499972427787215
2021-01-20,564.80712890625,-0.02482590935615636
2021-01-21,550.7852783203125,-0.007740634875675778
2021-01-22,546.5218505859375,0.006760839086490389
2021-01-25,550.216796875,-0.017133028174263654
2021-01-27,540.7899169921875,0.00017527619261725746
2021-01-28,540.8847045898438,-0.030303136307240464
2021-01-29,524.4942016601562,0.046152514170029635
2021-02-01,548.700927734375,0.03487863512851508
2021-02-02,567.8388671875,0.01585053408018
2021-02-03,576.8394165039062,-0.013550085033896653
2021-02-04,569.023193359375,-0.032467556148982335
2021-02-05,550.5484008789062,0.027878253051350832
2021-02-08,565.896728515625,0.002762398761299467
2021-02-09,567.4599609375,-0.014609029064894807
2021-02-10,559.169921875,0.013385341169073861
2021-02-11,566.6546020507812,-0.019812756669516318
2021-02-12,555.4276123046875,0.01270795591181928
2021-02-15,562.4859619140625,0.00042101745160749715
2021-02-16,562.7227783203125,-0.00016822764421642322
2021-02-17,562.6281127929688,-0.00808290299333947
2021-02-18,558.0804443359375,-0.013071889706340767
2021-02-19,550.7852783203125,-0.019007507258922973
2021-02-22,540.3162231445312,-0.008328908050242334
2021-02-23,535.8159790039062,0.013084576734725628
2021-02-24,542.826904296875,0.010821172257680534
2021-02-25,548.700927734375,-0.03945431748194306
2021-02-26,527.0523071289062,-0.04332203272062973
2021-03-01,504.2193298339844,0.01691118629722488
2021-03-02,512.7462768554688,0.00942334898852315
2021-03-03,517.5780639648438,-0.012264447200996176
2021-03-04,511.2302551269531,-0.012601963241030467
2021-03-05,504.7877502441406,-0.013325586871560935
2021-03-08,498.0611572265625,-0.007514000211268468
2021-03-09,494.3187255859375,0.007858271932127181
2021-03-10,498.2032165527344,-0.003137924290065097
2021-03-12,496.639892578125,-0.0025751670036480157
2021-03-15,495.3609619140625,0.012336135290390793
2021-03-16,501.4718017578125,-0.01209142180841205
2021-03-17,495.4082946777344,0.008223407107963432
2021-03-18,499.48223876953125,0.005216216939489371
2021-03-19,502.087646484375,-0.0036795829522341394
2021-03-22,500.24017333984375,0.0023673931040204543
2021-03-23,501.4244384765625,-0.010581001049500327
2021-03-24,496.1188659667969,-0.03036380478522771
2021-03-25,481.0548095703125,0.029049804849318628
2021-03-26,495.02935791015625,-0.0019139243265663408
2021-03-30,494.0819091796875,-0.008053637302258498
2021-03-31,490.1027526855469,0.006765823020087547
2021-04-01,493.418701171875,0.014304928197965028
2021-04-05,500.4770202636719,0.0074774853165904265
2021-04-06,504.2193298339844,0.017662536339613233
2021-04-07,513.1251220703125,0.002584856837874794
2021-04-08,514.4514770507812,0.00414366361509555
2021-04-09,516.5831909179688,-0.04181558205224456
2021-04-12,494.9819641113281,0.02622258334977956
2021-04-13,507.961669921875,0.005968559235724591
2021-04-15,510.99346923828125,0.002595759232700612
2021-04-16,512.3198852539062,-0.026444959874784457
2021-04-19,498.7716064453125,0.007123335479719772
2021-04-20,502.32452392578125,0.001225807509885879
2021-04-22,502.9402770996094,-0.01554111694371485
2021-04-23,495.1240234375,0.009471885989739803
2021-04-26,499.81378173828125,0.01279510960441943
2021-04-27,506.2089538574219,0.018716132161323173
2021-04-28,515.6832275390625,-0.006338536107546533
2021-04-29,512.41455078125,-0.007580639397765432
2021-04-30,508.5301208496094,0.04117384597427365
2021-05-03,529.46826171875,-0.011452126663783257
2021-05-04,523.4047241210938,0.013575826751278663
2021-05-05,530.5103759765625,-0.002143149205200867
2021-05-06,529.3734130859375,0.01744973685770068
2021-05-07,538.61083984375,0.007124062280443377
2021-05-10,542.4479370117188,-0.007248184437703142
2021-05-11,538.5161743164062,-0.011699583669998903
2021-05-12,532.2157592773438,-0.0024033744721653205
2021-05-14,530.9366455078125,-0.019182615297212324
2021-05-17,520.7518920898438,-0.024197084411285097
2021-05-18,508.1512145996094,-0.015195333353071772
2021-05-19,500.4296875,-0.014293929533213623
2021-05-20,493.2765808105469,0.019782924527058654
2021-05-21,503.0350341796875,-0.00781614191008051
2021-05-24,499.1032409667969,-0.0013288603858910841
2021-05-25,498.44000244140625,-0.0006651612373125282
2021-05-26,498.10845947265625,-0.01131716678660688
2021-05-27,492.4712829589844,0.007310455113956893
2021-05-28,496.07147216796875,0.021581554781926027
2021-05-31,506.7774658203125,-0.0037392921774934695
2021-06-01,504.8824768066406,-0.006380081611514599
2021-06-02,501.6612854003906,0.004816029650507536
2021-06-03,504.0773010253906,0.0012215451332078242
2021-06-04,504.69305419921875,0.007039698552079088
2021-06-07,508.2459411621094,0.01929344802630295
2021-06-08,518.0517578125,-0.012436084432170591
2021-06-09,511.6092224121094,0.009537048453417185
2021-06-10,516.4884643554688,-0.007887714548092783
2021-06-11,512.41455078125,-0.002773304428615675
2021-06-14,510.99346923828125,0.005840219385371714
2021-06-15,513.977783203125,-0.010599023015286035
2021-06-16,508.5301208496094,-0.015090753661517353
2021-06-17,500.85601806640625,0.019105108746317434
2021-06-18,510.4249267578125,0.001577760659644989
2021-06-21,511.2302551269531,-0.005930219765493017
2021-06-22,508.19854736328125,-0.004381224609896872
2021-06-23,505.9720153808594,-0.009924069151831638
2021-06-24,500.9507141113281,0.012009574324406191
2021-06-25,506.9669189453125,-0.007288458449923763
2021-06-28,503.27191162109375,-0.011765840889579104
2021-06-29,497.3504943847656,0.0013334821525268215
2021-06-30,498.0137023925781,-0.005707242878248087
2021-07-01,495.1714172363281,0.004496302395872842
2021-07-02,497.3978576660156,-0.0019999714088205778
2021-07-05,496.403076171875,0.004103371569006864
2021-07-06,498.44000244140625,0.0066527756705767604
2021-07-07,501.7560119628906,-0.00811925110912659
2021-07-08,497.68212890625,0.020845167980864332
2021-07-09,508.056396484375,-0.01230749029672773
2021-07-12,501.8034973144531,0.0007551497141931041
2021-07-13,502.18243408203125,0.0
2021-07-14,502.18243408203125,-0.008678671477536315
2021-07-15,497.82415771484375,0.029879170231884356
2021-07-16,512.69873046875,-0.004989252452602733
2021-07-19,510.1407470703125,-0.023586211583286554
2021-07-20,498.10845947265625,0.03984776882368335
2021-07-22,517.9569702148438,0.0029267492532294437
2021-07-23,519.472900390625,-0.007751340493598713
2021-07-26,515.4462890625,-0.006433219278651481
2021-07-27,512.1303100585938,0.05059659198237876
2021-07-28,538.0423583984375,-0.0013205470588248946
2021-07-29,537.3318481445312,-0.00969768771912094
2021-07-30,532.1209716796875,0.006231740930253471
2021-08-02,535.43701171875,0.026630075462234615
2021-08-03,549.6957397460938,-0.009996430242893428
2021-08-04,544.2007446289062,0.04230497684828216
2021-08-05,567.22314453125,0.015366415505912556
2021-08-06,575.9393310546875,-0.014229259902566627
2021-08-09,567.744140625,0.03829800729311805
2021-08-10,589.4876098632812,-0.0021698738839106557
2021-08-11,588.20849609375,0.0037045999214710967
2021-08-12,590.3875732421875,0.02230611057065568
2021-08-13,603.5568237304688,-0.004709225452348309
2021-08-16,600.7145385742188,-0.012144147589535415
2021-08-17,593.4193725585938,-0.0054282899924844585
2021-08-18,590.1981201171875,-0.014848591584981086
2021-08-20,581.4345092773438,0.014583534313652002
2021-08-23,589.9138793945312,-0.004095332622394143
2021-08-24,587.4979858398438,-0.01233672780003503
2021-08-25,580.2501831054688,-0.04171763446847998
2021-08-26,556.0435180664062,0.014056855067228424
2021-08-27,563.8597412109375,0.042510303327091936
2021-08-30,587.82958984375,0.07027151905305784
2021-08-31,629.1372680664062,0.0035389756383161775
2021-09-01,631.36376953125,0.0001501315124980973
2021-09-02,631.4585571289062,-0.012078021484431822
2021-09-03,623.831787109375,-0.005847257471484735
2021-09-06,620.18408203125,0.02436597390675188
2021-09-07,635.2954711914062,-0.004026446770729164
2021-09-08,632.7374877929688,0.027401299787561673
2021-09-09,650.0753173828125,0.010420498526218624
2021-09-13,656.8494262695312,0.0012981074485443056
2021-09-14,657.7020874023438,0.04508801256446038
2021-09-15,687.3565673828125,-0.009510684491171317
2021-09-16,680.8193359375,0.013289561635150715
2021-09-17,689.8671264648438,-0.004394669879090873
2021-09-20,686.8353881835938,0.0023450404070484154
2021-09-21,688.446044921875,0.00013768340795250467
2021-09-22,688.5408325195312,6.878790481712471e-05
2021-09-23,688.5881958007812,0.017336196107918367
2021-09-24,700.5256958007812,-0.0044416803682153505
2021-09-27,697.4141845703125,-0.036537208371395624
2021-09-28,671.9326171875,-0.0029448782735201906
2021-09-29,669.953857421875,-0.008355923970101986
2021-09-30,664.3557739257812,-0.018015481214408546
2021-10-01,652.3870849609375,0.008137277557347833
2021-10-04,657.6957397460938,0.026196102392357812
2021-10-05,674.9248046875,-0.011226294017128602
2021-10-06,667.347900390625,0.0015909341174928926
2021-10-07,668.4096069335938,0.0043322102015455055
2021-10-08,671.3052978515625,-0.00668590172662753
2021-10-11,666.8170166015625,-0.006513789767261358
2021-10-12,662.4735107421875,0.0051724871811833495
2021-10-13,665.900146484375,-0.0059429292542292345
2021-10-14,661.9427490234375,-0.007582476047161557
2021-10-18,656.923583984375,0.0007347369273873472
2021-10-19,657.40625,0.040155533256880815
2021-10-20,683.8047485351562,-0.01750290111346886
2021-10-21,671.836181640625,-0.0022269636944867166
2021-10-22,670.3400268554688,-0.004895541239701817
2021-10-25,667.058349609375,0.007379575452068909
2021-10-26,671.98095703125,0.008833635974559328
2021-10-27,677.9169921875,-0.017939870668854385
2021-10-28,665.7552490234375,-0.006379235137197181
2021-10-29,661.5082397460938,0.03961496753459137
2021-11-01,687.7138671875,0.0020350558562038934
2021-11-02,689.1134033203125,-0.020799731879217354
2021-11-03,674.780029296875,0.0028608136549128638
2021-11-04,676.71044921875,0.011268104622040642
2021-11-08,684.335693359375,0.0059237491879349236
2021-11-09,688.3895263671875,0.0311975609682571
2021-11-10,709.8656005859375,-0.009314180600936917
2021-11-11,703.2537841796875,0.020450247393923426
2021-11-12,717.635498046875,-0.008002728415494764
2021-11-15,711.8924560546875,-0.009829773640249395
2021-11-16,704.8947143554688,-0.014035333810431094
2021-11-17,695.0012817382812,-0.007916201256162658
2021-11-18,689.49951171875,0.03884644800810144
2021-11-22,716.2841186523438,0.0226385547086263
2021-11-23,732.499755859375,0.0
2021-11-24,732.499755859375,0.008235624278618348
2021-11-25,738.5323486328125,-0.03450314600341786
2021-11-26,713.0506591796875,0.000812146451370177
2021-11-29,713.6297607421875,-0.015013115682284917
2021-11-30,702.9159545898438,-0.008238821003640373
2021-12-01,697.124755859375,0.014260934369443756
2021-12-02,707.06640625,-0.01938448157273953
2021-12-03,693.3602905273438,-0.028885525239183196
2021-12-06,673.3322143554688,0.0017918078295846573
2021-12-07,674.5386962890625,0.023324045422390638
2021-12-08,690.2716674804688,-0.0016779830532288598
2021-12-09,689.1134033203125,-0.004551995078311388
2021-12-10,685.9765625,-0.010693706935823721
2021-12-13,678.6409301757812,-0.01635627343935564
2021-12-14,667.5408935546875,-0.008892391782382547
2021-12-15,661.6048583984375,-0.005908539822102599
2021-12-16,657.6957397460938,-0.022527101984309628
2021-12-17,642.8797607421875,-0.01171087811933269
2021-12-20,635.35107421875,0.013292836068887315
2021-12-21,643.7966918945312,0.02661167343653492
2021-12-22,660.92919921875,-0.00876229976292553
2021-12-23,655.137939453125,-0.002504616267521742
2021-12-24,653.4970703125,-0.0019201643501534083
2021-12-27,652.2422485351562,0.006363452696653615
2021-12-28,656.3927612304688,-0.004705542572165489
2021-12-29,653.3040771484375,0.003693384009729739
2021-12-30,655.7169799804688,0.0065505213637526705
2021-12-31,660.0122680664062,0.01096818361179186
2022-01-03,667.2514038085938,0.008896249782867072
2022-01-04,673.1874389648438,0.0036561030900486013
2022-01-05,675.648681640625,0.014857141411772634
2022-01-06,685.6868896484375,-0.008023557154548389
2022-01-07,680.1852416992188,0.00035471509504314547
2022-01-10,680.426513671875,-0.002127805005118333
2022-01-11,678.9786987304688,0.03802690431391853
2022-01-12,704.7981567382812,0.0021910535286129296
2022-01-13,706.3424072265625,-0.015304620852118145
2022-01-14,695.5321044921875,0.01110183072446036
2022-01-17,703.2537841796875,-0.01955804969749464
2022-01-18,689.49951171875,-0.014908699485516208
2022-01-19,679.219970703125,0.016626468997172905
2022-01-20,690.5130004882812,-0.028166155692846417
2022-01-21,671.0639038085938,-0.007694881657189567
2022-01-24,665.900146484375,0.03181609201302127
2022-01-25,687.0864868164062,-0.006461983304055785
2022-01-27,682.6465454101562,0.012089072349445562
2022-01-28,690.8991088867188,0.018859967113943332
2022-01-31,703.929443359375,-0.00856996942733923
2022-02-01,697.8967895507812,0.0027662285041174517
2022-02-02,699.8273315429688,-0.004689354264021728
2022-02-03,696.5455932617188,-0.0020092527271027283
2022-02-04,695.1460571289062,-0.01902263647556779
2022-02-07,681.9225463867188,0.0033972338983365713
2022-02-08,684.2391967773438,0.014740992321981672
2022-02-09,694.3255615234375,0.006533677103121249
2022-02-10,698.862060546875,-0.012291972266578743
2022-02-11,690.2716674804688,-0.035586910759543566
2022-02-14,665.70703125,0.031680368029761485
2022-02-15,686.796875,0.014405180013650432
2022-02-16,696.6903076171875,-0.006650007262645086
2022-02-17,692.0573120117188,-0.006206461482641701
2022-02-18,687.7620849609375,-0.0036487333397584587
2022-02-21,685.2526245117188,-0.015071550921206489
2022-02-22,674.9248046875,0.007365096372136337
2022-02-23,679.8956909179688,-0.04755825958841087
2022-02-24,647.56103515625,0.026457071116456454
2022-02-25,664.693603515625,-0.0031222165699142934
2022-02-28,662.6182861328125,-0.01784395437946018
2022-03-02,650.7945556640625,-0.003262988508075604
2022-03-03,648.6710205078125,-0.027304549397026312
2022-03-04,630.9593505859375,0.03319578418203473
2022-03-07,651.904541015625,0.011252617312329738
2022-03-08,659.2401733398438,0.01244496916995863
2022-03-09,667.4443969726562,0.00903825362178945
2022-03-10,673.4769287109375,-0.004156151675429376
2022-03-11,670.6778564453125,0.007987342272104403
2022-03-14,676.0347900390625,0.00385503849079738
2022-03-15,678.6409301757812,0.012658140187661537
2022-03-16,687.2312622070312,0.015308984859760066
2022-03-17,697.7520751953125,-0.020334727960272803
2022-03-21,683.5634765625,0.015602923129452773
2022-03-22,694.2290649414062,-0.019881840110938298
2022-03-23,680.426513671875,0.0019859872186382965
2022-03-24,681.77783203125,0.004246996127570402
2022-03-25,684.67333984375,0.03341098450946389
2022-03-28,707.5489501953125,0.029875224304855452
2022-03-29,728.6871337890625,-0.007219061196216403
2022-03-30,723.4266967773438,0.00727155499672949
2022-03-31,728.6871337890625,0.004702311201870257
2022-04-01,732.1136474609375,0.012260993167958256
2022-04-04,741.090087890625,-0.0015628371555967968
2022-04-05,739.931884765625,0.011805450842214293
2022-04-06,748.6671142578125,-0.017082523449470144
2022-04-07,735.8779907226562,-0.00039355955750464133
2022-04-08,735.58837890625,-0.005314191644789079
2022-04-11,731.6793212890625,-0.021634433710043033
2022-04-12,715.849853515625,-0.0013484266167733683
2022-04-13,714.8845825195312,-0.01505429718879614
2022-04-18,704.1224975585938,-0.008224703443716952
2022-04-19,698.331298828125,0.021907169189945952
2022-04-20,713.6297607421875,-0.004869181011810553
2022-04-21,710.1549682617188,0.004077547925992464
2022-04-22,713.0506591796875,0.000812146451370177
2022-04-25,713.6297607421875,0.02292563104520906
2022-04-26,729.9901733398438,-0.005024431531386875
2022-04-27,726.3223876953125,-0.0068439116220028184
2022-04-28,721.3515014648438,-0.011172790603440008
2022-04-29,713.2919921875,0.0031798877618218757
2022-05-02,715.5601806640625,-0.025561471946916603
2022-05-04,697.2694091796875,-0.004775709375526849
2022-05-05,693.939453125,-0.01210087968657203
2022-05-06,685.5421752929688,0.0017599835753858706
2022-05-09,686.7487182617188,0.011454633796822211
2022-05-10,694.6151733398438,0.0044466118803312416
2022-05-11,697.703857421875,-0.024140639898943106
2022-05-12,680.86083984375,-0.021973202868898034
2022-05-13,665.900146484375,0.0047831790482733005
2022-05-16,669.0852661132812,0.019979761533467588
2022-05-17,682.4534301757812,-0.015416162514666154
2022-05-18,671.9326171875,-0.03145860311397719
2022-05-19,650.7945556640625,0.020244652861051593
2022-05-20,663.9696655273438,-0.002980196036596605
2022-05-23,661.9909057617188,-0.011153913140247496
2022-05-24,654.6071166992188,0.014744874235472105
2022-05-25,664.2592163085938,0.007919253331480913
2022-05-26,669.5196533203125,-0.013335265980576883
2022-05-27,660.5914306640625,0.021405545345939636
2022-05-30,674.7317504882812,0.0016451669658579249
2022-05-31,675.841796875,-0.007926222650571746
2022-06-01,670.4849243164062,0.0018713317205609759
2022-06-02,671.7396240234375,-0.013578680733454473
2022-06-03,662.6182861328125,-0.005171172820890413
2022-06-06,659.1917724609375,0.0034410480252307085
2022-06-07,661.4600830078125,-0.03210273865540336
2022-06-08,640.2254028320312,0.019674333828465507
2022-06-09,652.8214111328125,-0.0044355620594426215
2022-06-10,649.92578125,-0.00304440561121766
2022-06-13,647.9471435546875,0.016013615718060814
2022-06-14,658.3231201171875,7.333603684633871e-05
2022-06-15,658.3713989257812,-0.04090311851838324
2022-06-16,631.4419555664062,-0.01612645829678383
2022-06-17,621.259033203125,-0.004272546181696146
2022-06-20,618.6046752929688,0.020907984326732354
2022-06-21,631.5384521484375,-0.01749954528436204
2022-06-22,620.48681640625,0.026989227680823236
2022-06-23,637.2332763671875,0.016661670065313494
2022-06-24,647.8506469726562,0.018995730793635257
2022-06-27,660.1570434570312,-0.004093837535143474
2022-06-28,657.4544677734375,0.009762866405724546
2022-06-29,663.8731079101562,-0.004143645011991937
2022-06-30,661.1222534179688,-0.016789596067219303
2022-07-01,650.0222778320312,0.012547365179134351
2022-07-04,658.1783447265625,0.003739662305535685
2022-07-05,660.6397094726562,0.013879720666845285
2022-07-06,669.8092041015625,-0.010303482163636524
2022-07-07,662.9078369140625,0.012157996781536173
2022-07-08,670.9674682617188,-0.04977353585616329
2022-07-11,637.571044921875,0.0037090880267249826
2022-07-12,639.9358520507812,-0.029411688965330418
2022-07-13,621.1142578125,-0.0028749050738891
2022-07-14,619.32861328125,0.01581854090043633
2022-07-15,629.12548828125,0.01725970527354992
2022-07-18,639.9840087890625,0.014855851386362362
2022-07-19,649.4915161132812,-0.003343774130698085
2022-07-20,647.3197631835938,0.011481387297211487
2022-07-21,654.7518920898438,0.0007369874774585394
2022-07-22,655.2344360351562,-0.0006627629941834412
2022-07-25,654.8001708984375,0.00840193261787614
2022-07-26,660.3017578125,-0.01344812681820129
2022-07-27,651.4219360351562,-0.01192768936119215
2022-07-28,643.6519775390625,0.016645245398220432
2022-07-29,654.36572265625,0.028891176376217187
2022-08-01,673.2711181640625,-0.011016080865396516
2022-08-02,665.8543090820312,0.00924591614336201
2022-08-03,672.0107421875,0.0016590034862142833
2022-08-04,673.1256103515625,0.01346684813605492
2022-08-05,682.1904907226562,0.0009948099710754832
2022-08-08,682.869140625,0.015475243043340248
2022-08-10,693.4367065429688,-0.00761966072974074
2022-08-11,688.1529541015625,-0.00014093503879220037
2022-08-12,688.0559692382812,-0.007890547319288732
2022-08-16,682.6268310546875,0.02677161749682
2022-08-17,700.90185546875,0.014178074843585353
2022-08-18,710.8392944335938,-0.0012275047265715155
2022-08-19,709.9667358398438,-0.006418104391341384
2022-08-22,705.4100952148438,0.013743788740741003
2022-08-23,715.1051025390625,0.0015590270019105734
2022-08-24,716.219970703125,0.003045877864234825
2022-08-25,718.4014892578125,-0.013697793342390074
2022-08-26,708.5609741210938,-0.014024818368200798
2022-08-29,698.62353515625,0.008326396562436944
2022-08-30,704.4405517578125,0.011629543127381181
2022-09-01,712.6328735351562,-6.800403947415656e-05
2022-09-02,712.5844116210938,0.007346991426026017
2022-09-05,717.8197631835938,0.028160427400986565
2022-09-06,738.0338745117188,-0.010706133594531986
2022-09-07,730.1323852539062,0.02217498381816685
2022-09-08,746.3230590820312,-0.005260981224929462
2022-09-09,742.3966674804688,0.004440031579915793
2022-09-12,745.6929321289062,0.019631947234742375
2022-09-13,760.3323364257812,-0.001147441035506569
2022-09-14,759.4598999023438,0.0022338680466778005
2022-09-15,761.1564331054688,-0.006941662943966587
2022-09-16,755.8727416992188,0.003976108626632113
2022-09-19,758.878173828125,0.012008966128495224
2022-09-20,767.9915161132812,-0.015085545928548494
2022-09-21,756.4059448242188,0.0049987270993883115
2022-09-22,760.18701171875,-0.016260743559324053
2022-09-23,747.8258056640625,-0.021131734590624007
2022-09-26,732.02294921875,0.007350420195533225
2022-09-27,737.4036254882812,0.0011175652671111536
2022-09-28,738.2277221679688,0.004202602983037096
2022-09-29,741.3302001953125,0.04609954887034817
2022-09-30,775.5051879882812,0.0043129647799990956
2022-10-03,778.8499145507812,0.006659678009246717
2022-10-04,784.0368041992188,-0.024854777789134808
2022-10-06,764.5497436523438,0.005706196273896458
2022-10-07,768.9124145507812,-0.0009454779664579416
2022-10-10,768.1854248046875,-0.015207910408034375
2022-10-11,756.5029296875,-0.006087436536592272
2022-10-12,751.8977661132812,-0.008574494891791185
2022-10-13,745.4506225585938,-0.003836749658962413
2022-10-14,742.5905151367188,6.526061547340589e-05
2022-10-17,742.6389770507812,0.022389012210253245
2022-10-18,759.2659301757812,0.0003192974042294239
2022-10-19,759.5083618164062,0.012126696178051954
2022-10-20,768.7186889648438,0.005738372061171448
2022-10-21,773.1298828125,0.005830996545343137
2022-10-24,777.6380004882812,0.00024935598734177056
2022-10-25,777.8319091796875,0.01844695832500909
2022-10-27,792.1805419921875,-0.0003059537474364715
2022-10-28,791.9381713867188,0.01854688763837542
2022-10-31,806.6261596679688,0.004266798670648164
2022-11-01,810.06787109375,-0.030758161901702108
2022-11-02,785.1516723632812,0.01086627914886007
2022-11-03,793.683349609375,-0.0027484468276279816
2022-11-04,791.501953125,0.007716860498113487
2022-11-07,797.60986328125,-0.004436778583475465
2022-11-09,794.071044921875,0.008180361966047878
2022-11-10,800.5668334960938,0.0013925984907392497
2022-11-11,801.6817016601562,-0.006046630644672146
2022-11-14,796.834228515625,0.016242788770136185
2022-11-15,809.7770385742188,0.007123633312271727
2022-11-16,815.5455932617188,0.005884567754927739
2022-11-17,820.3447265625,-0.010459261719480084
2022-11-18,811.7645263671875,0.016601039853533228
2022-11-21,825.2406616210938,-0.004229427332506752
2022-11-22,821.7503662109375,-0.005132075785613255
2022-11-23,817.5330810546875,0.006047947278509547
2022-11-24,822.4774780273438,-0.0017680272548543652
2022-11-25,821.0233154296875,-0.011159006117169579
2022-11-28,811.8615112304688,-0.0018510640009400392
2022-11-29,810.3587036132812,0.015433402197211787
2022-11-30,822.8652954101562,-0.00017675648511983333
2022-12-01,822.7198486328125,5.912707662525385e-05
2022-12-02,822.7684936523438,-0.005361551824118238
2022-12-05,818.357177734375,-0.012735490638250524
2022-12-06,807.9349975585938,0.0007799983788121523
2022-12-07,808.565185546875,-0.001678727781144418
2022-12-08,807.2078247070312,0.002762434072349107
2022-12-09,809.4376831054688,-0.007785277247245093
2022-12-12,803.135986328125,0.011648825329176882
2022-12-13,812.4915771484375,-0.010560130506160559
2022-12-14,803.9115600585938,-0.0034370976807354126
2022-12-15,801.1484375,-0.004356462768291602
2022-12-16,797.6582641601562,0.021452489292655308
2022-12-19,814.77001953125,-0.013624495025616579
2022-12-20,803.669189453125,-0.018034882735403324
2022-12-21,789.1751098632812,0.0031940831463950214
2022-12-22,791.69580078125,-0.00973537877615116
2022-12-23,783.9883422851562,0.0029059861664564313
2022-12-26,786.2666015625,0.004685615615727556
2022-12-27,789.9507446289062,-0.013500273091406334
2022-12-28,779.2861938476562,0.021087303436568172
2022-12-29,795.71923828125,-0.017849494334000404
2022-12-30,781.5160522460938,0.00917992068169915
2023-01-02,788.6903076171875,0.0050400475100338404
2023-01-03,792.6653442382812,-0.0070939242531914415
2023-01-04,787.042236328125,-0.0057897308238140655
2023-01-05,782.4854736328125,-0.013752860515425569
2023-01-06,771.7240600585938,0.029397037803207793
2023-01-09,794.4104614257812,-0.032401834687718734
2023-01-10,768.6701049804688,-0.03443264674912627
2023-01-11,742.2027587890625,-0.011299109804485896
2023-01-12,733.8165283203125,0.009776716835026678
2023-01-13,740.9908447265625,-0.006738249186970413
2023-01-16,735.9978637695312,0.008628123904048879
2023-01-17,742.34814453125,0.014170041484441898
2023-01-18,752.8672485351562,-0.005859273187132863
2023-01-19,748.4559936523438,-0.009779654616115185
2023-01-20,741.1363525390625,0.01079201151499265
2023-01-23,749.1347045898438,0.0038177184077039517
2023-01-24,751.9946899414062,0.001095880982552755
2023-01-25,752.8187866210938,-0.002575687420885542
2023-01-27,750.8797607421875,-0.005551918509651865
2023-01-30,746.7109375,0.00012980100231230196
2023-01-31,746.807861328125,-0.0015579002427322797
2023-02-01,745.6444091796875,0.01124703866972232
2023-02-02,754.0307006835938,0.019479297418439456
2023-02-03,768.7186889648438,-0.004603449057527187
2023-02-06,765.179931640625,-0.00424449544489669
2023-02-07,761.93212890625,-0.01374230423913303
2023-02-08,751.46142578125,-0.010901771483041167
2023-02-09,743.2691650390625,0.006913279840022657
2023-02-10,748.4075927734375,-0.004339780670384985
2023-02-13,745.15966796875,0.008587157875009854
2023-02-14,751.5584716796875,0.013157960988291473
2023-02-15,761.4474487304688,-0.0012096455829019304
2023-02-16,760.5263671875,-0.009752124800488926
2023-02-17,753.109619140625,0.0030252173848208663
2023-02-20,755.387939453125,-0.0001283100021363115
2023-02-21,755.291015625,-0.008856869765120567
2023-02-22,748.6015014648438,-0.011914876755460435
2023-02-23,739.6820068359375,-0.007667660977229929
2023-02-24,734.0103759765625,-0.005547385312488107
2023-02-27,729.9385375976562,-0.01414529413186194
2023-02-28,719.6133422851562,0.010710640115113135
2023-03-01,727.3208618164062,-0.01346309820269087
2023-03-02,717.5288696289062,0.032833381237977965
2023-03-03,741.0877685546875,0.0028780309507954183
2023-03-06,743.2206420898438,-6.52052853729046e-05
2023-03-08,743.1721801757812,0.008936252585282967
2023-03-09,749.8133544921875,0.0004525051888726317
2023-03-10,750.1526489257812,-0.010920872957090988
2023-03-13,741.9603271484375,0.008493389177180788
2023-03-14,748.2620849609375,-0.019629388607683484
2023-03-15,733.5741577148438,-0.014141252274858629
2023-03-16,723.2005004882812,0.015148473062981171
2023-03-17,734.1558837890625,-0.003235423468272214
2023-03-20,731.7805786132812,0.002848494093953713
2023-03-21,733.8650512695312,-0.00033026590522255983
2023-03-22,733.6226806640625,0.009052408576139426
2023-03-23,740.2637329101562,-0.0014406585622717127
2023-03-24,739.197265625,-0.0009180903852098465
2023-03-27,738.5186157226562,-0.017459746944786025
2023-03-28,725.624267578125,-0.0064801421997559006
2023-03-29,720.922119140625,0.007262020991589013
2023-03-31,726.157470703125,0.015420558705272924
2023-04-03,737.355224609375,0.003812983679595483
2023-04-05,740.166748046875,0.0032746230443876367
2023-04-06,742.5905151367188,0.0049612040435609295
2023-04-10,746.274658203125,0.005716136892199852
2023-04-11,750.5404663085938,-0.003939869177932098
2023-04-12,747.5834350585938,-0.0052521932035732855
2023-04-13,743.656982421875,-0.009647346257524947
2023-04-17,736.482666015625,0.00013168655252404626
2023-04-18,736.5796508789062,0.006449471297147236
2023-04-19,741.3302001953125,0.010004483797649844
2023-04-20,748.746826171875,-0.009193258136071747
2023-04-21,741.8634033203125,-0.006469025536644746
2023-04-24,737.0642700195312,0.016244700983209626
2023-04-25,749.0376586914062,0.001100288757555301
2023-04-26,749.86181640625,0.016872493434662683
2023-04-27,762.5138549804688,0.01627451857744333
2023-04-28,774.9234008789062,-0.011384930072394828
2023-05-02,766.1009521484375,-0.013794039706502614
2023-05-03,755.5333251953125,0.01257543426759189
2023-05-04,765.0344848632812,-0.0022810961100817595
2023-05-05,763.2893676757812,0.008192562563106076
2023-05-08,769.5426635742188,-0.00018892486286881116
2023-05-09,769.3972778320312,0.0030871491348629654
2023-05-10,771.7725219726562,-0.009358688103913049
2023-05-11,764.5497436523438,0.00424807384541892
2023-05-12,767.797607421875,0.006439793456006093
2023-05-15,772.7420654296875,-0.012169796611631423
2023-05-16,763.3379516601562,0.006223309441012681
2023-05-17,768.0884399414062,0.008961837633233882
2023-05-18,774.971923828125,0.0080064486963205
2023-05-19,781.1766967773438,-0.004840219773745935
2023-05-22,777.3956298828125,-0.0023694241511833525
2023-05-23,775.5536499023438,0.0018125911971751396
2023-05-24,776.9594116210938,0.02657854625516398
2023-05-25,797.60986328125,-0.005773780918944205
2023-05-26,793.004638671875,0.004034454105679375
2023-05-29,796.2039794921875,-0.0034093506741200708
2023-05-30,793.4894409179688,0.038426353508175914
2023-05-31,823.9803466796875,-0.025826709058470287
2023-06-01,802.6996459960938,0.010326784971156355
2023-06-02,810.9889526367188,-0.002390939941416037
2023-06-05,809.0499267578125,-0.006051537651539318
2023-06-06,804.1539306640625,0.01784314204700954
2023-06-07,818.5025634765625,-0.009772007374008074
2023-06-08,810.504150390625,-0.002990443773391638
2023-06-09,808.0803833007812,0.003419290432656208
2023-06-12,810.8434448242188,-0.002391293727694088
2023-06-13,808.9044799804688,-0.007670663394675259
2023-06-14,802.6996459960938,0.0021136863357302804
2023-06-15,804.3963012695312,0.009762558947871591
2023-06-16,812.249267578125,-0.011518202882920936
2023-06-19,802.8936157226562,0.003682891676977995
2023-06-20,805.8505859375,0.009384039573868463
2023-06-21,813.4127197265625,0.004529166979941657
2023-06-22,817.0968017578125,0.014238255709845937
2023-06-23,828.7308349609375,-0.0033341616385300643
2023-06-26,825.9677124023438,0.01520049096056919
2023-06-27,838.5228271484375,0.008440237181182697
2023-06-28,845.6001586914062,0.007509791355226447
2023-06-30,851.950439453125,0.00045513955941522966
2023-07-03,852.3381958007812,-0.015924427784352657
2023-07-04,838.7651977539062,0.0017337672529889048
2023-07-05,840.2194213867188,0.0034616782972443083
2023-07-06,843.1279907226562,0.0009198766249047807
2023-07-07,843.903564453125,0.017175114830084492
2023-07-10,858.397705078125,0.007341232088650784
2023-07-11,864.6994018554688,-0.0021863828756987225
2023-07-12,862.808837890625,-0.005505982487588601
2023-07-13,858.0582275390625,0.001638376870924274
2023-07-14,859.4640502929688,-0.009475438589140461
2023-07-17,851.3202514648438,-0.003017917009218052
2023-07-18,848.7510375976562,-0.005368642184989003
2023-07-19,844.1943969726562,0.016193004827246282
2023-07-20,857.8644409179688,0.001299585471650433
2023-07-21,858.9793090820312,0.0024266144702849157
2023-07-24,861.063720703125,-0.005066677214122128
2023-07-25,856.7009887695312,0.006507108161624142
2023-07-26,862.275634765625,0.006464968666837878
2023-07-27,867.8502197265625,-5.591166322915786e-05
2023-07-28,867.8016967773438,-0.0058092301321214235
2023-07-31,862.7604370117188,0.0019664719955838628
2023-08-01,864.45703125,-0.015196567683833373
2023-08-02,851.3202514648438,-0.007288483944436264
2023-08-03,845.1154174804688,0.02059196593822299
2023-08-04,862.5180053710938,0.0019670954842356814
2023-08-07,864.2146606445312,-0.006730915166456408
2023-08-08,858.397705078125,-0.001920223481419403
2023-08-09,856.7493896484375,-0.010071253208132624
2023-08-10,848.120849609375,-0.0002871410053764123
2023-08-11,847.8773193359375,-0.004020408847865253
2023-08-14,844.468505859375,-0.011648645265331048
2023-08-16,834.631591796875,-0.00029170863009997383
2023-08-17,834.3881225585938,-0.0005252872676174691
2023-08-18,833.9498291015625,0.0183358005022749
2023-08-21,849.240966796875,0.006536958123508185
2023-08-22,854.7924194335938,-0.010824268244607471
2023-08-23,845.5399169921875,0.0014974021401070736
2023-08-24,846.8060302734375,0.0046581140213362016
2023-08-25,850.7505493164062,-0.0036062194335668707
2023-08-28,847.6825561523438,-0.017406789867048356
2023-08-29,832.9271240234375,0.002981751309732772
2023-08-30,835.4107055664062,-0.0015738598119185987
2023-08-31,834.0958862304688,0.011151392447745767
2023-09-01,843.397216796875,-0.0007506755573438717
2023-09-04,842.7640991210938,0.0006934462700811661
2023-09-05,843.3485107421875,0.01663009206782573
2023-09-06,857.3734741210938,-0.005679919146916568
2023-09-07,852.503662109375,0.012052977572092782
2023-09-08,862.7788696289062,0.005587810610091282
2023-09-11,867.5999145507812,-0.0004489700386718365
2023-09-12,867.2103881835938,0.027796493265415556
2023-09-13,891.3157958984375,-0.000218511984742098
2023-09-14,891.1210327148438,0.023170688857706567
2023-09-15,911.7689208984375,-0.01703787722692529
2023-09-18,896.2343139648438,-0.010323890044765305
2023-09-20,886.981689453125,0.007960882744846964
2023-09-21,894.0428466796875,-0.007135377817501065
2023-09-22,887.6635131835938,-0.001097261528689275
2023-09-25,886.6895141601562,0.0025263773495836084
2023-09-26,888.9296264648438,0.008272119975092362
2023-09-27,896.282958984375,0.0058680122848950855
2023-09-28,901.5423583984375,0.0008102434047554397
2023-09-29,902.2728271484375,-0.0011873904050088147
2023-10-03,901.2014770507812,-0.0011347562881447448
2023-10-04,900.1788330078125,0.004976970586221041
2023-10-05,904.6589965820312,-0.0030144516238199692
2023-10-06,901.9319458007812,-0.0016197868440095409
2023-10-09,900.4710083007812,0.02574221105667296
2023-10-10,923.651123046875,0.007644897608553469
2023-10-11,930.7123413085938,-0.0054940093283460945
2023-10-12,925.5989990234375,0.004051166718342714
2023-10-13,929.3487548828125,-0.008017167494721367
2023-10-16,921.8980102539062,0.007501004510149567
2023-10-17,928.8131713867188,-0.0008389586451280628
2023-10-18,928.033935546875,-0.01038986885024229
2023-10-19,918.3917846679688,0.002386134421697106
2023-10-20,920.5831909179688,-0.006242062583062147
2023-10-23,914.8368530273438,-0.017779209079487712
2023-10-25,898.57177734375,-0.018534594014481542
2023-10-26,881.9171142578125,0.010049670123112975
2023-10-27,890.7800903320312,0.012737844924345376
2023-10-30,902.126708984375,-0.0127934587080063
2023-10-31,890.5853881835938,-0.0010389031145916494
2023-11-01,889.66015625,0.011385346735278912
2023-11-02,899.7892456054688,0.007468722161025898
2023-11-03,906.509521484375,0.009078690558172564
2023-11-06,914.7394409179688,-0.002182678413042316
2023-11-07,912.7428588867188,-0.00042689836869858055
2023-11-08,912.3532104492188,-0.0046970847929772575
2023-11-09,908.0678100585938,0.0033785947812250416
2023-11-10,911.1358032226562,-0.0005344301857530542
2023-11-13,910.6488647460938,0.01604275207537542
2023-11-15,925.2581787109375,-0.00047369854935175315
2023-11-16,924.8198852539062,-0.002369549233252388
2023-11-17,922.6284790039062,0.014884418157960821
2023-11-20,936.3612670898438,0.009829387166429893
2023-11-21,945.5651245117188,-0.001132961691087342
2023-11-22,944.4938354492188,0.0071152141249390954
2023-11-23,951.214111328125,-0.003583708936949148
2023-11-24,947.8052368164062,0.012074243016590769
2023-11-28,959.249267578125,0.010660942687674035
2023-11-29,969.4757690429688,0.01938920381662146
2023-11-30,988.2731323242188,0.0
2023-12-01,988.2731323242188,0.017936350391217992
2023-12-04,1005.9991455078125,-0.0017426583320643285
2023-12-05,1004.2460327148438,-0.0064495437372333875
2023-12-06,997.7691040039062,-0.0238663537044832
2023-12-07,973.9559936523438,0.0002499170442107346
2023-12-08,974.1994018554688,0.0005998891191891786
2023-12-11,974.7838134765625,-0.005595253554943613
2023-12-12,969.3296508789062,0.0046722295763428345
2023-12-13,973.8585815429688,0.005300551232509498
2023-12-14,979.0205688476562,-0.012584636184184594
2023-12-15,966.699951171875,-0.002317277767493353
2023-12-18,964.4598388671875,-0.0018176513807682815
2023-12-19,962.706787109375,-0.01709752140811871
2023-12-20,946.2468872070312,0.006536024019130338
2023-12-21,952.4315795898438,0.011913252206603442
2023-12-22,963.7781372070312,0.010408763068979088
2023-12-26,973.8098754882812,0.02135325064066529
2023-12-27,994.6038818359375,0.015178094196037106
2023-12-28,1009.7000732421875,-0.00434064687226432
2023-12-29,1005.3173217773438,-0.018552594999769023
2024-01-01,986.6660766601562,0.008538596645443874
2024-01-02,995.0908203125,0.013213303983520719
2024-01-03,1008.2392578125,0.012268121444698243
2024-01-04,1020.6084594726562,-0.0012406073109176852
2024-01-05,1019.34228515625,0.002341011001560256
2024-01-08,1021.7285766601562,0.01472753794937054
2024-01-09,1036.776123046875,-0.0016909859217945078
2024-01-10,1035.02294921875,0.00014117383983891507
2024-01-11,1035.1690673828125,0.012701729518679317
2024-01-12,1048.3175048828125,0.02420219247801847
2024-01-15,1073.6890869140625,-0.005896202684482765
2024-01-16,1067.3583984375,-0.009718085958050238
2024-01-17,1056.9857177734375,0.0016586542264904747
2024-01-18,1058.7388916015625,0.03491103445341737
2024-01-19,1095.7005615234375,0.029333179144024335
2024-01-23,1127.8409423828125,0.027590698965167526
2024-01-24,1158.9588623046875,-0.024706791763510982
2024-01-25,1130.32470703125,0.0013785662910572594
2024-01-29,1131.8829345703125,-0.0030116307724495917
2024-01-30,1128.47412109375,0.010400066634503213
2024-01-31,1140.2103271484375,-0.016656847529008534
2024-02-01,1121.218017578125,-0.00034741358155199187
2024-02-02,1120.8284912109375,-0.0323688302992422
2024-02-05,1084.548583984375,0.01840967460405185
2024-02-06,1104.5147705078125,0.00022037568860500123
2024-02-07,1104.7581787109375,0.0069206365973535355
2024-02-08,1112.40380859375,-0.019174322920301634
2024-02-09,1091.07421875,-0.0013836304888745765
2024-02-12,1089.5645751953125,-0.0007598272541364803
2024-02-13,1088.7366943359375,-0.001789227879439803
2024-02-14,1086.7886962890625,0.004346525593192263
2024-02-15,1091.512451171875,-0.0006246036814152589
2024-02-16,1090.8306884765625,0.01982131996282499
2024-02-19,1112.452392578125,0.0015321714302645173
2024-02-20,1114.1568603515625,-0.003540307606747506
2024-02-21,1110.21240234375,-0.0038160015657194846
2024-02-22,1105.975830078125,-0.008630206506423654
2024-02-23,1096.4310302734375,-0.013946283234522294
2024-02-26,1081.139892578125,0.0157199669673731
2024-02-27,1098.1353759765625,0.0011086130664716976
2024-02-28,1099.352783203125,-0.004783976012164515
2024-02-29,1094.093505859375,0.00476245518427576
2024-03-01,1099.3040771484375,0.004252734912301825
2024-03-04,1103.9791259765625,0.031230798302969376
2024-03-05,1138.457275390625,0.02121636989475495
2024-03-06,1162.6112060546875,0.005026295892603505
2024-03-07,1168.454833984375,-0.002583895372974987
2024-03-11,1165.4356689453125,0.006393255271754272
2024-03-12,1172.8865966796875,-0.029479032006433648
2024-03-13,1138.31103515625,0.022117643627204364
2024-03-14,1163.48779296875,0.0212623849946052
2024-03-15,1188.226318359375,0.004344279557630726
2024-03-18,1193.3883056640625,0.0024890967761930227
2024-03-19,1196.3587646484375,0.0028087139004451256
2024-03-20,1199.718994140625,-0.0089300086344275
2024-03-21,1189.0054931640625,0.01253273373713193
2024-03-22,1203.906982421875,-0.018607021450952277
2024-03-26,1181.505859375,0.009644901649940252
2024-03-27,1192.9013671875,0.003102459127111823
2024-03-28,1196.602294921875,-0.009156786090499192
2024-04-01,1185.645263671875,-0.007475182763868604
2024-04-02,1176.7823486328125,0.014442333723124756
2024-04-03,1193.77783203125,-0.015379018077539941
2024-04-04,1175.418701171875,-0.013133306262416933
2024-04-05,1159.9815673828125,0.011502889376546532
2024-04-08,1173.32470703125,-0.00020755573625796941
2024-04-09,1173.0811767578125,0.0207149287280457
2024-04-10,1197.3814697265625,-0.0031315281586232757
2024-04-12,1193.6318359375,-0.00081599618417727
2024-04-15,1192.6578369140625,-0.0066147724117276985
2024-04-16,1184.7686767578125,0.040527838238135105
2024-04-18,1232.7847900390625,0.018368501430789053
2024-04-19,1255.42919921875,0.006633201341517125
2024-04-22,1263.7567138671875,0.03452646871177012
2024-04-23,1307.3897705078125,-0.004432529667921181
2024-04-24,1301.5947265625,0.0017210520747910074
2024-04-25,1303.8348388671875,-0.00948683247799953
2024-04-26,1291.465576171875,0.004864322060220028
2024-04-29,1297.7476806640625,-0.0076175209283587675
2024-04-30,1287.862060546875,-0.013801773355983205
2024-05-02,1270.0872802734375,-0.020436241626864415
2024-05-03,1244.1314697265625,0.0046968555989177485
2024-05-06,1249.9749755859375,0.002142913993883777
2024-05-07,1252.653564453125,0.0019048430197692312
2024-05-08,1255.0396728515625,-0.010204950062176033
2024-05-09,1242.2320556640625,0.02014982756613004
2024-05-10,1267.2628173828125,-0.011682027607599177
2024-05-13,1252.4586181640625,-0.0012830233034809568
2024-05-14,1250.8516845703125,0.019933000727921923
2024-05-15,1275.784912109375,0.026872243745472923
2024-05-16,1310.068115234375,-0.00048322421808710825
2024-05-17,1309.43505859375,-0.00011149548256850217
2024-05-21,1309.2890625,0.002677961411548413
2024-05-22,1312.7952880859375,0.01940058314633264
2024-05-23,1338.2642822265625,0.010516314740928623
2024-05-24,1352.337890625,-0.0029888922106825477
2024-05-27,1348.2958984375,-0.009607305952609502
2024-05-28,1335.3424072265625,0.004412601556340157
2024-05-29,1341.2347412109375,3.631434020534563e-05
2024-05-30,1341.283447265625,-0.003194999833451506
2024-05-31,1336.998046875,0.013367312206829851
2024-06-03,1354.8701171875,-0.06570345909252429
2024-06-04,1265.8504638671875,0.034354123064689324
2024-06-05,1309.337646484375,0.01952621336341087
2024-06-06,1334.904052734375,0.039873041407945786
2024-06-07,1388.1307373046875,0.0005614002010452257
2024-06-10,1388.9100341796875,0.0008413641436846309
2024-06-11,1390.07861328125,0.007812233809562086
2024-06-12,1400.938232421875,-0.008794416688174378
2024-06-13,1388.6177978515625,0.0011572180597398951
2024-06-14,1390.2247314453125,0.0006655707870970584
2024-06-18,1391.1500244140625,-0.025203967497875013
2024-06-19,1356.0875244140625,-0.008043878384408232
2024-06-20,1345.1793212890625,0.025268816082167023
2024-06-21,1379.17041015625,0.0026482178874371876
2024-06-24,1382.82275390625,-0.003416023398131629
2024-06-25,1378.0989990234375,0.03148523476075371
2024-06-26,1421.48876953125,0.01116821224446607
2024-06-27,1437.3642578125,-0.02151375027940816
2024-06-28,1406.441162109375,0.006890295989277817
2024-07-01,1416.1319580078125,-0.02410586440613971
2024-07-02,1381.994873046875,0.0006342026738621609
2024-07-03,1382.871337890625,0.0022537882833728595
2024-07-04,1385.988037109375,0.004672972923936758
2024-07-05,1392.4647216796875,0.0038121091733365198
2024-07-08,1397.77294921875,0.00027876375610058624
2024-07-09,1398.16259765625,0.006617659127824416
2024-07-10,1407.4151611328125,-0.00491337689388438
2024-07-11,1400.5,-0.0032685731658336215
2024-07-12,1395.92236328125,0.003035050119820859
2024-07-15,1400.1590576171875,0.020102958098981327
2024-07-16,1428.306396484375,0.011694613461125325
2024-07-18,1445.0098876953125,-0.014761029779799317
2024-07-19,1423.6800537109375,0.0024970875314793695
2024-07-22,1427.235107421875,0.00020467143520597197
2024-07-23,1427.5272216796875,-0.007163830114543801
2024-07-24,1417.3006591796875,-0.004157434025173878
2024-07-25,1411.4083251953125,0.04502641655517614
2024-07-26,1474.958984375,-0.021823882152443352
2024-07-29,1442.7696533203125,-0.007425648960599496
2024-07-30,1432.05615234375,0.014418478811231816
2024-07-31,1452.7042236328125,0.009352506559989315
2024-08-01,1466.2906494140625,-0.007771407125944707
2024-08-02,1454.8955078125,-0.018811169589740495
2024-08-05,1427.5272216796875,-0.015112144776819991
2024-08-06,1405.9542236328125,0.004318790315011478
2024-08-07,1412.0262451171875,0.006970759602981547
2024-08-08,1421.869140625,0.008472218978924362
2024-08-09,1433.91552734375,-0.003756564858228395
2024-08-12,1428.5289306640625,0.0007541117891898264
2024-08-13,1429.606201171875,0.008220925131159351
2024-08-14,1441.35888671875,0.00805200916154769
2024-08-16,1452.9647216796875,-0.009369481025586879
2024-08-19,1439.3511962890625,-0.013948918533495225
2024-08-20,1419.2738037109375,0.009867811916563385
2024-08-21,1433.2789306640625,0.015647935628915866
2024-08-22,1455.706787109375,0.013724942663194906
2024-08-23,1475.686279296875,0.0045130948242930735
2024-08-26,1482.34619140625,0.00607837356650287
2024-08-27,1491.3564453125,0.022065299456700105
2024-08-28,1524.263671875,0.006136175509947828
2024-08-29,1533.6168212890625,0.014783909023273978
2024-08-30,1556.2896728515625,-0.011138803643387263
2024-09-02,1538.9544677734375,-0.006841216249713011
2024-09-03,1528.4261474609375,0.0008330094074155969
2024-09-04,1529.6993408203125,-0.00941163552344182
2024-09-05,1515.3023681640625,-0.0051383360681562795
2024-09-06,1507.5162353515625,0.0022089022835041217
2024-09-09,1510.84619140625,0.02281783768602863
2024-09-10,1545.3204345703125,-3.16764045937834e-05
2024-09-11,1545.271484375,0.043700129806276466
2024-09-12,1612.800048828125,-0.007469313259145571
2024-09-13,1600.7535400390625,0.0006118181798078215
2024-09-16,1601.73291015625,0.01608121574869026
2024-09-17,1627.49072265625,-0.004122137312970731
2024-09-18,1620.781982421875,0.006012451491047344
2024-09-19,1630.52685546875,0.02817071384914116
2024-09-20,1676.4599609375,0.0226084132591986
2024-09-23,1714.362060546875,0.00354192599943004
2024-09-24,1720.4342041015625,0.0021348398873632934
2024-09-25,1724.1070556640625,0.00607807271158034
2024-09-26,1734.5863037109375,-0.020608694140656136
2024-09-27,1698.8387451171875,-0.014441304294559587
2024-09-30,1674.3052978515625,-0.006346717523424861
2024-10-01,1663.678955078125,-0.014864268158051086
2024-10-03,1638.9495849609375,-0.01945081565810325
2024-10-04,1607.0706787109375,0.012889207339726427
2024-10-07,1627.7845458984375,-0.0027676432759339287
2024-10-08,1623.2794189453125,0.012458879800991252
2024-10-09,1643.503662109375,0.0
2024-10-10,1643.503662109375,0.005541987266093118
2024-10-11,1652.6119384765625,0.004859509726443001
2024-10-14,1660.642822265625,0.012768390088022663
2024-10-15,1681.8465576171875,0.009724854396822913
2024-10-16,1698.2022705078125,-0.018916344569053667
2024-10-17,1666.0784912109375,0.0039384504468067405
2024-10-18,1672.6402587890625,-0.008958516286609153
2024-10-21,1657.6558837890625,-0.00017732589458074877
2024-10-22,1657.3619384765625,-0.003811488881764191
2024-10-23,1651.044921875,-0.004360031821703858
2024-10-24,1643.8463134765625,-0.0074175044252768885
2024-10-25,1631.653076171875,-0.0015906180988862761
2024-10-28,1629.0577392578125,-0.01578135606543185
2024-10-29,1603.3489990234375,-0.002290737428181311
2024-10-30,1599.6761474609375,-0.0127039110928443
2024-10-31,1579.35400390625,0.0023874507383945254
2024-11-01,1583.1246337890625,-0.015589688515429523
2024-11-04,1558.4442138671875,-0.008075414503662781
2024-11-05,1545.859130859375,0.012924523191445658
2024-11-06,1565.838623046875,-0.014385824040039408
2024-11-07,1543.312744140625,-0.00374410198738917
2024-11-08,1537.534423828125,-0.005955786368477156
2024-11-11,1528.377197265625,-0.0031398991059917725
2024-11-12,1523.5782470703125,-0.003342720019536616
2024-11-13,1518.4853515625,3.2236198566071295e-05
2024-11-14,1518.5343017578125,-0.008706869296396524
2024-11-18,1505.3126220703125,-0.0074821264951825395
2024-11-19,1494.0496826171875,-0.0002293440246158296
2024-11-21,1493.70703125,0.028947943063215797
2024-11-22,1536.94677734375,0.006021761514162671
2024-11-25,1546.201904296875,-0.0009501451310174325
2024-11-26,1544.7327880859375,0.0002536656864844389
2024-11-27,1545.1246337890625,-0.010934010635930247
2024-11-28,1528.230224609375,0.042777521550391606
2024-11-29,1593.6041259765625,0.010109687582464888
2024-12-02,1609.7149658203125,-0.01402403997638546
2024-12-03,1587.1402587890625,-0.022492409351190124
2024-12-04,1551.441650390625,0.019727272941859608
2024-12-05,1582.04736328125,-0.010833608793490712
2024-12-06,1564.9080810546875,0.002941482295215847
2024-12-09,1569.51123046875,-0.014913704411983808
2024-12-10,1546.10400390625,0.0046558085611483335
2024-12-11,1553.3023681640625,0.015479321911568089
2024-12-12,1577.346435546875,0.044208381888899195
2024-12-13,1647.078369140625,-0.01141662564498902
2024-12-16,1628.2742919921875,-0.028420198693692833
2024-12-17,1581.9984130859375,-0.008295619716180869
2024-12-18,1568.874755859375,-0.0009988934209197442
2024-12-19,1567.3076171875,-0.013872394501169172
2024-12-20,1545.5653076171875,0.005576375389169108
2024-12-23,1554.1839599609375,-0.0018905306563251623
2024-12-24,1551.2457275390625,0.009849143892277201
2024-12-26,1566.524169921875,0.00021873353361967496
2024-12-27,1566.8668212890625,-0.008094409273208591
2024-12-30,1554.1839599609375,0.000535584900103192
2024-12-31,1555.016357421875,0.005007106693982966
2025-01-01,1562.802490234375,0.00877353587328944
2025-01-02,1576.5137939453125,-0.006740405833585816
2025-01-03,1565.887451171875,-0.006504648126132828
2025-01-06,1555.701904296875,0.001510948807742496
2025-01-07,1558.052490234375,0.005248689903746273
2025-01-08,1566.230224609375,0.004908749876661567
2025-01-09,1573.91845703125,0.0055070213455730155
2025-01-10,1582.5860595703125,-0.011572561937191028
2025-01-13,1564.271484375,0.0018156758525023076
2025-01-14,1567.1116943359375,0.00459347368419416
2025-01-15,1574.3101806640625,0.014152869068010832
2025-01-16,1596.5911865234375,-0.0016562080084714381
2025-01-17,1593.9468994140625,0.008387061249249816
2025-01-20,1607.3154296875,-0.00913995823538738
2025-01-21,1592.6246337890625,0.0034437613385247534
2025-01-22,1598.1092529296875,0.0026046251708429224
2025-01-23,1602.271728515625,0.005378944232774963
2025-01-24,1610.8902587890625,-0.02565666897512231
2025-01-27,1569.5601806640625,0.009827780520160534
2025-01-28,1584.9854736328125,-0.011060672890076173
2025-01-29,1567.4544677734375,0.025180468774519404
2025-01-30,1606.9237060546875,-0.008806951789964712
2025-01-31,1592.7716064453125,-0.0018753853564362766
2025-02-01,1589.7845458984375,0.017926957507247376
2025-02-03,1618.2845458984375,0.005507284573787352
2025-02-04,1627.1968994140625,-0.000601875604323121
2025-02-05,1626.217529296875,-0.024511382472297227
2025-02-06,1586.356689453125,0.03519059078750275
2025-02-07,1642.1815185546875,0.00972120869553006
2025-02-10,1658.1455078125,0.0021853674538749868
2025-02-11,1661.7691650390625,0.008722555064700765
2025-02-12,1676.2640380859375,0.001782047785621188
2025-02-13,1679.251220703125,0.0014288595017339922
2025-02-14,1681.650634765625,-0.024169281222338856
2025-02-17,1641.00634765625,-0.0039688691408336085
2025-02-18,1634.493408203125,-0.01420099075637593
2025-02-19,1611.281982421875,-0.0010332871653445652
2025-02-20,1609.6170654296875,-0.002585927799239496
2025-02-21,1605.4547119140625,-0.02315082590822537
2025-02-24,1568.287109375,0.025042094093999268
2025-02-25,1607.560302734375,0.005483124402865025
2025-02-27,1616.374755859375,-0.048594319216284876
2025-02-28,1537.828125,0.01630376456752125
2025-03-03,1562.9005126953125,-0.012814918301019884
2025-03-04,1542.8720703125,0.027232006942207176
2025-03-05,1584.8875732421875,0.0053452874705615105
2025-03-06,1593.3592529296875,0.002335667621940596
2025-03-07,1597.080810546875,0.00015332539547019408
2025-03-10,1597.32568359375,0.0196205021638034
2025-03-11,1628.666015625,-0.012086989448084062
2025-03-12,1608.9803466796875,-0.006300012738257199
2025-03-13,1598.84375,0.004073530920782664
2025-03-17,1605.356689453125,0.0
2025-03-18,1605.356689453125,-0.001220203782472007
2025-03-19,1603.3978271484375,0.04159676772844523
2025-03-20,1670.093994140625,0.012050950888833789
2025-03-21,1690.22021484375,-0.004056034095501704
2025-03-24,1683.3646240234375,0.006807045883492124
2025-03-25,1694.8233642578125,0.0046518317893131655
2025-03-26,1702.7073974609375,-0.007966474577804639
2025-03-27,1689.142822265625,0.005044495889346079
2025-03-28,1697.6636962890625,-0.00533642102495957
2025-04-01,1688.604248046875,0.017660896956462002
2025-04-02,1718.426513671875,-0.004901348620301449
2025-04-03,1710.00390625,-0.0014605572447066173
2025-04-04,1707.50634765625,-0.03257903335255952
2025-04-07,1651.87744140625,0.020010079676740844
2025-04-08,1684.931640625,-0.002819105467233074
2025-04-09,1680.181640625,0.02392813509514058
2025-04-11,1720.38525390625,0.024023734236943373
2025-04-15,1761.71533203125,0.01323104008239473
2025-04-16,1785.024658203125,0.03648634657286687
2025-04-17,1850.1536865234375,-0.0030173274641523973
2025-04-21,1844.5711669921875,-0.016565781381663536
2025-04-22,1814.014404296875,0.015872984896913245
2025-04-23,1842.8082275390625,-0.01913265415961607
2025-04-24,1807.5504150390625,-0.01538799414051828
2025-04-25,1779.73583984375,0.00253148303972206
2025-04-28,1784.2412109375,0.0010977317147793375
2025-04-29,1786.1998291015625,0.022316070836325252
2025-04-30,1826.060791015625,-0.008742309859757547
2025-05-02,1810.0968017578125,0.00963103489924988
2025-05-05,1827.5299072265625,0.018756639865073588
2025-05-06,1861.8082275390625,-0.0022092937334565743
2025-05-07,1857.6949462890625,-0.011545752638758344
2025-05-08,1836.2464599609375,-0.01413412410451409
2025-05-09,1810.292724609375,0.012118610500745808
2025-05-12,1832.23095703125,-0.02683349549582681
2025-05-13,1783.0657958984375,0.007470044071712811
2025-05-14,1796.3853759765625,0.01799145133908442
2025-05-15,1828.7049560546875,-0.028491762529128217
2025-05-16,1776.6019287109375,0.0023704261730668197
2025-05-19,1780.813232421875,-0.005169647546526934
2025-05-20,1771.6070556640625,0.007518429160604523
2025-05-21,1784.9267578125,0.00488342319718349
2025-05-22,1793.643310546875,0.00016374558427978414
2025-05-23,1793.93701171875,0.008571215490109863
2025-05-26,1809.313232421875,-0.0019486038693840024
2025-05-27,1805.78759765625,0.00667098762577889
2025-05-28,1817.833984375,0.004040708324961839
2025-05-29,1825.1793212890625,-0.003970874811704106
2025-05-30,1817.9317626953125,-0.0011313079331155551
2025-06-02,1815.8751220703125,-0.006903497118008084
2025-06-03,1803.3392333984375,0.018519449900172402
2025-06-04,1836.736083984375,0.0018129082416411535
2025-06-05,1840.06591796875,-0.0045774063906826035
2025-06-06,1831.6431884765625,-0.0027269902120125034
2025-06-09,1826.6483154296875,-0.004289255283197124
2025-06-10,1818.8133544921875,0.0016692261109085837
2025-06-11,1821.849365234375,-0.008601241307131358
2025-06-12,1806.17919921875,-0.0020604586847181583
2025-06-13,1802.4576416015625,0.011356225932027897
2025-06-16,1822.9267578125,-0.0034921681683547368
2025-06-17,1816.560791015625,0.005984504275375446
2025-06-18,1827.4320068359375,0.005948836240874611
2025-06-19,1838.3031005859375,0.031806025998814436
2025-06-20,1896.772216796875,-0.00020645682124198483
2025-06-23,1896.380615234375,-0.0013944506490121134
2025-06-24,1893.7362060546875,0.01654947079273672
2025-06-25,1925.0765380859375,0.024776117680487486
2025-06-26,1972.7724609375,0.006354576141306634
2025-06-27,1985.30859375,-0.008633056986968701
2025-06-30,1968.1693115234375,0.0048766243862974346
2025-07-01,1977.767333984375,0.006883279522672314
2025-07-02,1991.380859375,-0.006885385945485822
2025-07-03,1977.66943359375,-0.0010399931658826578
2025-07-04,1975.6126708984375,0.008278805421503499
2025-07-07,1991.9683837890625,-0.0019174903122003428
2025-07-08,1988.1488037109375,-0.005073950468827304
2025-07-09,1978.06103515625,-0.02733074899489496
2025-07-10,1923.9991455078125,-0.021684874333188997
2025-07-11,1882.2774658203125,-0.000520311237302451
2025-07-14,1881.298095703125,0.006923813331703332
2025-07-15,1894.3238525390625,0.0012407930481563856
2025-07-16,1896.67431640625,-0.003459617458498654
2025-07-17,1890.112548828125,-0.00674020502199657
2025-07-18,1877.372802734375,0.0043134866176515185
2025-07-21,1885.4708251953125,-0.0012569778781604812
2025-07-22,1883.100830078125,0.019404186158732628
2025-07-23,1919.640869140625,-0.003961350396020524
2025-07-24,1912.0364990234375,0.0009297468755671279
2025-07-25,1913.814208984375,-0.024562625024190043
2025-07-28,1866.805908203125,0.014812454480433113
2025-07-29,1894.4578857421875,0.007454476813180788
2025-07-30,1908.580078125,-0.009469086454774067
2025-07-31,1890.507568359375,-0.015619319846700175
2025-08-01,1860.9791259765625,0.01602628667061845
2025-08-04,1890.8037109375,0.008983654954102915
2025-08-05,1907.7900390625,-0.0010871084170217538
2025-08-06,1905.716064453125,-0.003679309253245
2025-08-07,1898.704345703125,-0.033288273651864486
2025-08-08,1835.499755859375,-0.0006456326621493425
2025-08-11,1834.314697265625,-0.0038225277050073503
2025-08-12,1827.302978515625,0.009241735700334264
2025-08-13,1844.1904296875,0.003427213626405967
2025-08-14,1850.5108642578125,0.009873025851642403
2025-08-18,1868.781005859375,0.00919508155108728
2025-08-19,1885.964599609375,0.009792151650679148
2025-08-20,1904.4322509765625,0.0007778934177051777
2025-08-21,1905.9136962890625,0.0017617093691926211
2025-08-22,1909.2713623046875,-0.001344884270582658
2025-08-25,1906.70361328125,-0.013466634092450858
2025-08-26,1881.0267333984375,-0.01239038244974433
2025-08-28,1857.7200927734375,0.004093388528642494
2025-08-29,1865.324462890625,0.006247342242239773
2025-09-01,1876.977783203125,-0.007050440674491676
2025-09-02,1863.7442626953125,-0.0017485827846893676
2025-09-03,1860.4853515625,-0.00185780602654817
2025-09-04,1857.0289306640625,0.00792379775926566
2025-09-05,1871.74365234375,-0.004009958962583715
2025-09-08,1864.238037109375,0.003178464831803396
2025-09-09,1870.1634521484375,-0.0012144608171900106
2025-09-10,1867.8922119140625,0.011420049166851465
2025-09-11,1889.2236328125,-0.005436493475277415
2025-09-12,1878.952880859375,0.0009986758384765704
2025-09-15,1880.829345703125,0.018377500056140583
2025-09-16,1915.394287109375,0.000928116979830973
2025-09-17,1917.1719970703125,-0.0001030850837794306
2025-09-18,1916.974365234375,0.010973229883568747
2025-09-19,1938.009765625,-0.0031594509912210578
2025-09-22,1931.88671875,-0.008945902746465006
2025-09-23,1914.604248046875,-0.003920191466216361
2025-09-24,1907.0986328125,0.0023302894356969084
2025-09-25,1911.542724609375,-0.00981604737563313
2025-09-26,1892.7789306640625,-0.007513328210467907
2025-09-29,1878.557861328125,-0.012511805398428222
2025-09-30,1855.0537109375,-0.005749575562954856
2025-10-01,1844.387939453125,0.01558147320054637
2025-10-03,1873.126220703125,0.003374270511220523
2025-10-06,1879.4466552734375,0.013609391321765862
2025-10-07,1905.0247802734375,0.007516870314250967
2025-10-08,1919.3446044921875,-0.0007717859725244747
2025-10-09,1917.86328125,-0.0010813985697787354
2025-10-10,1915.789306640625,0.0077323735869412324
2025-10-13,1930.6029052734375,-0.0042457718216795115
2025-10-14,1922.406005859375,0.0112503849609642
2025-10-15,1944.0338134765625,-0.0005587884857799486
2025-10-16,1942.947509765625,0.022669502946164544
2025-10-17,1986.9931640625,0.01963225439270322
2025-10-20,2026.0023193359375,-0.0038996178287765693
2025-10-21,2018.1016845703125,-0.017421060084299222
2025-10-23,1982.9442138671875,0.010657906084966973
2025-10-24,2004.0782470703125,0.025033243674443373
2025-10-27,2054.246826171875,0.004855485284094296
2025-10-28,2064.22119140625,0.004975724566974815
2025-10-29,2074.4921875,-0.016328709021409593
2025-10-30,2040.618408203125,-0.00571074059508947
2025-10-31,2028.9649658203125,0.009491386373890132
2025-11-03,2048.22265625,0.01894887907770637
2025-11-04,2087.0341796875,-0.008706798813170824
2025-11-06,2068.86279296875,-0.04472766425357755
2025-11-07,1976.327392578125,0.009294460297093243
2025-11-10,1994.6962890625,0.011139709356207783
2025-11-11,2016.9166259765625,0.015423800918270558
2025-11-12,2048.025146484375,0.00867976021584238
2025-11-13,2065.801513671875,0.004254671410808708
2025-11-14,2074.5908203125,0.005474300513890862
2025-11-17,2085.94775390625,0.017517353027993066
2025-11-18,2122.488037109375,0.004932071010872008
2025-11-19,2132.956298828125,-0.0006945502415187654
2025-11-20,2131.474853515625,0.002038595405703836
2025-11-21,2135.820068359375,-0.00490117015623226
2025-11-24,2125.35205078125,0.004414250304579648
2025-11-25,2134.73388671875,-0.0160991643288384
2025-11-26,2100.366455078125,-0.005266124389333604
2025-11-27,2089.3056640625,-0.0066174748732032995
2025-11-28,2075.479736328125,-0.005662400388652622
2025-12-01,2063.7275390625,0.006843109948293069
2025-12-02,2077.849853515625,-0.008555174069687088
2025-12-03,2060.073486328125,0.008533121531119514
2025-12-04,2077.65234375,0.002376597872824515
2025-12-05,2082.590087890625,-0.01071698743149263
2025-12-08,2060.27099609375,0.0016777127743405895
2025-12-09,2063.7275390625,-0.010862852932700617
2025-12-10,2041.3095703125,-0.006676311210682129
2025-12-11,2027.68115234375,0.014708655182868124
2025-12-12,2057.505615234375,-0.006575700652016847
2025-12-15,2043.97607421875,0.015606071862750204
2025-12-16,2075.87451171875,0.002854477511007536
2025-12-17,2081.800048828125,-0.007590078307241677
2025-12-18,2065.9990234375,0.0027245444872643354
2025-12-19,2071.6279296875,0.02378806956146251
2025-12-22,2120.907958984375,-0.011501352731287828
2025-12-23,2096.5146484375,0.00037695095701528736
2025-12-24,2097.304931640625,-0.008617132222214607
2025-12-26,2079.232177734375,-0.011304127793756447
2025-12-29,2055.728271484375,0.008743194838451096
2025-12-30,2073.701904296875,0.0027622231198616287
2025-12-31,2079.429931640625,0.0022795836026368033
2026-01-01,2084.170166015625,-0.0019426571740733811
2026-01-02,2080.121337890625,-0.0006172406981685974
2026-01-05,2078.83740234375,0.0001424558639320228
2026-01-06,2079.133544921875,-0.010022274199398717
2026-01-07,2058.2958984375,-0.008588410562249238
2026-01-08,2040.618408203125,-0.018971156228610564
2026-01-09,2001.905517578125,0.008337027526874152
2026-01-12,2018.595458984375,-0.008365941326535897
2026-01-13,2001.7080078125,-0.0021708145729062434
2026-01-14,1997.3626708984375,0.0
2026-01-15,1997.3626708984375,-0.0030160621351580374
2026-01-16,1991.3385009765625,-0.0031739629235375544
2026-01-19,1985.01806640625,-0.006965200991706166
2026-01-20,1971.1920166015625,5.0099067965270194e-05
2026-01-21,1971.290771484375,0.003055951972696036
2026-01-22,1977.31494140625,-0.008740373291689085
2026-01-23,1960.032470703125,-0.005693489263533302
2026-01-27,1948.873046875,-0.0079558824561069
2026-01-28,1933.3680419921875,0.0052102672843565845
2026-01-29,1943.44140625,0.0004064526924492107
2026-01-30,1944.2313232421875,-0.0016761951594206348
2026-02-02,1940.972412109375,0.016230802582518855
2026-02-03,1972.4759521484375,0.014269249732788092
2026-02-04,2000.6217041015625,-0.016487306527579015
2026-02-05,1967.6368408203125,0.023087706894790117
2026-02-06,2013.0650634765625,-9.811395031811276e-05
2026-02-09,2012.8675537109375,-0.013197863768451112
2026-02-10,1986.302001953125,0.0003976822212385933
2026-02-11,1987.0919189453125,0.0011928181254294845
2026-02-12,1989.462158203125,-0.004864743275635575
2026-02-13,1979.783935546875,0.012321075026559436
2026-02-16,2004.177001953125,-0.004484104182317483
2026-02-17,1995.1900634765625,0.000742508365302541
2026-02-18,1996.6715087890625,-0.01642106648069641
2026-02-19,1963.884033203125,-0.005632099873832508
2026-02-20,1952.8232421875,0.01006374234819285
2026-02-23,1972.4759521484375,-0.028188096152105047
2026-02-24,1916.8756103515625,-0.014219407764545
2026-02-25,1889.6187744140625,0.008466541173740572
2026-02-26,1905.6173095703125,-0.026067501784179492
2026-02-27,1855.942626953125,-0.003245947317928377
2026-03-02,1849.9183349609375,0.017456759301887947
2026-03-04,1882.2119140625,0.0005771420862983323
2026-03-05,1883.2982177734375,-0.01898265482471817
2026-03-06,1847.5482177734375,-0.0021916582728310763
2026-03-09,1843.4990234375,-0.008731922194917474
2026-03-10,1827.4017333984375,-0.023454391511064543
2026-03-11,1784.5411376953125,-0.0031543965402192065
2026-03-12,1778.9119873046875,0.001165798282243724
2026-03-13,1780.98583984375,-0.008095772975103999
2026-03-16,1766.5673828125,0.021355098080946933
2026-03-17,1804.2926025390625,0.015544594613337015
2026-03-18,1832.339599609375,-0.015306658807292983
2026-03-19,1804.2926025390625,0.010454262685321014
2026-03-20,1823.1551513671875,-0.027192446988129504
2026-03-23,1773.5791015625,0.0034522986876048822
2026-03-24,1779.7020263671875,0.018200987302630534
2026-03-25,1812.0943603515625,0.00490492315865132
2026-03-27,1820.9825439453125,-0.033353200394516835
2026-03-30,1760.2469482421875,-0.00028058363337502
2026-04-01,1759.7530517578125,0.004377320398446294
2026-04-02,1767.4560546875,0.0017322328890116978
2026-04-06,1770.5177001953125,0.020917009495465377
2026-04-07,1807.5516357421875,0.017100971314262248
2026-04-08,1838.4625244140625,-0.001181752357213517
2026-04-09,1836.2899169921875,0.005700700935930669
2026-04-10,1846.758056640625,0.0004813386422919397
2026-04-13,1847.64697265625,-0.008124512253100624
2026-04-15,1832.6357421875,-0.008137040603340417
2026-04-16,1817.7235107421875,0.00342278660683637
2026-04-17,1823.9451904296875,-0.00043314846665643003
2026-04-20,1823.1551513671875,0.004820998752819383
2026-04-21,1831.944580078125,-0.014016188132567553
2026-04-22,1806.2677001953125,0.006670295794165559
2026-04-23,1818.3160400390625,-0.014501419710257646
2026-04-24,1791.9478759765625,0.0030862479773852147
2026-04-27,1797.478271484375,0.013021307656084558
2026-04-28,1820.8837890625,0.024026458970762832
2026-04-29,1864.6331787109375,-0.0006885072577385021
2026-04-30,1863.349365234375,0.0
2026-05-01,1863.349365234375,-0.03164094237121051
2026-05-04,1804.3912353515625,-0.011493567024294382
2026-05-05,1783.65234375,0.015281473451375982
2026-05-06,1810.9091796875,-0.003871932854860205
2026-05-07,1803.8974609375,0.004325012952098639
2026-05-08,1811.6993408203125,-0.04071949617291204
2026-05-11,1737.9278564453125,-0.0017047707381522281
2026-05-12,1734.965087890625,0.018442556917219965
2026-05-13,1766.9622802734375,0.05270517248585582
2026-05-14,1860.09033203125,0.011627288871271846
2026-05-15,1881.7181396484375,0.017161751497807076
2026-05-18,1914.01171875,-0.012692875015051452
2026-05-19,1889.7174072265625,-0.004494345006141542
2026-05-20,1881.224365234375,-0.010289215683093711
2026-05-21,1861.8680419921875,-0.007372861347996973
2026-05-22,1848.1407470703125,0.0018168465206236384
2026-05-25,1851.49853515625,-0.014881645436590762
2026-05-26,1823.9451904296875,0.002869675518123449
2026-05-27,1829.1793212890625,0.0
2026-05-28,1829.1793212890625,-0.012525628748964679
2026-05-29,1806.2677001953125,-0.010060184720562249
2026-06-01,1788.0963134765625,0.0019883145134671487
2026-06-02,1791.651611328125,0.005456963550974692
2026-06-03,1801.4285888671875,-0.002850724146546302
2026-06-04,1796.293212890625,-0.01138051899140713
2026-06-05,1775.8504638671875,0.008397302486354175
2026-06-08,1790.7628173828125,-0.00788620040356025
2026-06-09,1776.6405029296875,-0.013229547762682703
2026-06-10,1753.1363525390625,0.004168519686362782
2026-06-11,1760.4443359375,0.022383084770302153
2026-06-12,1799.8485107421875,0.010260602037701405
2026-06-15,1818.3160400390625,0.006408853057386921
2026-06-16,1829.9693603515625,0.012250394550529897
2026-06-17,1852.38720703125,-0.00047974412240958664
2026-06-18,1851.49853515625,0.019202008297227513
2026-06-19,1887.051025390625,0.003035373816800746
2026-06-22,1892.7789306640625,-0.007826375490990523
2026-06-23,1877.96533203125,-0.012778683607929442
2026-06-24,1853.9674072265625,-0.014169359799748538
2026-06-25,1827.6978759765625,0.0
2026-06-26,1827.6978759765625,-0.005187176143785166
2026-06-29,1818.21728515625,0.005920374014188434
2026-06-30,1828.9818115234375,0.010259214114324955
2026-07-01,1847.7457275390625,0.002137845729326182
2026-07-02,1851.6959228515625,0.01888003455447196
2026-07-03,1886.656005859375,0.00800874200914814
2026-07-06,1901.7657470703125,5.199218319984489e-05
2026-07-07,1901.8646240234375,-0.0195762857367503
2026-07-08,1864.6331787109375,0.02277415986500886
2026-07-09,1907.0986328125,-0.005540822246653532
2026-07-10,1896.53173828125,-0.009685455847266433
2026-07-13,1878.1629638671875,0.018245848425874733
2026-07-14,1912.431640625,-0.009398377699366245
2026-07-15,1894.4578857421875,0.0018244907550866163
2026-07-16,1897.914306640625,-0.0067644671107276455
2026-07-17,1885.075927734375,0.016397688929711274
2026-07-20,1915.98681640625,0.0042781606553208285
2026-07-21,1924.1837158203125,0.0003079380061286052
2026-07-22,1924.7762451171875,-0.009235486546700034
2026-07-23,1907.0,-0.004614603475681656
2026-07-24,1898.199951171875,0.0037404371714722107
2026-07-27,1905.300048828125,-0.00183698100577534
2026-07-28,1901.800048828125,0.02544952208491824
2026-07-29,1950.199951171875,0.003384318439903611
2026-07-30,1956.800048828125,0.007767758990489426
2026-07-31,1972.0,-0.0007606490872210658
2026-08-03,1970.5,-0.000203006553698315
2026-08-04,1970.0999755859375,0.004009961175555521
2026-08-05,1978.0,-0.015166835187057637
2026-08-06,1948.0,0.006108842101674838
2026-08-07,1959.9000244140625,-0.008622901272280492
2026-08-10,1943.0,-0.014307796617666013
2026-08-11,1915.199951171875,0.015559758556745518
2026-08-12,1945.0,-0.003033431575353518
2026-08-13,1939.0999755859375,0.027332267890924467
2026-08-14,1992.0999755859375,-0.011445171947811694
2026-08-17,1969.300048828125,-0.017823641286728753
2026-08-18,1934.199951171875,-0.006307492234442158
2026-08-19,1922.0,0.010249714449466651
2026-08-20,1941.699951171875,0.002214579459369981
2026-08-21,1946.0,-0.00565262076053441
2026-08-24,1935.0,0.006201550387596955
2026-08-25,1947.0,-0.023061132210612456
2026-08-26,1902.0999755859375,-0.012512447854104547
2026-08-27,1878.300048828125,0.002182811840150567
2026-08-28,1882.4000244140625,-0.03745218820954099
2026-08-31,1811.9000244140625,0.036039475621139516
2026-09-01,1877.199951171875,-0.007670947537986361
2026-09-02,1862.800048828125,0.003328296655229046
2026-09-03,1869.0,-0.015516318887105363
2026-09-04,1840.0,0.007608695652173925
2026-09-07,1854.0,-0.005393743257820938
2026-09-08,1844.0,-0.01588939741221529
2026-09-09,1814.699951171875,0.013390670348799372
2026-09-10,1839.0,-0.004295826217543541
2026-09-11,1831.0999755859375,
