ds,y,next_return
1997-07-01,4300.85986328125,0.0076821938200266615
1997-07-02,4333.89990234375,-0.0024089022915836367
1997-07-03,4323.4599609375,8.323502114082615e-05
1997-07-04,4323.81982421875,-0.0074863500844646325
1997-07-07,4291.4501953125,0.0034813269935112245
1997-07-08,4306.39013671875,0.02282649773167078
1997-07-09,4404.68994140625,-0.005975409068259441
1997-07-10,4378.3701171875,-0.012879253057522022
1997-07-11,4321.97998046875,-0.02243415318341757
1997-07-14,4225.02001953125,-0.0009467410761390127
1997-07-15,4221.02001953125,-0.008907822631086582
1997-07-16,4183.419921875,0.0024357921500939295
1997-07-17,4193.60986328125,-0.016405866766458832
1997-07-18,4124.81005859375,0.007144505115114885
1997-07-21,4154.27978515625,0.007705367852359535
1997-07-22,4186.2900390625,0.015488617163401441
1997-07-23,4251.1298828125,-0.005824278793528426
1997-07-24,4226.3701171875,-0.008650463064053482
1997-07-25,4189.81005859375,-0.001988175599491493
1997-07-28,4181.47998046875,0.008633330262220573
1997-07-29,4217.580078125,0.006475291064512723
1997-07-30,4244.89013671875,0.01433950631129921
1997-07-31,4305.759765625,0.009652200971717928
1997-08-01,4347.31982421875,0.02715472929115914
1997-08-04,4465.3701171875,0.01850908215326319
1997-08-05,4548.02001953125,-0.005499152114292527
1997-08-06,4523.009765625,-0.01679185121563742
1997-08-07,4447.06005859375,-0.011135451034791966
1997-08-08,4397.5400390625,0.019046959181946654
1997-08-11,4481.2998046875,-0.012556629099528371
1997-08-12,4425.02978515625,-0.012406674081135383
1997-08-13,4370.1298828125,-0.011249017600619249
1997-08-14,4320.97021484375,-0.03601045365268196
1997-08-19,4165.3701171875,0.016627517765879896
1997-08-20,4234.6298828125,-0.018530480522274795
1997-08-21,4156.16015625,-0.02610347780074196
1997-08-22,4047.669921875,0.014717186344188171
1997-08-26,4107.240234375,-0.0023568564848563955
1997-08-27,4097.56005859375,-0.03280248594968205
1997-08-28,3963.14990234375,-0.021969853869836742
1997-08-29,3876.080078125,0.017437679920868865
1997-09-01,3943.669921875,0.001612738273707004
1997-09-02,3950.030029296875,0.0038885434205127023
1997-09-03,3965.389892578125,0.010503417725033826
1997-09-04,4007.0400390625,0.006316397726754852
1997-09-05,4032.35009765625,0.013627276858676929
1997-09-08,4087.300048828125,-0.013639810959311438
1997-09-09,4031.550048828125,0.003487506895229364
1997-09-10,4045.610107421875,-0.008784840387189075
1997-09-11,4010.070068359375,-0.003523660861842748
1997-09-12,3995.93994140625,0.005625705290465133
1997-09-15,4018.419921875,-0.001450777693152272
1997-09-16,4012.590087890625,-0.020998907917334608
1997-09-17,3928.330078125,-0.011088696145040156
1997-09-18,3884.77001953125,-0.01535480917630938
1997-09-19,3825.1201171875,-0.014151222783802542
1997-09-22,3770.989990234375,0.013638310304140644
1997-09-23,3822.419921875,0.0009130316149730255
1997-09-24,3825.909912109375,0.016113852103324833
1997-09-25,3887.56005859375,0.009692437177229118
1997-09-26,3925.239990234375,-0.0031615677360491423
1997-09-29,3912.830078125,-0.002760163005417371
1997-09-30,3902.030029296875,0.0008918384642409016
1997-10-01,3905.510009765625,-0.014794490131224247
1997-10-03,3847.72998046875,0.0024976044240776485
1997-10-06,3857.340087890625,0.0135118687643061
1997-10-07,3909.4599609375,0.005312759240094556
1997-10-08,3930.22998046875,0.012653198595472315
1997-10-09,3979.9599609375,0.019449983670631
1997-10-10,4057.3701171875,0.0021392999381188993
1997-10-13,4066.050048828125,-0.01319465964267641
1997-10-14,4012.39990234375,0.00552042344319581
1997-10-15,4034.550048828125,0.010534012339825649
1997-10-16,4077.050048828125,0.007164424387007706
1997-10-17,4106.259765625,0.011830736703917655
1997-10-20,4154.83984375,-0.00910976374503003
1997-10-21,4116.990234375,-0.008328968797840841
1997-10-22,4082.699951171875,-0.017863162248720088
1997-10-23,4009.77001953125,-0.013045650583188628
1997-10-24,3957.4599609375,-0.005844628383055217
1997-10-27,3934.330078125,-0.033319544951118885
1997-10-30,3803.239990234375,-0.0032656161343724843
1997-11-03,3790.820068359375,0.003991189911329185
1997-11-04,3805.949951171875,-0.00728332507225693
1997-11-05,3778.22998046875,-0.0037769060128731713
1997-11-06,3763.9599609375,-0.004420847392324623
1997-11-07,3747.320068359375,-0.007010348476251593
1997-11-10,3721.050048828125,0.0006315027975409837
1997-11-11,3723.39990234375,-0.024230534744961063
1997-11-12,3633.179931640625,-0.021766010897419363
1997-11-13,3554.10009765625,0.004408970328475981
1997-11-14,3569.77001953125,0.002333505542212455
1997-11-17,3578.10009765625,-0.01654514789881867
1997-11-18,3518.89990234375,-0.018258547211645992
1997-11-19,3454.64990234375,0.00353442618594757
1997-11-20,3466.860107421875,0.01632019528657902
1997-11-21,3523.43994140625,-0.03416260105141278
1997-11-24,3403.070068359375,0.02257368278514016
1997-11-25,3479.889892578125,0.015986174468270553
1997-11-26,3535.52001953125,0.026177209665579904
1997-11-27,3628.070068359375,-0.018682116943657956
1997-11-28,3560.2900390625,0.002628960893229504
1997-12-01,3569.64990234375,-0.004529834106247521
1997-12-02,3553.47998046875,0.002501811398295084
1997-12-03,3562.3701171875,-0.009900717323301556
1997-12-04,3527.10009765625,-0.016449779684393984
1997-12-05,3469.080078125,-0.00025659157433777224
1997-12-08,3468.18994140625,-0.02208640668756623
1997-12-09,3391.590087890625,-0.013049928976868852
1997-12-10,3347.330078125,-0.005434237174800627
1997-12-11,3329.139892578125,3.908725896883958e-05
1997-12-12,3329.27001953125,0.011501031408648332
1997-12-15,3367.56005859375,0.017018273645186932
1997-12-16,3424.8701171875,0.01814664504556096
1997-12-17,3487.02001953125,-0.0042070082169967105
1997-12-18,3472.35009765625,0.01953715548319579
1997-12-19,3540.18994140625,0.021510186669285503
1997-12-22,3616.340087890625,0.006849471822131026
1997-12-23,3641.110107421875,-0.009178565061106703
1997-12-24,3607.68994140625,0.007120883951639234
1997-12-26,3633.3798828125,0.020204371306524527
1997-12-29,3706.7900390625,-0.018636091442198688
1997-12-30,3637.7099609375,0.005847090548628753
1997-12-31,3658.97998046875,0.009740456878417847
1998-01-01,3694.6201171875,0.006828842930665324
1998-01-02,3719.85009765625,0.005204474044114837
1998-01-05,3739.2099609375,-0.0052390328317076795
1998-01-06,3719.6201171875,-0.009761765301238623
1998-01-07,3683.31005859375,-0.02311783290839342
1998-01-08,3598.159912109375,-0.01888742095891438
1998-01-09,3530.199951171875,-0.0382867582513301
1998-01-12,3395.0400390625,0.010803976158924478
1998-01-13,3431.719970703125,-0.009012953243468735
1998-01-14,3400.7900390625,-0.010294669580741322
1998-01-15,3365.780029296875,0.0049141770759022485
1998-01-16,3382.320068359375,0.02913385991595341
1998-01-19,3480.860107421875,-0.0071563221391421905
1998-01-20,3455.949951171875,-0.010882641187699216
1998-01-21,3418.340087890625,-0.011128219569859543
1998-01-22,3380.300048828125,-0.008605770928740486
1998-01-23,3351.2099609375,-0.022379976448571703
1998-01-27,3276.2099609375,-0.020346654489231786
1998-01-28,3209.550048828125,0.004614372223034069
1998-01-29,3224.360107421875,0.04045452029567098
1998-02-02,3354.800048828125,2.3796942653309117e-05
1998-02-03,3354.8798828125,-0.010638217358867164
1998-02-04,3319.18994140625,0.01002956734931404
1998-02-05,3352.47998046875,0.004241627328416264
1998-02-06,3366.699951171875,-0.005450397654010675
1998-02-09,3348.35009765625,-0.009153805782086244
1998-02-10,3317.699951171875,-0.007472055769764174
1998-02-11,3292.909912109375,0.0002976031822632397
1998-02-12,3293.889892578125,0.024178141746084902
1998-02-13,3373.530029296875,0.022599469864587274
1998-02-16,3449.77001953125,-0.010554301273196898
1998-02-17,3413.360107421875,-0.003363320671737169
1998-02-18,3401.8798828125,0.010511837865380569
1998-02-19,3437.639892578125,-0.005916804664128361
1998-02-20,3417.300048828125,0.0178795694386209
1998-02-23,3478.39990234375,0.001808313948681306
1998-02-24,3484.68994140625,0.0249491182481405
1998-02-26,3571.6298828125,0.014164426200507618
1998-02-27,3622.219970703125,0.041518775208330805
1998-03-02,3772.610107421875,-0.007602210396676634
1998-03-04,3743.929931640625,-0.007828622593981427
1998-03-05,3714.6201171875,-0.0016260179700617883
1998-03-06,3708.580078125,0.026595052751932302
1998-03-09,3807.2099609375,-0.002353419178198868
1998-03-10,3798.25,-0.01215294204156514
1998-03-11,3752.090087890625,-0.00948540335038528
1998-03-12,3716.5,0.01849320071808158
1998-03-16,3785.22998046875,0.0015692418788024742
1998-03-17,3791.169921875,0.008928668024330788
1998-03-18,3825.02001953125,-0.0010849361108071776
1998-03-19,3820.8701171875,0.005111344944283447
1998-03-20,3840.39990234375,0.03213471497452236
1998-03-23,3963.81005859375,-0.009117524852230607
1998-03-24,3927.669921875,0.005575862259301179
1998-03-25,3949.570068359375,-0.01463958541274668
1998-03-26,3891.75,0.004329696834650232
1998-03-27,3908.60009765625,-0.002717115315498342
1998-03-30,3897.97998046875,-0.001341715579596503
1998-03-31,3892.75,0.019734138683289437
1998-04-01,3969.570068359375,0.005831841218340683
1998-04-02,3992.719970703125,0.020870504001392565
1998-04-03,4076.050048828125,0.023103289922237202
1998-04-06,4170.22021484375,0.0057670347004448175
1998-04-07,4194.27001953125,-0.018115185745061213
1998-04-10,4118.2900390625,-0.007857656239588562
1998-04-13,4085.929931640625,0.02608220653372384
1998-04-15,4192.5,-0.013877203525641035
1998-04-16,4134.31982421875,0.012684055330953736
1998-04-17,4186.759765625,0.005725242475232317
1998-04-20,4210.72998046875,0.016678813601087805
1998-04-21,4280.9599609375,-0.02371431185005002
1998-04-22,4179.43994140625,-0.020866422812659602
1998-04-23,4092.22998046875,-0.010080078636067968
1998-04-24,4050.97998046875,0.00786231919432101
1998-04-27,4082.830078125,0.0
1998-04-28,4082.830078125,-0.027566674751208997
1998-04-29,3970.280029296875,0.009200869718840599
1998-04-30,4006.81005859375,0.032195187222145094
1998-05-04,4135.81005859375,0.002775751377869895
1998-05-05,4147.2900390625,-0.018686901391039235
1998-05-06,4069.7900390625,-0.011693499525490925
1998-05-08,4022.199951171875,-0.019161172814623595
1998-05-12,3945.1298828125,-0.0411570411798764
1998-05-13,3782.760009765625,0.030448648960884395
1998-05-14,3897.93994140625,-0.012350085763701557
1998-05-15,3849.800048828125,0.01524233230203409
1998-05-18,3908.47998046875,0.004078296802312975
1998-05-19,3924.419921875,0.008284029337536358
1998-05-20,3956.929931640625,-0.012165970439149354
1998-05-21,3908.7900390625,-0.0029906803101283908
1998-05-22,3897.10009765625,0.0028251801313101677
1998-05-25,3908.110107421875,-0.00845678548446216
1998-05-26,3875.06005859375,-0.025256412986542687
1998-05-27,3777.18994140625,-0.014629926115140468
1998-05-28,3721.929931640625,-0.009548820024893323
1998-05-29,3686.389892578125,-0.011857118267794231
1998-06-01,3642.679931640625,-0.01907111577377496
1998-06-02,3573.2099609375,0.006932147789252996
1998-06-03,3597.97998046875,-0.014388634681759771
1998-06-04,3546.2099609375,-0.036185129976187724
1998-06-05,3417.889892578125,-0.0003393649724918735
1998-06-08,3416.72998046875,0.015026088741019406
1998-06-09,3468.070068359375,-0.045172142765878553
1998-06-10,3311.409912109375,0.0073533927549123135
1998-06-11,3335.760009765625,0.0034924282051598254
1998-06-12,3347.409912109375,-0.05808967418912314
1998-06-15,3152.9599609375,0.0025753949584204072
1998-06-16,3161.080078125,0.07588225135668014
1998-06-17,3400.949951171875,-0.03193809806270376
1998-06-18,3292.330078125,-0.04532655503172922
1998-06-19,3143.10009765625,-0.02054980302370535
1998-06-22,3078.510009765625,-0.013373327273389135
1998-06-23,3037.340087890625,0.03499766295888285
1998-06-24,3143.639892578125,0.020644904856182533
1998-06-25,3208.5400390625,-0.012379453028340759
1998-06-26,3168.820068359375,0.038102507441164724
1998-06-29,3289.56005859375,-0.011816205357295217
1998-06-30,3250.68994140625,-0.006180178396623437
1998-07-01,3230.60009765625,-0.015436796780783801
1998-07-02,3180.72998046875,-0.02883299164048647
1998-07-03,3089.02001953125,0.028905620066538074
1998-07-06,3178.31005859375,0.005546936103616229
1998-07-07,3195.93994140625,0.0156260575360736
1998-07-08,3245.8798828125,0.026525965459216483
1998-07-09,3331.97998046875,0.020936503272691143
1998-07-10,3401.739990234375,-0.02339099066589534
1998-07-13,3322.169921875,0.014848752256825692
1998-07-14,3371.5,-0.001714379147819911
1998-07-15,3365.719970703125,0.036559799953416405
1998-07-16,3488.77001953125,-0.005150804037676093
1998-07-17,3470.800048828125,-0.024792568750014454
1998-07-20,3384.75,-0.009291661473336266
1998-07-21,3353.300048828125,-0.002674968112758025
1998-07-22,3344.330078125,-0.034927789980359725
1998-07-23,3227.52001953125,-0.017418937872704543
1998-07-24,3171.300048828125,-0.027159248770847855
1998-07-27,3085.169921875,0.02647185344202696
1998-07-28,3166.840087890625,0.016764295725889333
1998-07-29,3219.929931640625,-0.0024316783751829885
1998-07-30,3212.10009765625,-0.00024595717396114214
1998-07-31,3211.31005859375,-0.030629277655284226
1998-08-03,3112.949951171875,0.00211699127644005
1998-08-04,3119.5400390625,0.004449336324809927
1998-08-05,3133.419921875,-0.011836857068236784
1998-08-06,3096.330078125,-0.011006603709911134
1998-08-07,3062.25,-0.01356520175116338
1998-08-10,3020.7099609375,-0.01657559613695425
1998-08-11,2970.639892578125,-0.0066786431433739635
1998-08-12,2950.800048828125,0.013359062363664798
1998-08-13,2990.219970703125,-0.007180063979733364
1998-08-14,2968.75,-0.017407976973684236
1998-08-17,2917.070068359375,-0.01682512828792071
1998-08-18,2867.989990234375,0.005788059830325043
1998-08-19,2884.590087890625,0.03640378929625121
1998-08-20,2989.60009765625,-0.022407675958698636
1998-08-21,2922.610107421875,0.009522253383611456
1998-08-24,2950.43994140625,0.014547039379885884
1998-08-25,2993.360107421875,-0.006190377579674
1998-08-27,2974.830078125,-0.022431526748179498
1998-08-28,2908.10009765625,0.008854578293489013
1998-08-31,2933.85009765625,-0.02430255345529897
1998-09-01,2862.550048828125,0.008509847117335934
1998-09-02,2886.909912109375,0.01107758171968154
1998-09-03,2918.889892578125,0.019257391387407674
1998-09-04,2975.10009765625,0.02582428538955739
1998-09-07,3051.929931640625,0.014472863730485619
1998-09-08,3096.10009765625,0.0003294530212449853
1998-09-09,3097.1201171875,0.0037292078610073887
1998-09-10,3108.669921875,-0.008077365533264769
1998-09-11,3083.56005859375,0.027130949460905773
1998-09-14,3167.219970703125,-0.0015913132365672489
1998-09-15,3162.179931640625,-0.007437913097831594
1998-09-16,3138.659912109375,-0.0055309793884559255
1998-09-17,3121.300048828125,-0.009797224761035395
1998-09-18,3090.719970703125,-0.0031740366926603647
1998-09-21,3080.909912109375,0.0046544976320994635
1998-09-22,3095.25,0.012977924844519872
1998-09-23,3135.419921875,0.028666057240389176
1998-09-24,3225.300048828125,-0.0005363781485627772
1998-09-25,3223.570068359375,-0.005165126282751786
1998-09-28,3206.919921875,-0.01873755666305099
1998-09-29,3146.830078125,-0.014153938394105725
1998-09-30,3102.2900390625,-0.07227563118852787
1998-10-05,2878.070068359375,0.014478425085304947
1998-10-06,2919.739990234375,0.030444454943054478
1998-10-07,3008.6298828125,-0.03738910886879121
1998-10-08,2896.139892578125,0.0070852998447472615
1998-10-09,2916.659912109375,-0.015147440213100993
1998-10-12,2872.47998046875,-0.014081891413312508
1998-10-13,2832.030029296875,0.02072362962225416
1998-10-14,2890.719970703125,-0.011571494821665085
1998-10-15,2857.27001953125,-0.003205826557084679
1998-10-16,2848.110107421875,0.0012183414868978115
1998-10-19,2851.580078125,-0.03065674595156609
1998-10-20,2764.159912109375,0.007344021139729762
1998-10-23,2784.4599609375,0.037799071086144664
1998-10-26,2889.7099609375,0.0021213640939716782
1998-10-27,2895.840087890625,-0.021686297213279304
1998-10-28,2833.0400390625,0.004278045096350214
1998-10-29,2845.159912109375,-0.011482631164579704
1998-10-30,2812.489990234375,-0.0003733520232146459
1998-11-02,2811.43994140625,0.00022056924580438064
1998-11-03,2812.06005859375,0.010828343114087868
1998-11-05,2842.510009765625,0.014726459107641476
1998-11-06,2884.3701171875,0.034426859471254456
1998-11-09,2983.669921875,0.0070383120619466055
1998-11-10,3004.669921875,-0.009485234898020112
1998-11-11,2976.169921875,0.01122252672432511
1998-11-12,3009.570068359375,-0.011114528125975687
1998-11-13,2976.1201171875,-0.010322236211615432
1998-11-16,2945.39990234375,0.007876755646674338
1998-11-17,2968.60009765625,0.011672135418679952
1998-11-18,3003.25,-0.01277944986681101
1998-11-19,2964.8701171875,-0.007919478318209938
1998-11-20,2941.389892578125,-0.007418201943852121
1998-11-23,2919.570068359375,-0.005483687457661035
1998-11-24,2903.56005859375,-0.007532173175743506
1998-11-25,2881.68994140625,-0.01964467532326697
1998-11-26,2825.080078125,-0.014859748859441857
1998-11-27,2783.10009765625,0.00990255955088859
1998-11-30,2810.659912109375,-0.0023588349426182376
1998-12-01,2804.030029296875,0.0044792881896844605
1998-12-02,2816.590087890625,-0.004306671036469312
1998-12-03,2804.4599609375,0.016174275280689487
1998-12-04,2849.820068359375,0.02525772811691529
1998-12-07,2921.800048828125,0.008159300209321874
1998-12-08,2945.639892578125,0.0015514687898170454
1998-12-09,2950.2099609375,0.009962049178835697
1998-12-10,2979.60009765625,0.0076990000853787155
1998-12-11,3002.5400390625,-0.004029953805388065
1998-12-14,2990.43994140625,-0.021053745325476436
1998-12-15,2927.47998046875,0.003224596400054125
1998-12-16,2936.919921875,-0.024678909332494503
1998-12-17,2864.43994140625,0.0037180554322064907
1998-12-18,2875.090087890625,0.03418328688579653
1998-12-21,2973.3701171875,0.001079569919313128
1998-12-22,2976.580078125,-0.004730287025863977
1998-12-23,2962.5,0.00032065862341768003
1998-12-24,2963.449951171875,0.030801947325204138
1998-12-28,3054.72998046875,-0.002762909147523085
1998-12-29,3046.2900390625,0.021022305243859396
1998-12-30,3110.330078125,-0.017657343316029195
1998-12-31,3055.409912109375,0.021807262812447048
1999-01-04,3122.0400390625,0.008654603782520365
1999-01-05,3149.06005859375,0.017979927976400356
1999-01-06,3205.679931640625,0.029138952809363516
1999-01-07,3299.090087890625,0.02993249573949619
1999-01-08,3397.840087890625,0.010409516672938102
1999-01-11,3433.2099609375,-0.02329889262366358
1999-01-12,3353.219970703125,-0.012751925056875613
1999-01-13,3310.4599609375,-0.005491663350453702
1999-01-14,3292.280029296875,-0.025644820880761032
1999-01-15,3207.85009765625,0.02204902919884799
1999-01-18,3278.580078125,-0.01820000262118049
1999-01-19,3218.909912109375,0.03448994304363673
1999-01-21,3329.929931640625,-0.009630780490011537
1999-01-22,3297.860107421875,0.003423369868378323
1999-01-25,3309.14990234375,0.013547309565290044
1999-01-27,3353.97998046875,-0.018196301007242566
1999-01-28,3292.949951171875,0.0068692562969110416
1999-01-29,3315.570068359375,-0.014977863602977037
1999-02-01,3265.909912109375,-0.00892550717203422
1999-02-02,3236.760009765625,0.012608305364198102
1999-02-03,3277.570068359375,-0.012555077580682528
1999-02-04,3236.419921875,-0.006510225720815388
1999-02-05,3215.35009765625,-0.009862131374508643
1999-02-08,3183.639892578125,0.007560549927612348
1999-02-09,3207.7099609375,0.031106312762676502
1999-02-10,3307.489990234375,0.0017868269070577814
1999-02-11,3313.39990234375,0.0072705041952783045
1999-02-12,3337.489990234375,-0.006714600545603799
1999-02-15,3315.080078125,0.008928850229273033
1999-02-16,3344.679931640625,-0.0024695964739362974
1999-02-17,3336.419921875,0.004384977699360748
1999-02-18,3351.050048828125,0.0011548240075460736
1999-02-19,3354.919921875,-0.015210505909290184
1999-02-22,3303.889892578125,-0.006029232971639931
1999-02-23,3283.969970703125,0.001084071604037229
1999-02-24,3287.530029296875,-0.001898078550999438
1999-02-25,3281.2900390625,-0.014454659928256786
1999-02-26,3233.860107421875,0.08971317973249215
1999-03-01,3523.97998046875,0.03304216881242361
1999-03-03,3640.419921875,-0.010564704556855431
1999-03-04,3601.9599609375,0.013076241315017612
1999-03-05,3649.06005859375,0.02275655586071701
1999-03-08,3732.10009765625,0.013935856060850904
1999-03-09,3784.110107421875,-0.010766068924493166
1999-03-10,3743.3701171875,-0.018662356442157746
1999-03-11,3673.510009765625,0.007976036202496761
1999-03-12,3702.81005859375,0.021848245268749844
1999-03-15,3783.7099609375,-0.010447425861119797
1999-03-16,3744.179931640625,-0.01908828421923847
1999-03-17,3672.7099609375,-2.180355264957967e-05
1999-03-19,3672.6298828125,0.01104114765767572
1999-03-22,3713.179931640625,0.011935879535951432
1999-03-23,3757.5,-0.019909529898536227
1999-03-24,3682.68994140625,-0.02311078712446546
1999-03-26,3597.580078125,0.02387991656718036
1999-03-30,3683.489990234375,0.01533056173705849
1999-03-31,3739.9599609375,-0.014350400120739959
1999-04-01,3686.2900390625,-0.045275912832627
1999-04-05,3519.389892578125,0.01422976130908693
1999-04-06,3569.469970703125,0.004855084443135427
1999-04-07,3586.800048828125,-0.013558081379254294
1999-04-08,3538.169921875,-0.027409644706198
1999-04-09,3441.18994140625,0.0065617064182665885
1999-04-12,3463.77001953125,0.00021652707765551504
1999-04-13,3464.52001953125,-0.03099993700087822
1999-04-15,3357.1201171875,0.0642782466486953
1999-04-16,3572.909912109375,-0.03400029204683486
1999-04-19,3451.429931640625,-0.002155611312877892
1999-04-20,3443.989990234375,0.005966930474942123
1999-04-21,3464.5400390625,-0.016106048190808187
1999-04-22,3408.739990234375,-0.0006307029429962752
1999-04-23,3406.590087890625,-0.047355292006754146
1999-04-26,3245.27001953125,0.0
1999-04-27,3245.27001953125,0.008455364651047903
1999-04-28,3272.7099609375,0.01618841299751894
1999-04-29,3325.68994140625,0.015849331076008832
1999-05-03,3378.39990234375,0.03686657957269035
1999-05-04,3502.949951171875,0.015449868808258271
1999-05-05,3557.070068359375,0.025804956691459324
1999-05-06,3648.860107421875,0.016139257424076403
1999-05-07,3707.75,0.030341851527206476
1999-05-10,3820.25,0.021003858447582013
1999-05-11,3900.489990234375,-0.006050546909577403
1999-05-12,3876.889892578125,0.03554138571907428
1999-05-13,4014.679931640625,0.015141939107872426
1999-05-14,4075.469970703125,-0.008852985884907683
1999-05-17,4039.389892578125,0.011318594158923556
1999-05-18,4085.110107421875,0.009417119659328677
1999-05-19,4123.580078125,-0.010701896438783609
1999-05-20,4079.449951171875,-0.01561483825866683
1999-05-21,4015.75,0.0032945229331382553
1999-05-24,4028.97998046875,0.007719099575330235
1999-05-25,4060.080078125,-0.02137396987917317
1999-05-26,3973.300048828125,-0.027898748217855762
1999-05-27,3862.449951171875,-0.02307599682565664
1999-05-28,3773.320068359375,0.0510823350545524
1999-05-31,3966.070068359375,-0.013633160137723421
1999-06-01,3912.0,0.00608897452949253
1999-06-02,3935.820068359375,0.01043234033568008
1999-06-03,3976.8798828125,0.01650543608380972
1999-06-04,4042.52001953125,-0.0017810551678381081
1999-06-07,4035.320068359375,0.007806072248639939
1999-06-08,4066.820068359375,-0.006130139854283567
1999-06-09,4041.889892578125,0.003607242778130182
1999-06-10,4056.469970703125,-0.021474302511883425
1999-06-11,3969.360107421875,-0.0046355447695386465
1999-06-14,3950.9599609375,-0.012460258001973923
1999-06-15,3901.72998046875,0.030670990169499923
1999-06-16,4021.39990234375,0.02582436469343019
1999-06-17,4125.25,-0.0037233775604509356
1999-06-18,4109.89013671875,0.024445842399746676
1999-06-21,4210.35986328125,0.010569167825317471
1999-06-22,4254.85986328125,-0.022969024505870017
1999-06-23,4157.1298828125,-0.008996568160734797
1999-06-24,4119.72998046875,-0.0019321559847944592
1999-06-25,4111.77001953125,0.011406256215929389
1999-06-28,4158.669921875,0.002924049390415906
1999-06-29,4170.830078125,-0.007216812263371231
1999-06-30,4140.72998046875,0.0009153069821932203
1999-07-01,4144.52001953125,0.012071309806800823
1999-07-02,4194.5498046875,0.02666557863522212
1999-07-05,4306.39990234375,0.006107257469153415
1999-07-06,4332.7001953125,-0.002582784218397305
1999-07-07,4321.509765625,0.0011339533845275973
1999-07-08,4326.41015625,0.00842730106964762
1999-07-09,4362.8701171875,0.0510580786596051
1999-07-12,4585.6298828125,0.0064484734389125276
1999-07-13,4615.2001953125,0.02059494727531841
1999-07-14,4710.25,-0.0064391652513136055
1999-07-15,4679.919921875,-0.008542877044086739
1999-07-16,4639.93994140625,0.016567050039057785
1999-07-19,4716.81005859375,-0.020986690823948995
1999-07-20,4617.81982421875,0.00904539828777673
1999-07-21,4659.58984375,0.014848933860360125
1999-07-22,4728.77978515625,-0.011981879161851894
1999-07-23,4672.1201171875,-0.009999788890674877
1999-07-26,4625.39990234375,-0.006957168716091755
1999-07-27,4593.22021484375,0.0010798439233266066
1999-07-28,4598.18017578125,0.0011395260501856352
1999-07-29,4603.419921875,-0.013268413301761428
1999-07-30,4542.33984375,-0.01060239207663316
1999-08-02,4494.18017578125,0.007369448400117218
1999-08-03,4527.2998046875,0.02579242033194884
1999-08-04,4644.06982421875,-0.009233255406471685
1999-08-05,4601.18994140625,-0.005626835024949539
1999-08-06,4575.2998046875,0.013966383265099358
1999-08-09,4639.2001953125,-0.009717209050505993
1999-08-10,4594.1201171875,-0.008813490579734351
1999-08-11,4553.6298828125,-0.002193798431325278
1999-08-12,4543.64013671875,-0.01227430382977579
1999-08-13,4487.8701171875,0.01567778510607698
1999-08-16,4558.22998046875,0.01377070042543016
1999-08-17,4621.0,0.01820599065407924
1999-08-18,4705.1298828125,-0.015954888831650416
1999-08-19,4630.06005859375,0.003401683736427241
1999-08-20,4645.81005859375,0.018074291781940977
1999-08-23,4729.77978515625,0.013176155197665462
1999-08-24,4792.10009765625,-0.01531063953012679
1999-08-25,4718.72998046875,0.02704750713449844
1999-08-26,4846.35986328125,0.005014133009985988
1999-08-27,4870.66015625,0.007233101743619574
1999-08-30,4905.89013671875,-0.0015655009727524316
1999-08-31,4898.2099609375,-0.015060607879114007
1999-09-01,4824.43994140625,-0.01963128613637455
1999-09-02,4729.72998046875,-0.004186244197715849
1999-09-03,4709.93017578125,0.026036454519659413
1999-09-06,4832.56005859375,-0.012190258483231853
1999-09-07,4773.64990234375,0.0016696270163920612
1999-09-08,4781.6201171875,-0.0035616115500862744
1999-09-09,4764.58984375,-0.0009192570517366772
1999-09-10,4760.2099609375,-0.006111042157533553
1999-09-14,4731.1201171875,-0.014812576385539011
1999-09-15,4661.0400390625,-0.01929830993912507
1999-09-16,4571.08984375,0.010347705817557618
1999-09-17,4618.39013671875,0.004910734439623088
1999-09-20,4641.06982421875,-0.0017387853500153705
1999-09-21,4633.0,0.011705154428825804
1999-09-22,4687.22998046875,0.010364347029573784
1999-09-23,4735.81005859375,0.00464751866157731
1999-09-24,4757.81982421875,-0.00885907913729611
1999-09-27,4715.669921875,0.0037640463166561666
1999-09-28,4733.419921875,0.013518816295861713
1999-09-29,4797.41015625,-0.006876675810597699
1999-09-30,4764.419921875,-0.013036185789603305
1999-10-01,4702.31005859375,-0.010120524413958387
1999-10-04,4654.72021484375,0.011644031118864806
1999-10-05,4708.919921875,-0.0023826539309745876
1999-10-06,4697.7001953125,0.056495708816959755
1999-10-07,4963.10009765625,0.0037557446660310134
1999-10-08,4981.740234375,0.010044592537356234
1999-10-11,5031.77978515625,0.00507574658530241
1999-10-12,5057.31982421875,-0.004810767499266899
1999-10-13,5032.990234375,0.00842439590964461
1999-10-14,5075.39013671875,-0.03770549889416408
1999-10-15,4884.02001953125,0.00955563689099681
1999-10-18,4930.68994140625,0.0025250412133903666
1999-10-20,4943.14013671875,-0.021490384154729925
1999-10-21,4836.91015625,-0.011129021707265707
1999-10-22,4783.080078125,0.006884619735011643
1999-10-25,4816.009765625,-0.0003467438722651872
1999-10-26,4814.33984375,-0.012076349058111724
1999-10-27,4756.2001953125,-0.033983088275604034
1999-10-28,4594.56982421875,-0.03264936030230148
1999-10-29,4444.56005859375,-0.039108443114107994
1999-11-01,4270.740234375,0.051705281075486775
1999-11-02,4491.56005859375,-0.007876969772408482
1999-11-03,4456.18017578125,0.006673820384413887
1999-11-04,4485.919921875,0.02508521672193953
1999-11-05,4598.4501953125,0.005112541101122581
1999-11-09,4621.9599609375,0.00376461555071983
1999-11-11,4639.35986328125,-0.0021015830388945167
1999-11-12,4629.60986328125,-0.009437067635605145
1999-11-15,4585.919921875,-0.001537271650530192
1999-11-16,4578.8701171875,-0.00816579980690002
1999-11-17,4541.47998046875,0.014242092018332375
1999-11-18,4606.16015625,-0.004789251316808296
1999-11-19,4584.10009765625,0.01138935883276071
1999-11-22,4636.31005859375,0.010741258470233772
1999-11-24,4686.10986328125,0.011645120172617762
1999-11-25,4740.68017578125,-0.007528443194413259
1999-11-26,4704.990234375,-0.013934154021141953
1999-11-29,4639.43017578125,-0.003711709022724996
1999-11-30,4622.2099609375,-0.0015685137761525247
1999-12-01,4614.9599609375,0.01662202090306253
1999-12-02,4691.669921875,0.0047893852760148015
1999-12-03,4714.14013671875,0.025845613455777627
1999-12-06,4835.97998046875,0.005922302580742667
1999-12-07,4864.6201171875,-0.013443989616513163
1999-12-08,4799.22021484375,0.008322173106938946
1999-12-09,4839.16015625,-0.010474946017395514
1999-12-10,4788.47021484375,0.0030259655889335324
1999-12-13,4802.9599609375,-0.023356466989858715
1999-12-14,4690.77978515625,-0.005376446500922172
1999-12-15,4665.56005859375,0.00963017841737801
1999-12-16,4710.490234375,-0.007353828369277227
1999-12-17,4675.85009765625,0.015133026967752539
1999-12-20,4746.60986328125,0.008300640557914685
1999-12-21,4786.009765625,0.03395945294655611
1999-12-22,4948.5400390625,0.004179045863629716
1999-12-23,4969.22021484375,-0.0190151030322111
1999-12-24,4874.72998046875,-0.011561637979347172
1999-12-27,4818.3701171875,0.00904041357021712
1999-12-28,4861.93017578125,0.015948406550293726
1999-12-29,4939.47021484375,0.013432535573473237
1999-12-30,5005.81982421875,0.07377213963551599
2000-01-03,5375.10986328125,0.0215623318019027
2000-01-04,5491.009765625,-0.0244053045514383
2000-01-05,5357.0,0.012045881119329804
2000-01-06,5421.52978515625,-0.0013003349546841791
2000-01-07,5414.47998046875,0.019191160854750144
2000-01-10,5518.39013671875,-0.0402454930747802
2000-01-11,5296.2998046875,0.03679935007691659
2000-01-12,5491.2001953125,-0.008446308538039071
2000-01-13,5444.81982421875,0.004857864202383544
2000-01-14,5471.27001953125,-0.012282375951581548
2000-01-17,5404.06982421875,0.011184152568751715
2000-01-18,5464.509765625,0.002512662496528595
2000-01-19,5478.240234375,-0.022350321353051927
2000-01-20,5355.7998046875,0.012556481282429921
2000-01-21,5423.0498046875,0.006455823783139136
2000-01-24,5458.06005859375,-0.016538846872730772
2000-01-25,5367.7900390625,0.0
2000-01-26,5367.7900390625,0.00024405920951009463
2000-01-27,5369.10009765625,-0.006202211238953481
2000-01-28,5335.7998046875,-0.024459269538251283
2000-01-31,5205.2900390625,0.001969150599309577
2000-02-01,5215.5400390625,0.017137224936071282
2000-02-02,5304.919921875,0.006648548903785079
2000-02-03,5340.18994140625,-0.004981114519916341
2000-02-04,5313.58984375,0.030188659826403175
2000-02-07,5474.0,0.024947032991185614
2000-02-08,5610.56005859375,0.006869196418897161
2000-02-09,5649.10009765625,0.024772076788710073
2000-02-10,5789.0400390625,0.024964418721597603
2000-02-11,5933.56005859375,-0.0015589291940515393
2000-02-14,5924.31005859375,-0.020444594558619356
2000-02-15,5803.18994140625,-0.013387454519095732
2000-02-16,5725.5,0.019151148780674143
2000-02-17,5835.14990234375,-0.019451085558986447
2000-02-18,5721.64990234375,0.02678252549360427
2000-02-21,5874.89013671875,0.001436612636123824
2000-02-22,5883.330078125,-0.04094111905825015
2000-02-23,5642.4599609375,0.02972284466324071
2000-02-24,5810.169921875,-0.03220040829539528
2000-02-25,5623.080078125,0.02091555902587583
2000-02-28,5740.68994140625,-0.051077436606979054
2000-02-29,5447.47021484375,0.03573216459510897
2000-03-01,5642.1201171875,-0.02017150578681448
2000-03-02,5528.31005859375,-0.027140308244698264
2000-03-03,5378.27001953125,0.02648061948503888
2000-03-06,5520.68994140625,0.012527448015380305
2000-03-07,5589.85009765625,-0.014030819147392681
2000-03-08,5511.419921875,-0.03313663001573086
2000-03-09,5328.7900390625,-0.005068740503613833
2000-03-10,5301.77978515625,-0.03254747977191108
2000-03-13,5129.22021484375,0.009063706401064797
2000-03-14,5175.7099609375,0.014307178193209147
2000-03-15,5249.759765625,-0.028067876617866028
2000-03-16,5102.41015625,0.0060422579096734985
2000-03-21,5133.240234375,0.013369700165777765
2000-03-22,5201.8701171875,-0.016695937364773594
2000-03-23,5115.02001953125,0.005161251029897063
2000-03-24,5141.419921875,0.0009491313463305673
2000-03-27,5146.2998046875,0.0019082278282844811
2000-03-28,5156.1201171875,-0.010407080329864371
2000-03-29,5102.4599609375,-0.012029468782195463
2000-03-30,5041.080078125,-0.007895191576395955
2000-03-31,5001.27978515625,0.010329387370674015
2000-04-03,5052.93994140625,-0.07153854679858884
2000-04-04,4691.4599609375,0.013982874883821994
2000-04-05,4757.06005859375,0.023054138590678175
2000-04-06,4866.72998046875,0.07242444439249551
2000-04-07,5219.2001953125,0.042853245631318204
2000-04-10,5442.85986328125,0.018130206961044282
2000-04-11,5541.5400390625,-0.020701865191820934
2000-04-12,5426.81982421875,-0.04693171132559493
2000-04-13,5172.1298828125,-0.05634427759508076
2000-04-17,4880.7099609375,-0.027709031508967752
2000-04-18,4745.47021484375,-0.016786567535673202
2000-04-19,4665.81005859375,-0.001798216518329232
2000-04-20,4657.419921875,-0.031427296581102326
2000-04-24,4511.0498046875,0.005085386036674189
2000-04-25,4533.990234375,0.02037937833284431
2000-04-26,4626.39013671875,0.011507837540806642
2000-04-27,4679.6298828125,-0.004718338560512292
2000-04-28,4657.5498046875,-0.06126173670898494
2000-05-02,4372.22021484375,-0.008446549800001257
2000-05-03,4335.2900390625,0.050430278214967705
2000-05-04,4553.919921875,0.03073395302038473
2000-05-05,4693.8798828125,-0.049102232315891725
2000-05-08,4463.39990234375,0.025785350752643765
2000-05-09,4578.490234375,-0.026229242803581743
2000-05-10,4458.39990234375,-0.04643819388064774
2000-05-11,4251.35986328125,-0.03392319897643048
2000-05-12,4107.14013671875,0.02566010531155083
2000-05-15,4212.52978515625,0.004178035184052131
2000-05-16,4230.1298828125,0.000969260464769528
2000-05-17,4234.22998046875,-0.009869572331986043
2000-05-18,4192.43994140625,-0.029526967778333302
2000-05-19,4068.64990234375,-0.03649121312148251
2000-05-22,3920.179931640625,0.005958937556240773
2000-05-23,3943.5400390625,-0.0025079336385034345
2000-05-24,3933.64990234375,0.016620728477684255
2000-05-25,3999.030029296875,0.021425178358985608
2000-05-26,4084.7099609375,0.02573992712437745
2000-05-29,4189.85009765625,0.029098874430662836
2000-05-30,4311.77001953125,0.028257500561972293
2000-05-31,4433.60986328125,-0.024390880517724978
2000-06-01,4325.47021484375,0.029592158457302897
2000-06-02,4453.47021484375,0.01752780787717434
2000-06-05,4531.52978515625,0.013273749368708065
2000-06-06,4591.68017578125,0.0028659809622979537
2000-06-07,4604.83984375,0.0269217212867916
2000-06-08,4728.81005859375,0.00017336797388600722
2000-06-09,4729.6298828125,-0.01906490023726337
2000-06-12,4639.4599609375,-0.005244161676111081
2000-06-13,4615.1298828125,0.002147319035788575
2000-06-14,4625.0400390625,0.006092958232413848
2000-06-15,4653.22021484375,0.02395109233724324
2000-06-16,4764.669921875,0.015230921278895693
2000-06-19,4837.240234375,0.005511338423776824
2000-06-20,4863.89990234375,-0.027206579243383433
2000-06-21,4731.56982421875,0.013228238059782793
2000-06-22,4794.16015625,-0.01511421366327037
2000-06-23,4721.7001953125,-0.010930459247229796
2000-06-26,4670.08984375,0.00360171068711046
2000-06-27,4686.91015625,-0.009462544870229461
2000-06-28,4642.56005859375,0.030817010962284952
2000-06-29,4785.6298828125,-0.0077021968233756954
2000-06-30,4748.77001953125,0.020259974802274483
2000-07-03,4844.97998046875,0.008685294530552223
2000-07-04,4887.06005859375,0.010910409035180368
2000-07-05,4940.3798828125,-0.011088172661950169
2000-07-06,4885.60009765625,0.004163223215866152
2000-07-07,4905.93994140625,-0.007849620273574165
2000-07-10,4867.43017578125,0.006294830604854473
2000-07-11,4898.06982421875,0.01351756167503404
2000-07-12,4964.27978515625,-0.016816131258025502
2000-07-13,4880.7998046875,-0.004913125190203371
2000-07-14,4856.81982421875,-0.022545617083420177
2000-07-17,4747.31982421875,-0.002637281665199498
2000-07-18,4734.7998046875,-0.025088714193342798
2000-07-19,4616.009765625,-0.008739115772762651
2000-07-20,4575.669921875,-0.024479424332929378
2000-07-21,4463.66015625,-0.061680392965064224
2000-07-24,4188.33984375,0.03530285437155789
2000-07-25,4336.2001953125,-0.033423312866855626
2000-07-26,4191.27001953125,0.02143976953584592
2000-07-27,4281.1298828125,-0.001034700562994817
2000-07-28,4276.7001953125,0.0007388097889613476
2000-07-31,4279.85986328125,-0.00611466793563098
2000-08-01,4253.68994140625,0.0016902833787346694
2000-08-02,4260.8798828125,-0.012497418717387299
2000-08-03,4207.6298828125,-0.005102570131037543
2000-08-04,4186.16015625,0.0036046981450221782
2000-08-07,4201.25,0.027603740516215503
2000-08-08,4317.22021484375,-4.173421143316425e-05
2000-08-09,4317.0400390625,-0.014780974467776153
2000-08-10,4253.22998046875,-0.01439611324803125
2000-08-11,4192.0,0.009663589128101169
2000-08-14,4232.509765625,0.022010618145908323
2000-08-16,4325.669921875,-0.007279738552057768
2000-08-17,4294.18017578125,0.012309651928294585
2000-08-18,4347.0400390625,0.014384451165472933
2000-08-21,4409.56982421875,0.011715463936247561
2000-08-22,4461.22998046875,-0.0036850692473205937
2000-08-23,4444.7900390625,0.0032127018443512956
2000-08-24,4459.06982421875,-0.009466091046218428
2000-08-25,4416.85986328125,-0.004765785046180304
2000-08-28,4395.81005859375,0.001367157712661271
2000-08-29,4401.81982421875,0.002278665151697945
2000-08-30,4411.85009765625,0.014837303962860204
2000-08-31,4477.31005859375,0.02794537692276733
2000-09-04,4602.43017578125,-0.0008213646471797453
2000-09-05,4598.64990234375,0.0016744469520446614
2000-09-06,4606.35009765625,0.004901945715435119
2000-09-07,4628.93017578125,0.008498690249385765
2000-09-08,4668.27001953125,0.006068645988015264
2000-09-11,4696.60009765625,0.014271980531129325
2000-09-12,4763.6298828125,-0.012828423866795058
2000-09-13,4702.52001953125,-0.006507170097980852
2000-09-14,4671.919921875,-0.023446471877569763
2000-09-15,4562.3798828125,-0.042953399672123194
2000-09-18,4366.41015625,-0.02337625391281628
2000-09-19,4264.33984375,0.014353912488286324
2000-09-20,4325.5498046875,-0.01580136918107633
2000-09-21,4257.2001953125,-0.05281172315376548
2000-09-22,4032.3701171875,0.03499427363569274
2000-09-25,4173.47998046875,-0.02010310406097282
2000-09-26,4089.580078125,0.01822192452713045
2000-09-27,4164.10009765625,-0.023227158948025406
2000-09-28,4067.3798828125,0.005654745969805086
2000-09-29,4090.3798828125,0.011042964998141391
2000-10-03,4135.5498046875,0.006011377624886016
2000-10-04,4160.41015625,-0.010614375648434593
2000-10-05,4116.25,-0.005789268903735212
2000-10-06,4092.419921875,-0.008882239410800907
2000-10-09,4056.070068359375,-0.027314626521556362
2000-10-10,3945.280029296875,-0.027569657596810626
2000-10-11,3836.510009765625,0.0028854527503372474
2000-10-12,3847.580078125,-0.028238566651827113
2000-10-13,3738.929931640625,-0.002744103246974494
2000-10-16,3728.669921875,-0.017132083062041947
2000-10-17,3664.7900390625,-0.019417253237296928
2000-10-18,3593.6298828125,0.030387156962039752
2000-10-19,3702.830078125,-0.0027222632182204443
2000-10-20,3692.75,-0.01982803349891682
2000-10-23,3619.530029296875,0.0089680043195568
2000-10-24,3651.989990234375,0.025087724071669815
2000-10-25,3743.610107421875,-0.003870592775045645
2000-10-27,3729.1201171875,-0.010643311102783493
2000-10-30,3689.429931640625,0.00585187638487672
2000-10-31,3711.02001953125,0.020886443446191727
2000-11-01,3788.530029296875,0.023032682621185296
2000-11-02,3875.7900390625,0.015457470994447053
2000-11-03,3935.699951171875,-0.001056968813930137
2000-11-06,3931.5400390625,0.005923897208497841
2000-11-07,3954.830078125,0.018680924680214428
2000-11-08,4028.7099609375,-0.001541426659578904
2000-11-09,4022.5,-0.020228742619639473
2000-11-10,3941.1298828125,-0.03071449261680148
2000-11-13,3820.080078125,0.032318684009916776
2000-11-14,3943.5400390625,0.0007581995376635398
2000-11-15,3946.530029296875,-0.011308700712224562
2000-11-16,3901.89990234375,0.0010098120519463905
2000-11-17,3905.840087890625,0.005294618103987236
2000-11-20,3926.52001953125,-0.0004635321736096154
2000-11-21,3924.699951171875,-0.01587638784339296
2000-11-22,3862.389892578125,-0.002586478970849515
2000-11-23,3852.39990234375,0.004137728675877472
2000-11-24,3868.340087890625,0.026073163421432177
2000-11-27,3969.199951171875,0.013786146169574964
2000-11-28,4023.919921875,-0.00689377293110971
2000-11-29,3996.179931640625,0.00045294722077415805
2000-11-30,3997.989990234375,0.008496762319590845
2000-12-01,4031.9599609375,0.0011235303278709363
2000-12-04,4036.489990234375,0.008792289915307006
2000-12-05,4071.97998046875,0.008951467219223463
2000-12-06,4108.43017578125,0.004011259718103011
2000-12-07,4124.91015625,0.007556509280031598
2000-12-08,4156.080078125,0.01737453551907442
2000-12-11,4228.2900390625,-0.002083598455252411
2000-12-12,4219.47998046875,0.015523239902354824
2000-12-13,4284.97998046875,-0.0033908641866421396
2000-12-14,4270.4501953125,-0.031212175055643332
2000-12-15,4137.16015625,0.007790363256800825
2000-12-18,4169.39013671875,-0.003945467987662599
2000-12-19,4152.93994140625,-0.016019983490140888
2000-12-20,4086.409912109375,-0.012769137889470872
2000-12-21,4034.22998046875,-0.03181030301849297
2000-12-22,3905.89990234375,-0.020246252070341808
2000-12-26,3826.820068359375,0.013256432119239658
2000-12-27,3877.550048828125,0.01424352484771707
2000-12-28,3932.780029296875,0.010003124405017605
2000-12-29,3972.1201171875,0.011771991844523821
2001-01-02,4018.8798828125,0.010236717174527454
2001-01-03,4060.02001953125,0.013632961756341322
2001-01-04,4115.3701171875,0.016610866418976578
2001-01-05,4183.72998046875,-0.015129992849205798
2001-01-08,4120.43017578125,0.0011843139197413866
2001-01-09,4125.31005859375,-0.018827715956482916
2001-01-10,4047.639892578125,-0.005067152787784468
2001-01-11,4027.1298828125,0.002346632859504316
2001-01-12,4036.580078125,0.0025219199033834627
2001-01-15,4046.760009765625,0.005923249870335878
2001-01-16,4070.72998046875,0.0031149036417210674
2001-01-17,4083.409912109375,0.007297834278100046
2001-01-18,4113.2099609375,0.01975342877500008
2001-01-19,4194.4599609375,0.017320442445590167
2001-01-22,4267.10986328125,0.0069321107430437845
2001-01-23,4296.68994140625,0.006919275273332692
2001-01-24,4326.419921875,0.0008783920741339823
2001-01-25,4330.22021484375,-0.022089036095004122
2001-01-29,4234.56982421875,0.03246379692631751
2001-01-30,4372.0400390625,-0.010365830096210171
2001-01-31,4326.72021484375,-0.009385943519799933
2001-02-01,4286.10986328125,0.015433552674524398
2001-02-02,4352.259765625,0.0041841365633963346
2001-02-05,4370.47021484375,0.0011028159401200721
2001-02-06,4375.2900390625,-0.014252738155528522
2001-02-07,4312.93017578125,0.01582677271436128
2001-02-08,4381.18994140625,0.0036839618767063875
2001-02-09,4397.330078125,0.0020398119775271173
2001-02-12,4406.2998046875,-0.00981549189049502
2001-02-13,4363.0498046875,1.3765278059629793e-05
2001-02-14,4363.10986328125,0.017162155765070963
2001-02-15,4437.990234375,-0.024261074150699002
2001-02-16,4330.31982421875,0.004694821387394299
2001-02-19,4350.64990234375,0.0019698924740836343
2001-02-20,4359.22021484375,-0.013073492864834058
2001-02-21,4302.22998046875,-0.009223164721874455
2001-02-22,4262.5498046875,-0.03293560307098686
2001-02-23,4122.16015625,-0.002297391291163464
2001-02-26,4112.68994140625,-0.010457878025912803
2001-02-27,4069.679931640625,0.043580849207071504
2001-02-28,4247.0400390625,0.005794591775659885
2001-03-01,4271.64990234375,-0.04131658592562537
2001-03-02,4095.159912109375,-0.02369621626616547
2001-03-05,3998.1201171875,0.012198176633305469
2001-03-07,4046.889892578125,0.0024834006100724615
2001-03-08,4056.93994140625,-0.0431310255995796
2001-03-09,3881.9599609375,-0.029384658653673235
2001-03-12,3767.889892578125,-0.060309615384989246
2001-03-13,3540.64990234375,0.05207522122734409
2001-03-14,3725.030029296875,0.02545753386661964
2001-03-15,3819.860107421875,-0.019403882630017466
2001-03-16,3745.739990234375,-0.006207051226357341
2001-03-19,3722.489990234375,-0.013456070539351828
2001-03-20,3672.39990234375,0.032314064146415244
2001-03-21,3791.070068359375,-0.020337291652753775
2001-03-22,3713.969970703125,-0.02118755456478627
2001-03-23,3635.280029296875,0.00028609599648943274
2001-03-26,3636.320068359375,0.016087692749883198
2001-03-27,3694.820068359375,0.025275897296831884
2001-03-28,3788.2099609375,-0.009674728360272833
2001-03-29,3751.56005859375,-0.039231725864044886
2001-03-30,3604.3798828125,-0.010575986518138625
2001-04-02,3566.260009765625,0.010865724847288094
2001-04-03,3605.010009765625,-0.010918168691696373
2001-04-04,3565.64990234375,0.0029027240306027657
2001-04-06,3576.0,-0.008926152649608499
2001-04-09,3544.080078125,-0.024178399939600026
2001-04-10,3458.389892578125,-0.03843694197866443
2001-04-11,3325.4599609375,-0.04260762212464142
2001-04-12,3183.77001953125,0.02131124334986967
2001-04-16,3251.6201171875,0.018658367118074226
2001-04-17,3312.2900390625,0.038179011936192886
2001-04-18,3438.75,0.03935443929480198
2001-04-19,3574.080078125,0.00250692786441431
2001-04-20,3583.0400390625,0.0011079894893286646
2001-04-23,3587.010009765625,0.0008307700454242006
2001-04-24,3589.989990234375,0.0030195315084757812
2001-04-25,3600.830078125,-0.01211946572648992
2001-04-26,3557.18994140625,-0.03779104682486578
2001-04-27,3422.760009765625,0.02816437672191663
2001-04-30,3519.159912109375,0.005472899852988045
2001-05-02,3538.419921875,-0.012417955578027162
2001-05-03,3494.47998046875,0.005754821184918546
2001-05-04,3514.590087890625,0.00859843394176929
2001-05-07,3544.81005859375,0.010031583640861319
2001-05-08,3580.3701171875,0.001734446644968024
2001-05-09,3586.580078125,-0.0051051581715476635
2001-05-10,3568.27001953125,-0.002382106722157884
2001-05-11,3559.77001953125,0.0025731752498385774
2001-05-14,3568.929931640625,0.0022499823338317793
2001-05-15,3576.9599609375,0.004221489147530733
2001-05-16,3592.06005859375,0.021631027851548135
2001-05-17,3669.760009765625,-0.004013881133793973
2001-05-18,3655.030029296875,-0.004084763058293417
2001-05-21,3640.10009765625,0.00013735886008237053
2001-05-22,3640.60009765625,0.009322622780815637
2001-05-23,3674.5400390625,0.0023567336366769887
2001-05-24,3683.199951171875,-0.006350427043930407
2001-05-25,3659.81005859375,0.016487151733001415
2001-05-28,3720.14990234375,0.005892280308870124
2001-05-29,3742.070068359375,-0.021386566214662617
2001-05-30,3662.0400390625,-0.008227689110913872
2001-05-31,3631.909912109375,-0.020449301146931442
2001-06-01,3557.639892578125,-0.016657113017326974
2001-06-04,3498.3798828125,-0.010959314035151824
2001-06-05,3460.0400390625,-0.0007890025658459088
2001-06-06,3457.31005859375,-2.0266727076112545e-05
2001-06-07,3457.239990234375,0.01116500380803287
2001-06-08,3495.840087890625,0.003856006032839865
2001-06-11,3509.320068359375,-0.003114613534341948
2001-06-12,3498.389892578125,0.0009204848352042383
2001-06-13,3501.610107421875,-0.013662311457584897
2001-06-14,3453.77001953125,-0.023403433832566045
2001-06-15,3372.93994140625,-0.005879094893135761
2001-06-18,3353.110107421875,0.01724961062924102
2001-06-19,3410.949951171875,-0.0014365213251125164
2001-06-20,3406.050048828125,-0.00012041991283751052
2001-06-21,3405.639892578125,-0.007011863721863576
2001-06-22,3381.760009765625,-0.018655992059885218
2001-06-25,3318.669921875,0.026712553092441693
2001-06-26,3407.320068359375,0.0012678069955518456
2001-06-27,3411.639892578125,-0.001987251107890664
2001-06-28,3404.860107421875,0.015248768007186442
2001-06-29,3456.780029296875,-0.00889556169018213
2001-07-02,3426.030029296875,-0.03319877212451572
2001-07-03,3312.2900390625,-0.00012382860352289082
2001-07-04,3311.8798828125,0.001736174077399566
2001-07-05,3317.6298828125,-0.0035717828492608517
2001-07-06,3305.780029296875,-0.004528423116618829
2001-07-09,3290.81005859375,0.01138320360960221
2001-07-10,3328.27001953125,0.014403861803556905
2001-07-11,3376.2099609375,0.022670402595828643
2001-07-12,3452.75,0.00035913119524288994
2001-07-13,3453.989990234375,-0.005547182291653074
2001-07-16,3434.830078125,-0.0008443347759310438
2001-07-17,3431.929931640625,-0.01413782346892356
2001-07-18,3383.409912109375,-0.0036885806901739704
2001-07-19,3370.929931640625,-0.008952998802302714
2001-07-20,3340.75,-0.00292449884943502
2001-07-23,3330.97998046875,0.0012308983183000333
2001-07-24,3335.080078125,-0.009927829811057998
2001-07-25,3301.969970703125,-0.013004340374757062
2001-07-26,3259.030029296875,-0.0023012982183592268
2001-07-27,3251.530029296875,0.010567290774392779
2001-07-30,3285.889892578125,0.013204988035891319
2001-07-31,3329.280029296875,-0.013549508309579461
2001-08-01,3284.169921875,0.004448645401859741
2001-08-02,3298.780029296875,0.00806354266710363
2001-08-03,3325.3798828125,0.0013742996350569747
2001-08-06,3329.949951171875,-0.0030871422837022156
2001-08-07,3319.669921875,-0.0052263791051326836
2001-08-08,3302.320068359375,0.005235724794868224
2001-08-09,3319.610107421875,-0.0010242607939929815
2001-08-10,3316.2099609375,-0.0086212405386773
2001-08-13,3287.6201171875,0.013465599373597037
2001-08-14,3331.889892578125,0.0018067882569168248
2001-08-16,3337.909912109375,-0.012343038684899388
2001-08-17,3296.7099609375,-0.005396300940420318
2001-08-20,3278.919921875,0.005645154565116828
2001-08-21,3297.429931640625,0.003445139899067584
2001-08-23,3308.7900390625,-0.0009913077766047218
2001-08-24,3305.510009765625,0.003875365240433304
2001-08-27,3318.320068359375,-0.0015821258624384438
2001-08-28,3313.070068359375,-0.00375782911770417
2001-08-29,3300.6201171875,-0.004165883837524587
2001-08-30,3286.8701171875,-0.012753824921897139
2001-08-31,3244.949951171875,-0.005494640673251672
2001-09-03,3227.1201171875,0.001388228608191433
2001-09-04,3231.60009765625,-0.0009283326863913643
2001-09-05,3228.60009765625,-0.008068527547600457
2001-09-06,3202.550048828125,-0.0012958880957671948
2001-09-07,3198.39990234375,-0.004617940214551197
2001-09-10,3183.6298828125,-0.010437764970152141
2001-09-11,3150.39990234375,-0.03735714355459896
2001-09-12,3032.7099609375,-0.01490744631693175
2001-09-13,2987.5,-0.05267945868200841
2001-09-14,2830.1201171875,-0.05269745825027439
2001-09-17,2680.97998046875,0.03785555691342024
2001-09-18,2782.469970703125,0.007795211317507489
2001-09-19,2804.159912109375,-0.015156054337867708
2001-09-20,2761.659912109375,-0.0584937320535206
2001-09-21,2600.1201171875,0.01986827907214317
2001-09-24,2651.780029296875,-0.0129837057599963
2001-09-25,2617.35009765625,0.019099466395091413
2001-09-26,2667.340087890625,0.018055407455545236
2001-09-27,2715.5,0.035389467006536446
2001-09-28,2811.60009765625,-0.00579742789229265
2001-10-01,2795.300048828125,-0.014434979054633534
2001-10-03,2754.949951171875,0.012348688772650496
2001-10-04,2788.969970703125,0.008580204122668356
2001-10-05,2812.89990234375,-0.016897076613585638
2001-10-08,2765.3701171875,0.010504852318663493
2001-10-09,2794.419921875,0.03656579134058324
2001-10-10,2896.60009765625,0.01625693646427151
2001-10-11,2943.68994140625,0.005333425559206351
2001-10-12,2959.389892578125,0.005714068393762206
2001-10-15,2976.300048828125,0.005429530572946595
2001-10-16,2992.4599609375,0.01717320779211029
2001-10-17,3043.85009765625,-0.020539782684893093
2001-10-18,2981.330078125,0.011910794455861629
2001-10-19,3016.840087890625,-0.004965453929387409
2001-10-22,3001.860107421875,0.020004198243293025
2001-10-23,3061.909912109375,-0.007103409513775083
2001-10-24,3040.159912109375,-0.0059207411847986835
2001-10-25,3022.159912109375,-0.004245253182324271
2001-10-29,3009.330078125,-0.017239759549889433
2001-10-30,2957.449951171875,0.010786369004058605
2001-10-31,2989.35009765625,0.020221770350441703
2001-11-01,3049.800048828125,0.0009181089852763336
2001-11-02,3052.60009765625,-0.005107150426482243
2001-11-05,3037.010009765625,0.010497128000892086
2001-11-06,3068.889892578125,-0.01790548149178217
2001-11-07,3013.93994140625,0.015272377748641652
2001-11-08,3059.969970703125,0.0064379557186793335
2001-11-09,3079.669921875,0.004698545970899026
2001-11-12,3094.139892578125,-0.005478081715869609
2001-11-13,3077.18994140625,0.011650271299101789
2001-11-14,3113.0400390625,0.021583384910938808
2001-11-15,3180.22998046875,0.03152287746976823
2001-11-19,3280.47998046875,-0.014881989419243125
2001-11-20,3231.659912109375,0.0038463749649746415
2001-11-21,3244.090087890625,0.004327806732088657
2001-11-22,3258.1298828125,-0.0018200415127422875
2001-11-23,3252.199951171875,0.021699178838603173
2001-11-26,3322.77001953125,-0.010593556269308357
2001-11-27,3287.570068359375,0.001992367825454089
2001-11-28,3294.1201171875,-0.0019914448655111716
2001-11-29,3287.56005859375,-0.0036775260908226137
2001-12-03,3275.469970703125,0.013680497453661955
2001-12-04,3320.280029296875,0.026913351432039656
2001-12-05,3409.639892578125,0.006431815814035513
2001-12-06,3431.570068359375,0.0013987908544790262
2001-12-07,3436.3701171875,0.00189728555664459
2001-12-10,3442.889892578125,-0.0069011820031900095
2001-12-11,3419.1298828125,-0.0020414493476359485
2001-12-12,3412.14990234375,-0.006904683301557801
2001-12-13,3388.590087890625,-0.010325825587289006
2001-12-14,3353.60009765625,-0.005283937955552376
2001-12-18,3335.8798828125,-0.021946222139082594
2001-12-19,3262.669921875,0.002749273116163131
2001-12-20,3271.639892578125,-0.011049474737656162
2001-12-21,3235.489990234375,-0.0007788679732764203
2001-12-24,3232.969970703125,-0.017664829490769862
2001-12-26,3175.860107421875,-0.013879729154941844
2001-12-27,3131.780029296875,0.016814690564713075
2001-12-28,3184.43994140625,0.024459602992026763
2001-12-31,3262.330078125,0.0020935447428116483
2002-01-02,3269.159912109375,0.01188687872928229
2002-01-03,3308.02001953125,0.020471451292099818
2002-01-04,3375.739990234375,0.007719806225935377
2002-01-07,3401.800048828125,0.010576747590189672
2002-01-08,3437.780029296875,-0.01073080197231091
2002-01-09,3400.889892578125,-0.005566170102106582
2002-01-10,3381.9599609375,-0.005641722062170951
2002-01-11,3362.8798828125,0.013369554264460737
2002-01-14,3407.840087890625,-0.016233176126998594
2002-01-15,3352.52001953125,-0.0011096043219587237
2002-01-16,3348.800048828125,0.015632421390445295
2002-01-17,3401.14990234375,-0.0070857957477903355
2002-01-18,3377.050048828125,0.0015516471946257493
2002-01-21,3382.2900390625,-0.004142166876235254
2002-01-22,3368.280029296875,0.0014221023848484116
2002-01-23,3373.070068359375,-0.004530006488808858
2002-01-24,3357.7900390625,-0.007591299616068858
2002-01-25,3332.300048828125,-0.004399410627850098
2002-01-28,3317.639892578125,-0.0013141460262168225
2002-01-29,3313.280029296875,-0.004373306845859903
2002-01-30,3298.7900390625,0.003710448403637656
2002-01-31,3311.030029296875,0.0069132240950970925
2002-02-01,3333.919921875,-0.005072081065421896
2002-02-04,3317.010009765625,-0.001591803847841855
2002-02-05,3311.72998046875,0.03492431834463883
2002-02-06,3427.389892578125,0.0027863911394514496
2002-02-07,3436.93994140625,0.01657869542097279
2002-02-08,3493.919921875,0.006162141599776794
2002-02-11,3515.449951171875,-0.0050548350219937754
2002-02-12,3497.679931640625,0.006344258474350051
2002-02-13,3519.8701171875,0.010565714122419356
2002-02-14,3557.06005859375,0.012639640657423845
2002-02-15,3602.02001953125,0.008858893603130857
2002-02-18,3633.929931640625,-0.009994640761373352
2002-02-19,3597.610107421875,-0.010951755556582565
2002-02-20,3558.2099609375,0.0034427423155132253
2002-02-21,3570.4599609375,0.00941618658529153
2002-02-22,3604.080078125,0.0026164600775271385
2002-02-25,3613.510009765625,0.027460829000218068
2002-02-26,3712.739990234375,-0.0019069684770877116
2002-02-27,3705.659912109375,-0.03868402846337449
2002-02-28,3562.31005859375,0.03268663858311527
2002-03-01,3678.75,-0.009832122833843049
2002-03-04,3642.580078125,-0.0004063000502412262
2002-03-05,3641.10009765625,-0.007322005859482172
2002-03-06,3614.43994140625,0.020979758788161496
2002-03-07,3690.27001953125,-0.00907792649933381
2002-03-08,3656.77001953125,-0.014438985374008673
2002-03-11,3603.969970703125,-0.01891523026805364
2002-03-12,3535.800048828125,0.009565039847370338
2002-03-13,3569.6201171875,0.003140379247507319
2002-03-14,3580.830078125,0.010290869075507914
2002-03-15,3617.679931640625,-0.0012162221166300835
2002-03-18,3613.280029296875,-0.014657031978727031
2002-03-19,3560.320068359375,0.00589834610282014
2002-03-20,3581.320068359375,-0.012581969143682925
2002-03-21,3536.260009765625,-0.0056980828016335305
2002-03-22,3516.110107421875,-0.014169086529518427
2002-03-26,3466.2900390625,-0.0020800224032753167
2002-03-27,3459.080078125,0.0029690031162321606
2002-03-28,3469.35009765625,0.00888634272026989
2002-04-01,3500.179931640625,0.0016028054361323374
2002-04-02,3505.7900390625,-0.012208389079561233
2002-04-03,3462.989990234375,0.014311349075079471
2002-04-04,3512.550048828125,-0.003410621998894192
2002-04-05,3500.570068359375,-0.00582766409070512
2002-04-08,3480.169921875,-0.004838799290848184
2002-04-09,3463.330078125,0.004694906173779323
2002-04-10,3479.590087890625,0.005195966630464621
2002-04-11,3497.669921875,0.003782512576732122
2002-04-12,3510.89990234375,-0.014067587784303948
2002-04-15,3461.510009765625,-0.013806124762798522
2002-04-16,3413.719970703125,0.002372806711085307
2002-04-17,3421.820068359375,-0.0002572101792444048
2002-04-18,3420.93994140625,-0.01652763276494651
2002-04-19,3364.39990234375,0.007683420047135847
2002-04-22,3390.25,0.004002674835004827
2002-04-23,3403.820068359375,0.0023796362184118625
2002-04-24,3411.919921875,-0.015322759763993776
2002-04-25,3359.639892578125,0.0035896878770824703
2002-04-26,3371.699951171875,-0.020906365114094827
2002-04-29,3301.2099609375,0.011192850987697067
2002-04-30,3338.159912109375,0.010305122399794753
2002-05-02,3372.56005859375,0.0023869252699035837
2002-05-03,3380.610107421875,0.0011063062925134037
2002-05-06,3384.35009765625,0.011641792724409683
2002-05-07,3423.75,0.0033034125136910397
2002-05-08,3435.06005859375,0.00784555457901015
2002-05-09,3462.010009765625,-0.008864775468493735
2002-05-10,3431.320068359375,0.003255284162500427
2002-05-13,3442.489990234375,-0.0064371754666645575
2002-05-14,3420.330078125,-0.007233217165969363
2002-05-15,3395.590087890625,-0.01177408916680689
2002-05-16,3355.610107421875,-0.006511512648004758
2002-05-17,3333.760009765625,-0.015283029079065868
2002-05-20,3282.81005859375,-0.029328540968988737
2002-05-21,3186.530029296875,-0.003464595958926564
2002-05-22,3175.489990234375,-0.019348176689328866
2002-05-23,3114.050048828125,0.04546171902813523
2002-05-24,3255.6201171875,-0.0037505005616789155
2002-05-27,3243.409912109375,-0.029777251905098723
2002-05-28,3146.830078125,0.004261403309506084
2002-05-29,3160.239990234375,-0.007705141929567172
2002-05-30,3135.889892578125,-0.003239881646808107
2002-05-31,3125.72998046875,0.011312591824253593
2002-06-03,3161.090087890625,0.00965173687472598
2002-06-04,3191.60009765625,0.020027547286372016
2002-06-05,3255.52001953125,0.0011641885289483955
2002-06-06,3259.31005859375,-0.012748111741799795
2002-06-07,3217.760009765625,0.019184146823070902
2002-06-10,3279.489990234375,0.025287447709117172
2002-06-11,3362.419921875,-0.005356264293004176
2002-06-12,3344.409912109375,-0.009941963118698216
2002-06-13,3311.159912109375,0.00027487535309655975
2002-06-14,3312.070068359375,0.0034509933077251365
2002-06-17,3323.5,-0.011722569862343879
2002-06-18,3284.5400390625,-0.012872435346820366
2002-06-19,3242.260009765625,0.006711370988163878
2002-06-20,3264.02001953125,-0.006516510132895781
2002-06-21,3242.75,-0.003432235853056853
2002-06-24,3231.6201171875,-0.005347172214014373
2002-06-25,3214.340087890625,-0.01040655139091129
2002-06-26,3180.889892578125,0.011399328801109831
2002-06-27,3217.14990234375,0.008563495536236587
2002-06-28,3244.699951171875,0.01356366087093197
2002-07-01,3288.7099609375,-0.0011159153341554484
2002-07-02,3285.0400390625,0.007655889135198324
2002-07-03,3310.18994140625,0.0019878249410076876
2002-07-04,3316.77001953125,0.004172760791108843
2002-07-05,3330.610107421875,0.00812157647249756
2002-07-08,3357.659912109375,0.00027404979649858774
2002-07-09,3358.580078125,-0.00780686185626478
2002-07-10,3332.360107421875,-0.012543676997881281
2002-07-11,3290.56005859375,0.004640553358499
2002-07-12,3305.830078125,-0.008203723889789849
2002-07-15,3278.7099609375,-0.015106560167558292
2002-07-16,3229.179931640625,-0.00405981195188132
2002-07-17,3216.070068359375,0.009225520975709278
2002-07-18,3245.739990234375,-0.0047662384385903644
2002-07-19,3230.27001953125,-0.023815325398645282
2002-07-22,3153.340087890625,0.007480906940735332
2002-07-23,3176.929931640625,-0.02186071228080555
2002-07-24,3107.47998046875,-0.004028994429551069
2002-07-25,3094.9599609375,-0.02281446744786364
2002-07-26,3024.35009765625,0.0018879960167061949
2002-07-29,3030.06005859375,-0.012920584320874728
2002-07-30,2990.909912109375,-0.0010899725706969843
2002-07-31,2987.64990234375,-0.003962928769101093
2002-08-01,2975.81005859375,0.003091578760313185
2002-08-02,2985.010009765625,0.008824120456699225
2002-08-05,3011.35009765625,0.003955007462813631
2002-08-06,3023.260009765625,-0.004558003364700136
2002-08-07,3009.47998046875,-0.01973427069246514
2002-08-08,2950.090087890625,0.008898033354218349
2002-08-09,2976.340087890625,0.010586831086213833
2002-08-12,3007.85009765625,0.009491764469827135
2002-08-13,3036.39990234375,-0.005170580844689243
2002-08-14,3020.699951171875,0.014963403152418397
2002-08-16,3065.89990234375,-0.0006066288334554137
2002-08-19,3064.0400390625,0.00833541296357021
2002-08-20,3089.580078125,-0.001683139838102532
2002-08-21,3084.3798828125,-0.001193086383791786
2002-08-22,3080.699951171875,0.012490661563490546
2002-08-23,3119.179931640625,0.001417092348789284
2002-08-26,3123.60009765625,-0.008243692916811374
2002-08-27,3097.85009765625,0.0004938215562486636
2002-08-28,3099.3798828125,0.004768705307418797
2002-08-29,3114.159912109375,0.021537130478937128
2002-08-30,3181.22998046875,0.0018955024735389792
2002-09-02,3187.260009765625,-0.008624960044096408
2002-09-03,3159.77001953125,0.004297805865951743
2002-09-04,3173.35009765625,0.002558770005513189
2002-09-05,3181.469970703125,-0.012685916778378492
2002-09-06,3141.110107421875,-0.016440091226580633
2002-09-09,3089.469970703125,0.01171396445002948
2002-09-11,3125.659912109375,0.0018172724931602158
2002-09-12,3131.340087890625,-0.010347054479860396
2002-09-13,3098.93994140625,-0.007399282359186299
2002-09-16,3076.010009765625,0.009066905663369429
2002-09-17,3103.89990234375,-0.010992581629681752
2002-09-18,3069.780029296875,-0.009603287593053511
2002-09-19,3040.300048828125,-0.005246176665366531
2002-09-20,3024.35009765625,-0.0010151167226817304
2002-09-23,3021.280029296875,0.00032104627631968086
2002-09-24,3022.25,-0.00038710294482591223
2002-09-25,3021.080078125,-0.0021151828331263944
2002-09-26,3014.68994140625,0.00748669640926547
2002-09-27,3037.260009765625,-0.015112272968454854
2002-09-30,2991.360107421875,-0.010597251475624292
2002-10-01,2959.659912109375,-0.007298086319732167
2002-10-03,2938.06005859375,-0.0025697394462858014
2002-10-04,2930.510009765625,0.007599366477861302
2002-10-07,2952.780029296875,0.006966339569924873
2002-10-08,2973.35009765625,-0.005535912199205795
2002-10-09,2956.889892578125,0.004261267113082834
2002-10-10,2969.489990234375,0.008850014441301735
2002-10-11,2995.77001953125,0.0025435440628607253
2002-10-14,3003.389892578125,-0.0027968071559765217
2002-10-16,2994.989990234375,0.0037228512883535902
2002-10-17,3006.139892578125,0.0012042410921853097
2002-10-18,3009.760009765625,-0.003903965752045102
2002-10-21,2998.010009765625,-0.01068710209710233
2002-10-22,2965.969970703125,-0.005735057985631786
2002-10-23,2948.9599609375,-0.013872657700096158
2002-10-24,2908.050048828125,-0.011182757856713965
2002-10-25,2875.530029296875,-0.01430001313446716
2002-10-28,2834.409912109375,0.017929681992099322
2002-10-29,2885.22998046875,0.001164589112348402
2002-10-30,2888.590087890625,0.02102409086126089
2002-10-31,2949.320068359375,0.0004272204224771148
2002-11-01,2950.580078125,0.012539907076005274
2002-11-04,2987.580078125,-0.0017372540354240185
2002-11-05,2982.389892578125,-0.0023906608690712483
2002-11-07,2975.260009765625,-0.006191029293083905
2002-11-08,2956.840087890625,-0.0029761666395705655
2002-11-11,2948.0400390625,0.004477534564310881
2002-11-12,2961.239990234375,-0.00019589027802979775
2002-11-13,2960.659912109375,0.008748099158042866
2002-11-14,2986.56005859375,0.015854311511123598
2002-11-15,3033.909912109375,0.007663378502835938
2002-11-18,3057.159912109375,0.005992512294436869
2002-11-20,3075.47998046875,0.008414987942526153
2002-11-21,3101.360107421875,0.012978176866232927
2002-11-22,3141.610107421875,0.010806545055247252
2002-11-25,3175.56005859375,0.0038418266216881936
2002-11-26,3187.760009765625,-0.004281973016141083
2002-11-27,3174.110107421875,0.014693848354242478
2002-11-28,3220.75,0.002505648795893878
2002-11-29,3228.820068359375,0.012865392986611157
2002-12-02,3270.360107421875,-0.012298405534140633
2002-12-03,3230.139892578125,-0.007052259627699398
2002-12-04,3207.360107421875,0.006974543642639608
2002-12-05,3229.72998046875,0.023704786176161452
2002-12-06,3306.2900390625,-0.011184735770862875
2002-12-09,3269.31005859375,0.006230633583783396
2002-12-10,3289.679931640625,0.004131127700270687
2002-12-11,3303.27001953125,0.006420898325626423
2002-12-12,3324.47998046875,0.0055617691617946274
2002-12-13,3342.969970703125,-0.004361414626148585
2002-12-16,3328.389892578125,-0.0052066718574702575
2002-12-17,3311.06005859375,0.006719902268837119
2002-12-18,3333.31005859375,0.00016501580064742782
2002-12-19,3333.860107421875,0.0010077997195414579
2002-12-20,3337.219970703125,-0.0022803001744133855
2002-12-23,3329.610107421875,0.00695574297355428
2002-12-24,3352.77001953125,0.008909013404698518
2002-12-26,3382.639892578125,0.004540863913884641
2002-12-27,3398.0,-0.0067775248077913686
2002-12-30,3374.969970703125,0.0006844678956561268
2002-12-31,3377.280029296875,-0.0036182876744363934
2003-01-02,3365.06005859375,-0.0022347356065890445
2003-01-03,3357.5400390625,-0.006746054021949832
2003-01-06,3334.889892578125,-0.0013163530789711553
2003-01-07,3330.5,0.00821802047365261
2003-01-08,3357.8701171875,0.007841230621042694
2003-01-09,3384.199951171875,-0.0074493118909153555
2003-01-10,3358.989990234375,-0.009476086031080744
2003-01-13,3327.159912109375,0.0024616146392804072
2003-01-14,3335.35009765625,0.006697900698849679
2003-01-15,3357.68994140625,0.004714574127225646
2003-01-16,3373.52001953125,-0.0009278518980183614
2003-01-17,3370.389892578125,-0.008455994976355519
2003-01-20,3341.889892578125,0.0036655905471947303
2003-01-21,3354.139892578125,0.0008646468475546065
2003-01-22,3357.0400390625,-0.008596891036764198
2003-01-23,3328.179931640625,-0.01211467680441014
2003-01-24,3287.860107421875,-0.012211634671968508
2003-01-27,3247.7099609375,0.0061982526750370415
2003-01-28,3267.840087890625,-0.009125314445427413
2003-01-29,3238.02001953125,-0.005602231181194517
2003-01-30,3219.8798828125,0.009472403042985134
2003-01-31,3250.3798828125,0.009060539498237707
2003-02-03,3279.830078125,-0.0005183790842823166
2003-02-04,3278.1298828125,-0.0067263365015245435
2003-02-05,3256.080078125,0.015159290342046328
2003-02-06,3305.43994140625,-0.007765962271297222
2003-02-07,3279.77001953125,-0.006985219077235594
2003-02-10,3256.860107421875,0.00141543177453185
2003-02-11,3261.469970703125,-0.004280266586201398
2003-02-12,3247.510009765625,-0.0074211003457351765
2003-02-14,3223.409912109375,0.018316019579360576
2003-02-17,3282.449951171875,0.002022920933304473
2003-02-18,3289.090087890625,0.003937244291225772
2003-02-19,3302.0400390625,0.0003573341409148778
2003-02-20,3303.219970703125,0.0012048790283569755
2003-02-21,3307.199951171875,0.004526478871596629
2003-02-24,3322.169921875,-0.012115575345791885
2003-02-25,3281.919921875,-0.006532743612464809
2003-02-26,3260.47998046875,0.005171050741876071
2003-02-27,3277.340087890625,0.0019283394610467575
2003-02-28,3283.659912109375,-0.001945966619308126
2003-03-03,3277.27001953125,-0.009907627540488462
2003-03-04,3244.800048828125,-0.00576305192630544
2003-03-05,3226.10009765625,-0.011081491248821518
2003-03-06,3190.35009765625,-0.011688384635245685
2003-03-07,3153.06005859375,-0.008620253111630283
2003-03-10,3125.8798828125,0.009286994505609547
2003-03-11,3154.909912109375,-0.014209544878700409
2003-03-12,3110.080078125,-0.0005916528978039404
2003-03-13,3108.239990234375,-0.007505880562086453
2003-03-17,3084.909912109375,0.011757237833389222
2003-03-19,3121.179931640625,0.022988101157719987
2003-03-20,3192.929931640625,0.0022612368131158522
2003-03-21,3200.14990234375,-0.01868343569721087
2003-03-24,3140.360107421875,1.9047004508720988e-05
2003-03-25,3140.419921875,0.0010062846143561455
2003-03-26,3143.580078125,-0.008522143033327434
2003-03-27,3116.7900390625,-0.00043316926688330426
2003-03-28,3115.43994140625,-0.021415906567920806
2003-03-31,3048.719970703125,0.010571643436742661
2003-04-01,3080.949951171875,0.011697703511474256
2003-04-02,3116.989990234375,0.01096247404773698
2003-04-03,3151.159912109375,0.005248873279626087
2003-04-04,3167.699951171875,0.015007746881112505
2003-04-07,3215.239990234375,-0.01255890164813378
2003-04-08,3174.860107421875,-0.010586327045813637
2003-04-09,3141.25,-0.03371903601273374
2003-04-10,3035.330078125,-0.01234131378576131
2003-04-11,2997.8701171875,-0.00016352755651061202
2003-04-15,2997.3798828125,0.011656909338461974
2003-04-16,3032.320068359375,-0.015770125607237673
2003-04-17,2984.5,0.004178244497612615
2003-04-21,2996.969970703125,-0.0038138292182965383
2003-04-22,2985.5400390625,-0.012798341485146691
2003-04-23,2947.330078125,-0.0034268634284340127
2003-04-24,2937.22998046875,-0.004494013495588978
2003-04-25,2924.030029296875,0.0043364573939324025
2003-04-28,2936.7099609375,0.004573121560951687
2003-04-29,2950.139892578125,0.003271080977770735
2003-04-30,2959.7900390625,0.002310921943695199
2003-05-02,2966.6298828125,0.002979841854166221
2003-05-05,2975.469970703125,0.005891516119966855
2003-05-06,2993.0,-0.004096227786710704
2003-05-07,2980.739990234375,-0.00642118824212512
2003-05-08,2961.60009765625,-0.003916834573793437
2003-05-09,2950.0,-0.0024474476959746028
2003-05-12,2942.780029296875,0.006062324643030692
2003-05-13,2960.6201171875,0.011254339597747132
2003-05-14,2993.93994140625,0.006356182712181191
2003-05-15,3012.969970703125,0.01447412614328103
2003-05-16,3056.580078125,-0.004151759555620638
2003-05-19,3043.889892578125,0.006251878342667938
2003-05-20,3062.919921875,-0.0019033582767669088
2003-05-21,3057.090087890625,-0.005331883706237717
2003-05-22,3040.7900390625,0.002976216283224531
2003-05-23,3049.840087890625,0.015361413111999678
2003-05-26,3096.68994140625,-0.004763150421608464
2003-05-27,3081.93994140625,0.01574333713625542
2003-05-28,3130.4599609375,0.01079395343947498
2003-05-29,3164.25,0.0052145058070631745
2003-05-30,3180.75,0.008057811149100091
2003-06-02,3206.3798828125,-0.007612919554611075
2003-06-03,3181.969970703125,0.010848631460724345
2003-06-04,3216.489990234375,0.014211131101380836
2003-06-05,3262.199951171875,0.012580479331978811
2003-06-06,3303.239990234375,0.010314136562919796
2003-06-09,3337.31005859375,-0.014310929738949651
2003-06-10,3289.550048828125,0.00761503806183117
2003-06-11,3314.60009765625,0.006848473572400593
2003-06-12,3337.300048828125,0.005045948372521369
2003-06-13,3354.139892578125,-0.005217432951655665
2003-06-16,3336.639892578125,0.02828897925985574
2003-06-17,3431.030029296875,-2.0421960395755612e-05
2003-06-18,3430.9599609375,0.006890239754441918
2003-06-19,3454.60009765625,0.012997134566808954
2003-06-20,3499.5,-0.010893018199028437
2003-06-23,3461.3798828125,-0.004024386837686911
2003-06-24,3447.449951171875,0.020252670625614533
2003-06-25,3517.27001953125,0.00998782652950303
2003-06-26,3552.39990234375,0.008630829043141164
2003-06-27,3583.06005859375,0.0067176725550608385
2003-06-30,3607.1298828125,-0.0007485040072274796
2003-07-01,3604.429931640625,-0.0008434174391389604
2003-07-02,3601.389892578125,0.01069031711321844
2003-07-03,3639.889892578125,-0.004821520761736475
2003-07-04,3622.340087890625,-0.0027082102606943437
2003-07-07,3612.530029296875,0.004747338348655372
2003-07-08,3629.679931640625,-0.002449222175385235
2003-07-09,3620.7900390625,0.016250553916469235
2003-07-10,3679.6298828125,-0.0009158184801726366
2003-07-11,3676.260009765625,0.01210197051247519
2003-07-14,3720.75,-0.009248111834811557
2003-07-15,3686.340087890625,0.009578555860625837
2003-07-16,3721.64990234375,-0.014171131519158053
2003-07-17,3668.909912109375,-0.005813670680213545
2003-07-18,3647.580078125,-0.02138404046775444
2003-07-21,3569.580078125,-0.0043282949182682495
2003-07-22,3554.1298828125,0.006685183307601372
2003-07-23,3577.889892578125,0.025204849363396287
2003-07-24,3668.070068359375,0.01591842344610428
2003-07-25,3726.4599609375,0.003569084054985794
2003-07-28,3739.760009765625,0.006599335672925033
2003-07-29,3764.43994140625,0.0042449821799468435
2003-07-30,3780.419921875,0.0032245585936996335
2003-07-31,3792.610107421875,0.0059853110467256165
2003-08-01,3815.31005859375,0.004505516233872298
2003-08-04,3832.5,-0.01739854706865618
2003-08-05,3765.820068359375,-0.006415642758132556
2003-08-06,3741.659912109375,0.017417447749516368
2003-08-07,3806.830078125,0.020208396503611725
2003-08-08,3883.760009765625,0.002484680392064842
2003-08-11,3893.409912109375,-0.001027377052582934
2003-08-12,3889.409912109375,0.009425634499429236
2003-08-13,3926.070068359375,-0.0012404560037654333
2003-08-14,3921.199951171875,0.014416512802408965
2003-08-18,3977.72998046875,0.00733582515251241
2003-08-19,4006.909912109375,0.012401123717981521
2003-08-20,4056.60009765625,0.009562144157193586
2003-08-21,4095.389892578125,0.007259436925225016
2003-08-22,4125.1201171875,-0.029208903244531514
2003-08-25,4004.6298828125,0.03687236038559871
2003-08-26,4152.2900390625,0.012829069990322184
2003-08-27,4205.56005859375,0.001600257843184849
2003-08-28,4212.2900390625,0.007701260147193079
2003-08-29,4244.72998046875,0.01885391662708602
2003-09-01,4324.759765625,0.003339013140632341
2003-09-02,4339.2001953125,-0.018727011948891592
2003-09-03,4257.93994140625,0.01234630477229981
2003-09-04,4310.509765625,0.013608635507056821
2003-09-05,4369.169921875,0.014895295740082304
2003-09-08,4434.25,-0.0020408873400237226
2003-09-09,4425.2001953125,0.0020472679003531447
2003-09-10,4434.259765625,-0.009275478881806687
2003-09-11,4393.1298828125,-0.019853664446328967
2003-09-12,4305.91015625,-0.026029358267570135
2003-09-15,4193.830078125,0.019294992970048552
2003-09-16,4274.75,-0.00921689042487861
2003-09-17,4235.35009765625,-0.023894174738589347
2003-09-18,4134.14990234375,0.02006947420961014
2003-09-19,4217.1201171875,-0.015508190548617073
2003-09-22,4151.72021484375,0.019261829416294063
2003-09-23,4231.68994140625,0.029468178680184698
2003-09-24,4356.39013671875,-0.013598468575089506
2003-09-25,4297.14990234375,0.019878273696807724
2003-09-26,4382.56982421875,0.004444876237019724
2003-09-29,4402.0498046875,0.011628771131346527
2003-09-30,4453.240234375,0.0004131472036468242
2003-10-01,4455.080078125,0.021961410801661252
2003-10-03,4552.919921875,0.01723514056698683
2003-10-06,4631.39013671875,0.0003346305626927837
2003-10-07,4632.93994140625,0.00041440681279736324
2003-10-08,4634.85986328125,0.013769631527719595
2003-10-09,4698.68017578125,0.014944563991488247
2003-10-10,4768.89990234375,0.016852967945081287
2003-10-13,4849.27001953125,-0.01386605285005349
2003-10-14,4782.02978515625,0.015313576819630192
2003-10-15,4855.259765625,0.0066031603130143335
2003-10-16,4887.31982421875,0.008841238652599781
2003-10-17,4930.52978515625,-0.01599419671262592
2003-10-20,4851.669921875,-0.019776635380456598
2003-10-21,4755.72021484375,-0.0030531694202551307
2003-10-22,4741.2001953125,-0.019571002117615532
2003-10-23,4648.41015625,0.023440263934325634
2003-10-24,4757.3701171875,-0.012420797746588552
2003-10-27,4698.27978515625,0.0020262776945143557
2003-10-28,4707.7998046875,0.007710670477662607
2003-10-29,4744.10009765625,0.007676887317995762
2003-10-30,4780.52001953125,0.026430199463663984
2003-10-31,4906.8701171875,0.0318246997045557
2003-11-03,5063.02978515625,0.006875341459733342
2003-11-04,5097.83984375,-0.006459537472596755
2003-11-05,5064.91015625,-0.0034295015413187135
2003-11-06,5047.5400390625,-0.01505093852764372
2003-11-07,4971.56982421875,0.005430880175607777
2003-11-10,4998.56982421875,0.006415897672293225
2003-11-11,5030.64013671875,-0.004943728136300729
2003-11-12,5005.77001953125,-0.011308922115952691
2003-11-13,4949.16015625,-0.016837215910212033
2003-11-14,4865.830078125,0.015290279592422351
2003-11-17,4940.22998046875,-0.009938828323856952
2003-11-18,4891.1298828125,-0.01378002710183468
2003-11-19,4823.72998046875,-0.010883693783145465
2003-11-20,4771.22998046875,0.014107485673356068
2003-11-21,4838.5400390625,-0.003387413679835083
2003-11-24,4822.14990234375,0.015022332957969953
2003-11-25,4894.58984375,0.019296855983368166
2003-11-27,4989.0400390625,0.01118046452213517
2003-11-28,5044.81982421875,0.022999884531152537
2003-12-01,5160.85009765625,0.00488872569273191
2003-12-02,5186.080078125,0.00690691691588774
2003-12-03,5221.89990234375,0.0007660047252542324
2003-12-04,5225.89990234375,-0.018021716691848932
2003-12-05,5131.72021484375,-3.51102113339552e-05
2003-12-08,5131.5400390625,0.019058567982131125
2003-12-09,5229.33984375,0.010747091792029817
2003-12-10,5285.5400390625,0.002728183263853934
2003-12-11,5299.9599609375,0.002990607056104322
2003-12-12,5315.81005859375,0.01412199145403803
2003-12-15,5390.8798828125,0.008564450122919842
2003-12-16,5437.0498046875,-0.0034614036830276085
2003-12-17,5418.22998046875,0.006786352676759089
2003-12-18,5455.0,0.01582953210930338
2003-12-19,5541.35009765625,0.006606668525912962
2003-12-22,5577.9599609375,-0.0024435246771131736
2003-12-23,5564.330078125,0.013944148291099356
2003-12-24,5641.919921875,0.010159717488678943
2003-12-26,5699.240234375,0.017211038615001728
2003-12-29,5797.330078125,-0.0009452593512706553
2003-12-30,5791.85009765625,0.008133819502737838
2003-12-31,5838.9599609375,0.032134127321944206
2004-01-02,6026.58984375,0.0020592335917584137
2004-01-05,6039.0,-0.015790671184177874
2004-01-06,5943.64013671875,0.002251125994294556
2004-01-07,5957.02001953125,0.025435539755525705
2004-01-08,6108.5400390625,0.0018089109045433815
2004-01-09,6119.58984375,-0.008469534633589015
2004-01-12,6067.759765625,0.010747038732182412
2004-01-13,6132.97021484375,0.009969011147245244
2004-01-14,6194.10986328125,-0.021019922136524483
2004-01-15,6063.91015625,-0.01941325181449416
2004-01-16,5946.18994140625,0.019829530743532775
2004-01-19,6064.10009765625,-0.023414889610723688
2004-01-20,5922.10986328125,-0.027679311201460388
2004-01-21,5758.18994140625,-0.028559271004368503
2004-01-22,5593.740234375,0.03984809680184487
2004-01-23,5816.64013671875,0.03033021086542953
2004-01-27,5993.06005859375,-0.019524291891329093
2004-01-28,5876.0498046875,-0.012474333459363551
2004-01-29,5802.75,-0.018453333010210682
2004-01-30,5695.669921875,-0.01311346030067384
2004-02-03,5620.97998046875,0.024155891966889165
2004-02-04,5756.759765625,-0.006276079649569555
2004-02-05,5720.6298828125,0.011488282967091479
2004-02-06,5786.35009765625,0.024172425592456692
2004-02-09,5926.22021484375,0.0010630392491526308
2004-02-10,5932.52001953125,0.002909348062573258
2004-02-11,5949.77978515625,-0.0021546720520200235
2004-02-12,5936.9599609375,0.01258222992979463
2004-02-13,6011.66015625,0.00011476720045999755
2004-02-16,6012.35009765625,0.0039002564139423157
2004-02-17,6035.7998046875,-0.0014546183505674826
2004-02-18,6027.02001953125,-0.028524863252133548
2004-02-19,5855.10009765625,-0.0007480457617202729
2004-02-20,5850.72021484375,-0.02609596257805802
2004-02-23,5698.0400390625,0.00638814436090529
2004-02-24,5734.43994140625,-0.020279232191937835
2004-02-25,5618.14990234375,-0.009083023066892792
2004-02-26,5567.1201171875,0.018032599678883265
2004-02-27,5667.509765625,0.02746535298344277
2004-03-01,5823.169921875,0.0032680264688844662
2004-03-03,5842.2001953125,-0.004506877074518245
2004-03-04,5815.8701171875,0.011086901730868126
2004-03-05,5880.35009765625,0.00932594876823023
2004-03-08,5935.18994140625,-0.014250610167491962
2004-03-09,5850.60986328125,-0.01560859916363222
2004-03-10,5759.2900390625,-0.019000636369940982
2004-03-11,5649.85986328125,0.00894536152851555
2004-03-12,5700.39990234375,-0.0315310766214576
2004-03-15,5520.66015625,0.0008023836596762202
2004-03-16,5525.08984375,0.0019185385135847
2004-03-17,5535.68994140625,-0.02181299915242818
2004-03-18,5414.93994140625,0.005263216269874027
2004-03-19,5443.43994140625,-0.014336529823518074
2004-03-22,5365.39990234375,0.006633304633211656
2004-03-23,5400.990234375,-0.0010572967124445887
2004-03-24,5395.27978515625,0.0035512813075448957
2004-03-25,5414.43994140625,0.021147154874574525
2004-03-26,5528.93994140625,0.007674197265824967
2004-03-29,5571.3701171875,-0.009141409511483012
2004-03-30,5520.43994140625,0.012709160319589907
2004-03-31,5590.60009765625,0.026875469068694313
2004-04-01,5740.85009765625,0.008227001169745174
2004-04-02,5788.080078125,0.00862806677381478
2004-04-05,5838.02001953125,-0.0026721555602857716
2004-04-06,5822.419921875,-0.0012520634307242595
2004-04-07,5815.1298828125,0.00401028231010403
2004-04-08,5838.4501953125,-0.009362100287142128
2004-04-12,5783.7900390625,0.020873852552282246
2004-04-13,5904.52001953125,-0.0102548224897554
2004-04-15,5843.97021484375,0.0032254800558568775
2004-04-16,5862.81982421875,-0.010622837989831768
2004-04-19,5800.5400390625,0.0007361417217179866
2004-04-20,5804.81005859375,0.01233629740825637
2004-04-21,5876.419921875,0.008127440608602932
2004-04-22,5924.18017578125,0.0002363031343093347
2004-04-23,5925.580078125,-0.03599652526107511
2004-04-27,5712.27978515625,0.0001418100345600415
2004-04-28,5713.08984375,-0.007817077831815733
2004-04-29,5668.43017578125,-0.002353443831459301
2004-04-30,5655.08984375,-0.012395843622621472
2004-05-03,5584.990234375,0.011129772006791327
2004-05-04,5647.14990234375,0.006913228750364375
2004-05-05,5686.18994140625,0.012505713670138752
2004-05-06,5757.2998046875,-0.015236261709192234
2004-05-07,5669.580078125,-0.02006149182262107
2004-05-10,5555.83984375,-0.04138707159907051
2004-05-11,5325.89990234375,0.006092903717213938
2004-05-12,5358.35009765625,0.007674025854616406
2004-05-13,5399.47021484375,-0.06104304395459803
2004-05-14,5069.8701171875,-0.11138548875701215
2004-05-17,4505.16015625,0.08254087543710731
2004-05-18,4877.02001953125,0.026466997799489578
2004-05-19,5006.10009765625,-0.014780014968066801
2004-05-20,4932.10986328125,0.005973095035215037
2004-05-21,4961.56982421875,0.03258246119220032
2004-05-24,5123.22998046875,-0.004100882783926396
2004-05-25,5102.22021484375,-0.0039727841366546945
2004-05-26,5081.9501953125,-0.004604608413239508
2004-05-27,5058.5498046875,-0.04411534463137223
2004-05-28,4835.39013671875,-0.015669887514529912
2004-05-31,4759.6201171875,0.015862610490144258
2004-06-01,4835.1201171875,0.018318019422911336
2004-06-02,4923.68994140625,-0.021467579861672026
2004-06-03,4817.990234375,0.014738461925133395
2004-06-04,4889.0,0.010053160634843517
2004-06-07,4938.14990234375,0.004957318216915807
2004-06-08,4962.6298828125,0.00022571040233709816
2004-06-09,4963.75,-0.003849884317552288
2004-06-10,4944.64013671875,-0.022636667722299886
2004-06-11,4832.7099609375,-0.017940285267125988
2004-06-14,4746.009765625,0.014504886300457098
2004-06-15,4814.85009765625,-0.0054104058154231804
2004-06-16,4788.7998046875,0.010666572044836897
2004-06-17,4839.8798828125,-0.014440368383044744
2004-06-18,4769.990234375,-0.006576557947945205
2004-06-21,4738.6201171875,-0.0005825016224108026
2004-06-22,4735.85986328125,-0.01939665993782269
2004-06-23,4644.0,0.013899613412467593
2004-06-24,4708.5498046875,0.010160311351835594
2004-06-25,4756.39013671875,0.01707386454920279
2004-06-28,4837.60009765625,0.0007813347692962047
2004-06-29,4841.3798828125,-0.009484883026432467
2004-06-30,4795.4599609375,0.01638838492869743
2004-07-01,4874.0498046875,-0.0007118775354251206
2004-07-02,4870.580078125,-0.005504489847967142
2004-07-05,4843.77001953125,0.01751111714155207
2004-07-06,4928.58984375,0.00555541685589267
2004-07-07,4955.97021484375,-0.02262531174176663
2004-07-08,4843.83984375,0.020983380953417896
2004-07-09,4945.47998046875,-0.00019006070390781282
2004-07-12,4944.5400390625,-0.009212141943972685
2004-07-13,4898.990234375,-0.010347117928877991
2004-07-14,4848.2998046875,0.00822765470901432
2004-07-15,4888.18994140625,0.012884110728854203
2004-07-16,4951.169921875,0.004893788912737174
2004-07-19,4975.39990234375,-0.0035213289132792758
2004-07-20,4957.8798828125,0.00723694072074732
2004-07-21,4993.759765625,0.012121182491429794
2004-07-22,5054.2900390625,0.003769036707484519
2004-07-23,5073.33984375,0.008836403534099535
2004-07-26,5118.169921875,-0.008262726659729047
2004-07-27,5075.8798828125,-0.0011012561130392395
2004-07-28,5070.2900390625,0.009892955997301112
2004-07-29,5120.4501953125,0.00973930553057678
2004-07-30,5170.31982421875,0.006229781141704693
2004-08-02,5202.52978515625,-0.0015184732562780745
2004-08-03,5194.6298828125,-0.004920477333393958
2004-08-04,5169.06982421875,0.016194395468463574
2004-08-05,5252.77978515625,-0.010620957485959148
2004-08-06,5196.990234375,0.006969365907776304
2004-08-09,5233.2099609375,0.003600055012244363
2004-08-10,5252.0498046875,-0.014639931321457689
2004-08-11,5175.16015625,-0.006838462124888922
2004-08-12,5139.77001953125,-0.007169600491115147
2004-08-13,5102.919921875,-0.0001077431540994489
2004-08-16,5102.3701171875,0.00011167833882352873
2004-08-17,5102.93994140625,-0.01267115760570392
2004-08-18,5038.27978515625,0.016944298615376052
2004-08-19,5123.64990234375,-0.011513227331704678
2004-08-20,5064.66015625,-0.006114964062402417
2004-08-23,5033.68994140625,0.006694928711299397
2004-08-24,5067.39013671875,0.004177677523110157
2004-08-25,5088.56005859375,0.00921481444236072
2004-08-26,5135.4501953125,-0.0035908107344380102
2004-08-27,5117.009765625,0.013570509510063111
2004-08-30,5186.4501953125,0.001085498288904585
2004-08-31,5192.080078125,0.0036151252000775624
2004-09-01,5210.85009765625,-0.0023278126572775504
2004-09-02,5198.72021484375,0.003797039517031031
2004-09-03,5218.4599609375,0.005321497096676175
2004-09-06,5246.22998046875,0.0035148938332669744
2004-09-07,5264.669921875,0.006361317019296209
2004-09-08,5298.16015625,1.317895584329598e-05
2004-09-09,5298.22998046875,0.013555437284433536
2004-09-10,5370.0498046875,0.005104264810742221
2004-09-13,5397.4599609375,0.005800887606457028
2004-09-14,5428.77001953125,-0.001598921256568464
2004-09-15,5420.08984375,0.010625346385661594
2004-09-16,5477.68017578125,0.015238152627374824
2004-09-17,5561.14990234375,-0.0027566381763129977
2004-09-20,5545.81982421875,0.010838857638323596
2004-09-21,5605.93017578125,0.0019514944109566557
2004-09-22,5616.8701171875,-0.0137781602750503
2004-09-23,5539.47998046875,-0.002117523758567219
2004-09-24,5527.75,-0.0028836219811405606
2004-09-27,5511.81005859375,-0.00892632271240723
2004-09-28,5462.60986328125,0.011889956804179702
2004-09-29,5527.56005859375,0.010140062539955474
2004-09-30,5583.60986328125,0.01646429067077171
2004-10-01,5675.5400390625,0.01599138848467918
2004-10-04,5766.2998046875,-0.0013231852437325387
2004-10-05,5758.669921875,-0.007800398787290441
2004-10-06,5713.75,0.010485260336906554
2004-10-07,5773.66015625,0.0005524989902283561
2004-10-08,5776.85009765625,-0.010266850894713908
2004-10-11,5717.5400390625,-0.007137695287647072
2004-10-12,5676.72998046875,0.00640687813453078
2004-10-14,5713.10009765625,-0.004615728192530422
2004-10-15,5686.72998046875,-0.001213333913769099
2004-10-18,5679.830078125,0.010260832516927776
2004-10-19,5738.10986328125,-0.01134342933489585
2004-10-20,5673.02001953125,-0.0056336767413947
2004-10-21,5641.06005859375,-0.010560040772478518
2004-10-25,5581.490234375,0.012469718023755183
2004-10-26,5651.08984375,0.0020846020437153
2004-10-27,5662.8701171875,0.009315064429942899
2004-10-28,5715.6201171875,-0.00758449595449695
2004-10-29,5672.27001953125,0.005611523784199157
2004-11-01,5704.10009765625,0.008881272611181101
2004-11-02,5754.759765625,0.015253507880874428
2004-11-03,5842.5400390625,-0.0016534172098802147
2004-11-04,5832.8798828125,0.010025918867465622
2004-11-05,5891.35986328125,0.00663859490340446
2004-11-08,5930.47021484375,-0.00014671976352265137
2004-11-09,5929.60009765625,0.007445679576469466
2004-11-10,5973.75,-0.0032542274795982484
2004-11-11,5954.31005859375,0.0016290228314950195
2004-11-12,5964.009765625,0.005481283728929975
2004-11-16,5996.7001953125,0.003315137019529457
2004-11-17,6016.580078125,0.0014776063151011876
2004-11-18,6025.47021484375,-0.010581788911540269
2004-11-19,5961.7099609375,0.0003505443511497841
2004-11-22,5963.7998046875,0.007723273768771799
2004-11-23,6009.85986328125,0.00434125464233448
2004-11-24,6035.9501953125,-0.00015248803029632718
2004-11-25,6035.02978515625,0.020337966628912296
2004-11-29,6157.77001953125,0.012426579636547475
2004-11-30,6234.2900390625,-0.001036198331650251
2004-12-01,6227.830078125,0.01615331446013646
2004-12-02,6328.43017578125,-0.0008960216038964575
2004-12-03,6322.759765625,-4.108421553705721e-05
2004-12-06,6322.5,-0.0009838220393436625
2004-12-07,6316.27978515625,-0.008669623178138797
2004-12-08,6261.52001953125,0.006827415686071703
2004-12-09,6304.27001953125,-0.011219376747763299
2004-12-10,6233.5400390625,0.005643691315174504
2004-12-13,6268.72021484375,0.009062387276111084
2004-12-14,6325.52978515625,0.012134992089734231
2004-12-15,6402.2900390625,0.002825527059790778
2004-12-16,6420.3798828125,-0.011510207136120054
2004-12-17,6346.47998046875,0.008905727222837001
2004-12-20,6403.0,0.007543308556535955
2004-12-21,6451.2998046875,-0.00583442865423045
2004-12-22,6413.66015625,0.004395297025331146
2004-12-23,6441.85009765625,0.008725748051472193
2004-12-24,6498.06005859375,0.0023037224075364016
2004-12-27,6513.02978515625,0.007746040932820497
2004-12-28,6563.47998046875,0.0006795116235247534
2004-12-29,6567.93994140625,-0.00691235040953031
2004-12-30,6522.5400390625,0.012288142635191956
2004-12-31,6602.68994140625,0.011587739934060037
2005-01-03,6679.2001953125,-0.00422062954592739
2005-01-04,6651.009765625,-0.028893345318512176
2005-01-05,6458.83984375,-0.01415884419548552
2005-01-06,6367.39013671875,0.008334627387242
2005-01-07,6420.4599609375,-0.017431760739250457
2005-01-10,6308.5400390625,-0.013579991780115819
2005-01-11,6222.8701171875,-0.019304578201094436
2005-01-12,6102.740234375,0.01938798304936662
2005-01-13,6221.06005859375,-0.007593598828827042
2005-01-14,6173.81982421875,0.0032799791015221125
2005-01-17,6194.06982421875,-0.00027764080988812445
2005-01-18,6192.35009765625,-0.0030731908140502195
2005-01-19,6173.31982421875,0.0016069814036412389
2005-01-20,6183.240234375,-0.01242229893749458
2005-01-24,6106.43017578125,0.009260697831571463
2005-01-25,6162.97998046875,0.012404745034833908
2005-01-27,6239.43017578125,0.028794242888735333
2005-01-28,6419.08984375,0.021319236992686008
2005-01-31,6555.93994140625,-0.0005292492904923618
2005-02-01,6552.47021484375,-0.003420108068440064
2005-02-02,6530.06005859375,0.013768656864292739
2005-02-03,6619.97021484375,-0.0002628764659843297
2005-02-04,6618.22998046875,-0.012550192247605674
2005-02-07,6535.169921875,0.0014689897540560715
2005-02-08,6544.77001953125,0.007450187780393858
2005-02-09,6593.52978515625,-0.002381077744820992
2005-02-10,6577.830078125,0.008502756507194897
2005-02-11,6633.759765625,0.0068694547451262356
2005-02-14,6679.330078125,-0.0013878666607014534
2005-02-15,6670.06005859375,-0.009337288253837839
2005-02-16,6607.77978515625,-0.0027981783132793314
2005-02-17,6589.2900390625,-0.0007542868524963442
2005-02-18,6584.31982421875,-0.007539070057762554
2005-02-21,6534.68017578125,0.00837531126184099
2005-02-22,6589.41015625,-0.0010486759946860547
2005-02-23,6582.5,-0.0012594058583365042
2005-02-24,6574.2099609375,-0.0006829331768268831
2005-02-25,6569.72021484375,0.021939998009630424
2005-02-28,6713.85986328125,-0.009350773837207838
2005-03-01,6651.080078125,0.005384096744155409
2005-03-02,6686.89013671875,0.014630130916582607
2005-03-03,6784.72021484375,0.009544942690977498
2005-03-04,6849.47998046875,0.004306896302218366
2005-03-07,6878.97998046875,0.0052493048945883025
2005-03-08,6915.08984375,-0.0032204960505868296
2005-03-09,6892.81982421875,0.0021515255734514405
2005-03-10,6907.64990234375,-0.007805827254896758
2005-03-11,6853.72998046875,-0.006374622509313088
2005-03-14,6810.0400390625,-0.00845660868653686
2005-03-15,6752.4501953125,-0.0008249320378351799
2005-03-16,6746.8798828125,-0.0114660205346655
2005-03-17,6669.52001953125,0.0046209958330578615
2005-03-18,6700.33984375,-0.006514580358855437
2005-03-21,6656.68994140625,-0.01821321815510868
2005-03-22,6535.4501953125,-0.012392449174058351
2005-03-23,6454.4599609375,-0.0017956333791118162
2005-03-24,6442.8701171875,0.010534143317035838
2005-03-28,6510.740234375,-0.0219453343168845
2005-03-29,6367.85986328125,0.002126309207992394
2005-03-30,6381.39990234375,0.01746010649388663
2005-03-31,6492.81982421875,0.017283740790890123
2005-04-01,6605.0400390625,-9.388545471833432e-05
2005-04-04,6604.419921875,-0.008196008650693476
2005-04-05,6550.2900390625,0.008567577443568064
2005-04-06,6606.41015625,-0.009198644663888866
2005-04-07,6545.64013671875,-0.010098339700261194
2005-04-08,6479.5400390625,-0.012658308928841344
2005-04-11,6397.52001953125,0.010486851708971345
2005-04-12,6464.60986328125,0.0005120275877050773
2005-04-13,6467.919921875,-0.033949102768320194
2005-04-15,6248.33984375,-0.014653501711392125
2005-04-18,6156.77978515625,-0.0035602900606982457
2005-04-19,6134.85986328125,0.017747817149895706
2005-04-20,6243.740234375,0.008882490119009878
2005-04-21,6299.2001953125,0.0075199433955916994
2005-04-22,6346.56982421875,0.0049286897180478295
2005-04-25,6377.85009765625,-0.0059377559220804565
2005-04-26,6339.97998046875,-0.009697188423015257
2005-04-27,6278.5,0.0009078912658277982
2005-04-28,6284.2001953125,-0.02064865056384435
2005-04-29,6154.43994140625,0.00661473039384286
2005-05-02,6195.14990234375,0.0034898456903069697
2005-05-03,6216.77001953125,0.01170700941607894
2005-05-04,6289.5498046875,0.011145487329475623
2005-05-05,6359.64990234375,0.004533280694331232
2005-05-06,6388.47998046875,0.014537122675726932
2005-05-09,6481.35009765625,-0.0041102758402733475
2005-05-10,6454.7099609375,-0.0014841996283297965
2005-05-11,6445.1298828125,0.0018137635111783457
2005-05-12,6456.81982421875,-0.000817706750379843
2005-05-13,6451.5400390625,0.011856044546050049
2005-05-16,6528.02978515625,-0.009502068341859626
2005-05-17,6466.0,-0.0029384472626043934
2005-05-18,6447.0,0.004954233194703006
2005-05-19,6478.93994140625,0.003173367677380856
2005-05-20,6499.5,0.006205104719593901
2005-05-23,6539.830078125,0.0039053062170419928
2005-05-24,6565.3701171875,0.004909088123512539
2005-05-25,6597.60009765625,0.011091864680612629
2005-05-26,6670.77978515625,0.005537647902828402
2005-05-27,6707.72021484375,-0.0065850108146287
2005-05-30,6663.5498046875,0.007737626356072225
2005-05-31,6715.10986328125,0.002202501427917447
2005-06-01,6729.89990234375,-0.011046203484261441
2005-06-02,6655.56005859375,0.014016857821310236
2005-06-03,6748.85009765625,0.0013839163138684718
2005-06-06,6758.18994140625,0.003412164913043414
2005-06-07,6781.25,0.011353398617511612
2005-06-08,6858.240234375,-0.003748840568442602
2005-06-09,6832.52978515625,-0.007396901641182452
2005-06-10,6781.990234375,0.007474198524988207
2005-06-13,6832.68017578125,0.004024774948119925
2005-06-14,6860.18017578125,0.006821949786788295
2005-06-15,6906.97998046875,-0.0009511862257206571
2005-06-16,6900.41015625,0.0008854347992222067
2005-06-17,6906.52001953125,0.011297988702789086
2005-06-20,6984.5498046875,0.013167665406584428
2005-06-21,7076.52001953125,0.009725094259439127
2005-06-22,7145.33984375,-0.0035799666194148427
2005-06-23,7119.759765625,0.004053556933457436
2005-06-24,7148.6201171875,0.0003441168920956805
2005-06-27,7151.080078125,-0.01427477765733054
2005-06-28,7049.0,0.010055310372038662
2005-06-29,7119.8798828125,0.01038925038922578
2005-06-30,7193.85009765625,0.0023519981157951175
2005-07-01,7210.77001953125,0.009227868713364673
2005-07-04,7277.31005859375,-0.007840817298469749
2005-07-05,7220.25,0.009327945383643232
2005-07-06,7287.60009765625,-0.019549675192738647
2005-07-07,7145.1298828125,0.009370045948856376
2005-07-08,7212.080078125,0.013125222574429607
2005-07-11,7306.740234375,-0.00038184456720846693
2005-07-12,7303.9501953125,-0.00767256588064702
2005-07-13,7247.91015625,-0.008307216789322336
2005-07-14,7187.7001953125,0.011664349022887377
2005-07-15,7271.5400390625,0.010391204364941009
2005-07-18,7347.10009765625,-6.400005954732002e-05
2005-07-19,7346.6298828125,-0.0005090423981339853
2005-07-20,7342.89013671875,-0.005252742691481349
2005-07-21,7304.31982421875,0.016282169817772196
2005-07-22,7423.25,0.011093536881588317
2005-07-25,7505.60009765625,0.006284630310870121
2005-07-26,7552.77001953125,0.006919284645217294
2005-07-27,7605.02978515625,0.00399605755365573
2005-07-29,7635.419921875,0.004456896121718845
2005-08-01,7669.4501953125,0.011290228314269957
2005-08-02,7756.0400390625,5.5463326527949164e-05
2005-08-03,7756.47021484375,0.005235611322729428
2005-08-04,7797.080078125,-0.005525155275224458
2005-08-05,7754.0,-0.019065008785787985
2005-08-08,7606.169921875,-0.001393618307916622
2005-08-09,7595.56982421875,0.01767477662728334
2005-08-10,7729.81982421875,0.011215001562473237
2005-08-11,7816.509765625,-0.006271281264890849
2005-08-12,7767.490234375,9.655628489646517e-05
2005-08-16,7768.240234375,0.011751638469841286
2005-08-17,7859.52978515625,-0.006132645126211145
2005-08-18,7811.330078125,-0.0039135860595124194
2005-08-19,7780.759765625,-0.0038761854725285483
2005-08-22,7750.60009765625,-0.017367669804297492
2005-08-23,7615.990234375,-0.0005239285046598763
2005-08-24,7612.0,0.006360998669863394
2005-08-25,7660.419921875,0.002584752947055513
2005-08-26,7680.22021484375,-0.005962073714240734
2005-08-29,7634.43017578125,0.014483048724384329
2005-08-30,7745.0,0.007802475891704352
2005-08-31,7805.43017578125,0.00906032402697421
2005-09-01,7876.14990234375,0.0029989420567619884
2005-09-02,7899.77001953125,0.0032241716886411975
2005-09-05,7925.240234375,0.0027178420015363525
2005-09-06,7946.77978515625,0.013311086540372719
2005-09-08,8052.56005859375,0.0009251352336452356
2005-09-09,8060.009765625,0.009728295440088797
2005-09-12,8138.419921875,0.006824425330181905
2005-09-13,8193.9599609375,-0.0005467418061727569
2005-09-14,8189.47998046875,0.011512304246557692
2005-09-15,8283.759765625,0.011733825951333099
2005-09-16,8380.9599609375,0.007622024578358033
2005-09-19,8444.83984375,0.006565006644682736
2005-09-20,8500.2802734375,-0.0015459049086961052
2005-09-21,8487.1396484375,-0.03128262418173822
2005-09-22,8221.6396484375,0.0001155724834864813
2005-09-23,8222.58984375,0.03117269830682723
2005-09-26,8478.91015625,0.00549709504418372
2005-09-27,8525.51953125,0.009443499823370338
2005-09-28,8606.0302734375,0.005128920888616495
2005-09-29,8650.169921875,-0.0018137739797832175
2005-09-30,8634.48046875,0.0073160072691838
2005-10-03,8697.650390625,0.01176289753181825
2005-10-04,8799.9599609375,-0.008578474755578047
2005-10-05,8724.4697265625,-0.02243913239264972
2005-10-06,8528.7001953125,-0.004354781402729269
2005-10-07,8491.5595703125,-0.0009066907776184019
2005-10-10,8483.8603515625,0.006683186238391814
2005-10-11,8540.5595703125,-0.019162582772256465
2005-10-13,8376.900390625,-0.020911066588668148
2005-10-14,8201.73046875,0.00010847082099196825
2005-10-17,8202.6201171875,-0.009798103049913909
2005-10-18,8122.25,-0.01861429301071127
2005-10-19,7971.06005859375,-0.004508803238472914
2005-10-20,7935.1201171875,0.01686553904018706
2005-10-21,8068.9501953125,-0.018360553360592724
2005-10-24,7920.7998046875,0.008956220512670754
2005-10-25,7991.740234375,-0.0021334893863805826
2005-10-26,7974.68994140625,-0.022094866173590577
2005-10-27,7798.490234375,-0.014470762194304987
2005-10-28,7685.64013671875,0.026891668595381057
2005-10-31,7892.31982421875,0.022861488104875427
2005-11-02,8072.75,0.016608971927162264
2005-11-07,8206.830078125,0.013521630825315434
2005-11-08,8317.7998046875,-0.001084365031834178
2005-11-09,8308.7802734375,1.7982671052019228e-05
2005-11-10,8308.9296875,0.01951037710746073
2005-11-11,8471.0400390625,0.002744645272928281
2005-11-14,8494.2900390625,0.011964494071327492
2005-11-16,8595.919921875,0.0062354709981184975
2005-11-17,8649.51953125,0.0042928233459500476
2005-11-18,8686.650390625,-0.008738714330200903
2005-11-21,8610.740234375,-0.00879953473802586
2005-11-22,8534.9697265625,0.01211136307441052
2005-11-23,8638.33984375,0.012236170054015227
2005-11-24,8744.0400390625,0.012485066558170166
2005-11-25,8853.2099609375,0.01600893567139483
2005-11-28,8994.9404296875,-0.007090683249774021
2005-11-29,8931.16015625,-0.015938644414285164
2005-11-30,8788.8095703125,0.017746510705141327
2005-12-01,8944.7802734375,0.0018815529963300826
2005-12-02,8961.6103515625,-0.015432581402725964
2005-12-05,8823.3095703125,-0.0008816756131027059
2005-12-06,8815.5302734375,0.009106576052139825
2005-12-07,8895.8095703125,0.0011803310218152507
2005-12-08,8906.3095703125,0.01807378262053283
2005-12-09,9067.2802734375,0.0073218921700244355
2005-12-12,9133.669921875,0.014258284989925096
2005-12-13,9263.900390625,-0.00238998953641667
2005-12-14,9241.759765625,-0.007721405534195314
2005-12-15,9170.400390625,0.012437796110746024
2005-12-16,9284.4599609375,0.011827243671091558
2005-12-19,9394.26953125,-0.005112616442952911
2005-12-20,9346.240234375,-0.000756487349211854
2005-12-21,9339.169921875,0.0035474119316429853
2005-12-22,9372.2998046875,-0.012311775214423726
2005-12-23,9256.91015625,-0.018474901984117387
2005-12-26,9085.8896484375,0.02171174375273477
2005-12-27,9283.16015625,-0.0027631097808573646
2005-12-28,9257.509765625,0.007101287067404094
2005-12-29,9323.25,0.008010048802724379
2005-12-30,9397.9296875,-0.0008289101239884467
2006-01-02,9390.1396484375,0.01589225233458924
2006-01-03,9539.3701171875,0.011395926523663391
2006-01-04,9648.080078125,-0.00314465090508409
2006-01-05,9617.740234375,0.00234460529583691
2006-01-06,9640.2900390625,-0.005896071956308813
2006-01-09,9583.4501953125,-0.014415517147735923
2006-01-10,9445.2998046875,-0.006820315205138261
2006-01-12,9380.8798828125,-0.0007130944227583536
2006-01-13,9374.1904296875,-0.00672058035011569
2006-01-16,9311.1904296875,0.0003156903671122091
2006-01-17,9314.1298828125,-0.0082240220330565
2006-01-18,9237.5302734375,0.022983369366917916
2006-01-19,9449.83984375,0.007526065876612531
2006-01-20,9520.9599609375,-0.005888016601529711
2006-01-23,9464.900390625,0.00898261236158504
2006-01-24,9549.919921875,0.014222141506013086
2006-01-25,9685.740234375,0.019105385877555614
2006-01-27,9870.7900390625,-0.0022044603865433166
2006-01-30,9849.0302734375,0.00719455347711806
2006-01-31,9919.8896484375,-0.006111951338294341
2006-02-01,9859.259765625,-0.0015609334578197132
2006-02-02,9843.8701171875,-0.010289656187727036
2006-02-03,9742.580078125,0.02441240840134551
2006-02-06,9980.419921875,0.010206018620443347
2006-02-07,10082.2802734375,-0.00371542547137782
2006-02-08,10044.8203125,0.006585425324152627
2006-02-10,10110.9697265625,0.006159673614083205
2006-02-13,10173.25,-0.008514498040203433
2006-02-14,10086.6298828125,0.00263217794208348
2006-02-15,10113.1796875,0.0010995668554416582
2006-02-16,10124.2998046875,-0.01414314628046709
2006-02-17,9981.1103515625,0.009837528057149436
2006-02-20,10079.2998046875,0.008811182184867317
2006-02-21,10168.1103515625,0.005528063621856871
2006-02-22,10224.3203125,0.0019296629589526937
2006-02-23,10244.0498046875,-0.00422587159256993
2006-02-24,10200.759765625,0.007972943191846271
2006-02-27,10282.08984375,0.008573197858077641
2006-02-28,10370.240234375,0.018825937275817273
2006-03-01,10565.4697265625,0.005802917282594633
2006-03-02,10626.7802734375,-0.00295014906969171
2006-03-03,10595.4296875,0.013206700265075977
2006-03-06,10735.3603515625,-0.0009026645934702149
2006-03-07,10725.669921875,-0.020215083447402638
2006-03-08,10508.849609375,0.0061558050683101495
2006-03-09,10573.5400390625,0.018122607611035235
2006-03-10,10765.16015625,0.0035809782788154276
2006-03-13,10803.7099609375,-0.00018421767913023857
2006-03-14,10801.7197265625,0.0071303931005632926
2006-03-16,10878.740234375,-0.001718966986031245
2006-03-17,10860.0400390625,0.007465010461140009
2006-03-20,10941.1103515625,-0.003282130889473378
2006-03-21,10905.2001953125,-0.0058550585770030805
2006-03-22,10841.349609375,-7.0080354602986e-05
2006-03-23,10840.58984375,0.010120294422978349
2006-03-24,10950.2998046875,0.011754904327587301
2006-03-27,11079.01953125,0.0006327944605319935
2006-03-28,11086.0302734375,0.008790359841069018
2006-03-29,11183.48046875,0.011048400420402338
2006-03-30,11307.0400390625,-0.0023949749918145136
2006-03-31,11279.9599609375,0.025212890082046302
2006-04-03,11564.3603515625,0.006368654367688409
2006-04-04,11638.009765625,0.009356464480862359
2006-04-05,11746.900390625,-0.013404383769455186
2006-04-07,11589.4404296875,0.006308274799249336
2006-04-10,11662.5498046875,-0.026308083658873715
2006-04-12,11355.73046875,-0.010435260006047331
2006-04-13,11237.23046875,0.02691492530931816
2006-04-17,11539.6796875,0.024427941904258343
2006-04-18,11821.5703125,0.006294439256629092
2006-04-19,11895.98046875,0.012068726601783597
2006-04-20,12039.5498046875,-0.0007683011532871875
2006-04-21,12030.2998046875,-0.009564148207484191
2006-04-24,11915.240234375,-0.022530805561351896
2006-04-25,11646.7802734375,0.025049841514172444
2006-04-26,11938.5302734375,-0.008670308640738256
2006-04-27,11835.01953125,0.0014288236876456306
2006-04-28,11851.9296875,0.030952814909491977
2006-05-02,12218.7802734375,0.007524437879030232
2006-05-03,12310.7197265625,0.0029982127015986126
2006-05-04,12347.6298828125,0.0009775408409999908
2006-05-05,12359.7001953125,0.008314888680631238
2006-05-08,12462.4697265625,0.004123630879557139
2006-05-09,12513.8603515625,0.007872832881477665
2006-05-10,12612.3798828125,-0.014031430087486085
2006-05-11,12435.41015625,-0.012086437262542549
2006-05-12,12285.1103515625,-0.0376805859290571
2006-05-15,11822.2001953125,0.004358771851785459
2006-05-16,11873.73046875,0.028978180233084183
2006-05-17,12217.8095703125,-0.0676373189528574
2006-05-18,11391.4296875,-0.03975087836730329
2006-05-19,10938.6103515625,-0.04176406377316877
2006-05-22,10481.76953125,0.03253369969362718
2006-05-23,10822.7802734375,-0.023065226910793935
2006-05-24,10573.150390625,0.008811935746001698
2006-05-25,10666.3203125,0.013409431995716758
2006-05-26,10809.349609375,0.004051126168083341
2006-05-29,10853.1396484375,-0.0061281590193650315
2006-05-30,10786.6298828125,-0.03597226709968726
2006-05-31,10398.6103515625,-0.031464822570098194
2006-06-01,10071.419921875,0.03772160819397863
2006-06-02,10451.330078125,-0.02275783154842914
2006-06-05,10213.48046875,-0.02508059393012685
2006-06-06,9957.3203125,-0.020142020200276667
2006-06-07,9756.759765625,-0.04724418827411525
2006-06-08,9295.8095703125,0.05536369766745319
2006-06-09,9810.4599609375,-0.03407684977499803
2006-06-12,9476.150390625,-0.043635862977553175
2006-06-13,9062.650390625,-0.014698786248590223
2006-06-14,8929.4404296875,0.06894263369273013
2006-06-15,9545.0595703125,0.03556292056764887
2006-06-16,9884.509765625,0.01146542224270175
2006-06-19,9997.83984375,-0.017535819260957597
2006-06-20,9822.51953125,0.022155223666916468
2006-06-21,10040.1396484375,0.023479776440329392
2006-06-22,10275.8798828125,0.012205273252053006
2006-06-23,10401.2998046875,-0.034538013625287745
2006-06-26,10042.0595703125,0.010849387473720107
2006-06-27,10151.009765625,-0.0020992562123880454
2006-06-28,10129.7001953125,0.0032044345154973453
2006-06-29,10162.16015625,0.043995551819268286
2006-06-30,10609.25,0.008107054280462878
2006-07-03,10695.259765625,-0.0030892226824347224
2006-07-04,10662.2197265625,0.02414318298409257
2006-07-05,10919.6396484375,-0.01388964533245407
2006-07-06,10767.9697265625,-0.024000759631361168
2006-07-07,10509.5302734375,0.016629623465829413
2006-07-10,10684.2998046875,-0.006547007907978242
2006-07-11,10614.349609375,0.029746545572243654
2006-07-12,10930.08984375,-0.006549794628718075
2006-07-13,10858.5,-0.016602686691301716
2006-07-14,10678.2197265625,-0.03605469917820636
2006-07-17,10293.2197265625,-0.006454681323235234
2006-07-18,10226.7802734375,-0.021457430767087393
2006-07-19,10007.33984375,0.034534710655733436
2006-07-20,10352.9404296875,-0.02579269872661294
2006-07-21,10085.91015625,0.012835724186703867
2006-07-24,10215.3701171875,0.019601857992212368
2006-07-25,10415.6103515625,0.01936124460121036
2006-07-26,10617.26953125,0.011709254637841227
2006-07-27,10741.58984375,-0.005712317812591072
2006-07-28,10680.23046875,0.0059595543606232315
2006-07-31,10743.8798828125,0.0007241586393706978
2006-08-01,10751.66015625,0.011582422772645984
2006-08-02,10876.1904296875,0.004318582583318076
2006-08-03,10923.16015625,-0.00518626384806653
2006-08-04,10866.509765625,-0.004957444326596172
2006-08-07,10812.6396484375,0.018712366702633876
2006-08-08,11014.9697265625,0.01182118191605186
2006-08-09,11145.1796875,0.0003580233326767601
2006-08-10,11149.169921875,0.0038828037751548194
2006-08-11,11192.4599609375,0.010768881359250804
2006-08-14,11312.990234375,0.01196141189323452
2006-08-16,11448.3095703125,0.002548052903211584
2006-08-17,11477.48046875,-0.0010246797822501819
2006-08-18,11465.7197265625,0.004008467155448114
2006-08-21,11511.6796875,-0.0007869894366794306
2006-08-22,11502.6201171875,-0.008343292709380168
2006-08-23,11406.650390625,0.010984802759492096
2006-08-24,11531.9501953125,0.003490302968561343
2006-08-25,11572.2001953125,0.004089052655403158
2006-08-28,11619.51953125,0.007515808023742299
2006-08-29,11706.849609375,0.0014581474153669838
2006-08-30,11723.919921875,-0.0021213141469088592
2006-08-31,11699.0498046875,0.006750097476365902
2006-09-01,11778.01953125,0.011563101022727285
2006-09-04,11914.2099609375,-0.0008066293605710761
2006-09-05,11904.599609375,0.002403302295019616
2006-09-06,11933.2099609375,-0.006650377544875186
2006-09-07,11853.849609375,0.0054666444560549365
2006-09-08,11918.650390625,-0.030872619707591253
2006-09-11,11550.6904296875,0.00953186392148675
2006-09-12,11660.7900390625,0.019981493468236078
2006-09-13,11893.7900390625,0.006661416750025628
2006-09-14,11973.01953125,0.0030543934555982144
2006-09-15,12009.58984375,0.005138390381384639
2006-09-18,12071.2998046875,-0.008352876637679585
2006-09-19,11970.4697265625,0.01158433420263294
2006-09-20,12109.1396484375,0.013636797295818459
2006-09-21,12274.26953125,-0.0030542964464853606
2006-09-22,12236.7802734375,-0.005137798978377739
2006-09-25,12173.91015625,0.012098025330167905
2006-09-26,12321.1904296875,0.003710658221168339
2006-09-27,12366.91015625,0.0011183131396819146
2006-09-28,12380.740234375,0.005951153655209485
2006-09-29,12454.419921875,-0.007068195386834786
2006-10-03,12366.3896484375,-0.013130742878784907
2006-10-04,12204.009765625,0.015191760264500642
2006-10-05,12389.41015625,-0.0013399012324348814
2006-10-06,12372.8095703125,-0.0005640992167410541
2006-10-09,12365.830078125,-0.00016663231355940056
2006-10-10,12363.76953125,-0.0008314047628450449
2006-10-11,12353.490234375,0.014934259943933492
2006-10-12,12537.98046875,0.01582706669703282
2006-10-13,12736.419921875,0.015056017844987224
2006-10-16,12928.1796875,-0.003430460470616792
2006-10-17,12883.830078125,-0.0019675522900631792
2006-10-18,12858.48046875,-0.010490401671319205
2006-10-19,12723.58984375,-0.0011152083098600052
2006-10-20,12709.400390625,-0.006776096003004661
2006-10-23,12623.2802734375,0.005951692522473184
2006-10-26,12698.41015625,0.016411457142918584
2006-10-27,12906.8095703125,0.009099862725382657
2006-10-30,13024.259765625,-0.004787940053574857
2006-10-31,12961.900390625,0.005488365617201785
2006-11-01,13033.0400390625,0.004456372262413355
2006-11-02,13091.1201171875,0.003030292405836077
2006-11-03,13130.7900390625,0.004272371213621673
2006-11-06,13186.8896484375,-0.0022923898654966246
2006-11-07,13156.66015625,-0.006396029814984994
2006-11-08,13072.509765625,0.004970772247642197
2006-11-09,13137.490234375,0.011069079350826128
2006-11-10,13282.91015625,0.008739789879206317
2006-11-13,13399.0,0.001977759534293577
2006-11-14,13425.5,0.003267671013183815
2006-11-15,13469.3701171875,0.002711302082597067
2006-11-16,13505.8896484375,-0.005657471049775653
2006-11-17,13429.48046875,9.155173130936944e-05
2006-11-20,13430.7099609375,0.013853293746469486
2006-11-21,13616.76953125,0.006591926372955248
2006-11-22,13706.5302734375,-0.001875032907657559
2006-11-23,13680.830078125,0.0016446370484475281
2006-11-24,13703.330078125,0.005127203769042854
2006-11-27,13773.58984375,-0.012461504254490663
2006-11-28,13601.9501953125,0.0010866289925537398
2006-11-29,13616.73046875,0.0058442150812290095
2006-11-30,13696.3095703125,0.010840197672431273
2006-12-01,13844.7802734375,0.0021343642949822605
2006-12-04,13874.330078125,0.004563846480763356
2006-12-05,13937.650390625,0.0008143129621498435
2006-12-06,13949.0,0.0016510340122948275
2006-12-07,13972.0302734375,-0.012348959720658415
2006-12-08,13799.490234375,-0.028990965613964192
2006-12-11,13399.4296875,-0.0301811469354748
2006-12-12,12995.01953125,0.014337824737542082
2006-12-13,13181.33984375,0.02320100354934751
2006-12-14,13487.16015625,0.009443009019284299
2006-12-15,13614.51953125,0.008562205389065047
2006-12-18,13731.08984375,-0.02542260535014207
2006-12-19,13382.009765625,-0.003123581989521007
2006-12-20,13340.2099609375,0.0033470530640631324
2006-12-21,13384.8603515625,0.006490906929959683
2006-12-22,13471.740234375,0.017562661189924444
2006-12-26,13708.33984375,0.011040766982918448
2006-12-27,13859.6904296875,-0.0009632672537117637
2006-12-28,13846.33984375,-0.00429208644093948
2006-12-29,13786.91015625,0.011266489471869479
2007-01-02,13942.240234375,0.005212913152995657
2007-01-03,14014.919921875,-0.010218393093632483
2007-01-04,13871.7099609375,-0.00080670874167732
2007-01-05,13860.51953125,-0.015033285019021791
2007-01-08,13652.150390625,-0.006286212065092167
2007-01-09,13566.330078125,-0.01504975337465908
2007-01-10,13362.16015625,0.020097783707665684
2007-01-11,13630.7099609375,0.03123977501687758
2007-01-12,14056.5302734375,0.005201096826729312
2007-01-15,14129.6396484375,-0.0010551705534223021
2007-01-16,14114.73046875,0.001176740500767881
2007-01-17,14131.33984375,0.00611478863330972
2007-01-18,14217.75,-0.0024645277250268105
2007-01-19,14182.7099609375,0.0018706067818188288
2007-01-22,14209.240234375,-0.011823292254118822
2007-01-23,14041.240234375,0.004929744481761755
2007-01-24,14110.4599609375,0.012207948295227311
2007-01-25,14282.7197265625,-0.004954222093527694
2007-01-29,14211.9599609375,-0.008516773154103041
2007-01-31,14090.919921875,0.012508747945644938
2007-02-01,14267.1796875,0.009573710203542918
2007-02-02,14403.76953125,0.0077848273767311404
2007-02-05,14515.900390625,-0.0025978382272349165
2007-02-06,14478.1904296875,0.011392269905967867
2007-02-07,14643.1298828125,0.0006118883742209924
2007-02-08,14652.08984375,-0.007725140531627428
2007-02-09,14538.900390625,-0.023949555052803495
2007-02-12,14190.7001953125,-0.00702711812595691
2007-02-13,14090.98046875,-0.00575404091325038
2007-02-14,14009.900390625,0.0246717966884189
2007-02-15,14355.5498046875,0.003298416750435962
2007-02-19,14402.900390625,-0.0103812776425104
2007-02-20,14253.3798828125,-0.0045525797369470045
2007-02-21,14188.490234375,-0.011782836743085223
2007-02-22,14021.3095703125,-0.027727745038749307
2007-02-23,13632.5302734375,0.0012462292378403461
2007-02-26,13649.51953125,-0.01250516201205576
2007-02-27,13478.830078125,-0.04011774250738387
2007-02-28,12938.08984375,0.01711689775013281
2007-03-01,13159.5498046875,-0.020777300586499292
2007-03-02,12886.1298828125,-0.03655789969790224
2007-03-05,12415.0400390625,0.022718396702714028
2007-03-06,12697.08984375,-0.009241475424209833
2007-03-07,12579.75,0.03732980459667323
2007-03-08,13049.349609375,-0.012595215847533092
2007-03-09,12884.990234375,0.0013690075131327362
2007-03-12,12902.6298828125,0.006227458019588239
2007-03-13,12982.98046875,-0.03491958973933118
2007-03-14,12529.6201171875,0.001135668284785396
2007-03-15,12543.849609375,-0.009044210691525723
2007-03-16,12430.400390625,0.017263309065397747
2007-03-19,12644.990234375,0.00482010615926054
2007-03-20,12705.9404296875,0.018884037309381707
2007-03-21,12945.8798828125,0.027974181276454235
2007-03-22,13308.0302734375,-0.0016606954961330134
2007-03-23,13285.9296875,-0.012163949290808662
2007-03-26,13124.3203125,-0.018285173101226126
2007-03-28,12884.33984375,0.007398152614411124
2007-03-29,12979.66015625,0.007121870065333491
2007-03-30,13072.099609375,-0.0471790692097539
2007-04-02,12455.3701171875,0.013585301708859188
2007-04-03,12624.580078125,0.012847116666163894
2007-04-04,12786.76953125,0.005420489256931615
2007-04-05,12856.080078125,0.02502008032738634
2007-04-09,13177.740234375,0.0008954346100038535
2007-04-10,13189.5400390625,-0.0004776364201360961
2007-04-11,13183.240234375,-0.005266585666963808
2007-04-12,13113.8095703125,0.02060961053028776
2007-04-13,13384.080078125,0.023273919326672
2007-04-16,13695.580078125,-0.006464862280928019
2007-04-17,13607.0400390625,0.004787991395481139
2007-04-18,13672.1904296875,-0.0038391971385232093
2007-04-19,13619.7001953125,0.020390313806839755
2007-04-20,13897.41015625,0.0022248693481277115
2007-04-23,13928.330078125,0.01496156734286358
2007-04-24,14136.7197265625,0.005733282278717722
2007-04-25,14217.76953125,0.0007814412477344934
2007-04-26,14228.8798828125,-0.022510542454884264
2007-04-27,13908.580078125,-0.002603426139412335
2007-04-30,13872.3701171875,0.014838116487028374
2007-05-03,14078.2099609375,-0.010224341737116283
2007-05-04,13934.26953125,-0.003948504880475379
2007-05-07,13879.25,-0.008198572621899602
2007-05-08,13765.4599609375,0.0011659475769820737
2007-05-09,13781.509765625,-0.0007458759635058376
2007-05-10,13771.23046875,0.001810273058501899
2007-05-11,13796.16015625,0.012300538221544421
2007-05-14,13965.8603515625,-0.0026156837114165166
2007-05-15,13929.330078125,0.01421313811052638
2007-05-16,14127.3095703125,0.012203342028215047
2007-05-17,14299.7099609375,0.0002587601652486171
2007-05-18,14303.41015625,0.00805328602526778
2007-05-21,14418.599609375,0.002435750914718815
2007-05-22,14453.7197265625,-0.006258593818673219
2007-05-23,14363.259765625,-0.010105603911020222
2007-05-24,14218.1103515625,0.00846384229510333
2007-05-25,14338.4501953125,0.004145458701278137
2007-05-28,14397.8896484375,0.0076622557328720475
2007-05-29,14508.2099609375,-0.006674157486396326
2007-05-30,14411.3798828125,0.009234374446246862
2007-05-31,14544.4599609375,0.0018075637825747393
2007-06-01,14570.75,-0.005145958083832336
2007-06-04,14495.76953125,0.00270701284884578
2007-06-05,14535.009765625,-0.01920054287029227
2007-06-06,14255.9296875,-0.004892700899132407
2007-06-07,14186.1796875,-0.008626009248658084
2007-06-08,14063.8095703125,0.0013936896570951873
2007-06-11,14083.41015625,0.003375605661914305
2007-06-12,14130.9501953125,-0.009052464279255101
2007-06-13,14003.0302734375,0.014331858833847466
2007-06-14,14203.7197265625,-0.002887255339761974
2007-06-15,14162.7099609375,-0.005830120981629827
2007-06-18,14080.1396484375,0.015295327812064663
2007-06-19,14295.5,0.008145933707285558
2007-06-20,14411.9501953125,0.006056781898322816
2007-06-21,14499.240234375,-0.0021987278158837054
2007-06-22,14467.3603515625,0.0014072625900827251
2007-06-25,14487.7197265625,0.0009221845683557994
2007-06-26,14501.080078125,-0.004828640862284961
2007-06-27,14431.0595703125,0.005093925489624285
2007-06-28,14504.5703125,0.010061618509252135
2007-06-29,14650.509765625,0.0009385338954048805
2007-07-02,14664.259765625,0.009700455547947406
2007-07-03,14806.509765625,0.004979598157641041
2007-07-04,14880.240234375,-0.0012332183922076911
2007-07-05,14861.8896484375,0.006878699221182005
2007-07-06,14964.1201171875,0.00545373539662819
2007-07-09,15045.73046875,-0.002382774702229473
2007-07-10,15009.8798828125,-0.00661296202234507
2007-07-11,14910.6201171875,0.012167161422473427
2007-07-12,15092.0400390625,0.011971853177724867
2007-07-13,15272.7197265625,0.002520834578862985
2007-07-16,15311.2197265625,-0.001397629610485951
2007-07-17,15289.8203125,0.0007422984144374034
2007-07-18,15301.169921875,0.016270648728734072
2007-07-19,15550.1298828125,0.0009916265646143785
2007-07-20,15565.5498046875,0.010706360695001749
2007-07-23,15732.2001953125,0.0039867104272668374
2007-07-24,15794.919921875,-0.006051935953003129
2007-07-25,15699.330078125,0.004903361595967715
2007-07-26,15776.3095703125,-0.034338782171968285
2007-07-27,15234.5703125,0.0017289521929206852
2007-07-30,15260.91015625,0.01900804572957915
2007-07-31,15550.990234375,-0.03956151305175881
2007-08-01,14935.76953125,0.003343025878782546
2007-08-02,14985.7001953125,0.010189727094651602
2007-08-03,15138.400390625,-0.01554788558329201
2007-08-06,14903.0302734375,0.0019955175066312947
2007-08-07,14932.76953125,0.025126681069763457
2007-08-08,15307.98046875,-0.013576583700852574
2007-08-09,15100.150390625,-0.015357488808123154
2007-08-10,14868.25,0.010018661304289411
2007-08-13,15017.2099609375,-0.0010854083235101175
2007-08-14,15000.91015625,-0.04284408003368545
2007-08-16,14358.2099609375,-0.015091744045881872
2007-08-17,14141.51953125,0.020226275741120237
2007-08-20,14427.5498046875,-0.030389044505848894
2007-08-21,13989.1103515625,0.018553703428217716
2007-08-22,14248.66015625,-0.00594299299522949
2007-08-23,14163.98046875,0.018419232433502852
2007-08-24,14424.8701171875,0.028943745228425355
2007-08-27,14842.3798828125,0.005175082936931696
2007-08-28,14919.1904296875,0.004949974311477812
2007-08-29,14993.0400390625,0.008583995972610392
2007-08-30,15121.740234375,0.013018301594184045
2007-08-31,15318.599609375,0.006753241024015644
2007-09-03,15422.0498046875,0.002810948381474221
2007-09-04,15465.400390625,-0.0012447139753115621
2007-09-05,15446.150390625,0.011016284017976163
2007-09-06,15616.3095703125,-0.001657859580775578
2007-09-07,15590.419921875,0.00041115994836071756
2007-09-10,15596.830078125,-0.0034661239882853856
2007-09-11,15542.76953125,-0.0024068541717926495
2007-09-12,15505.3603515625,0.007034991490153075
2007-09-13,15614.4404296875,-0.000681460539550871
2007-09-14,15603.7998046875,-0.006368328127207112
2007-09-17,15504.4296875,0.010622153346296681
2007-09-18,15669.1201171875,0.0417145237208012
2007-09-19,16322.75,0.0015438694651637164
2007-09-20,16347.9501953125,0.013229809906046386
2007-09-21,16564.23046875,0.017000464338277954
2007-09-24,16845.830078125,0.0031882658275619313
2007-09-25,16899.5390625,0.0012930271304552043
2007-09-26,16921.390625,0.013543208531361373
2007-09-27,17150.560546875,0.008194429687349736
2007-09-28,17291.099609375,0.002169875375054753
2007-10-01,17328.619140625,0.029916978246675274
2007-10-03,17847.0390625,-0.003916528520793716
2007-10-04,17777.140625,-0.00021270293573993904
2007-10-05,17773.359375,-0.015864685119495014
2007-10-08,17491.390625,0.04509930778445459
2007-10-09,18280.240234375,0.02067859944828143
2007-10-10,18658.25,0.008351282274597027
2007-10-11,18814.0703125,-0.020996586248407056
2007-10-12,18419.0390625,0.03472661397831822
2007-10-15,19058.669921875,-0.0003573463889620099
2007-10-16,19051.859375,-0.017638124231640795
2007-10-17,18715.8203125,-0.03833279415601354
2007-10-18,17998.390625,-0.024358297660294292
2007-10-19,17559.98046875,0.0030757303928166113
2007-10-22,17613.990234375,0.04989497539631094
2007-10-23,18492.83984375,0.0010853018070549059
2007-10-24,18512.91015625,0.013935165599175514
2007-10-25,18770.890625,0.025160196514383504
2007-10-26,19243.169921875,0.03816938700754524
2007-10-29,19977.669921875,-0.009718858956489163
2007-10-30,19783.509765625,0.0027538323278037957
2007-10-31,19837.990234375,-0.0057284343654472325
2007-11-01,19724.349609375,0.012770046382430733
2007-11-02,19976.23046875,-0.019295490832366147
2007-11-05,19590.779296875,-0.00970402310796925
2007-11-06,19400.669921875,-0.005713196719306257
2007-11-07,19289.830078125,-0.011970058299624164
2007-11-08,19058.9296875,-0.016877136414484184
2007-11-12,18737.26953125,0.01591538921947211
2007-11-13,19035.48046875,0.046942869637147666
2007-11-14,19929.060546875,-0.00723415544530559
2007-11-15,19784.890625,-0.004373602646590369
2007-11-16,19698.359375,-0.0032997671919060556
2007-11-19,19633.359375,-0.017957120175721375
2007-11-20,19280.80078125,-0.03517393537329172
2007-11-21,18602.619140625,-0.004101509983525764
2007-11-22,18526.3203125,0.017626210851200197
2007-11-23,18852.869140625,0.020934210009687426
2007-11-26,19247.5390625,-0.006224618812875837
2007-11-27,19127.73046875,-0.009873692460982353
2007-11-28,18938.869140625,0.0033999192096363373
2007-11-29,19003.259765625,0.01894041821977699
2007-11-30,19363.189453125,0.012406050341372321
2007-12-03,19603.41015625,-0.0037702703591311337
2007-12-04,19529.5,0.010679756906218696
2007-12-05,19738.0703125,0.0029282917331789893
2007-12-06,19795.869140625,0.008594260659455344
2007-12-07,19966.0,-0.0017690229640389132
2007-12-10,19930.6796875,0.018073188829877962
2007-12-11,20290.890625,0.004188013093930021
2007-12-12,20375.869140625,-0.01332353058175717
2007-12-13,20104.390625,-0.003658929447158954
2007-12-14,20030.830078125,-0.03841480686266341
2007-12-17,19261.349609375,-0.009433865645975148
2007-12-18,19079.640625,0.0006457308469351997
2007-12-19,19091.9609375,0.0036983825407537196
2007-12-20,19162.5703125,0.03608852136468843
2007-12-24,19854.119140625,0.017044341691925036
2007-12-26,20192.51953125,0.0011985216524141862
2007-12-27,20216.720703125,-0.00048333676457679164
2007-12-28,20206.94921875,0.0039610638280185295
2007-12-31,20286.990234375,0.00878940369246406
2008-01-02,20465.30078125,-0.005868546169135014
2008-01-03,20345.19921875,0.016794694540769095
2008-01-04,20686.890625,0.0060792009734425
2008-01-07,20812.650390625,0.0029155194730667855
2008-01-08,20873.330078125,-0.0001701109136256207
2008-01-09,20869.779296875,-0.013785446154338521
2008-01-10,20582.080078125,0.011921493828302765
2008-01-11,20827.44921875,-0.004772472925321791
2008-01-14,20728.05078125,-0.023010409542775
2008-01-15,20251.08984375,-0.01891159792904662
2008-01-16,19868.109375,-0.008419978939239181
2008-01-17,19700.8203125,-0.0348777910183784
2008-01-18,19013.69921875,-0.07407025814241253
2008-01-21,17605.349609375,-0.049724099530737864
2008-01-22,16729.939453125,0.05165176250614523
2008-01-23,17594.0703125,-0.02116224793420729
2008-01-24,17221.740234375,0.06619075112976636
2008-01-25,18361.66015625,-0.011375924485994782
2008-01-28,18152.779296875,-0.0033515442872416035
2008-01-29,18091.939453125,-0.01842250406533552
2008-01-30,17758.640625,-0.006190208463661584
2008-01-31,17648.7109375,0.033649434382380106
2008-02-01,18242.580078125,0.02289918600252827
2008-02-04,18660.3203125,0.00015218622737678267
2008-02-05,18663.16015625,-0.028059016666565517
2008-02-06,18139.490234375,-0.03376944660297976
2008-02-07,17526.9296875,-0.0035396423450163583
2008-02-08,17464.890625,-0.04775182889242968
2008-02-11,16630.91015625,-0.0013769775923173633
2008-02-12,16608.009765625,0.020540140822957964
2008-02-13,16949.140625,0.048231957741220244
2008-02-14,17766.630859375,0.019622130013527084
2008-02-15,18115.25,-0.003709538579373728
2008-02-18,18048.05078125,0.001529770463006619
2008-02-19,18075.66015625,-0.025341290050566512
2008-02-20,17617.599609375,0.006645631682008268
2008-02-21,17734.6796875,-0.02174323877254969
2008-02-22,17349.0703125,0.017378452825957513
2008-02-25,17650.5703125,0.008816663590455853
2008-02-26,17806.189453125,0.0011120167682212578
2008-02-27,17825.990234375,-8.469462874993727e-05
2008-02-28,17824.48046875,-0.013787765991601697
2008-02-29,17578.720703125,-0.051246041106384754
2008-03-03,16677.880859375,-0.020265836756323097
2008-03-04,16339.8896484375,0.01237403887282884
2008-03-05,16542.080078125,-0.03424965567807947
2008-03-07,15975.51953125,-0.00324244883467939
2008-03-10,15923.7197265625,0.012524125486196969
2008-03-11,16123.150390625,0.0002995740911657663
2008-03-12,16127.98046875,-0.047782229205212357
2008-03-13,15357.349609375,0.026252571708654804
2008-03-14,15760.51953125,-0.060342509330945426
2008-03-17,14809.490234375,0.001618538260477198
2008-03-18,14833.4599609375,0.010878791435878998
2008-03-19,14994.830078125,0.019644791635867298
2008-03-24,15289.400390625,0.0607015200098413
2008-03-25,16217.490234375,-0.008056743328449745
2008-03-26,16086.830078125,-0.004430363686716232
2008-03-27,16015.5595703125,0.022211554156958968
2008-03-28,16371.2900390625,-0.044397821285965255
2008-03-31,15644.4404296875,-0.0011390827674592208
2008-04-01,15626.6201171875,0.007921116179266052
2008-04-02,15750.400390625,0.005215703221830292
2008-04-03,15832.5498046875,-0.03091287843952306
2008-04-04,15343.1201171875,0.02698016816499904
2008-04-07,15757.080078125,-0.010754528129406138
2008-04-08,15587.6201171875,0.013016076021366896
2008-04-09,15790.509765625,-0.006042246746061464
2008-04-10,15695.099609375,0.007170393426192634
2008-04-11,15807.6396484375,0.02188944810914273
2008-04-15,16153.66015625,0.005604319551224091
2008-04-16,16244.1904296875,0.014590372483527903
2008-04-17,16481.19921875,0.015662140597228813
2008-04-21,16739.330078125,0.0026607434283290043
2008-04-22,16783.869140625,-0.005113843381753358
2008-04-23,16698.0390625,0.0013798635599520104
2008-04-24,16721.080078125,0.024214966302009477
2008-04-25,17125.98046875,-0.006424130370273007
2008-04-28,17015.9609375,0.02130352798360735
2008-04-29,17378.4609375,-0.005245020888375196
2008-04-30,17287.310546875,0.01809469396074137
2008-05-02,17600.119140625,-0.0062055687877645704
2008-05-05,17490.900390625,-0.0067401118505705515
2008-05-06,17373.009765625,-0.0019397455711259726
2008-05-07,17339.310546875,-0.014917557162999029
2008-05-08,17080.650390625,-0.020115163665757163
2008-05-09,16737.0703125,0.007398551587162627
2008-05-12,16860.900390625,-0.006407784467137523
2008-05-13,16752.859375,0.01345980583538453
2008-05-14,16978.349609375,0.022098110932868842
2008-05-15,17353.5390625,0.004690708352447892
2008-05-16,17434.939453125,-0.011744220057403165
2008-05-20,17230.1796875,0.0007533565514361573
2008-05-21,17243.16015625,-0.019488932318951657
2008-05-22,16907.109375,-0.015228431087144334
2008-05-23,16649.640625,-0.018086914413505517
2008-05-26,16348.5,-0.004459745924702552
2008-05-27,16275.58984375,0.015346866029001038
2008-05-28,16525.369140625,-0.012653839876165751
2008-05-29,16316.259765625,0.0060866000113719565
2008-05-30,16415.5703125,-0.021466852402420855
2008-06-02,16063.1796875,-0.006264022388157708
2008-06-03,15962.5595703125,-0.02805123634951201
2008-06-04,15514.7900390625,0.01643139783768577
2008-06-05,15769.7197265625,-0.012526540895318794
2008-06-06,15572.1796875,-0.0324989878283537
2008-06-09,15066.099609375,-0.011738247719068173
2008-06-10,14889.25,0.01988483721476908
2008-06-11,15185.3203125,0.004272539628886962
2008-06-12,15250.2001953125,-0.003972411991261637
2008-06-13,15189.6201171875,0.013575072564137258
2008-06-16,15395.8203125,0.019555962073716238
2008-06-17,15696.900390625,-0.017493314825167583
2008-06-18,15422.3095703125,-0.021677643962033755
2008-06-19,15087.990234375,-0.03424579332874311
2008-06-20,14571.2900390625,-0.01907653514667007
2008-06-23,14293.3203125,-0.013064860388785182
2008-06-24,14106.580078125,0.008045198322092828
2008-06-25,14220.0703125,0.014187693560323344
2008-06-26,14421.8203125,-0.04296271708505939
2008-06-27,13802.2197265625,-0.02467864763317551
2008-06-30,13461.599609375,-0.037136739791818085
2008-07-01,12961.6796875,0.05423220189320088
2008-07-02,13664.6201171875,-0.041750869086174425
2008-07-03,13094.1103515625,0.027484849201271144
2008-07-04,13454.0,0.005350842453917037
2008-07-07,13525.990234375,-0.01303711156776155
2008-07-08,13349.650390625,0.04603936110803453
2008-07-09,13964.259765625,-0.002722631338009762
2008-07-10,13926.240234375,-0.032771991385978194
2008-07-11,13469.849609375,-0.010344573086622955
2008-07-14,13330.509765625,-0.04908434466810674
2008-07-15,12676.1904296875,-0.007919621084650608
2008-07-16,12575.7998046875,0.042625503984859314
2008-07-17,13111.849609375,0.03992959016824438
2008-07-18,13635.400390625,0.01574135282342537
2008-07-21,13850.0400390625,0.018350860758031606
2008-07-22,14104.2001953125,0.05942060283599315
2008-07-23,14942.2802734375,-0.011060594821414083
2008-07-24,14777.009765625,-0.03397638249556001
2008-07-25,14274.9404296875,0.005195813057177423
2008-07-28,14349.1103515625,-0.03885748306613901
2008-07-29,13791.5400390625,0.035940143049368434
2008-07-30,14287.2099609375,0.004797300470133381
2008-07-31,14355.75,0.020963058682931912
2008-08-01,14656.6904296875,-0.005377770164289419
2008-08-04,14577.8701171875,0.02628643225876326
2008-08-05,14961.0703125,0.0075174920118201705
2008-08-06,15073.5400390625,0.002899780729956447
2008-08-07,15117.25,0.003345205807934626
2008-08-08,15167.8203125,0.022158728311016285
2008-08-11,15503.919921875,-0.018820404164420657
2008-08-12,15212.1298828125,-0.00782334666754747
2008-08-13,15093.1201171875,-0.02444427837471219
2008-08-14,14724.1796875,-0.005332693088271556
2008-08-18,14645.66015625,-0.0069597195628291475
2008-08-19,14543.73046875,0.009247971164550783
2008-08-20,14678.23046875,-0.02960166083541549
2008-08-21,14243.73046875,0.011075733704110524
2008-08-22,14401.490234375,0.0033926610513803634
2008-08-25,14450.349609375,0.0022054910814630624
2008-08-26,14482.2197265625,-0.012803954849538335
2008-08-27,14296.7900390625,-0.017378040429611885
2008-08-28,14048.33984375,0.036743874039831814
2008-08-29,14564.5302734375,-0.004532965126441968
2008-09-01,14498.509765625,0.03802808666892887
2008-09-02,15049.8603515625,-0.010017418013573032
2008-09-04,14899.099609375,-0.027872122620664852
2008-09-05,14483.830078125,0.0318382393296619
2008-09-08,14944.9697265625,-0.0029581833718219652
2008-09-09,14900.759765625,-0.01598236719525492
2008-09-10,14662.6103515625,-0.023073675449879705
2008-09-11,14324.2900390625,-0.022582652813358695
2008-09-12,14000.8095703125,-0.03353663491417802
2008-09-15,13531.26953125,-0.0009215489007665667
2008-09-16,13518.7998046875,-0.018929151830014534
2008-09-17,13262.900390625,0.003973430938774891
2008-09-18,13315.599609375,0.05457664126618411
2008-09-19,14042.3203125,-0.003372687028107557
2008-09-22,13994.9599609375,-0.030343094357559997
2008-09-23,13570.3095703125,0.009005687033467158
2008-09-24,13692.51953125,-0.01061454346793489
2008-09-25,13547.1796875,-0.03284816546802005
2008-09-26,13102.1796875,-0.038652323474326455
2008-09-29,12595.75,0.02101341226207243
2008-09-30,12860.4296875,0.015181470535527097
2008-10-01,13055.669921875,-0.040545572348460346
2008-10-03,12526.3203125,-0.057847803593558345
2008-10-06,11801.7001953125,-0.00902073084179722
2008-10-07,11695.240234375,-0.03137001681540119
2008-10-08,11328.3603515625,-0.07066430775015797
2008-10-10,10527.849609375,0.07420700934778823
2008-10-13,11309.08984375,0.01541331347467656
2008-10-14,11483.400390625,-0.05871782316220375
2008-10-15,10809.1201171875,-0.02105905756848303
2008-10-16,10581.490234375,-0.057283105836160364
2008-10-17,9975.349609375,0.024835243282317565
2008-10-20,10223.08984375,0.045025507133629405
2008-10-21,10683.3896484375,-0.04806426375055972
2008-10-22,10169.900390625,-0.03915477831814129
2008-10-23,9771.7001953125,-0.109564340024071
2008-10-24,8701.0703125,-0.022010021216858244
2008-10-27,8509.5595703125,0.06286461607000127
2008-10-29,9044.509765625,0.08221007262477298
2008-10-31,9788.0595703125,0.05615210177658869
2008-11-03,10337.6796875,0.028385521563636607
2008-11-04,10631.1201171875,-0.04807681090313143
2008-11-05,10120.009765625,-0.0381215085753106
2008-11-06,9734.2197265625,0.023635208466908697
2008-11-07,9964.2900390625,0.05739195817721354
2008-11-10,10536.16015625,-0.0661028037002036
2008-11-11,9839.6904296875,-0.030830273953256326
2008-11-12,9536.330078125,-0.015824762252741875
2008-11-14,9385.419921875,-0.010059236244715497
2008-11-17,9291.009765625,-0.03808085226877378
2008-11-18,8937.2001953125,-0.01828535987822144
2008-11-19,8773.7802734375,-0.03678807740258594
2008-11-20,8451.009765625,0.054928370477178134
2008-11-21,8915.2099609375,-0.001356091870294951
2008-11-24,8903.1201171875,-0.023316527354185324
2008-11-25,8695.5302734375,0.038087321038567934
2008-11-26,9026.7197265625,0.0073116261498387125
2008-11-28,9092.7197265625,-0.027807918530288855
2008-12-01,8839.8701171875,-0.011383638161927667
2008-12-02,8739.240234375,0.0009370898276475081
2008-12-03,8747.4296875,0.05513851836834216
2008-12-04,9229.75,-0.02866272701725403
2008-12-05,8965.2001953125,0.02202069307701815
2008-12-08,9162.6201171875,0.0537270199071187
2008-12-10,9654.900390625,-0.0009777863370467044
2008-12-11,9645.4599609375,0.004625010289106335
2008-12-12,9690.0703125,0.014687131398201547
2008-12-15,9832.3896484375,0.0147055624809862
2008-12-16,9976.98046875,-0.026229421868386837
2008-12-17,9715.2900390625,0.03717229717130999
2008-12-18,10076.4296875,0.002330236946835207
2008-12-19,10099.91015625,-0.016986343860577402
2008-12-22,9928.349609375,-0.024334317271308192
2008-12-23,9686.75,-0.012184713493947896
2008-12-24,9568.7197265625,-0.02506080348678441
2008-12-26,9328.919921875,0.021931757490515347
2008-12-29,9533.51953125,0.01915773334300308
2008-12-30,9716.16015625,-0.007086192984706141
2008-12-31,9647.3095703125,0.03222765414377893
2009-01-02,9958.2197265625,0.03187114680407399
2009-01-05,10275.599609375,0.005871197829658392
2009-01-06,10335.9296875,-0.07247048183709892
2009-01-07,9586.8798828125,-0.018818443378376126
2009-01-09,9406.4697265625,-0.03151234527847924
2009-01-12,9110.0498046875,-0.004246898091061269
2009-01-13,9071.3603515625,0.03297519569498486
2009-01-14,9370.490234375,-0.034549953300452185
2009-01-15,9046.740234375,0.030602139798714623
2009-01-16,9323.58984375,0.0006414341310829741
2009-01-19,9329.5703125,-0.024547808756599676
2009-01-20,9100.5498046875,-0.035314337013678476
2009-01-21,8779.169921875,0.003949111611180056
2009-01-22,8813.83984375,-0.015826272867201507
2009-01-23,8674.349609375,0.03801212581905111
2009-01-27,9004.080078125,0.02814164759075144
2009-01-28,9257.4697265625,-0.0022889033127703184
2009-01-29,9236.2802734375,0.02035017944161477
2009-01-30,9424.240234375,-0.03793834093472803
2009-02-02,9066.7001953125,0.0091102173443105
2009-02-03,9149.2998046875,0.005743587576021669
2009-02-04,9201.849609375,-0.01205950230369357
2009-02-05,9090.8798828125,0.02309792577360925
2009-02-06,9300.8603515625,0.030430442580234196
2009-02-09,9583.8896484375,0.00663405782592319
2009-02-10,9647.4697265625,-0.0029986813454669914
2009-02-11,9618.5400390625,-0.015876625799478905
2009-02-12,9465.830078125,0.017844199067162725
2009-02-13,9634.740234375,-0.034177365559649786
2009-02-16,9305.4501953125,-0.02906363363792286
2009-02-17,9035.0,-0.0021937257885998873
2009-02-18,9015.1796875,0.003044886099226707
2009-02-19,9042.6298828125,-0.02205331020503687
2009-02-20,8843.2099609375,-0.0023917096527648063
2009-02-24,8822.0595703125,0.00912485336994262
2009-02-25,8902.5595703125,0.005874802728016437
2009-02-26,8954.8603515625,-0.007063203390878514
2009-02-27,8891.6103515625,-0.031999858539404014
2009-03-02,8607.080078125,-0.02088862162668137
2009-03-03,8427.2900390625,0.002278335648055574
2009-03-04,8446.490234375,-0.029428828495933645
2009-03-05,8197.919921875,0.015601566231906672
2009-03-06,8325.8203125,-0.019868361788675126
2009-03-09,8160.39990234375,0.022468273595708244
2009-03-12,8343.75,0.04948139044943822
2009-03-13,8756.6103515625,0.021347265665034865
2009-03-16,8943.5400390625,-0.008913665753640054
2009-03-17,8863.8203125,0.012732588322085236
2009-03-18,8976.6796875,0.00279282689956184
2009-03-19,9001.75,-0.003895943844252514
2009-03-20,8966.6796875,0.05100436947553222
2009-03-23,9424.01953125,0.00498943233899074
2009-03-24,9471.0400390625,0.020785505155776596
2009-03-25,9667.900390625,0.03467135626211504
2009-03-26,10003.099609375,0.004537656003891
2009-03-27,10048.490234375,-0.047803259468199855
2009-03-30,9568.1396484375,0.014669555077555962
2009-03-31,9708.5,0.019929982425194392
2009-04-01,9901.990234375,0.04512626584893864
2009-04-02,10348.830078125,0.017976915038516728
2009-04-06,10534.8701171875,0.01969361978407469
2009-04-08,10742.33984375,0.005726918781879142
2009-04-09,10803.8603515625,0.015120463397731099
2009-04-13,10967.2197265625,0.028950887289920235
2009-04-15,11284.73046875,-0.029892612770782923
2009-04-16,10947.400390625,0.0069139202389836285
2009-04-17,11023.08984375,-0.0039544124531213365
2009-04-20,10979.5,-0.007412873850129786
2009-04-21,10898.1103515625,-0.007393053465314603
2009-04-22,10817.5400390625,0.029345876619469635
2009-04-23,11134.990234375,0.017427906646331426
2009-04-24,11329.0498046875,0.003777881236764591
2009-04-27,11371.849609375,-0.03254524304207196
2009-04-28,11001.75,0.03649419410548327
2009-04-29,11403.25,0.06414837875167168
2009-05-04,12134.75,-0.00030243077731306744
2009-05-05,12131.080078125,-0.014700263865751628
2009-05-06,11952.75,0.013736623763359823
2009-05-07,12116.9404296875,-0.019849131353178007
2009-05-08,11876.4296875,-0.016287677207283635
2009-05-11,11682.990234375,0.04066082651210179
2009-05-12,12158.0302734375,-0.011381768238793444
2009-05-13,12019.650390625,-0.012208361275586999
2009-05-14,11872.91015625,0.025310539848295566
2009-05-15,12173.419921875,0.17339334818061447
2009-05-18,14284.2099609375,0.001247553245768085
2009-05-19,14302.0302734375,-0.016876633077457903
2009-05-20,14060.66015625,-0.02305155757878319
2009-05-21,13736.5400390625,0.010964213050317584
2009-05-22,13887.150390625,0.001877227163543882
2009-05-25,13913.2197265625,-0.023286432916311495
2009-05-26,13589.23046875,0.03829570635984436
2009-05-27,14109.6396484375,0.013208708502214561
2009-05-28,14296.009765625,0.023030218905324418
2009-05-29,14625.25,0.01472657785764353
2009-06-01,14840.6298828125,0.002309893428256826
2009-06-02,14874.91015625,-0.0002695657037844468
2009-06-03,14870.900390625,0.009265027217979283
2009-06-04,15008.6796875,0.006321016849104577
2009-06-05,15103.5498046875,-0.02897529974553914
2009-06-08,14665.919921875,0.03143887874617901
2009-06-09,15127.0,0.022463778033483095
2009-06-10,15466.8095703125,-0.0035779740804606774
2009-06-11,15411.4697265625,-0.01125975004031654
2009-06-12,15237.9404296875,-0.023784113089942882
2009-06-15,14875.51953125,0.0055386720999501815
2009-06-16,14957.91015625,-0.02908630336425777
2009-06-17,14522.83984375,-0.01771757955612485
2009-06-18,14265.5302734375,0.017970546491169914
2009-06-19,14521.8896484375,-0.013474136397672809
2009-06-22,14326.2197265625,-0.00015425988011352754
2009-06-23,14324.009765625,0.006891974017073865
2009-06-24,14422.73046875,-0.005346446134424809
2009-06-25,14345.6201171875,0.029208882420354465
2009-06-26,14764.6396484375,0.0014291297613708842
2009-06-29,14785.740234375,-0.019742020757700596
2009-06-30,14493.83984375,0.01046167781948304
2009-07-01,14645.4697265625,0.0008890467875457553
2009-07-02,14658.490234375,0.017366015615683406
2009-07-03,14913.0498046875,-0.05831465900349575
2009-07-06,14043.400390625,0.009046940281807858
2009-07-07,14170.4501953125,-0.02831948167887055
2009-07-08,13769.150390625,-0.0008490305760230354
2009-07-09,13757.4599609375,-0.018407484746024494
2009-07-10,13504.2197265625,-0.007693848009458271
2009-07-13,13400.3203125,0.033833510859407
2009-07-14,13853.7001953125,0.028839951307571
2009-07-15,14253.240234375,-0.00020979330494885762
2009-07-16,14250.25,0.03471306972684696
2009-07-17,14744.919921875,0.030253799011020543
2009-07-20,15191.009765625,-0.008460236233987617
2009-07-21,15062.490234375,-0.014564000625000406
2009-07-22,14843.1201171875,0.02613466163531286
2009-07-23,15231.0400390625,0.00971174138441211
2009-07-24,15378.9599609375,-0.00025488861957878584
2009-07-27,15375.0400390625,-0.0028032193259659444
2009-07-28,15331.9404296875,-0.010336621739224339
2009-07-29,15173.4599609375,0.014136525258722
2009-07-30,15387.9599609375,0.018348735640835168
2009-07-31,15670.3095703125,0.0162039490858914
2009-08-03,15924.23046875,-0.005855855966352408
2009-08-04,15830.98046875,0.004601711783979834
2009-08-05,15903.830078125,-0.024509806931580114
2009-08-06,15514.0302734375,-0.02280452163795532
2009-08-07,15160.240234375,-0.009925350838690283
2009-08-10,15009.76953125,0.004318541491596273
2009-08-11,15074.58984375,-0.0036106911076301262
2009-08-12,15020.16015625,0.0331774144177579
2009-08-13,15518.490234375,-0.006886001791965191
2009-08-14,15411.6298828125,-0.04066474251606733
2009-08-17,14784.919921875,0.01693210684080948
2009-08-18,15035.259765625,-0.015006067118529809
2009-08-19,14809.6396484375,0.01368572557293013
2009-08-20,15012.3203125,0.015221482147215637
2009-08-21,15240.830078125,0.025452676782465877
2009-08-24,15628.75,0.003821145425098038
2009-08-25,15688.4697265625,0.005187241600416614
2009-08-26,15769.849609375,0.0007115288606385217
2009-08-27,15781.0703125,0.008951834600096964
2009-08-28,15922.33984375,-0.016059209753199077
2009-08-31,15666.6396484375,-0.007369111777681958
2009-09-01,15551.1904296875,-0.005384183875091431
2009-09-02,15467.4599609375,-0.004469375255347963
2009-09-03,15398.330078125,0.018884517839736326
2009-09-04,15689.1201171875,0.020855229156799604
2009-09-07,16016.3203125,0.0067025138908602955
2009-09-08,16123.669921875,0.0037137874381354408
2009-09-09,16183.5498046875,0.0020582966825579696
2009-09-10,16216.8603515625,0.0029253167442135908
2009-09-11,16264.2998046875,-0.0030809426536492213
2009-09-14,16214.1904296875,0.014817809751549227
2009-09-15,16454.44921875,0.01352763868245166
2009-09-16,16677.0390625,0.002042947334494727
2009-09-17,16711.109375,0.0018066667851008855
2009-09-18,16741.30078125,0.008668914569203823
2009-09-22,16886.4296875,-0.009885434078677258
2009-09-23,16719.5,0.0037040394449594505
2009-09-24,16781.4296875,-0.005269496648778849
2009-09-25,16693.0,0.009579473806385908
2009-09-29,16852.91015625,0.01625414750095322
2009-09-30,17126.83984375,0.0004502253521576627
2009-10-01,17134.55078125,-0.01564911904742905
2009-10-05,16866.41015625,0.0054622711885055075
2009-10-06,16958.5390625,-0.00895589565175725
2009-10-07,16806.66015625,0.0021943030862252577
2009-10-08,16843.5390625,-0.011926169761866223
2009-10-09,16642.66015625,0.02307382125331614
2009-10-12,17026.669921875,0.01200701335393517
2009-10-14,17231.109375,-0.0020840304282497835
2009-10-15,17195.19921875,0.007421902597722685
2009-10-16,17322.8203125,-0.005761795427906002
2009-10-20,17223.009765625,-0.01241593929632423
2009-10-21,17009.169921875,-0.012900669962606304
2009-10-22,16789.740234375,0.0012549516672604177
2009-10-23,16810.810546875,-0.004182460249548825
2009-10-26,16740.5,-0.023123539283474215
2009-10-27,16353.400390625,-0.004274961450223991
2009-10-28,16283.490234375,-0.014172054301069603
2009-10-29,16052.7197265625,-0.009745355041995696
2009-10-30,15896.2802734375,-0.030909107998745022
2009-11-03,15404.9404296875,0.03292381787777465
2009-11-04,15912.1298828125,0.009538038523456027
2009-11-05,16063.900390625,0.0058752781402691134
2009-11-06,16158.2802734375,0.021069100419501163
2009-11-09,16498.720703125,-0.0035251312690555148
2009-11-10,16440.560546875,0.024879873246034245
2009-11-11,16849.599609375,-0.009114181705217161
2009-11-12,16696.029296875,0.009151923402446416
2009-11-13,16848.830078125,0.010901628578857459
2009-11-16,17032.509765625,0.0010650588345242351
2009-11-17,17050.650390625,-0.003042176841448807
2009-11-18,16998.779296875,-0.01253789478219658
2009-11-19,16785.650390625,0.014071496382524362
2009-11-20,17021.849609375,0.00930157895636663
2009-11-23,17180.1796875,-0.002857921760313409
2009-11-24,17131.080078125,0.003961754910693838
2009-11-25,17198.94921875,-0.020002357520478964
2009-11-26,16854.9296875,-0.013225799573659547
2009-11-27,16632.009765625,0.017689439920127725
2009-11-30,16926.220703125,0.01607262677809551
2009-12-01,17198.26953125,-0.001648966772410998
2009-12-02,17169.91015625,0.0009184399397839105
2009-12-03,17185.6796875,-0.004895973073511861
2009-12-04,17101.5390625,-0.006923262115023476
2009-12-07,16983.140625,0.01439893055705066
2009-12-08,17227.6796875,-0.005947346725359792
2009-12-09,17125.220703125,0.0037424243962185244
2009-12-10,17189.310546875,-0.0040886602059078125
2009-12-11,17119.029296875,-0.001254657332055653
2009-12-14,17097.55078125,-0.012890186894001898
2009-12-15,16877.16015625,0.0021099150965164792
2009-12-16,16912.76953125,-0.0010950028743537121
2009-12-17,16894.25,-0.010324218114151296
2009-12-18,16719.830078125,-0.007095219199040104
2009-12-21,16601.19921875,0.005469531450923437
2009-12-22,16692.0,0.032297470345075574
2009-12-23,17231.109375,0.007515476640632679
2009-12-24,17360.609375,0.002358855670928861
2009-12-29,17401.560546875,-0.0033181066847116636
2009-12-30,17343.8203125,0.00697598523249221
2009-12-31,17464.810546875,0.005377666229067879
2010-01-04,17558.73046875,0.007261901186531361
2010-01-05,17686.240234375,0.0008419327569155755
2010-01-06,17701.130859375,-0.004825124277569204
2010-01-07,17615.720703125,-0.004282063839239791
2010-01-08,17540.2890625,-0.0007741106746654847
2010-01-11,17526.7109375,-0.005945278166940682
2010-01-12,17422.509765625,0.005010243460860542
2010-01-13,17509.80078125,0.004287219501399875
2010-01-14,17584.869140625,-0.0017383330595495128
2010-01-15,17554.30078125,0.004943477838074362
2010-01-18,17641.080078125,-0.008787417242225759
2010-01-19,17486.060546875,-0.000661687775184272
2010-01-20,17474.490234375,-0.024226721563654352
2010-01-21,17051.140625,-0.011228629316403893
2010-01-22,16859.6796875,-0.004698710264272377
2010-01-25,16780.4609375,-0.02923880499036502
2010-01-27,16289.8203125,0.0010466539446365442
2010-01-28,16306.8701171875,0.003133025735953421
2010-01-29,16357.9599609375,-0.00011796626869164939
2010-02-01,16356.0302734375,-0.011774852487450471
2010-02-02,16163.4404296875,0.02057794273498814
2010-02-03,16496.05078125,-0.016434272028650776
2010-02-04,16224.9501953125,-0.02675019045284288
2010-02-05,15790.9296875,0.009162263839159968
2010-02-08,15935.6103515625,0.006687496342244081
2010-02-09,16042.1796875,-0.0074808890040367615
2010-02-10,15922.169921875,0.014471640674958097
2010-02-11,16152.58984375,-0.007072564553429972
2010-02-15,16038.349609375,0.011742484900997274
2010-02-16,16226.6796875,0.012462837292942064
2010-02-17,16428.91015625,-0.006151979135484487
2010-02-18,16327.83984375,-0.00834219114352952
2010-02-19,16191.6298828125,0.0028051482280491147
2010-02-22,16237.0498046875,0.003034449509311532
2010-02-23,16286.3203125,-0.0018635631226168181
2010-02-24,16255.9697265625,-0.00010885424122741849
2010-02-25,16254.2001953125,0.010788016871360329
2010-02-26,16429.55078125,0.02087761072667038
2010-03-02,16772.560546875,0.013560792826732504
2010-03-03,17000.009765625,-0.0016653253301209814
2010-03-04,16971.69921875,0.0013428835457924837
2010-03-05,16994.490234375,0.0063614367662130356
2010-03-08,17102.599609375,-0.002927072376035622
2010-03-09,17052.5390625,0.002685290176270394
2010-03-10,17098.330078125,0.0040723777735514055
2010-03-11,17167.9609375,-7.815703215341419e-05
2010-03-12,17166.619140625,-9.488800541657127e-05
2010-03-15,17164.990234375,0.012711306569114678
2010-03-16,17383.1796875,0.006149645378277446
2010-03-17,17490.080078125,0.001668356426594908
2010-03-18,17519.259765625,0.0033660499309855485
2010-03-19,17578.23046875,-0.009537942772343322
2010-03-22,17410.5703125,0.0023232563910304815
2010-03-23,17451.01953125,0.0061790130904333385
2010-03-25,17558.849609375,0.0048926984489992
2010-03-26,17644.759765625,0.00377391614476541
2010-03-29,17711.349609375,-0.006841922844538995
2010-03-30,17590.169921875,-0.0035474580917720377
2010-03-31,17527.76953125,0.009405053454239587
2010-04-01,17692.619140625,0.013737962985756802
2010-04-05,17935.6796875,0.0003172142469161088
2010-04-06,17941.369140625,0.0015968898694651568
2010-04-07,17970.01953125,-0.014224755859640337
2010-04-08,17714.400390625,0.012348159099461409
2010-04-09,17933.140625,-0.004468856107015529
2010-04-12,17853.0,-0.001738590853077926
2010-04-13,17821.9609375,-0.010251462929119715
2010-04-15,17639.259765625,-0.0027257423930394653
2010-04-16,17591.1796875,-0.010829290780047351
2010-04-19,17400.6796875,0.0034424167159419206
2010-04-20,17460.580078125,0.0006861437991403374
2010-04-21,17472.560546875,0.00580508433368343
2010-04-22,17573.990234375,0.0068401645142530665
2010-04-23,17694.19921875,0.002886826213128302
2010-04-26,17745.279296875,-0.0030802646346415052
2010-04-27,17690.619140625,-0.0175538832209029
2010-04-28,17380.080078125,0.007099542950627757
2010-04-29,17503.470703125,0.00315595891305942
2010-04-30,17558.7109375,-0.009831636273840205
2010-05-03,17386.080078125,-0.014318319713608862
2010-05-04,17137.140625,-0.0028697720685244565
2010-05-05,17087.9609375,-0.0058773332284837165
2010-05-06,16987.529296875,-0.01285766270408617
2010-05-07,16769.109375,0.033480693201692446
2010-05-10,17330.55078125,-0.01090683653167579
2010-05-11,17141.529296875,0.003166651531488318
2010-05-12,17195.810546875,0.004074166411581759
2010-05-13,17265.869140625,-0.01571131629926048
2010-05-14,16994.599609375,-0.009358211794072924
2010-05-17,16835.560546875,0.002387756477610248
2010-05-18,16875.759765625,-0.027688799659367214
2010-05-19,16408.490234375,0.006776336612131617
2010-05-20,16519.6796875,-0.004483762028149152
2010-05-21,16445.609375,0.0014557931970824445
2010-05-24,16469.55078125,-0.027145264521056256
2010-05-25,16022.48046875,0.022802922163805528
2010-05-26,16387.83984375,0.016998002758810138
2010-05-27,16666.400390625,0.011799797895208464
2010-05-28,16863.060546875,0.004837218740527893
2010-05-31,16944.630859375,-0.021989358493097466
2010-06-01,16572.029296875,0.010246816719484242
2010-06-02,16741.83984375,0.01675384766505883
2010-06-03,17022.330078125,0.005602016560737777
2010-06-04,17117.689453125,-0.019664987003461865
2010-06-07,16781.0703125,-0.009771170734137247
2010-06-08,16617.099609375,0.0024547614556025277
2010-06-09,16657.890625,0.015859718320428096
2010-06-10,16922.080078125,0.008442764717186524
2010-06-11,17064.94921875,0.016010636751546903
2010-06-14,17338.169921875,0.004306115154391499
2010-06-15,17412.830078125,0.0028736892438214756
2010-06-16,17462.869140625,0.008808421529206578
2010-06-17,17616.689453125,-0.0026037321454209783
2010-06-18,17570.8203125,0.017399897290651944
2010-06-21,17876.55078125,-0.00709652156489049
2010-06-22,17749.689453125,0.0003521188365862571
2010-06-23,17755.939453125,-0.00144735899882098
2010-06-24,17730.240234375,-0.008782223784994825
2010-06-25,17574.529296875,0.011364769171116063
2010-06-28,17774.259765625,-0.013512232016518744
2010-06-29,17534.08984375,0.009513499038814377
2010-06-30,17700.900390625,-0.01082263095505931
2010-07-01,17509.330078125,-0.002763147371094621
2010-07-02,17460.94921875,-0.0011173370577156616
2010-07-05,17441.439453125,0.00992125770869201
2010-07-06,17614.48046875,-0.00814393431185767
2010-07-07,17471.029296875,0.01034290360370016
2010-07-08,17651.73046875,0.010299760359012256
2010-07-09,17833.5390625,0.005812651986053297
2010-07-12,17937.19921875,0.0027150934368891377
2010-07-13,17985.900390625,-0.002654314398398694
2010-07-14,17938.16015625,-0.001599897564745545
2010-07-15,17909.4609375,0.0025885410600454684
2010-07-16,17955.8203125,-0.0015259893532084678
2010-07-19,17928.419921875,-0.002804446632447055
2010-07-20,17878.140625,0.005542513946413363
2010-07-21,17977.23046875,0.007560670822531312
2010-07-22,18113.150390625,0.000984372002687639
2010-07-23,18130.98046875,-0.006118239865251396
2010-07-26,18020.05078125,0.003194141595310507
2010-07-27,18077.609375,-0.006651334912750273
2010-07-28,17957.369140625,0.0019285040644765328
2010-07-29,17992.0,-0.006875885810360138
2010-07-30,17868.2890625,0.011916187064986428
2010-08-02,18081.2109375,0.0018593412101217677
2010-08-03,18114.830078125,0.005664385178192122
2010-08-04,18217.439453125,-0.0024487181700141303
2010-08-05,18172.830078125,-0.0015869759209774514
2010-08-06,18143.990234375,0.007909493103292808
2010-08-09,18287.5,-0.003691579801777145
2010-08-10,18219.990234375,-0.008221781643295123
2010-08-11,18070.189453125,0.00020536240140844875
2010-08-12,18073.900390625,0.0051526734261690965
2010-08-13,18167.029296875,-0.006398954837376514
2010-08-16,18050.779296875,-0.00010690327925810816
2010-08-17,18048.849609375,0.011539213620674227
2010-08-18,18257.119140625,0.010835242459464434
2010-08-19,18454.939453125,-0.0028783156270938415
2010-08-20,18401.8203125,0.00040916043886629616
2010-08-23,18409.349609375,-0.005310332396274098
2010-08-24,18311.58984375,-0.007205776225652882
2010-08-25,18179.640625,0.0025693018546675273
2010-08-26,18226.349609375,-0.012506039772646305
2010-08-27,17998.41015625,0.0018723441935952767
2010-08-30,18032.109375,-0.003382312801382903
2010-08-31,17971.119140625,0.01306262554730564
2010-09-01,18205.869140625,0.0017819202148174895
2010-09-02,18238.310546875,-0.0009255714410396632
2010-09-03,18221.4296875,0.018583673156135294
2010-09-06,18560.05078125,0.004580255012603729
2010-09-07,18645.060546875,0.0011611863941427547
2010-09-08,18666.7109375,0.007122262684365888
2010-09-09,18799.66015625,0.021738154758033534
2010-09-13,19208.330078125,0.007217226006173139
2010-09-14,19346.9609375,0.008019266591854146
2010-09-15,19502.109375,-0.004338973748833297
2010-09-16,19417.490234375,0.009128871109779002
2010-09-17,19594.75,0.015889440251853237
2010-09-20,19906.099609375,0.004795071548323149
2010-09-21,20001.55078125,-0.002991271965826048
2010-09-22,19941.720703125,-0.004047340683462242
2010-09-23,19861.009765625,0.009272938488442684
2010-09-24,20045.1796875,0.0036019219084388876
2010-09-27,20117.380859375,-0.0006224212019709796
2010-09-28,20104.859375,-0.007387245465376502
2010-09-29,19956.33984375,0.005651301679467036
2010-09-30,20069.119140625,0.018731261658317733
2010-10-01,20445.0390625,0.0015011664275219605
2010-10-04,20475.73046875,-0.0033219587136982254
2010-10-05,20407.7109375,0.006633234910058183
2010-10-06,20543.080078125,-0.011086933641831331
2010-10-07,20315.3203125,-0.0032025361094094595
2010-10-08,20250.259765625,0.0044261584993170455
2010-10-11,20339.890625,-0.006713447174694465
2010-10-12,20203.33984375,0.023983213635585754
2010-10-13,20687.880859375,-0.009195733273415052
2010-10-14,20497.640625,-0.018177206370550314
2010-10-15,20125.05078125,0.0021783718325245616
2010-10-18,20168.890625,-0.009210212355197367
2010-10-19,19983.130859375,-0.0055537077513523325
2010-10-20,19872.150390625,0.019546434576262373
2010-10-21,20260.580078125,-0.004675122960929867
2010-10-22,20165.859375,0.006806541842454994
2010-10-25,20303.119140625,-0.004025416738133947
2010-10-26,20221.390625,-0.010682820404444904
2010-10-27,20005.369140625,-0.003215640644908868
2010-10-28,19941.0390625,0.0045785368036159735
2010-10-29,20032.33984375,0.016138455025555443
2010-11-01,20355.630859375,-0.0004883860548797747
2010-11-02,20345.689453125,0.005900551147533628
2010-11-03,20465.740234375,0.02090469600539535
2010-11-04,20893.5703125,-0.001971393711507341
2010-11-08,20852.380859375,0.003841269249548862
2010-11-09,20932.48046875,-0.0027120307760348794
2010-11-10,20875.7109375,-0.0137298841993031
2010-11-11,20589.08984375,-0.020991662187592852
2010-11-12,20156.890625,0.007580476124402269
2010-11-15,20309.689453125,-0.021888509381249976
2010-11-16,19865.140625,0.0032972331400247246
2010-11-18,19930.640625,-0.017320124243372148
2010-11-19,19585.439453125,0.01900138066933299
2010-11-22,19957.58984375,-0.01331573612247694
2010-11-23,19691.83984375,-0.011781033982389943
2010-11-24,19459.849609375,-0.0072811175815428175
2010-11-25,19318.16015625,-0.00939793333224137
2010-11-26,19136.609375,0.014030188374213992
2010-11-29,19405.099609375,0.005985560134351697
2010-11-30,19521.25,0.016840622398668126
2010-12-01,19850.0,0.007188877518891745
2010-12-02,19992.69921875,-0.0012889470785331092
2010-12-03,19966.9296875,0.0007202338867353664
2010-12-06,19981.310546875,-0.0023356787216491925
2010-12-07,19934.640625,-0.011947050399861436
2010-12-08,19696.48046875,-0.023055951263501018
2010-12-09,19242.359375,0.013851277008487983
2010-12-10,19508.890625,0.009374632078803735
2010-12-13,19691.779296875,0.005454568357215139
2010-12-14,19799.189453125,-0.007647783876884917
2010-12-15,19647.76953125,0.011048586343591404
2010-12-16,19864.849609375,0.001209737323591753
2010-12-20,19888.880859375,0.008619864251647291
2010-12-21,20060.3203125,-0.0022192831697835924
2010-12-22,20015.80078125,-0.0016446967190959505
2010-12-23,19982.880859375,0.004542853331000574
2010-12-24,20073.66015625,-0.0022283165303101926
2010-12-27,20028.9296875,-0.00017523480683989678
2010-12-28,20025.419921875,0.011515832172292795
2010-12-29,20256.029296875,0.006567971129737948
2010-12-30,20389.0703125,0.005886464140369307
2010-12-31,20509.08984375,0.0025335564813391276
2011-01-03,20561.05078125,-0.0030314636536883377
2011-01-04,20498.720703125,-0.009640654976087015
2011-01-05,20301.099609375,-0.00573167844298772
2011-01-06,20184.740234375,-0.024420908160142196
2011-01-07,19691.810546875,-0.02375055382219393
2011-01-10,19224.119140625,-0.0014450231332729935
2011-01-11,19196.33984375,0.01759500865134811
2011-01-12,19534.099609375,-0.01798287629834805
2011-01-13,19182.8203125,-0.016805707092242828
2011-01-14,18860.439453125,0.0011564177456844238
2011-01-17,18882.25,0.011111005375418648
2011-01-18,19092.05078125,-0.00595695402516383
2011-01-19,18978.3203125,0.00359456205168307
2011-01-20,19046.5390625,-0.002048128822616624
2011-01-21,19007.529296875,0.007562792499477222
2011-01-24,19151.279296875,-0.009494408979491498
2011-01-25,18969.44921875,-0.01502518749823678
2011-01-27,18684.4296875,-0.015438468778524284
2011-01-28,18395.970703125,-0.0037079281436566136
2011-01-31,18327.759765625,-0.016670835192474476
2011-02-01,18022.220703125,0.003795228048014021
2011-02-02,18090.619140625,0.019827480942568032
2011-02-03,18449.310546875,-0.023912013141581867
2011-02-04,18008.150390625,0.0016125510877074145
2011-02-07,18037.189453125,-0.014497282686671387
2011-02-08,17775.69921875,-0.010290998134523055
2011-02-09,17592.76953125,-0.007374078795243655
2011-02-10,17463.0390625,0.015207565621855768
2011-02-11,17728.609375,0.026713310318508876
2011-02-14,18202.19921875,0.003933676455218915
2011-02-15,18273.80078125,0.0014829760759351718
2011-02-16,18300.900390625,0.011251901134901932
2011-02-17,18506.8203125,-0.01595632184587359
2011-02-18,18211.51953125,0.012453162693856434
2011-02-21,18438.310546875,-0.0077095127703602495
2011-02-22,18296.16015625,-0.006440153404797866
2011-02-23,18178.330078125,-0.030031357089941757
2011-02-24,17632.41015625,0.003884891480687269
2011-02-25,17700.91015625,0.006919996389663119
2011-02-28,17823.400390625,0.03495963709050409
2011-03-01,18446.5,0.0023451476228553148
2011-03-03,18489.759765625,-0.00017904758725717507
2011-03-04,18486.44921875,-0.014268791900148181
2011-03-07,18222.669921875,0.011907172202550331
2011-03-08,18439.650390625,0.0016431346301666316
2011-03-09,18469.94921875,-0.007686472134740829
2011-03-10,18327.98046875,-0.008396485650036034
2011-03-11,18174.08984375,0.014602691374460575
2011-03-14,18439.48046875,-0.014742272387266886
2011-03-15,18167.640625,0.01051588547288329
2011-03-16,18358.689453125,-0.011374467280639955
2011-03-17,18149.869140625,-0.014934465458116608
2011-03-18,17878.810546875,-0.002223848478105195
2011-03-21,17839.05078125,0.008366476548005153
2011-03-22,17988.30078125,0.012111170346177591
2011-03-23,18206.16015625,0.007941272453069415
2011-03-24,18350.740234375,0.02533414917803367
2011-03-25,18815.640625,0.006776277382264162
2011-03-28,18943.140625,0.009378600928271474
2011-03-29,19120.80078125,0.008858358401814037
2011-03-30,19290.1796875,0.00803730282126236
2011-03-31,19445.220703125,-0.0012769244692095727
2011-04-01,19420.390625,0.014486827231365185
2011-04-04,19701.73046875,-0.0007567942457465948
2011-04-05,19686.8203125,-0.0037904086371235435
2011-04-06,19612.19921875,-0.001071757991827127
2011-04-07,19591.1796875,-0.007132315204027906
2011-04-08,19451.44921875,-0.009711880802583228
2011-04-11,19262.5390625,0.022547407228651783
2011-04-13,19696.859375,-0.01574053287365773
2011-04-15,19386.8203125,-0.015250071226707296
2011-04-18,19091.169921875,0.0016059862426172078
2011-04-19,19121.830078125,0.01825925600209266
2011-04-20,19470.98046875,0.006740800762994548
2011-04-21,19602.23046875,-0.0009141776954193492
2011-04-25,19584.310546875,-0.001989395409491057
2011-04-26,19545.349609375,-0.004945429894159359
2011-04-27,19448.689453125,-0.008055551622262458
2011-04-28,19292.01953125,-0.00808928238421125
2011-04-29,19135.9609375,-0.007208491211940227
2011-05-02,18998.01953125,-0.0243883357085124
2011-05-03,18534.689453125,-0.0035247463028836856
2011-05-04,18469.359375,-0.01401127627768628
2011-05-05,18210.580078125,0.01692590062632071
2011-05-06,18518.810546875,0.0005481124502735302
2011-05-09,18528.9609375,-0.0008738431855199735
2011-05-10,18512.76953125,0.0038995465334421553
2011-05-11,18584.9609375,-0.013407177762597922
2011-05-12,18335.7890625,0.010661675573854223
2011-05-13,18531.279296875,-0.01005057432982559
2011-05-16,18345.029296875,-0.011320760743368075
2011-05-17,18137.349609375,-0.0028201689732308965
2011-05-18,18086.19921875,0.003052115660529209
2011-05-19,18141.400390625,0.010180551068176724
2011-05-20,18326.08984375,-0.01815770677008255
2011-05-23,17993.330078125,0.001035974159261599
2011-05-24,18011.970703125,-0.00914561052008711
2011-05-25,17847.240234375,0.011060555471472444
2011-05-26,18044.640625,0.012272839840776761
2011-05-27,18266.099609375,-0.0018635101761149686
2011-05-30,18232.060546875,0.014875924161324994
2011-05-31,18503.279296875,0.0057033809146371794
2011-06-01,18608.810546875,-0.006160031512290831
2011-06-02,18494.1796875,-0.006364122158364904
2011-06-03,18376.48046875,0.0023741709585898274
2011-06-06,18420.109375,0.004099311469207834
2011-06-07,18495.619140625,-0.005478598870066076
2011-06-08,18394.2890625,-0.0005104123265160521
2011-06-09,18384.900390625,-0.006329179144442643
2011-06-10,18268.5390625,-0.00013738184626665984
2011-06-13,18266.029296875,0.0023338876053535795
2011-06-14,18308.66015625,-0.009635872880341623
2011-06-15,18132.240234375,-0.008071775638761491
2011-06-16,17985.880859375,-0.006413450828563372
2011-06-17,17870.529296875,-0.020363047532320988
2011-06-20,17506.630859375,0.0030656910690647354
2011-06-21,17560.30078125,-0.0005506694899739539
2011-06-22,17550.630859375,0.01007709502963694
2011-06-23,17727.490234375,0.02894879344679513
2011-06-24,18240.6796875,0.00941469680363305
2011-06-27,18412.41015625,0.004347017137940057
2011-06-28,18492.44921875,0.010891480834555045
2011-06-29,18693.859375,0.008131534670057894
2011-06-30,18845.869140625,-0.004407775452283769
2011-07-01,18762.80078125,0.002754369568942261
2011-07-04,18814.48046875,-0.0037162823598096972
2011-07-05,18744.560546875,-0.0009383972329473078
2011-07-06,18726.970703125,0.01876064653993259
2011-07-07,19078.30078125,-0.011545143421078263
2011-07-08,18858.0390625,-0.007246163667765981
2011-07-11,18721.390625,-0.016546392871122473
2011-07-12,18411.619140625,0.010015435862352984
2011-07-13,18596.01953125,0.0011927115618870499
2011-07-14,18618.19921875,-0.0030228109718754004
2011-07-15,18561.919921875,-0.0029566370077011017
2011-07-18,18507.0390625,0.007933742271205135
2011-07-19,18653.869140625,-0.00812101125551934
2011-07-20,18502.380859375,-0.0035774534506169964
2011-07-21,18436.189453125,0.015519005641184913
2011-07-22,18722.30078125,0.00795779765482707
2011-07-25,18871.2890625,-0.01870928680100603
2011-07-26,18518.220703125,-0.004642492629461592
2011-07-27,18432.25,-0.012083737403192796
2011-07-28,18209.51953125,-0.0006765863579681897
2011-07-29,18197.19921875,0.006436752049969963
2011-08-01,18314.330078125,-0.011162813613869838
2011-08-02,18109.890625,-0.009350682853723757
2011-08-03,17940.55078125,-0.013788377891303716
2011-08-04,17693.1796875,-0.02189038678834143
2011-08-05,17305.869140625,-0.01824175662948524
2011-08-08,16990.1796875,-0.0077850578206252186
2011-08-09,16857.91015625,0.01617042722664741
2011-08-10,17130.509765625,-0.004151036715947076
2011-08-11,17059.400390625,-0.012882605848841822
2011-08-12,16839.630859375,-0.0064545005266246624
2011-08-16,16730.939453125,0.006566357402272516
2011-08-17,16840.80078125,-0.0220305271447111
2011-08-18,16469.7890625,-0.019922485915262467
2011-08-19,16141.669921875,0.01239216725441894
2011-08-22,16341.7001953125,0.00959328013234928
2011-08-23,16498.470703125,-0.012940001422953817
2011-08-24,16284.98046875,-0.008514004108943318
2011-08-25,16146.330078125,-0.018425239578314545
2011-08-26,15848.830078125,0.035807059398237806
2011-08-29,16416.330078125,0.015863467695621747
2011-08-30,16676.75,0.008677406419116407
2011-09-02,16821.4609375,-0.00642814912312073
2011-09-05,16713.330078125,0.00894378726748446
2011-09-06,16862.810546875,0.01199025824093547
2011-09-07,17065.0,0.00589153603867576
2011-09-08,17165.5390625,-0.01739347411624581
2011-09-09,16866.970703125,-0.02165359003572187
2011-09-12,16501.740234375,-0.002078615998241662
2011-09-13,16467.439453125,0.014705392234130477
2011-09-14,16709.599609375,0.009990631554770424
2011-09-15,16876.5390625,0.0033947135377006
2011-09-16,16933.830078125,-0.011130409829343768
2011-09-19,16745.349609375,0.021135998695533287
2011-09-20,17099.279296875,-0.0019959265918439995
2011-09-21,17065.150390625,-0.041253665152974794
2011-09-22,16361.150390625,-0.012168509888313195
2011-09-23,16162.0595703125,-0.0068654592228653
2011-09-26,16051.099609375,0.02946400552045514
2011-09-27,16524.029296875,-0.004720989307356982
2011-09-28,16446.01953125,0.01532594441901658
2011-09-29,16698.0703125,-0.014631064686085993
2011-09-30,16453.759765625,-0.018373282132396418
2011-10-03,16151.4501953125,-0.01774390784012536
2011-10-04,15864.8603515625,-0.004566708669790698
2011-10-05,15792.41015625,0.027869709465360826
2011-10-07,16232.5400390625,0.020002441325027043
2011-10-10,16557.23046875,-0.0012538187267600032
2011-10-11,16536.470703125,0.0255145084733992
2011-10-12,16958.390625,-0.004391377977531419
2011-10-13,16883.919921875,0.011772712271187258
2011-10-14,17082.689453125,-0.003371811536646674
2011-10-17,17025.08984375,-0.016258403555597933
2011-10-18,16748.2890625,0.020124490328069955
2011-10-19,17085.33984375,-0.00868868984214588
2011-10-20,16936.890625,-0.008930210588757315
2011-10-21,16785.640625,0.009152982320268066
2011-10-24,16939.279296875,0.018630077029500258
2011-10-25,17254.859375,0.03187168288643316
2011-10-28,17804.80078125,-0.00560472520030042
2011-10-31,17705.009765625,-0.012661935263952984
2011-11-01,17480.830078125,-0.0009141710478610676
2011-11-02,17464.849609375,0.0009779688063178416
2011-11-03,17481.9296875,0.004615033291072379
2011-11-04,17562.609375,0.0003940144500880205
2011-11-08,17569.529296875,-0.011806217684892317
2011-11-09,17362.099609375,-0.009749932363226077
2011-11-11,17192.8203125,-0.004308779873139268
2011-11-14,17118.740234375,-0.013790168509360434
2011-11-15,16882.669921875,-0.006326059903097314
2011-11-16,16775.869140625,-0.018726791470030202
2011-11-17,16461.7109375,-0.005479453029971548
2011-11-18,16371.509765625,-0.02598478468633525
2011-11-21,15946.099609375,0.007482727151023827
2011-11-22,16065.419921875,-0.022747627954305516
2011-11-23,15699.9697265625,0.010096867100597207
2011-11-24,15858.490234375,-0.010282223872834284
2011-11-25,15695.4296875,0.030053347038225153
2011-11-28,16167.1298828125,-0.009821782852831085
2011-11-29,16008.33984375,0.007191258950717927
2011-11-30,16123.4599609375,0.02232704758684867
2011-12-01,16483.44921875,0.02204519542922201
2011-12-02,16846.830078125,-0.0024633714359051373
2011-12-05,16805.330078125,0.004268316564836061
2011-12-07,16877.060546875,-0.023038390566892608
2011-12-08,16488.240234375,-0.01666522743067711
2011-12-09,16213.4599609375,-0.0211620685769196
2011-12-12,15870.349609375,0.008327488650403225
2011-12-13,16002.509765625,-0.007584442625882093
2011-12-14,15881.1396484375,-0.00281276551077958
2011-12-15,15836.4697265625,-0.021792743152132643
2011-12-16,15491.349609375,-0.007230471743870148
2011-12-19,15379.33984375,-0.013281439105984005
2011-12-20,15175.080078125,0.033616289349791106
2011-12-21,15685.2099609375,0.008170141868941938
2011-12-22,15813.3603515625,-0.004721334023266133
2011-12-23,15738.7001953125,0.01474389891209782
2011-12-26,15970.75,-0.006061068183241258
2011-12-27,15873.9501953125,-0.009203795157467609
2011-12-28,15727.849609375,-0.011693901356061409
2011-12-29,15543.9296875,-0.005726336094827977
2011-12-30,15454.919921875,0.031345385944175685
2012-01-03,15939.3603515625,-0.003558530698469342
2012-01-04,15882.6396484375,-0.00160927722836135
2012-01-05,15857.080078125,0.0006716489147136073
2012-01-06,15867.73046875,-0.003340789175358072
2012-01-09,15814.7197265625,0.022154683942897657
2012-01-10,16165.08984375,0.0006662819641960471
2012-01-11,16175.8603515625,-0.008552904323517851
2012-01-12,16037.509765625,0.00730227780210102
2012-01-13,16154.6201171875,0.0021504829035279283
2012-01-16,16189.3603515625,0.01709088090443278
2012-01-17,16466.05078125,-0.0008854629636878553
2012-01-18,16451.470703125,0.01168707252497958
2012-01-19,16643.740234375,0.005724045791897003
2012-01-20,16739.009765625,0.0007599435870526694
2012-01-23,16751.73046875,0.014567991226652754
2012-01-24,16995.76953125,0.004790024723523745
2012-01-25,17077.1796875,0.009181889756935346
2012-01-27,17233.98046875,-0.021508651943301538
2012-01-30,16863.30078125,0.01958394766742222
2012-01-31,17193.55078125,0.006224967619353983
2012-02-01,17300.580078125,0.007587579760748975
2012-02-02,17431.849609375,0.009930749289616347
2012-02-03,17604.9609375,0.005813680004082666
2012-02-06,17707.310546875,-0.0047924459166373
2012-02-07,17622.44921875,0.004816078213447206
2012-02-08,17707.3203125,0.006970545815047302
2012-02-09,17830.75,-0.004602192665760008
2012-02-10,17748.689453125,0.0013606858516952425
2012-02-13,17772.83984375,0.004261022403610593
2012-02-14,17848.5703125,0.019824548272205034
2012-02-15,18202.41015625,-0.0026600830032595946
2012-02-16,18153.990234375,0.007456177581482537
2012-02-17,18289.349609375,0.007614254667296372
2012-02-21,18428.609375,-0.015376058455305985
2012-02-22,18145.25,-0.0036786486821619446
2012-02-23,18078.5,-0.008569830876455464
2012-02-24,17923.5703125,-0.026658768547177525
2012-02-27,17445.75,0.01635751633635696
2012-02-28,17731.119140625,0.0012159721393785183
2012-02-29,17752.6796875,-0.0095032968174259
2012-03-01,17583.970703125,0.003004445299468639
2012-03-02,17636.80078125,-0.01553182144667764
2012-03-05,17362.869140625,-0.010918706844448178
2012-03-06,17173.2890625,-0.0016170187987250007
2012-03-07,17145.51953125,0.020863800742404237
2012-03-09,17503.240234375,0.004823660440550048
2012-03-12,17587.669921875,0.012847024065932189
2012-03-13,17813.619140625,0.005932631644963493
2012-03-14,17919.30078125,-0.01358597496894165
2012-03-15,17675.849609375,-0.011860838107255911
2012-03-16,17466.19921875,-0.011040185429580851
2012-03-19,17273.369140625,0.0024784132456425745
2012-03-20,17316.1796875,0.016489275068340525
2012-03-21,17601.7109375,-0.023022775218495717
2012-03-22,17196.470703125,0.009610665705956034
2012-03-23,17361.740234375,-0.01779550513538264
2012-03-26,17052.779296875,0.011996875967455356
2012-03-27,17257.359375,-0.007865643371351538
2012-03-28,17121.619140625,-0.003680128912311509
2012-03-29,17058.609375,0.020258969307103802
2012-03-30,17404.19921875,0.004249041909111906
2012-04-02,17478.150390625,0.006823921787168841
2012-04-03,17597.419921875,-0.0063304956703635895
2012-04-04,17486.01953125,-0.015090850480774742
2012-04-09,17222.140625,0.001259960606668109
2012-04-10,17243.83984375,-0.0025771204979676554
2012-04-11,17199.400390625,0.007745546180354834
2012-04-12,17332.619140625,-0.01373764536497013
2012-04-13,17094.509765625,0.0033016128510741094
2012-04-16,17150.94921875,0.012068733440637303
2012-04-17,17357.939453125,0.0019847500890319836
2012-04-18,17392.390625,0.006400518186383541
2012-04-19,17503.7109375,-0.007419631997679033
2012-04-20,17373.83984375,-0.01595272885801957
2012-04-23,17096.6796875,0.006469640715142555
2012-04-24,17207.2890625,-0.003254434780318838
2012-04-25,17151.2890625,-0.0012021918906423013
2012-04-26,17130.669921875,0.00020898646353750827
2012-04-27,17134.25,0.010771440061572601
2012-04-30,17318.810546875,-0.0009758401467154787
2012-05-02,17301.91015625,-0.008711217534010496
2012-05-03,17151.189453125,-0.018663975223110585
2012-05-04,16831.080078125,0.0048500071888490925
2012-05-07,16912.7109375,-0.021671939605335644
2012-05-08,16546.1796875,-0.004025074708049581
2012-05-09,16479.580078125,-0.003612306660290443
2012-05-10,16420.05078125,-0.007738728350651702
2012-05-11,16292.98046875,-0.004734592614773936
2012-05-14,16215.83984375,0.006932120527406882
2012-05-15,16328.25,-0.01826038652335671
2012-05-16,16030.08984375,0.002519675522327125
2012-05-17,16070.48046875,0.005119295058413353
2012-05-18,16152.75,0.0018888279472535352
2012-05-21,16183.259765625,-0.009692089952616723
2012-05-22,16026.41015625,-0.00488634361104634
2012-05-23,15948.099609375,0.017193283339622
2012-05-24,16222.2998046875,-0.00027613175945651047
2012-05-25,16217.8203125,0.012271657190368712
2012-05-28,16416.83984375,0.0013242642665651783
2012-05-29,16438.580078125,-0.0076910345601103325
2012-05-30,16312.150390625,-0.005739287276391614
2012-05-31,16218.5302734375,-0.01562226126016275
2012-06-01,15965.16015625,0.0014556843869744096
2012-06-04,15988.400390625,0.0020164154652646538
2012-06-05,16020.6396484375,0.027068902511317328
2012-06-06,16454.30078125,0.011835811353462233
2012-06-07,16649.05078125,0.004193533931293514
2012-06-08,16718.869140625,-0.0030420343967174635
2012-06-11,16668.009765625,0.011686519168396803
2012-06-12,16862.80078125,0.0010501804892750766
2012-06-13,16880.509765625,-0.012003719618860598
2012-06-14,16677.880859375,0.016305981619789023
2012-06-15,16949.830078125,-0.014395424548526936
2012-06-18,16705.830078125,0.009216585012834067
2012-06-19,16859.80078125,0.0021844907067916086
2012-06-20,16896.630859375,0.008044780561953235
2012-06-21,17032.560546875,-0.0035256461343399215
2012-06-22,16972.509765625,-0.0053232910525694566
2012-06-25,16882.16015625,0.0014464927265815941
2012-06-26,16906.580078125,0.0036186909012521085
2012-06-27,16967.759765625,0.0013555118835779645
2012-06-28,16990.759765625,0.02585056284614251
2012-06-29,17429.98046875,-0.0017785447353529937
2012-07-02,17398.98046875,0.001536323855182875
2012-07-03,17425.7109375,0.0021290155396278543
2012-07-04,17462.810546875,0.004344053026079209
2012-07-05,17538.669921875,-0.0010006905499777563
2012-07-06,17521.119140625,-0.0073704579506896906
2012-07-09,17391.98046875,0.013015719574417828
2012-07-10,17618.349609375,-0.007333773437339763
2012-07-11,17489.140625,-0.01467138090154163
2012-07-12,17232.55078125,-0.0010939507876287502
2012-07-13,17213.69921875,-0.006412838430147505
2012-07-16,17103.310546875,0.00011636544688498063
2012-07-17,17105.30078125,0.004659899606230367
2012-07-18,17185.009765625,0.0054605638885179
2012-07-19,17278.849609375,-0.006968644265800461
2012-07-20,17158.439453125,-0.01638201682139606
2012-07-23,16877.349609375,0.002413321385922762
2012-07-24,16918.080078125,-0.004257533747468956
2012-07-25,16846.05078125,-0.012242066192720946
2012-07-26,16639.8203125,0.011981447929172218
2012-07-27,16839.189453125,0.01808223817557275
2012-07-30,17143.6796875,0.0053955744441167575
2012-07-31,17236.1796875,0.0012300389215815777
2012-08-01,17257.380859375,-0.0019134702214711474
2012-08-02,17224.359375,-0.0015344366036835755
2012-08-03,17197.9296875,0.012503321847878723
2012-08-06,17412.9609375,0.010843552687720415
2012-08-07,17601.779296875,-6.924015915921178e-05
2012-08-08,17600.560546875,-0.0022551217129870293
2012-08-09,17560.869140625,-0.00017817490836835592
2012-08-10,17557.740234375,0.0043120004832271075
2012-08-13,17633.44921875,0.0053733106225895
2012-08-14,17728.19921875,-0.004004257870417027
2012-08-16,17657.2109375,0.0019181478176186761
2012-08-17,17691.080078125,0.010976135241177465
2012-08-21,17885.259765625,-0.0021470412578968867
2012-08-22,17846.859375,0.0001883428369311435
2012-08-23,17850.220703125,-0.0037540020787120154
2012-08-24,17783.2109375,-0.005870727788807151
2012-08-27,17678.810546875,-0.0026641842928355475
2012-08-28,17631.7109375,-0.007991305615459354
2012-08-29,17490.810546875,0.0029061019207072825
2012-08-30,17541.640625,-0.009171925730293573
2012-08-31,17380.75,0.00021002491981070293
2012-09-03,17384.400390625,0.0032482426043554113
2012-09-04,17440.869140625,-0.007312095277290154
2012-09-05,17313.33984375,0.0019019835454732181
2012-09-06,17346.26953125,0.019454381064012205
2012-09-07,17683.73046875,0.004696340982563552
2012-09-10,17766.779296875,0.004850058664833901
2012-09-11,17852.94921875,0.008238419116239237
2012-09-12,18000.029296875,0.001173934721243386
2012-09-13,18021.16015625,0.024588282394589545
2012-09-14,18464.26953125,0.004226596426840423
2012-09-17,18542.310546875,-0.002497034074202986
2012-09-18,18496.009765625,-0.007934671720262298
2012-09-20,18349.25,0.021994363700151176
2012-09-21,18752.830078125,-0.004238839366849767
2012-09-24,18673.33984375,0.001128363360614948
2012-09-25,18694.41015625,-0.003329349995789599
2012-09-26,18632.169921875,-0.002826827046760849
2012-09-27,18579.5,0.009862495458704545
2012-09-28,18762.740234375,0.003260180608530172
2012-10-01,18823.91015625,0.002431975954783283
2012-10-03,18869.689453125,0.009987495447032257
2012-10-04,19058.150390625,-0.006280223981435129
2012-10-05,18938.4609375,-0.01211716567187393
2012-10-08,18708.98046875,0.004510075062130747
2012-10-09,18793.359375,-0.008633888299973025
2012-10-10,18631.099609375,0.00932045849497909
2012-10-11,18804.75,-0.006890296999428336
2012-10-12,18675.1796875,0.002054657271955529
2012-10-15,18713.55078125,-0.007259528888345246
2012-10-16,18577.69921875,0.001780108080694065
2012-10-17,18610.76953125,0.009734157201066074
2012-10-18,18791.9296875,-0.005833309428457278
2012-10-19,18682.310546875,0.005948349160087574
2012-10-22,18793.439453125,-0.004438778866586279
2012-10-23,18710.01953125,0.0025981441678244455
2012-10-25,18758.630859375,-0.006546882221610706
2012-10-29,18635.8203125,-0.010998748629676092
2012-10-30,18430.849609375,0.004043831487946736
2012-10-31,18505.380859375,0.0030433504613047724
2012-11-01,18561.69921875,0.01043816073715309
2012-11-02,18755.44921875,0.00039561419129241493
2012-11-05,18762.869140625,0.0029052976035510714
2012-11-06,18817.380859375,0.004518657379070756
2012-11-07,18902.41015625,-0.0029705413310182616
2012-11-08,18846.259765625,-0.008626649539318243
2012-11-09,18683.6796875,-0.0007139837533676197
2012-11-12,18670.33984375,-0.010657047744720427
2012-11-15,18471.369140625,-0.008770329842182956
2012-11-16,18309.369140625,0.0016183440918919878
2012-11-19,18339.0,-0.0005278198102405263
2012-11-20,18329.3203125,0.0071503222509359254
2012-11-21,18460.380859375,0.0030854717900401507
2012-11-22,18517.33984375,-0.0005815917049032393
2012-11-23,18506.5703125,0.0016447916934905216
2012-11-26,18537.009765625,0.01645736374729223
2012-11-27,18842.080078125,0.017451898981512226
2012-11-29,19170.91015625,0.008814930172728719
2012-11-30,19339.900390625,-0.0017880173851237968
2012-12-03,19305.3203125,0.0022169447298570066
2012-12-04,19348.119140625,0.002260696973028109
2012-12-05,19391.859375,0.004895941354257083
2012-12-06,19486.80078125,-0.0032176226656625007
2012-12-07,19424.099609375,-0.000741869972858078
2012-12-10,19409.689453125,-0.0011617304944242512
2012-12-11,19387.140625,-0.0016444332865616085
2012-12-12,19355.259765625,-0.006509858380912892
2012-12-13,19229.259765625,0.0045758513560825165
2012-12-14,19317.25,-0.0037702094306901746
2012-12-17,19244.419921875,0.00625272565312418
2012-12-18,19364.75,0.005744974760841126
2012-12-19,19476.0,-0.0011337070304476837
2012-12-20,19453.919921875,-0.010893430358819622
2012-12-21,19242.0,0.0006802745946368205
2012-12-24,19255.08984375,0.008432632362019632
2012-12-26,19417.4609375,-0.004823501721026746
2012-12-27,19323.80078125,0.006263729577332677
2012-12-28,19444.83984375,-0.0009323247913418653
2012-12-31,19426.7109375,0.014800719370357873
2013-01-02,19714.240234375,0.002563581548117533
2013-01-03,19764.779296875,0.0009765239955425997
2013-01-04,19784.080078125,-0.004683571633560701
2013-01-07,19691.419921875,0.0025950190274615093
2013-01-08,19742.51953125,-0.0038459978413500906
2013-01-09,19666.58984375,-0.00015452920532466052
2013-01-10,19663.55078125,4.569050167990696e-06
2013-01-11,19663.640625,0.012346113106916023
2013-01-14,19906.41015625,0.0040394102009775334
2013-01-15,19986.8203125,-0.008465050992587653
2013-01-16,19817.630859375,0.007387282492990144
2013-01-17,19964.029296875,0.003757245819947741
2013-01-18,20039.0390625,0.0031329471340513226
2013-01-21,20101.8203125,-0.005982045313837836
2013-01-22,19981.5703125,0.0022540301785902717
2013-01-23,20026.609375,-0.005134672385100125
2013-01-24,19923.779296875,0.009021882712191731
2013-01-25,20103.529296875,-8.938107202260959e-06
2013-01-28,20103.349609375,-0.0055935563443397784
2013-01-29,19990.900390625,0.0007053013670965669
2013-01-30,20005.0,-0.005499601662084519
2013-01-31,19894.98046875,-0.005719584183746074
2013-02-01,19781.189453125,-0.0015165923197434372
2013-02-04,19751.189453125,-0.004626006997798471
2013-02-05,19659.8203125,-0.0010223699431383126
2013-02-06,19639.720703125,-0.003024502818695818
2013-02-07,19580.3203125,-0.004879939639649389
2013-02-08,19484.76953125,-0.001241955605951084
2013-02-11,19460.5703125,0.005162682716213451
2013-02-12,19561.0390625,0.0024048321500047543
2013-02-13,19608.080078125,-0.005655851576652937
2013-02-14,19497.1796875,-0.0014888972323320315
2013-02-15,19468.150390625,0.0016914646147307977
2013-02-18,19501.080078125,0.00690426501817365
2013-02-19,19635.720703125,0.0003579851731074779
2013-02-20,19642.75,-0.016158156317216288
2013-02-21,19325.359375,-0.00043205454620431905
2013-02-22,19317.009765625,0.0007599358119145805
2013-02-25,19331.689453125,-0.016374607552669396
2013-02-26,19015.140625,0.007218959562651062
2013-02-27,19152.41015625,-0.015187179648775473
2013-02-28,18861.5390625,0.003020987235516026
2013-03-01,18918.51953125,-0.002143856641795061
2013-03-04,18877.9609375,0.014048603302710294
2013-03-05,19143.169921875,0.005716892947805086
2013-03-06,19252.609375,0.008358850707736787
2013-03-07,19413.5390625,0.013891923846638843
2013-03-08,19683.23046875,-0.001880765015111363
2013-03-11,19646.2109375,-0.004137745231566958
2013-03-12,19564.919921875,-0.01034346889397364
2013-03-13,19362.55078125,0.010736636625186424
2013-03-14,19570.439453125,-0.007300751043032183
2013-03-15,19427.560546875,-0.006916016439676653
2013-03-18,19293.19921875,-0.01477720756119738
2013-03-19,19008.099609375,-0.006518808234195372
2013-03-20,18884.189453125,-0.004835807897748512
2013-03-21,18792.869140625,-0.003047407547057235
2013-03-22,18735.599609375,-0.0028918042992811532
2013-03-25,18681.419921875,0.001237024546134169
2013-03-26,18704.529296875,0.007016494897678527
2013-03-28,18835.76953125,0.001538586926428387
2013-04-01,18864.75,0.00934013007063439
2013-04-02,19040.94921875,-0.012568102094109301
2013-04-03,18801.640625,-0.015527443166944321
2013-04-04,18509.69921875,-0.0032128425911837066
2013-04-05,18450.23046875,-0.0006748518342949428
2013-04-08,18437.779296875,-0.011460101822610147
2013-04-09,18226.48046875,0.010312948258018206
2013-04-10,18414.44921875,0.00693748688773832
2013-04-11,18542.19921875,-0.01615982378034231
2013-04-12,18242.560546875,0.006317108504526381
2013-04-15,18357.80078125,0.0210879783947433
2013-04-16,18744.9296875,-0.000734573640955416
2013-04-17,18731.16015625,0.015231345996195689
2013-04-18,19016.4609375,0.008065072735093493
2013-04-22,19169.830078125,0.0004970986616033013
2013-04-23,19179.359375,0.011861200884088374
2013-04-25,19406.849609375,-0.006190026133451765
2013-04-26,19286.720703125,0.005225320490002794
2013-04-29,19387.5,0.006018294648613809
2013-04-30,19504.1796875,0.011873857166032176
2013-05-02,19735.76953125,-0.008113638842227489
2013-05-03,19575.640625,0.005006221858959048
2013-05-06,19673.640625,0.010944013762069105
2013-05-07,19888.94921875,0.005089784665675889
2013-05-08,19990.1796875,-0.0025582874090911423
2013-05-09,19939.0390625,0.007200952747769884
2013-05-10,20082.619140625,-0.019467043417616403
2013-05-13,19691.669921875,0.00155492859399331
2013-05-14,19722.2890625,0.024879053006730656
2013-05-15,20212.9609375,0.0017003516076279368
2013-05-16,20247.330078125,0.001915761848615638
2013-05-17,20286.119140625,-0.0030631128331767288
2013-05-20,20223.98046875,-0.005556329226268586
2013-05-21,20111.609375,-0.0024547583291055775
2013-05-22,20062.240234375,-0.019335336020219085
2013-05-23,19674.330078125,0.0015248295561207659
2013-05-24,19704.330078125,0.016566889197994206
2013-05-27,20030.76953125,0.006492550425839072
2013-05-28,20160.8203125,-0.0006537277400279207
2013-05-29,20147.640625,0.0033631613192921517
2013-05-30,20215.400390625,-0.022512520186642182
2013-05-31,19760.30078125,-0.00758188421110273
2013-06-03,19610.48046875,-0.003299315994735763
2013-06-04,19545.779296875,0.001148145894269259
2013-06-05,19568.220703125,-0.0024902861373705676
2013-06-06,19519.490234375,-0.004624084161073405
2013-06-07,19429.23046875,0.0006093830514308785
2013-06-10,19441.0703125,-0.015331990868236778
2013-06-11,19143.0,-0.00532148255889886
2013-06-12,19041.130859375,-0.011237289670726125
2013-06-13,18827.16015625,0.018631037731601685
2013-06-14,19177.9296875,0.007714047112260758
2013-06-17,19325.869140625,-0.005308420697848204
2013-06-18,19223.279296875,0.0011662901801903214
2013-06-19,19245.69921875,-0.02735209307111841
2013-06-20,18719.2890625,0.0029355373321886535
2013-06-21,18774.240234375,-0.012429243818226299
2013-06-24,18540.890625,0.004760276483481984
2013-06-25,18629.150390625,-0.004134984601271263
2013-06-26,18552.119140625,0.017455153002757795
2013-06-27,18875.94921875,0.027540936993441845
2013-06-28,19395.810546875,0.009361819537583305
2013-07-01,19577.390625,-0.005801095492009689
2013-07-02,19463.8203125,-0.014697040061106947
2013-07-03,19177.759765625,0.012153665546628778
2013-07-04,19410.83984375,0.004377990310262758
2013-07-05,19495.8203125,-0.008773715519953207
2013-07-08,19324.76953125,0.005935953715489495
2013-07-09,19439.48046875,-0.007477634413053158
2013-07-10,19294.119140625,0.019795742084218748
2013-07-11,19676.060546875,0.014352982680511772
2013-07-12,19958.470703125,0.0038083962822410555
2013-07-15,20034.48046875,-0.009146730821686933
2013-07-16,19851.23046875,0.004911534333022161
2013-07-17,19948.73046875,0.009007073797576703
2013-07-18,20128.41015625,0.0010651339553682249
2013-07-19,20149.849609375,0.0004600297982217949
2013-07-22,20159.119140625,0.007094145222932946
2013-07-23,20302.130859375,-0.010415220615985654
2013-07-24,20090.6796875,-0.014231470827385406
2013-07-25,19804.759765625,-0.0028563998336494922
2013-07-26,19748.189453125,-0.007844271325110563
2013-07-29,19593.279296875,-0.012501197447027934
2013-07-30,19348.33984375,-0.00013647811757100392
2013-07-31,19345.69921875,-0.0014737004490056327
2013-08-01,19317.189453125,-0.007929203274973373
2013-08-02,19164.01953125,0.0009517958560445461
2013-08-05,19182.259765625,-0.023418549671087918
2013-08-06,18733.0390625,-0.0036383953985041906
2013-08-07,18664.880859375,0.006668083515383838
2013-08-08,18789.33984375,0.008389896947467168
2013-08-12,18946.98046875,0.014928994911169724
2013-08-13,19229.83984375,0.0071633461910900476
2013-08-14,19367.58984375,-0.03972668579091643
2013-08-16,18598.1796875,-0.015628419615999034
2013-08-19,18307.51953125,-0.003358208557148079
2013-08-20,18246.0390625,-0.018641246195128858
2013-08-21,17905.91015625,0.022731561441065695
2013-08-22,18312.939453125,0.011276179912491413
2013-08-23,18519.439453125,0.002089232039011346
2013-08-26,18558.130859375,-0.03179473114620934
2013-08-27,17968.080078125,0.0015622321571335807
2013-08-28,17996.150390625,0.022498626822207823
2013-08-29,18401.0390625,0.011884200662921174
2013-08-30,18619.720703125,0.01430795662822626
2013-09-02,18886.130859375,-0.03449466213994867
2013-09-03,18234.66015625,0.01825592701742229
2013-09-04,18567.55078125,0.022200503945370098
2013-09-05,18979.759765625,0.015295282176109204
2013-09-06,19270.060546875,0.03772894541412852
2013-09-10,19997.099609375,1.7483004127072377e-05
2013-09-11,19997.44921875,-0.010779792813419342
2013-09-12,19781.880859375,-0.002483135658292057
2013-09-13,19732.759765625,0.0004921226232590392
2013-09-16,19742.470703125,0.003118079528934281
2013-09-17,19804.029296875,0.007984782137236746
2013-09-18,19962.16015625,0.034288897764187753
2013-09-19,20646.640625,-0.018546827760266726
2013-09-20,20263.7109375,-0.017901459467066116
2013-09-23,19900.9609375,0.0009672899746124841
2013-09-24,19920.2109375,-0.003211346673271165
2013-09-25,19856.240234375,0.0018940833992777684
2013-09-26,19893.849609375,-0.008373446135156226
2013-09-27,19727.26953125,-0.01761521022711854
2013-09-30,19379.76953125,0.007088879934999959
2013-10-01,19517.150390625,0.019722137410997043
2013-10-03,19902.0703125,0.0006973599244739503
2013-10-04,19915.94921875,-0.0010468800229401776
2013-10-07,19895.099609375,0.004448822441848632
2013-10-08,19983.609375,0.013293413899359674
2013-10-09,20249.259765625,0.0011679632193344336
2013-10-10,20272.91015625,0.012611888748551348
2013-10-11,20528.58984375,0.0038458179227560674
2013-10-14,20607.5390625,-0.0029076699402713624
2013-10-15,20547.619140625,-0.006429424941929329
2013-10-17,20415.509765625,0.022893420969676725
2013-10-18,20882.890625,0.000526747000572314
2013-10-21,20893.890625,-0.001384132921630088
2013-10-22,20864.970703125,-0.004653246109540876
2013-10-23,20767.880859375,-0.002044078168709107
2013-10-24,20725.4296875,-0.0020221610302861848
2013-10-25,20683.51953125,-0.005474901609656357
2013-10-28,20570.279296875,0.017439260963486136
2013-10-29,20929.009765625,0.005015093340555277
2013-10-30,21033.970703125,0.006206570788158672
2013-10-31,21164.51953125,0.0015257145609812728
2013-11-01,21196.810546875,-0.010474287340730748
2013-11-05,20974.7890625,-0.0038069326531516845
2013-11-06,20894.939453125,-0.003453942617871797
2013-11-07,20822.76953125,-0.007521532637142836
2013-11-08,20666.150390625,-0.008477120789969317
2013-11-11,20490.9609375,-0.010202097494970142
2013-11-12,20281.91015625,-0.004314670805206866
2013-11-13,20194.400390625,0.010152296046639586
2013-11-14,20399.419921875,0.022124173835748717
2013-11-18,20850.740234375,0.0019222376603649227
2013-11-19,20890.8203125,-0.0122393208739634
2013-11-20,20635.130859375,-0.019679064838132976
2013-11-21,20229.05078125,-0.0005764064946046643
2013-11-22,20217.390625,0.019176038110753968
2013-11-25,20605.080078125,-0.00873864824559245
2013-11-26,20425.01953125,-0.0002330360378709484
2013-11-27,20420.259765625,0.005614541241928839
2013-11-28,20534.91015625,0.012516223801046111
2013-11-29,20791.9296875,0.005101983304068858
2013-12-02,20898.009765625,-0.0020619113606157313
2013-12-03,20854.919921875,-0.007010766999955731
2013-12-04,20708.7109375,0.012028735643024646
2013-12-05,20957.810546875,0.0018474615901979963
2013-12-06,20996.529296875,0.015711674074109894
2013-12-09,21326.419921875,-0.00333671364020216
2013-12-10,21255.259765625,-0.003944887538406161
2013-12-11,21171.41015625,-0.011610033504425687
2013-12-12,20925.609375,-0.010036950088819108
2013-12-13,20715.580078125,-0.002706202127267354
2013-12-16,20659.51953125,-0.00229332081892486
2013-12-17,20612.140625,0.012018099163342066
2013-12-18,20859.859375,-0.007250299805772298
2013-12-19,20708.619140625,0.017920150058291062
2013-12-20,21079.720703125,0.0010108574990199681
2013-12-23,21101.029296875,-0.003237678997257132
2013-12-24,21032.7109375,0.001991132116751171
2013-12-26,21074.58984375,0.00564614710213629
2013-12-27,21193.580078125,-0.0023861146778215714
2013-12-30,21143.009765625,0.0013087030740526195
2013-12-31,21170.6796875,-0.0014264642985378773
2014-01-01,21140.48046875,-0.01192737274811373
2014-01-02,20888.330078125,-0.0017713239814582948
2014-01-03,20851.330078125,-0.003070753598696019
2014-01-06,20787.30078125,-0.004524904308876976
2014-01-07,20693.240234375,0.0017464942459790578
2014-01-08,20729.380859375,-0.0007724166418003886
2014-01-09,20713.369140625,0.002178356087011668
2014-01-10,20758.490234375,0.018099616055064827
2014-01-13,21134.2109375,-0.004794599544059697
2014-01-14,21032.880859375,0.01220039122152028
2014-01-15,21289.490234375,-0.00114190366266953
2014-01-16,21265.1796875,-0.009478431399922771
2014-01-17,21063.619140625,0.006714498571246175
2014-01-20,21205.05078125,0.0021725182292764433
2014-01-21,21251.119140625,0.004072763447292793
2014-01-22,21337.669921875,0.001686699368149025
2014-01-23,21373.66015625,-0.011233434405702014
2014-01-24,21133.560546875,-0.020162779820270704
2014-01-27,20707.44921875,-0.0011560792868356984
2014-01-28,20683.509765625,-0.0017506208948723234
2014-01-29,20647.30078125,-0.007218899110790988
2014-01-30,20498.25,0.0007610215201296899
2014-01-31,20513.849609375,-0.014848009981061727
2014-02-03,20209.259765625,0.00013211378872668433
2014-02-04,20211.9296875,0.0024292390748501536
2014-02-05,20261.029296875,0.002453524782557226
2014-02-06,20310.740234375,0.0032406653691825493
2014-02-07,20376.560546875,-0.0020754737055702632
2014-02-10,20334.26953125,0.0014310624401963068
2014-02-11,20363.369140625,0.0041801085646571146
2014-02-12,20448.490234375,-0.012477235339902748
2014-02-13,20193.349609375,0.008590486792962038
2014-02-14,20366.8203125,0.0047744435745484815
2014-02-17,20464.060546875,0.008314595738966535
2014-02-18,20634.2109375,0.004301582740132259
2014-02-19,20722.970703125,-0.008991475247171032
2014-02-20,20536.640625,0.00799105257751953
2014-02-21,20700.75,0.005347122839752139
2014-02-24,20811.439453125,0.001971571937271266
2014-02-25,20852.470703125,0.006451011641025461
2014-02-26,20986.990234375,0.00634340154368318
2014-02-28,21120.119140625,-0.008213436148015285
2014-03-03,20946.650390625,0.012559529720453266
2014-03-04,21209.73046875,0.0031650051540685897
2014-03-05,21276.859375,0.011139320961226273
2014-03-06,21513.869140625,0.01886782517926977
2014-03-07,21919.7890625,0.0006861843233123555
2014-03-10,21934.830078125,-0.004942375020179135
2014-03-11,21826.419921875,0.0013653536107465225
2014-03-12,21856.220703125,-0.0037340091516064877
2014-03-13,21774.609375,0.001616167052365336
2014-03-14,21809.80078125,0.0010457956025717863
2014-03-18,21832.609375,1.1450761368214657e-05
2014-03-19,21832.859375,-0.004249078403181006
2014-03-20,21740.08984375,0.0006283394571124923
2014-03-21,21753.75,0.013870273803367139
2014-03-24,22055.48046875,-1.2220602057744223e-05
2014-03-25,22055.2109375,0.001817703936888515
2014-03-26,22095.30078125,0.005388854424468459
2014-03-27,22214.369140625,0.005654068396221179
2014-03-28,22339.970703125,0.0020724659284589997
2014-03-31,22386.26953125,0.0026878047631386792
2014-04-01,22446.439453125,0.004680064358063563
2014-04-02,22551.490234375,-0.0018810252198029342
2014-04-03,22509.0703125,-0.006644890722871777
2014-04-04,22359.5,-0.0007178506339586832
2014-04-07,22343.44921875,0.016062453987579994
2014-04-09,22702.33984375,0.0005721980405721805
2014-04-10,22715.330078125,-0.0038022401755972712
2014-04-11,22628.9609375,-0.006364907801016839
2014-04-15,22484.9296875,-0.009237263430957765
2014-04-16,22277.23046875,0.01578335222114924
2014-04-17,22628.83984375,0.006009598163847496
2014-04-21,22764.830078125,-0.0002838122436156221
2014-04-22,22758.369140625,0.005192372139884993
2014-04-23,22876.5390625,-0.008238516739140112
2014-04-25,22688.0703125,-0.002488573806512462
2014-04-28,22631.609375,-0.007309242534812022
2014-04-29,22466.189453125,-0.002153844201125521
2014-04-30,22417.80078125,-0.0006204960239291069
2014-05-02,22403.890625,0.0018402391046756783
2014-05-05,22445.119140625,0.002820247059211578
2014-05-06,22508.419921875,-0.008197800284980183
2014-05-07,22323.900390625,0.0009021126023056603
2014-05-08,22344.0390625,0.029099099067599443
2014-05-09,22994.23046875,0.024213444846813648
2014-05-12,23551.0,0.013597319381342565
2014-05-13,23871.23046875,-0.0023505838209075813
2014-05-14,23815.119140625,0.003799286840251659
2014-05-15,23905.599609375,0.009041422450463799
2014-05-16,24121.740234375,0.010003861434968897
2014-05-19,24363.05078125,0.0005676661042648412
2014-05-20,24376.880859375,-0.003235086907957374
2014-05-21,24298.01953125,0.003143501439562435
2014-05-22,24374.400390625,0.013085418046742125
2014-05-23,24693.349609375,0.0009529387617412954
2014-05-26,24716.880859375,-0.006771529737196413
2014-05-27,24549.509765625,0.0002680329745001764
2014-05-28,24556.08984375,-0.013110371202153748
2014-05-29,24234.150390625,-0.000693671806274776
2014-05-30,24217.33984375,0.0193047530670738
2014-06-02,24684.849609375,0.007038334732613283
2014-06-03,24858.58984375,-0.0021223957576284036
2014-06-04,24805.830078125,0.008614091398152057
2014-06-05,25019.509765625,0.015066289284089152
2014-06-06,25396.4609375,0.007235260080221462
2014-06-09,25580.2109375,0.00013598463411801376
2014-06-10,25583.689453125,-0.004291751130194754
2014-06-11,25473.890625,0.00401667393513816
2014-06-12,25576.2109375,-0.013607997544104578
2014-06-13,25228.169921875,-0.0014939432087905935
2014-06-16,25190.48046875,0.013128331743622823
2014-06-17,25521.189453125,-0.010772987427956071
2014-06-18,25246.25,-0.0017606265782046382
2014-06-19,25201.80078125,-0.0038207990159433436
2014-06-20,25105.509765625,-0.0029551064215626033
2014-06-23,25031.3203125,0.013486307310622392
2014-06-24,25368.900390625,-0.002174321921748934
2014-06-25,25313.740234375,-0.009918341192387548
2014-06-26,25062.669921875,0.001486274212448846
2014-06-27,25099.919921875,0.012504397463295014
2014-06-30,25413.779296875,0.004036011775415682
2014-07-01,25516.349609375,0.012731496985197266
2014-07-02,25841.2109375,-0.0006757012100644388
2014-07-03,25823.75,0.005355943535505059
2014-07-04,25962.060546875,0.005316200961815065
2014-07-07,26100.080078125,-0.019845559920680933
2014-07-08,25582.109375,-0.005366986205569635
2014-07-09,25444.810546875,-0.0028320331464936066
2014-07-10,25372.75,-0.013731282207289364
2014-07-11,25024.349609375,-0.0006940895925819923
2014-07-14,25006.98046875,0.008864321790150065
2014-07-15,25228.650390625,0.012726416495878468
2014-07-16,25549.720703125,0.00044773300099532065
2014-07-17,25561.16015625,0.0031454124199969957
2014-07-18,25641.560546875,0.002870705738265533
2014-07-21,25715.169921875,0.012079673605841501
2014-07-22,26025.80078125,0.0046695699354832865
2014-07-23,26147.330078125,0.004762227381455375
2014-07-24,26271.849609375,-0.005523007003025104
2014-07-25,26126.75,-0.005187003023720882
2014-07-28,25991.23046875,0.0037008426069189415
2014-07-30,26087.419921875,-0.007377089007894799
2014-07-31,25894.970703125,-0.015992713956807902
2014-08-01,25480.83984375,0.009509902891188915
2014-08-04,25723.16015625,0.0071861158680415205
2014-08-05,25908.009765625,-0.009369312292643595
2014-08-06,25665.26953125,-0.0029713214401332344
2014-08-07,25589.009765625,-0.010155498122248363
2014-08-08,25329.140625,0.007505174067665488
2014-08-11,25519.240234375,0.014166930267305311
2014-08-12,25880.76953125,0.001475214539270242
2014-08-13,25918.94921875,0.007109904357800456
2014-08-14,26103.23046875,0.011022791569589963
2014-08-18,26390.9609375,0.0011257257530470355
2014-08-19,26420.669921875,-0.004026425510388787
2014-08-20,26314.2890625,0.0017412711546631598
2014-08-21,26360.109375,0.0022549757060710274
2014-08-22,26419.55078125,0.0006612054135453072
2014-08-25,26437.01953125,0.00021904948922690792
2014-08-26,26442.810546875,0.004437495157407323
2014-08-27,26560.150390625,0.0029351861050650463
2014-08-28,26638.109375,0.008613276678912207
2014-09-01,26867.55078125,0.00565142111338135
2014-09-02,27019.390625,0.004461567242507014
2014-09-03,27139.939453125,-0.001990047388214844
2014-09-04,27085.9296875,-0.0021867615191120127
2014-09-05,27026.69921875,0.010846696011683976
2014-09-08,27319.849609375,-0.0019959588963581743
2014-09-09,27265.3203125,-0.007625443378880159
2014-09-10,27057.41015625,-0.002274460684508095
2014-09-11,26995.869140625,0.0024140701503450046
2014-09-12,27061.0390625,-0.009034335860509835
2014-09-15,26816.560546875,-0.01208397999749311
2014-09-16,26492.509765625,0.005238435244631745
2014-09-17,26631.2890625,0.018058527841868344
2014-09-18,27112.2109375,-0.0008037343643878536
2014-09-19,27090.419921875,0.004293780341369846
2014-09-22,27206.740234375,-0.01584352912317588
2014-09-23,26775.689453125,-0.0011577666395582442
2014-09-24,26744.689453125,-0.010332147569307892
2014-09-25,26468.359375,0.005967915701235338
2014-09-26,26626.3203125,-0.0010970700103193343
2014-09-29,26597.109375,0.001255790249762745
2014-09-30,26630.509765625,-0.002347665583581904
2014-10-01,26567.990234375,-0.011141961760697816
2014-10-07,26271.970703125,-0.0009584983520861678
2014-10-08,26246.7890625,0.014877638306352248
2014-10-09,26637.279296875,-0.012760253542105415
2014-10-10,26297.380859375,0.0032965052142861495
2014-10-13,26384.0703125,-0.0013167124694380972
2014-10-14,26349.330078125,-0.013282699534951758
2014-10-16,25999.33984375,0.004199700983994248
2014-10-17,26108.529296875,0.01230710120996581
2014-10-20,26429.849609375,0.005516519518835361
2014-10-21,26575.650390625,0.007961426155712825
2014-10-22,26787.23046875,-0.001281583707022249
2014-10-27,26752.900390625,0.004781534712394286
2014-10-28,26880.8203125,0.008085676212564508
2014-10-29,27098.169921875,0.009157819770318598
2014-10-30,27346.330078125,0.018997064634115546
2014-10-31,27865.830078125,-0.0001955519980822995
2014-11-03,27860.380859375,0.0019920761413900756
2014-11-05,27915.880859375,-0.0016925849568573126
2014-11-07,27868.630859375,0.0002188700767460361
2014-11-10,27874.73046875,0.0012674590042980327
2014-11-11,27910.060546875,0.0035413697359774066
2014-11-12,28008.900390625,-0.002437074096912739
2014-11-13,27940.640625,0.003794455992363277
2014-11-14,28046.66015625,0.004678657009210996
2014-11-17,28177.880859375,-0.0005178457864812858
2014-11-18,28163.2890625,-0.004631541892551327
2014-11-19,28032.849609375,0.0012382236548791337
2014-11-20,28067.560546875,0.009515266282367874
2014-11-21,28334.630859375,0.005820022993891838
2014-11-24,28499.5390625,-0.005666347125679927
2014-11-25,28338.05078125,0.0016987291132546378
2014-11-26,28386.189453125,0.0018572659501219224
2014-11-27,28438.91015625,0.008969404127075586
2014-11-28,28693.990234375,-0.004682900239821874
2014-12-01,28559.619140625,-0.004048001285687608
2014-12-02,28444.009765625,-4.5662624071018953e-05
2014-12-03,28442.7109375,0.004222852570696434
2014-12-04,28562.8203125,-0.0036663292342727916
2014-12-05,28458.099609375,-0.011901680836004291
2014-12-08,28119.400390625,-0.011465060439463937
2014-12-09,27797.009765625,0.001226385285231446
2014-12-10,27831.099609375,-0.008231433431140078
2014-12-11,27602.009765625,-0.009105499210351087
2014-12-12,27350.6796875,-0.0011377830818304346
2014-12-15,27319.560546875,-0.019697282202863042
2014-12-16,26781.439453125,-0.002662612436303502
2014-12-17,26710.130859375,0.01559106749860173
2014-12-18,27126.5703125,0.00904167126269484
2014-12-19,27371.83984375,0.012054331043637845
2014-12-22,27701.7890625,-0.007051101449054631
2014-12-23,27506.4609375,-0.010828421845208491
2014-12-24,27208.609375,0.00716426498735756
2014-12-30,27403.5390625,0.003498849515616298
2014-12-31,27499.419921875,0.014126860488463455
2015-01-02,27887.900390625,-0.001634403360832537
2015-01-05,27842.3203125,-0.030703596733502314
2015-01-06,26987.4609375,-0.0029139690162821585
2015-01-07,26908.8203125,0.0135974234749352
2015-01-08,27274.7109375,0.00673407400341941
2015-01-09,27458.380859375,0.004621127244350154
2015-01-12,27585.26953125,-0.005783487535594545
2015-01-13,27425.73046875,-0.0028772307939040065
2015-01-14,27346.8203125,0.026647722127201234
2015-01-15,28075.55078125,0.00165054086066041
2015-01-16,28121.890625,0.004982564739101747
2015-01-19,28262.009765625,0.01849338248002841
2015-01-20,28784.669921875,0.003619616045894558
2015-01-21,28888.859375,0.004055548013480514
2015-01-22,29006.01953125,0.009405644652692668
2015-01-23,29278.83984375,0.009979876945581001
2015-01-27,29571.0390625,-0.0004010469491766422
2015-01-28,29559.1796875,0.004147268126044823
2015-01-29,29681.76953125,-0.016805612346488474
2015-01-30,29182.94921875,-0.0020792856487928946
2015-02-02,29122.26953125,-0.0041936603230372516
2015-02-03,29000.140625,-0.00403554077593371
2015-02-04,28883.109375,-0.0011127150978702538
2015-02-05,28850.970703125,-0.004611995493814969
2015-02-06,28717.91015625,-0.017080613755706908
2015-02-09,28227.390625,0.004542698166065451
2015-02-10,28355.619140625,0.0062898137267077825
2015-02-11,28533.970703125,0.009501969041424196
2015-02-12,28805.099609375,0.010061762745325442
2015-02-13,29094.9296875,0.001407502005154937
2015-02-16,29135.880859375,0.006328242044230992
2015-02-18,29320.259765625,0.00484340066425637
2015-02-19,29462.26953125,-0.00783576345858672
2015-02-20,29231.41015625,-0.008767992371219946
2015-02-23,28975.109375,0.0010198678067976363
2015-02-24,29004.66015625,0.0001148118304803436
2015-02-25,29007.990234375,-0.009009236477207194
2015-02-26,28746.650390625,0.016470397196412412
2015-02-27,29220.119140625,0.008180031136241439
2015-03-02,29459.140625,0.0045686955184218725
2015-03-03,29593.73046875,-0.00719747043127672
2015-03-04,29380.73046875,0.002321887472217954
2015-03-05,29448.94921875,-0.02051583971255344
2015-03-09,28844.779296875,-0.004677108285748521
2015-03-10,28709.869140625,-0.0017659160514340577
2015-03-11,28659.169921875,0.00946434370271021
2015-03-12,28930.41015625,-0.014763336319576159
2015-03-13,28503.30078125,-0.002301131516429411
2015-03-16,28437.7109375,0.010502600667522621
2015-03-17,28736.380859375,-0.003976204216848078
2015-03-18,28622.119140625,-0.005326272942998811
2015-03-19,28469.669921875,-0.007326739098921786
2015-03-20,28261.080078125,-0.0024436626867794242
2015-03-23,28192.01953125,-0.0010747306730337636
2015-03-24,28161.720703125,-0.001771575875136877
2015-03-25,28111.830078125,-0.023273120183986196
2015-03-26,27457.580078125,3.862492149653285e-05
2015-03-27,27458.640625,0.018836283888325145
2015-03-30,27975.859375,-0.0006566068401607783
2015-03-31,27957.490234375,0.010825377674741343
2015-04-01,28260.140625,0.008645403281676067
2015-04-06,28504.4609375,0.00042550905546301365
2015-04-07,28516.58984375,0.006703471814035966
2015-04-08,28707.75,0.0061816386690005665
2015-04-09,28885.2109375,-0.00020183609313484396
2015-04-10,28879.380859375,0.005715447798335216
2015-04-13,29044.439453125,-0.008426742075535731
2015-04-15,28799.689453125,-0.004640688603345211
2015-04-16,28666.0390625,-0.007812012417786396
2015-04-17,28442.099609375,-0.019544572289303508
2015-04-20,27886.2109375,-0.007536767023352486
2015-04-21,27676.0390625,0.007735637183902133
2015-04-22,27890.130859375,-0.005561513099636817
2015-04-23,27735.01953125,-0.010711370792087171
2015-04-24,27437.939453125,-0.009510525351067445
2015-04-27,27176.990234375,0.008072660846840218
2015-04-28,27396.380859375,-0.006221667480457382
2015-04-29,27225.9296875,-0.007882894839162713
2015-04-30,27011.310546875,0.017743652091343876
2015-05-04,27490.58984375,-0.0018351450091373955
2015-05-05,27440.140625,-0.026339933685197714
2015-05-06,26717.369140625,-0.004426325249411667
2015-05-07,26599.109375,0.01903376699055359
2015-05-08,27105.390625,0.014827683607677278
2015-05-11,27507.30078125,-0.022896478193502268
2015-05-12,26877.48046875,0.013900824560523883
2015-05-13,27251.099609375,-0.0016527429404905591
2015-05-14,27206.060546875,0.004335043396738625
2015-05-15,27324.0,0.013296032105475142
2015-05-18,27687.30078125,-0.0015086874919669757
2015-05-19,27645.529296875,0.006933549311594067
2015-05-20,27837.2109375,-0.001000866365080677
2015-05-21,27809.349609375,0.005327359061107151
2015-05-22,27957.5,-0.011217710475722065
2015-05-25,27643.880859375,-0.004068556932984246
2015-05-26,27531.41015625,0.0012077114761392949
2015-05-27,27564.66015625,-0.002102301222707492
2015-05-28,27506.7109375,0.011696364438337437
2015-05-29,27828.439453125,0.0007384812678632446
2015-06-01,27848.990234375,-0.023721124875277777
2015-06-02,27188.380859375,-0.012916607371413424
2015-06-03,26837.19921875,-0.0008860573221958212
2015-06-04,26813.419921875,-0.0016756418103661685
2015-06-05,26768.490234375,-0.009167509578477007
2015-06-08,26523.08984375,-0.0015774875399692245
2015-06-09,26481.25,0.013566202501770208
2015-06-10,26840.5,-0.01749295025241704
2015-06-11,26370.98046875,0.002059851834647297
2015-06-12,26425.30078125,0.0061021065128012975
2015-06-15,26586.55078125,0.0037597575254288973
2015-06-16,26686.509765625,0.005476564448051446
2015-06-17,26832.66015625,0.010553181094459685
2015-06-18,27115.830078125,0.0073882983914852485
2015-06-19,27316.169921875,0.015157359791257985
2015-06-22,27730.2109375,0.0026742747573085257
2015-06-23,27804.369140625,-0.0026866000221834607
2015-06-24,27729.669921875,0.005997214597885048
2015-06-25,27895.970703125,-0.0030158785392463416
2015-06-26,27811.83984375,-0.005993470912441623
2015-06-29,27645.150390625,0.004907901949631421
2015-06-30,27780.830078125,0.008640456812304187
2015-07-01,28020.869140625,-0.002679016093264708
2015-07-02,27945.80078125,0.005259762724302508
2015-07-03,28092.7890625,0.004128130634056815
2015-07-06,28208.759765625,-0.0013141418767788071
2015-07-07,28171.689453125,-0.0171792590148091
2015-07-08,27687.720703125,-0.004119535446705291
2015-07-09,27573.66015625,0.0031820307452041785
2015-07-10,27661.400390625,0.010837812195567897
2015-07-13,27961.189453125,-0.0010117260049835597
2015-07-14,27932.900390625,0.009500935032298763
2015-07-15,28198.2890625,0.008788833874838975
2015-07-16,28446.119140625,0.0006043497942553877
2015-07-17,28463.310546875,-0.0015174414156382543
2015-07-20,28420.119140625,-0.008373593173464977
2015-07-21,28182.140625,0.011453674395963231
2015-07-22,28504.9296875,-0.004704093124243025
2015-07-23,28370.83984375,-0.009112500662610934
2015-07-24,28112.310546875,-0.019597453100888673
2015-07-27,27561.380859375,-0.003706287110438966
2015-07-28,27459.23046875,0.0037946882331092446
2015-07-29,27563.4296875,0.005148848437368514
2015-07-30,27705.349609375,0.014770105530865774
2015-07-31,28114.560546875,0.0025787349540506987
2015-08-03,28187.060546875,-0.004084528756857719
2015-08-04,28071.9296875,0.005384396167546157
2015-08-05,28223.080078125,0.0026591988203361616
2015-08-06,28298.130859375,-0.0021817778241896013
2015-08-07,28236.390625,-0.004769374516152447
2015-08-10,28101.720703125,-0.008384926384554015
2015-08-11,27866.08984375,-0.012697514438121282
2015-08-12,27512.259765625,0.0013546517649767331
2015-08-13,27549.529296875,0.01879455886234438
2015-08-14,28067.310546875,-0.006735273595568914
2015-08-17,27878.26953125,-0.0016762327624968432
2015-08-18,27831.5390625,0.003596695183662124
2015-08-19,27931.640625,-0.011593315152786499
2015-08-20,27607.8203125,-0.008756576841763342
2015-08-21,27366.0703125,-0.059362186352454605
2015-08-24,25741.560546875,0.011297695490155801
2015-08-25,26032.380859375,-0.012204826936164759
2015-08-26,25714.66015625,0.020086957935139482
2015-08-27,26231.189453125,0.0061450284798578725
2015-08-28,26392.380859375,-0.004141006308120865
2015-08-31,26283.08984375,-0.0223204499209404
2015-09-01,25696.439453125,-0.009451850583932275
2015-09-02,25453.560546875,0.012226923986798033
2015-09-03,25764.779296875,-0.021846835936928488
2015-09-04,25201.900390625,-0.012224865544846253
2015-09-07,24893.810546875,0.017034699968954126
2015-09-08,25317.869140625,0.01586669617686809
2015-09-09,25719.580078125,-0.003787392949422541
2015-09-10,25622.169921875,-0.0004667436213039444
2015-09-11,25610.2109375,0.009624609568876119
2015-09-14,25856.69921875,-0.005830965892996476
2015-09-15,25705.9296875,0.01003819036159892
2015-09-16,25963.970703125,0.009818970142895678
2015-09-18,26218.91015625,-0.0009889689291230352
2015-09-21,26192.98046875,-0.020659757511964583
2015-09-22,25651.83984375,0.006672051270688817
2015-09-23,25822.990234375,0.0015687480519228636
2015-09-24,25863.5,-0.009536998327759227
2015-09-28,25616.83984375,0.0063169506265028375
2015-09-29,25778.66015625,0.014592299196116265
2015-09-30,26154.830078125,0.002527989684027787
2015-10-01,26220.94921875,0.021532460849901902
2015-10-05,26785.55078125,0.005500356491759506
2015-10-06,26932.880859375,0.003823161381719009
2015-10-07,27035.849609375,-0.007029150747831614
2015-10-08,26845.810546875,0.008705239811699572
2015-10-09,27079.509765625,-0.006477236557939969
2015-10-12,26904.109375,-0.002140196403546568
2015-10-13,26846.529296875,-0.0024907927533405205
2015-10-14,26779.66015625,0.008606549426140031
2015-10-15,27010.140625,0.0075697119542486035
2015-10-16,27214.599609375,0.005523517327376659
2015-10-19,27364.919921875,-0.0021227850808934745
2015-10-20,27306.830078125,-0.0007020193050659707
2015-10-21,27287.66015625,0.0067118393287028955
2015-10-23,27470.810546875,-0.003962373414110321
2015-10-26,27361.9609375,-0.003966144262207094
2015-10-27,27253.439453125,-0.007840466810346003
2015-10-28,27039.759765625,-0.007456395410780026
2015-10-29,26838.140625,-0.006755704480738367
2015-10-30,26656.830078125,-0.00366433995391513
2015-11-02,26559.150390625,0.0011837522158124614
2015-11-03,26590.58984375,-0.001416663642903493
2015-11-04,26552.919921875,-0.009366981253165152
2015-11-05,26304.19921875,-0.001481093723895932
2015-11-06,26265.240234375,-0.005476433585471119
2015-11-09,26121.400390625,-0.014476276897302798
2015-11-10,25743.259765625,-0.005155930910009876
2015-11-13,25610.529296875,0.005840188258750656
2015-11-16,25760.099609375,0.0040516572269782
2015-11-17,25864.470703125,-0.014767407238256425
2015-11-18,25482.51953125,0.014103801242426384
2015-11-19,25841.919921875,0.0010281864729992929
2015-11-20,25868.490234375,-0.0019000100191269853
2015-11-23,25819.33984375,-0.0016886415237125085
2015-11-24,25775.740234375,0.007095455778844961
2015-11-26,25958.630859375,0.00653225358046039
2015-11-27,26128.19921875,0.0006686531658279815
2015-11-30,26145.669921875,0.000907998702880386
2015-12-01,26169.41015625,-0.00197026018420543
2015-12-02,26117.849609375,-0.008853350188026243
2015-12-03,25886.619140625,-0.00959993131103798
2015-12-04,25638.109375,-0.004212479103678057
2015-12-07,25530.109375,-0.00860863123015898
2015-12-08,25310.330078125,-0.010836654284175129
2015-12-09,25036.05078125,0.008638324516100138
2015-12-10,25252.3203125,-0.008232535562171406
2015-12-11,25044.4296875,0.004229280650294376
2015-12-14,25150.349609375,0.006762921644898334
2015-12-15,25320.439453125,0.006869141739107354
2015-12-16,25494.369140625,0.012136411555952575
2015-12-17,25803.779296875,-0.01102778745997346
2015-12-18,25519.220703125,0.008490842648398944
2015-12-21,25735.900390625,-0.0056438670415787096
2015-12-22,25590.650390625,0.010146299006144943
2015-12-23,25850.30078125,-0.0004483446381562395
2015-12-24,25838.7109375,0.007563067768655118
2015-12-28,26034.130859375,0.0017419290707247903
2015-12-29,26079.48046875,-0.0045802742128292495
2015-12-30,25960.029296875,0.0060673955265513335
2015-12-31,26117.5390625,-0.018921746491596725
2016-01-04,25623.349609375,-0.0016785379851065318
2016-01-05,25580.33984375,-0.0068024806037717545
2016-01-06,25406.330078125,-0.021825269462173447
2016-01-07,24851.830078125,0.0033196750396509156
2016-01-08,24934.330078125,-0.004383154280967916
2016-01-11,24825.0390625,-0.005760706569885143
2016-01-12,24682.029296875,0.006971877233238111
2016-01-13,24854.109375,-0.003264597843792183
2016-01-14,24772.970703125,-0.012833811674628715
2016-01-15,24455.0390625,-0.010904497890740217
2016-01-18,24188.369140625,0.012050035346759636
2016-01-19,24479.83984375,-0.017067137036710256
2016-01-20,24062.0390625,-0.0041487807720992365
2016-01-21,23962.2109375,0.019758160880266162
2016-01-22,24435.66015625,0.0020580193937236313
2016-01-25,24485.94921875,0.00026306540916398724
2016-01-27,24492.390625,-0.0009317307097294059
2016-01-28,24469.5703125,0.016392569853181715
2016-01-29,24870.689453125,-0.0018439124933160578
2016-02-01,24824.830078125,-0.011513878533125022
2016-02-02,24539.0,-0.012864407168181269
2016-02-03,24223.3203125,0.004752006476197224
2016-02-04,24338.4296875,0.011444494127246685
2016-02-05,24616.970703125,-0.01338713789053525
2016-02-08,24287.419921875,-0.010970265840589577
2016-02-09,24020.98046875,-0.010910465476875575
2016-02-10,23758.900390625,-0.03396917783360298
2016-02-11,22951.830078125,0.001493957666263812
2016-02-12,22986.119140625,0.02471056538622629
2016-02-15,23554.119140625,-0.015375163695906746
2016-02-16,23191.970703125,0.008188111305022172
2016-02-17,23381.869140625,0.011434139883859329
2016-02-18,23649.220703125,0.0025341083434551326
2016-02-19,23709.150390625,0.0033589846351680386
2016-02-22,23788.7890625,-0.01591545387221205
2016-02-23,23410.1796875,-0.013722662717174039
2016-02-24,23088.9296875,-0.004891075031561054
2016-02-25,22976.0,0.0077603055906163565
2016-02-26,23154.30078125,-0.0065776454529489214
2016-02-29,23002.0,0.03379487041887663
2016-03-01,23779.349609375,0.01949720522180365
2016-03-02,24242.98046875,0.015015058321488972
2016-03-03,24606.990234375,0.0016048380561322073
2016-03-04,24646.48046875,0.000517315241669758
2016-03-08,24659.23046875,0.005463693156229743
2016-03-09,24793.9609375,-0.006881558544844735
2016-03-10,24623.33984375,0.0038439298334675964
2016-03-11,24717.990234375,0.0034909416858657227
2016-03-14,24804.279296875,-0.010204262416601995
2016-03-15,24551.169921875,0.00534844356879316
2016-03-16,24682.48046875,-0.00020708324398233113
2016-03-17,24677.369140625,0.011158851341923404
2016-03-18,24952.740234375,0.013330355829688445
2016-03-21,25285.369140625,0.0017844743930397478
2016-03-22,25330.490234375,0.00027912260815243783
2016-03-23,25337.560546875,-0.014648614477441368
2016-03-28,24966.400390625,-0.002641127759441031
2016-03-29,24900.4609375,0.017594820502506936
2016-03-30,25338.580078125,0.0001294191254952448
2016-03-31,25341.859375,-0.002849781025588194
2016-04-01,25269.640625,0.005144899666534197
2016-04-04,25399.650390625,-0.020317624019954184
2016-04-05,24883.58984375,0.0006848294692207713
2016-04-06,24900.630859375,-0.008642790566849134
2016-04-07,24685.419921875,-0.00046910598084415334
2016-04-08,24673.83984375,0.014116988466561287
2016-04-11,25022.16015625,0.004932815021934545
2016-04-12,25145.58984375,0.01913497194696334
2016-04-13,25626.75,0.007398884954198159
2016-04-18,25816.359375,0.001077623381976256
2016-04-20,25844.1796875,0.0014007475691910631
2016-04-21,25880.380859375,-0.0016321334142846977
2016-04-22,25838.140625,-0.006161857380168945
2016-04-25,25678.9296875,0.012787569331982107
2016-04-26,26007.30078125,0.002184708049978168
2016-04-27,26064.119140625,-0.01768789993487363
2016-04-28,25603.099609375,0.00013746504539291493
2016-04-29,25606.619140625,-0.00662517908234328
2016-05-02,25436.970703125,-0.008148434292513329
2016-05-03,25229.69921875,-0.005072147269393423
2016-05-04,25101.73046875,0.006393203406824366
2016-05-05,25262.2109375,-0.0013344412958707919
2016-05-06,25228.5,0.018247592009037472
2016-05-09,25688.859375,0.0032570508738285486
2016-05-10,25772.529296875,-0.006809955034032367
2016-05-11,25597.01953125,0.007547799525610133
2016-05-12,25790.220703125,-0.011657534616932197
2016-05-13,25489.5703125,0.0064206714449690505
2016-05-16,25653.23046875,0.004692543747916833
2016-05-17,25773.609375,-0.002677157048361578
2016-05-18,25704.609375,-0.011861245095268091
2016-05-19,25399.720703125,-0.003851235753468907
2016-05-20,25301.900390625,-0.002827495742237174
2016-05-23,25230.359375,0.002977021730393048
2016-05-24,25305.470703125,0.02274999052591853
2016-05-25,25881.169921875,0.01875918929053677
2016-05-26,26366.6796875,0.010881913281292732
2016-05-27,26653.599609375,0.002701323688177437
2016-05-30,26725.599609375,-0.00215668395536317
2016-05-31,26667.9609375,0.0017237444627931087
2016-06-01,26713.9296875,0.004836837523026771
2016-06-02,26843.140625,-4.147358409145596e-06
2016-06-03,26843.029296875,-0.0024430952780964965
2016-06-06,26777.44921875,0.008672248847451769
2016-06-07,27009.669921875,0.00040689998829268603
2016-06-08,27020.66015625,-0.009518613433673218
2016-06-09,26763.4609375,-0.004771839404411837
2016-06-10,26635.75,-0.008972169687356257
2016-06-13,26396.76953125,-4.0103155378390376e-05
2016-06-14,26395.7109375,0.012525857213426361
2016-06-15,26726.33984375,-0.007516139786607368
2016-06-16,26525.4609375,0.0037868981423803127
2016-06-17,26625.91015625,0.009051700550729347
2016-06-20,26866.919921875,-0.0020151407439867874
2016-06-21,26812.779296875,-0.001757703135813804
2016-06-22,26765.650390625,0.008838578889263982
2016-06-23,27002.220703125,-0.02238740925315963
2016-06-24,26397.7109375,0.00019888088071073895
2016-06-27,26402.9609375,0.004605159400031811
2016-06-28,26524.55078125,0.00813736095023998
2016-06-29,26740.390625,0.009698066186159204
2016-06-30,26999.720703125,0.005377442778813357
2016-07-01,27144.91015625,0.004930928435737725
2016-07-04,27278.759765625,-0.004101748978375341
2016-07-05,27166.869140625,0.0012743865909166097
2016-07-07,27201.490234375,-0.002742123431742738
2016-07-08,27126.900390625,0.018424112423575112
2016-07-11,27626.689453125,0.006567966537679881
2016-07-12,27808.140625,0.00025312956356637883
2016-07-13,27815.1796875,0.004563324376331224
2016-07-14,27942.109375,-0.003779577754229546
2016-07-15,27836.5,-0.003227411626820942
2016-07-18,27746.66015625,0.0014761771018330094
2016-07-19,27787.619140625,0.004616137990299141
2016-07-20,27915.890625,-0.007356781000068868
2016-07-21,27710.51953125,0.0033460470858526214
2016-07-22,27803.240234375,0.010505955669650957
2016-07-25,28095.33984375,-0.004229182247333929
2016-07-26,27976.51953125,0.0017089526387152887
2016-07-27,28024.330078125,0.006576038106397064
2016-07-28,28208.619140625,-0.005557158428901587
2016-07-29,28051.859375,-0.0017375045883211149
2016-08-01,28003.119140625,-0.0007644935200786795
2016-08-02,27981.7109375,-0.010156675998468812
2016-08-03,27697.509765625,0.0006086964186551302
2016-08-04,27714.369140625,0.013133276348566092
2016-08-05,28078.349609375,0.003711781660066027
2016-08-08,28182.5703125,-0.003456397169238845
2016-08-09,28085.16015625,-0.011047802296614284
2016-08-10,27774.880859375,0.0030501931017790085
2016-08-11,27859.599609375,0.010509870398549115
2016-08-12,28152.400390625,-0.00311842025571063
2016-08-16,28064.609375,-0.0021108519125789815
2016-08-17,28005.369140625,0.00421598843804305
2016-08-18,28123.439453125,-0.0016512721782271367
2016-08-19,28077.0,-0.003257503917797444
2016-08-22,27985.5390625,0.00016693889617647173
2016-08-23,27990.2109375,0.002491175067622642
2016-08-24,28059.939453125,-0.007983955106148688
2016-08-25,27835.91015625,-0.0019277313351275804
2016-08-26,27782.25,0.004334067840077838
2016-08-29,27902.66015625,0.01578163540354649
2016-08-30,28343.009765625,0.003851396063885737
2016-08-31,28452.169921875,-0.0010083397225510993
2016-09-01,28423.48046875,0.003821801709661621
2016-09-02,28532.109375,0.015628362782063032
2016-09-06,28978.01953125,-0.0017827359179701796
2016-09-07,28926.359375,0.0041111264757975885
2016-09-08,29045.279296875,-0.008539401337472663
2016-09-09,28797.25,-0.015408101033952848
2016-09-12,28353.5390625,0.0006592265681120146
2016-09-14,28372.23046875,0.0014330969253468773
2016-09-15,28412.890625,0.006551205026327667
2016-09-16,28599.029296875,0.0012402764708128178
2016-09-19,28634.5,-0.0038869469084495956
2016-09-20,28523.19921875,-0.0005532092229201258
2016-09-21,28507.419921875,0.00932076414590255
2016-09-22,28773.130859375,-0.003646115424933649
2016-09-23,28668.220703125,-0.013043760550135564
2016-09-26,28294.279296875,-0.002494499944121098
2016-09-27,28223.69921875,0.00244869843564266
2016-09-28,28292.810546875,-0.016445211380789804
2016-09-29,27827.529296875,0.0013810654986647908
2016-09-30,27865.9609375,0.013540825878795237
2016-10-03,28243.2890625,0.003231270924149321
2016-10-04,28334.55078125,-0.004008191743599232
2016-10-05,28220.98046875,-0.0040668158704509905
2016-10-06,28106.2109375,-0.0016035712746987896
2016-10-07,28061.140625,0.00075546532599291
2016-10-10,28082.33984375,-0.015640807396886336
2016-10-13,27643.109375,0.0011029958302222198
2016-10-14,27673.599609375,-0.005190105670291767
2016-10-17,27529.970703125,0.018921565949609587
2016-10-18,28050.880859375,-0.0023711098087592086
2016-10-19,27984.369140625,0.005198284170494949
2016-10-20,28129.83984375,-0.0018720389644060198
2016-10-21,28077.1796875,0.003629295811016453
2016-10-24,28179.080078125,-0.0031108239164290286
2016-10-25,28091.419921875,-0.009074306566166146
2016-10-26,27836.509765625,0.002852032301047913
2016-10-27,27915.900390625,0.0009173759270397763
2016-10-28,27941.509765625,-0.0023227231158726713
2016-11-01,27876.609375,-0.012533399136709034
2016-11-02,27527.220703125,-0.0035216561561187687
2016-11-03,27430.279296875,-0.00569184529841027
2016-11-04,27274.150390625,0.006777107301334517
2016-11-07,27458.990234375,0.004812645676226079
2016-11-08,27591.140625,-0.012272465742796723
2016-11-09,27252.529296875,0.00972938649974786
2016-11-10,27517.6796875,-0.025396740674958118
2016-11-11,26818.8203125,-0.0191727095798222
2016-11-15,26304.630859375,-0.00022586921222211842
2016-11-16,26298.689453125,-0.0027024279147702668
2016-11-17,26227.619140625,-0.00295028328096103
2016-11-18,26150.240234375,-0.014726427211509074
2016-11-21,25765.140625,0.0075931536614697315
2016-11-22,25960.779296875,0.0035064914253539747
2016-11-23,26051.810546875,-0.007356134601669284
2016-11-24,25860.169921875,0.01763986560231867
2016-11-25,26316.33984375,0.001285516083386229
2016-11-28,26350.169921875,0.0016637404570816194
2016-11-29,26394.009765625,0.009805284742565146
2016-11-30,26652.810546875,-0.003485209367943831
2016-12-01,26559.919921875,-0.012396865901459941
2016-12-02,26230.66015625,0.0045153058451248285
2016-12-05,26349.099609375,0.0016569885459944977
2016-12-06,26392.759765625,-0.005906567800576856
2016-12-07,26236.869140625,0.01743386963583049
2016-12-08,26694.279296875,0.001981712637253885
2016-12-09,26747.1796875,-0.008671548022440412
2016-12-12,26515.240234375,0.006885854192197671
2016-12-13,26697.8203125,-0.003557611356966417
2016-12-14,26602.83984375,-0.0031488943188777707
2016-12-15,26519.0703125,-0.001112775269919264
2016-12-16,26489.560546875,-0.004336097910033088
2016-12-19,26374.69921875,-0.0025296497012776697
2016-12-20,26307.98046875,-0.002493525090339843
2016-12-21,26242.380859375,-0.010013620768944964
2016-12-22,25979.599609375,0.002351830293525925
2016-12-23,26040.69921875,-0.00897055825623927
2016-12-26,25807.099609375,0.015745273583645414
2016-12-27,26213.439453125,-0.00010528056152014909
2016-12-28,26210.6796875,0.005931578462619713
2016-12-29,26366.150390625,0.00987290685285469
2016-12-30,26626.4609375,-0.0011646954817913224
2017-01-02,26595.44921875,0.0017969621506264133
2017-01-03,26643.240234375,-0.000379434892718411
2017-01-04,26633.130859375,0.009203175409387532
2017-01-05,26878.240234375,-0.0044277365105471755
2017-01-06,26759.23046875,-0.0012212491513223789
2017-01-09,26726.55078125,0.00647332935106526
2017-01-10,26899.560546875,0.008953663349083207
2017-01-11,27140.41015625,0.0039332493276789116
2017-01-12,27247.16015625,-0.00033396542328878454
2017-01-13,27238.060546875,0.0018396821944706154
2017-01-16,27288.169921875,-0.0019242684934656085
2017-01-17,27235.66015625,0.0008070474012342732
2017-01-18,27257.640625,0.0018695302750546539
2017-01-19,27308.599609375,-0.01003711699961729
2017-01-20,27034.5,0.0030642269599956418
2017-01-23,27117.33984375,0.009523066637914246
2017-01-24,27375.580078125,0.01214807306095178
2017-01-25,27708.140625,0.00629130315380011
2017-01-27,27882.4609375,-0.0011799672453141063
2017-01-30,27849.560546875,-0.00695162169791308
2017-01-31,27655.9609375,0.017561482987251464
2017-02-01,28141.640625,0.003019324677343782
2017-02-02,28226.609375,0.0004928029458020067
2017-02-03,28240.51953125,0.007038105846638443
2017-02-06,28439.279296875,-0.003661103347173844
2017-02-07,28335.16015625,-0.001596611211142962
2017-02-08,28289.919921875,0.0014061297092693437
2017-02-09,28329.69921875,0.0001606364125104065
2017-02-10,28334.25,0.0006130086600140139
2017-02-13,28351.619140625,-0.00043414076949011005
2017-02-14,28339.310546875,-0.006483926265463125
2017-02-15,28155.560546875,0.005175140595493177
2017-02-16,28301.26953125,0.005917772295163992
2017-02-17,28468.75,0.006773394621295337
2017-02-20,28661.580078125,0.003489331898394843
2017-02-21,28761.58984375,0.003585375297757043
2017-02-22,28864.7109375,0.0009790420450144222
2017-02-23,28892.970703125,-0.0027719490866108254
2017-02-27,28812.880859375,-0.002414217002961294
2017-02-28,28743.3203125,0.008390468437639687
2017-03-01,28984.490234375,-0.004992365596390158
2017-03-02,28839.7890625,-0.0002545040719297287
2017-03-03,28832.44921875,0.007482549704265207
2017-03-06,29048.189453125,-0.0016740770135940108
2017-03-07,28999.560546875,-0.0033662956234182806
2017-03-08,28901.939453125,0.0009408159716790543
2017-03-09,28929.130859375,0.0005910861773941178
2017-03-10,28946.23046875,0.017149051278400718
2017-03-14,29442.630859375,-0.001512143550881917
2017-03-15,29398.109375,0.006386132930529698
2017-03-16,29585.849609375,0.002134149461098911
2017-03-17,29648.990234375,-0.004393066980371896
2017-03-20,29518.740234375,-0.0011277925602743988
2017-03-21,29485.44921875,-0.010777164318999999
2017-03-22,29167.6796875,0.005639134497917864
2017-03-23,29332.16015625,0.0030424023972195346
2017-03-24,29421.400390625,-0.006262448338751114
2017-03-27,29237.150390625,0.0058955520056520605
2017-03-28,29409.51953125,0.004145261744941564
2017-03-29,29531.4296875,0.003927687741582586
2017-03-30,29647.419921875,-0.0009080021784674264
2017-03-31,29620.5,0.009781087528063281
2017-04-03,29910.220703125,0.002140389798036768
2017-04-05,29974.240234375,-0.001564689888993831
2017-04-06,29927.33984375,-0.0073755459022561976
2017-04-07,29706.609375,-0.004405388005510158
2017-04-10,29575.740234375,0.007188640869684404
2017-04-11,29788.349609375,-0.004863281871091196
2017-04-12,29643.48046875,-0.006140684127557083
2017-04-13,29461.44921875,-0.001622087974870734
2017-04-17,29413.66015625,-0.0032148514116461246
2017-04-18,29319.099609375,0.0005958812977808758
2017-04-19,29336.5703125,0.0029253696524789152
2017-04-20,29422.390625,-0.0019403536740991711
2017-04-21,29365.30078125,0.00989395833757345
2017-04-24,29655.83984375,0.009691190407665085
2017-04-25,29943.240234375,0.0063489914088106225
2017-04-26,30133.349609375,-0.0034383623574248956
2017-04-27,30029.740234375,-0.003707652576446563
2017-04-28,29918.400390625,9.289590481809107e-05
2017-05-02,29921.1796875,-0.0008816131758675461
2017-05-03,29894.80078125,0.00774081613533073
2017-05-04,30126.2109375,-0.008876328882008067
2017-05-05,29858.80078125,0.0022556032932605774
2017-05-08,29926.150390625,0.00023723764274152792
2017-05-09,29933.25,0.010520739374274335
2017-05-10,30248.169921875,9.291626178575818e-05
2017-05-11,30250.98046875,-0.002076960057208921
2017-05-12,30188.150390625,0.004437792586378775
2017-05-15,30322.119140625,0.00859044407621945
2017-05-16,30582.599609375,0.002490629405214051
2017-05-17,30658.76953125,-0.0073055922391699335
2017-05-18,30434.7890625,0.0009900137409568632
2017-05-19,30464.919921875,0.0034810786150745177
2017-05-22,30570.970703125,-0.006729282662390923
2017-05-23,30365.25,-0.002094808210042709
2017-05-24,30301.640625,0.01479750477619568
2017-05-25,30750.029296875,0.009046548799654941
2017-05-26,31028.2109375,0.002612730702981736
2017-05-29,31109.279296875,0.0016111300191719025
2017-05-30,31159.400390625,-0.0004364528586722205
2017-05-31,31145.80078125,-0.00026362903807386484
2017-06-01,31137.58984375,0.004358051455843004
2017-06-02,31273.2890625,0.001157574817367335
2017-06-05,31309.490234375,-0.003798518807228146
2017-06-06,31190.560546875,0.002587922390131281
2017-06-07,31271.279296875,-0.001852176283711815
2017-06-08,31213.359375,0.0015602669129555213
2017-06-09,31262.060546875,-0.005321508730224411
2017-06-12,31095.69921875,0.0002505496200677637
2017-06-13,31103.490234375,0.0016853388954101156
2017-06-14,31155.91015625,-0.002573498482242753
2017-06-15,31075.73046875,-0.0006220313354963203
2017-06-16,31056.400390625,0.008216339262293593
2017-06-19,31311.5703125,-0.0004484289827966226
2017-06-20,31297.529296875,-0.0004437625648739951
2017-06-21,31283.640625,0.00022694319564986465
2017-06-22,31290.740234375,-0.004874582567638841
2017-06-23,31138.2109375,-0.005779424446099801
2017-06-27,30958.25,-0.004003123157801269
2017-06-28,30834.3203125,0.0007523830107127871
2017-06-29,30857.51953125,0.002076960323563748
2017-06-30,30921.609375,0.009702268791596413
2017-07-03,31221.619140625,-0.0003789066182543488
2017-07-04,31209.7890625,0.0011461623243709251
2017-07-05,31245.560546875,0.00396150028063369
2017-07-06,31369.33984375,-0.00027762727613589444
2017-07-07,31360.630859375,0.011320236739398082
2017-07-10,31715.640625,0.0009915996691300943
2017-07-11,31747.08984375,0.001818449156572477
2017-07-12,31804.8203125,0.007312116358148435
2017-07-13,32037.380859375,-0.0005191079585438185
2017-07-14,32020.75,0.0016873214048702678
2017-07-17,32074.779296875,-0.011341903840798806
2017-07-18,31710.990234375,0.007705826062003984
2017-07-19,31955.349609375,-0.0015943877745919766
2017-07-20,31904.400390625,0.0039019769326735787
2017-07-21,32028.890625,0.006774462411621496
2017-07-24,32245.869140625,-0.0005457942317587117
2017-07-25,32228.26953125,0.004784352634896738
2017-07-26,32382.4609375,2.5935142842214987e-05
2017-07-27,32383.30078125,-0.0022672155124319193
2017-07-28,32309.880859375,0.00634662178553036
2017-07-31,32514.939453125,0.0018523936923466877
2017-08-01,32575.169921875,-0.0030216170087850047
2017-08-02,32476.740234375,-0.007354782939304361
2017-08-03,32237.880859375,0.002715107027562169
2017-08-04,32325.41015625,-0.001600605657435028
2017-08-07,32273.669921875,-0.00804000503748492
2017-08-08,32014.189453125,-0.00675792868945746
2017-08-09,31797.83984375,-0.00838137958221663
2017-08-10,31531.330078125,-0.01007696895715271
2017-08-11,31213.58984375,0.007542850864113104
2017-08-14,31449.029296875,0.010234380371065388
2017-08-16,31770.890625,0.0007733592611554041
2017-08-17,31795.4609375,-0.008516349252878364
2017-08-18,31524.6796875,-0.008432443430357983
2017-08-21,31258.849609375,0.001055701038662038
2017-08-22,31291.849609375,0.008825306260172638
2017-08-23,31568.009765625,0.0008885825067295183
2017-08-24,31596.060546875,0.004898071561655781
2017-08-28,31750.8203125,-0.011414813347588204
2017-08-29,31388.390625,0.008221839583404833
2017-08-30,31646.4609375,0.00265525099444619
2017-08-31,31730.490234375,0.005097312811126464
2017-09-01,31892.23046875,-0.005956951456755455
2017-09-04,31702.25,0.0033846424543999554
2017-09-05,31809.55078125,-0.004639489540103514
2017-09-06,31661.970703125,2.430459105706717e-05
2017-09-07,31662.740234375,0.000782601148592299
2017-09-08,31687.51953125,0.006142501144908108
2017-09-11,31882.16015625,0.00867256166598862
2017-09-12,32158.66015625,0.0008629090846810072
2017-09-13,32186.41015625,0.0017249370458052304
2017-09-14,32241.9296875,0.0009515462566092037
2017-09-15,32272.609375,0.004683550340434772
2017-09-18,32423.759765625,-0.0006597206849120463
2017-09-19,32402.369140625,-5.7383921278408856e-05
2017-09-20,32400.509765625,-0.0009404390037507371
2017-09-21,32370.0390625,-0.013827589411022245
2017-09-22,31922.439453125,-0.009266478339926554
2017-09-25,31626.630859375,-0.000849635039200991
2017-09-26,31599.759765625,-0.013922549475473778
2017-09-27,31159.810546875,0.003936799348971176
2017-09-28,31282.48046875,3.964629263464303e-05
2017-09-29,31283.720703125,0.006829755267206972
2017-10-03,31497.380859375,0.005534748393948075
2017-10-04,31671.7109375,-0.0025158615769840242
2017-10-05,31592.029296875,0.00703314763866647
2017-10-06,31814.220703125,0.0010268968138449353
2017-10-09,31846.890625,0.002434131864325506
2017-10-10,31924.41015625,-0.0028323129991266738
2017-10-11,31833.990234375,0.010938951296591615
2017-10-12,32182.220703125,0.007782829914396716
2017-10-13,32432.689453125,0.006195945364488864
2017-10-16,32633.640625,-0.0007501605178321658
2017-10-17,32609.16015625,-0.0007608459327415051
2017-10-18,32584.349609375,-0.005965706672232396
2017-10-19,32389.9609375,0.0036048134127206755
2017-10-23,32506.720703125,0.0030953334710051017
2017-10-24,32607.33984375,0.013345466337800982
2017-10-25,33042.5,0.0031664948551108907
2017-10-26,33147.12890625,0.000304395707348748
2017-10-27,33157.21875,0.003285601457450271
2017-10-30,33266.16015625,-0.0015941500236550388
2017-10-31,33213.12890625,0.01165625274549642
2017-11-01,33600.26953125,-0.0008050763171658648
2017-11-02,33573.21875,0.0033461147882938302
2017-11-03,33685.55859375,0.0013546699061854905
2017-11-06,33731.19140625,-0.010685353006333997
2017-11-07,33370.76171875,-0.004553480866893778
2017-11-08,33218.80859375,0.0009669550206579114
2017-11-09,33250.9296875,0.0019135978105875306
2017-11-10,33314.55859375,-0.008434750807495783
2017-11-13,33033.55859375,-0.0027755865218029863
2017-11-14,32941.87109375,-0.0055076300951047985
2017-11-15,32760.439453125,0.010573144474164131
2017-11-16,33106.8203125,0.007127850591586382
2017-11-17,33342.80078125,0.0005127840448129195
2017-11-20,33359.8984375,0.003550763957567815
2017-11-21,33478.3515625,0.0024851647368202556
2017-11-22,33561.55078125,0.0007904087603967103
2017-11-23,33588.078125,0.0027140628859663174
2017-11-24,33679.23828125,0.0013421658952770255
2017-11-27,33724.44140625,-0.003138719518728128
2017-11-28,33618.58984375,-0.0004708146615776121
2017-11-29,33602.76171875,-0.013493240824815955
2017-11-30,33149.3515625,-0.009544987800242155
2017-12-01,32832.94140625,0.001120135515576992
2017-12-04,32869.71875,-0.0020467879345635875
2017-12-05,32802.44140625,-0.006257513463948761
2017-12-06,32597.1796875,0.010799438889340207
2017-12-07,32949.2109375,0.009137998610076803
2017-12-08,33250.30078125,0.006180042779218242
2017-12-11,33455.7890625,-0.0068090093712761535
2017-12-12,33227.98828125,-0.005265116180648288
2017-12-13,33053.0390625,0.005859072622151462
2017-12-14,33246.69921875,0.006504992565638856
2017-12-15,33462.96875,0.004145207155297648
2017-12-18,33601.6796875,0.006995441773627764
2017-12-19,33836.73828125,-0.001754287736205784
2017-12-20,33777.37890625,-0.0006246090411147209
2017-12-21,33756.28125,0.005451415986469144
2017-12-22,33940.30078125,0.002071537144091584
2017-12-26,34010.609375,-0.0029049988537583893
2017-12-27,33911.80859375,-0.0018806824641536268
2017-12-28,33848.03125,0.006168656411885021
2017-12-29,34056.828125,-0.007166789699385778
2018-01-01,33812.75,-1.4440743506538567e-05
2018-01-02,33812.26171875,-0.0005584604974688823
2018-01-03,33793.37890625,0.005215865487703697
2018-01-04,33969.640625,0.005422810901462016
2018-01-05,34153.8515625,0.005824745699206213
2018-01-08,34352.7890625,0.0026315867275150673
2018-01-09,34443.19140625,-0.000293848895435489
2018-01-10,34433.0703125,0.0020450679567902696
2018-01-11,34503.48828125,0.0025766190080644957
2018-01-12,34592.390625,0.0072594316036809214
2018-01-15,34843.51171875,-0.002079610634108553
2018-01-16,34771.05078125,0.00893759389686255
2018-01-17,35081.8203125,0.005087214643090032
2018-01-18,35260.2890625,0.007126687533802745
2018-01-19,35511.578125,0.008065921281835475
2018-01-22,35798.01171875,0.009552730265767417
2018-01-23,36139.98046875,0.0005993405632505056
2018-01-24,36161.640625,-0.0030750601142007783
2018-01-25,36050.44140625,0.0064578569545514775
2018-01-29,36283.25,-0.006876989554408741
2018-01-30,36033.73046875,-0.0019068505149526516
2018-01-31,35965.01953125,-0.0016226704659312308
2018-02-01,35906.66015625,-0.023391486498468006
2018-02-02,35066.75,-0.00882858673102016
2018-02-05,34757.16015625,-0.016146852834841963
2018-02-06,34195.94140625,-0.003311225370426718
2018-02-07,34082.7109375,0.009695508651174078
2018-02-08,34413.16015625,-0.011838448885549635
2018-02-09,34005.76171875,0.00866638523457941
2018-02-12,34300.46875,-0.004213339832272678
2018-02-14,34155.94921875,0.004143334748030192
2018-02-15,34297.46875,-0.00835942247924637
2018-02-16,34010.76171875,-0.006941966323848581
2018-02-19,33774.66015625,-0.002104249522310808
2018-02-20,33703.58984375,0.004191527724640709
2018-02-21,33844.859375,-0.0007492829182422778
2018-02-22,33819.5,0.009540307736660703
2018-02-23,34142.1484375,0.008892280550410137
2018-02-26,34445.75,-0.002884517683603982
2018-02-27,34346.390625,-0.004726888605926072
2018-02-28,34184.0390625,-0.004010575110780179
2018-03-01,34046.94140625,-0.008816068165080404
2018-03-05,33746.78125,-0.012729570505335186
2018-03-06,33317.19921875,-0.008527408715679585
2018-03-07,33033.08984375,0.00964125579097952
2018-03-08,33351.5703125,-0.0013321617867974034
2018-03-09,33307.140625,0.01833843343464725
2018-03-12,33917.94140625,-0.0018031800785742735
2018-03-13,33856.78125,-0.0006215289219201336
2018-03-14,33835.73828125,-0.004439070236963993
2018-03-15,33685.5390625,-0.01512634432106319
2018-03-16,33176.0,-0.007622344654268143
2018-03-19,32923.12109375,0.0022367449547175955
2018-03-20,32996.76171875,0.004225201549725943
2018-03-21,33136.1796875,-0.003920492871391734
2018-03-22,33006.26953125,-0.01241371638082489
2018-03-23,32596.5390625,0.014414754058677204
2018-03-26,33066.41015625,0.0032655637016463235
2018-03-27,33174.390625,-0.006200895739889689
2018-03-28,32968.6796875,0.008695516175271534
2018-04-02,33255.359375,0.00346619412378546
2018-04-03,33370.62890625,-0.01053497057959718
2018-04-04,33019.0703125,0.017496872664258145
2018-04-05,33596.80078125,0.000897941710177319
2018-04-06,33626.96875,0.004804783734781326
2018-04-09,33788.5390625,0.002714261700701437
2018-04-10,33880.25,0.0017765927420843042
2018-04-11,33940.44140625,0.004734396293691434
2018-04-12,34101.12890625,0.002683768373229034
2018-04-13,34192.6484375,0.0032984063871550617
2018-04-16,34305.4296875,0.002612674059659481
2018-04-17,34395.05859375,-0.0018426747574000757
2018-04-18,34331.6796875,0.002784873209533467
2018-04-19,34427.2890625,-0.0003401643817710909
2018-04-20,34415.578125,0.0010225429345449566
2018-04-23,34450.76953125,0.004814728263168089
2018-04-24,34616.640625,-0.0033328217778209046
2018-04-25,34501.26953125,0.006154325163532759
2018-04-26,34713.6015625,0.007377444134942568
2018-04-27,34969.69921875,0.005452153164296369
2018-04-30,35160.359375,0.00045683548989616796
2018-05-02,35176.421875,-0.0020832491223924388
2018-05-03,35103.140625,-0.0053488581194435225
2018-05-04,34915.37890625,0.008384893073510202
2018-05-07,35208.140625,0.0002323237568016001
2018-05-08,35216.3203125,0.002925667675831134
2018-05-09,35319.3515625,-0.0020691781705186596
2018-05-10,35246.26953125,0.008214189334088351
2018-05-11,35535.7890625,0.0005887550425067722
2018-05-14,35556.7109375,-0.0003591313963894338
2018-05-15,35543.94140625,-0.004390692023044984
2018-05-16,35387.87890625,-0.0067468811321673705
2018-05-17,35149.12109375,-0.00855840212043002
2018-05-18,34848.30078125,-0.006662358559672454
2018-05-21,34616.12890625,0.0010142490252185166
2018-05-22,34651.23828125,-0.008840322603009376
2018-05-23,34344.91015625,0.009264814416528377
2018-05-24,34663.109375,0.0075515937107129005
2018-05-25,34924.87109375,0.00688934182045009
2018-05-28,35165.48046875,-0.006149274362742263
2018-05-29,34949.23828125,-0.0012340442416205466
2018-05-30,34906.109375,0.011925406145324668
2018-05-31,35322.37890625,-0.002692830733525997
2018-06-01,35227.26171875,-0.006113761991195732
2018-06-04,35011.890625,-0.003104079373034474
2018-06-05,34903.2109375,0.00789806901272283
2018-06-06,35178.87890625,0.008078688906129727
2018-06-07,35463.078125,-0.0005472240715145293
2018-06-08,35443.671875,0.0011228203200941422
2018-06-11,35483.46875,0.005891497889422004
2018-06-12,35692.51953125,0.001306733893054579
2018-06-13,35739.16015625,-0.0038988001715992704
2018-06-14,35599.8203125,0.0006269782348358177
2018-06-15,35622.140625,-0.0020739603222539316
2018-06-18,35548.26171875,-0.007356855858919764
2018-06-19,35286.73828125,0.007384922960943285
2018-06-20,35547.328125,-0.0032333653768809034
2018-06-21,35432.390625,0.007259203597696828
2018-06-22,35689.6015625,-0.006143245942828668
2018-06-25,35470.3515625,0.0005550410168704278
2018-06-26,35490.0390625,-0.007690318035980637
2018-06-27,35217.109375,-0.005096067030629148
2018-06-28,35037.640625,0.011012152555577526
2018-06-29,35423.48046875,-0.004490533126476071
2018-07-02,35264.41015625,0.0032381487665336106
2018-07-03,35378.6015625,0.007541193354651865
2018-07-04,35645.3984375,-0.0019875680832751597
2018-07-05,35574.55078125,0.0023418031126314354
2018-07-06,35657.859375,0.007764329655585156
2018-07-09,35934.71875,0.008484895787586932
2018-07-10,36239.62109375,0.0007259621639514879
2018-07-11,36265.9296875,0.007789141797386989
2018-07-12,36548.41015625,-0.00018554158637840157
2018-07-13,36541.62890625,-0.005961950288503326
2018-07-16,36323.76953125,0.005401185195859526
2018-07-17,36519.9609375,-0.004012039648693788
2018-07-18,36373.44140625,-0.0006106361301349006
2018-07-19,36351.23046875,0.003992729355469127
2018-07-20,36496.37109375,0.0060891113853249745
2018-07-23,36718.6015625,0.0029004372570868853
2018-07-24,36825.1015625,0.0008996283742428446
2018-07-25,36858.23046875,0.003429631717051018
2018-07-26,36984.640625,0.009523167767700791
2018-07-27,37336.8515625,0.004219607931758018
2018-07-30,37494.3984375,0.002991905249180027
2018-07-31,37606.578125,-0.002259100282073323
2018-08-01,37521.62109375,-0.009500147571166018
2018-08-02,37165.16015625,0.01052060581351344
2018-08-03,37556.16015625,0.003614066725280196
2018-08-06,37691.890625,-0.000692187187147808
2018-08-07,37665.80078125,0.005887510895836057
2018-08-08,37887.55859375,0.003611013881020364
2018-08-09,38024.37109375,-0.0040800313203733785
2018-08-10,37869.23046875,-0.005923860307515905
2018-08-13,37644.8984375,0.005501450956066245
2018-08-14,37852.0,-0.004978373830973215
2018-08-16,37663.55859375,0.007548949783708903
2018-08-17,37947.87890625,0.00871909322171649
2018-08-20,38278.75,0.00018286908532805235
2018-08-21,38285.75,0.001332394396087233
2018-08-23,38336.76171875,-0.0022161740765508364
2018-08-24,38251.80078125,0.011563078984945685
2018-08-27,38694.109375,0.005233859482002945
2018-08-28,38896.62890625,-0.004465662542855742
2018-08-29,38722.9296875,-0.0008477696616688846
2018-08-30,38690.1015625,-0.0011638958850302972
2018-08-31,38645.0703125,-0.008605257502725672
2018-09-03,38312.51953125,-0.0040351733099646125
2018-09-04,38157.921875,-0.003658828216781651
2018-09-05,38018.30859375,0.00590504965381089
2018-09-06,38242.80859375,0.003844166371557378
2018-09-07,38389.8203125,-0.012181574013456098
2018-09-10,37922.171875,-0.013423360097304604
2018-09-11,37413.12890625,0.00814772888987303
2018-09-12,37717.9609375,0.009880695515792626
2018-09-14,38090.640625,-0.013261234202463612
2018-09-17,37585.51171875,-0.007844507903903675
2018-09-18,37290.671875,-0.00454411563213486
2018-09-19,37121.21875,-0.007532543297760097
2018-09-21,36841.6015625,-0.014564568544603418
2018-09-24,36305.01953125,0.009558982944528616
2018-09-25,36652.05859375,-0.002995440548562267
2018-09-26,36542.26953125,-0.005968366471148956
2018-09-27,36324.171875,-0.002671258420808842
2018-09-28,36227.140625,0.008253480535354907
2018-10-01,36526.140625,-0.015071718756216157
2018-10-03,35975.62890625,-0.02241708552480348
2018-10-04,35169.16015625,-0.02252461734885136
2018-10-05,34376.98828125,0.0028330179538478273
2018-10-08,34474.37890625,-0.0050736274821847616
2018-10-09,34299.46875,0.013452741159438508
2018-10-10,34760.890625,-0.021856234804110364
2018-10-11,34001.1484375,0.021541322018764575
2018-10-12,34733.578125,0.003786636580506375
2018-10-15,34865.1015625,0.008529414598632767
2018-10-16,35162.48046875,-0.010889514580471604
2018-10-17,34779.578125,-0.013339702312734736
2018-10-19,34315.62890625,-0.00528184986774316
2018-10-22,34134.37890625,-0.008412294194326875
2018-10-23,33847.23046875,0.005516861089193137
2018-10-24,34033.9609375,-0.010103763543170441
2018-10-25,33690.08984375,-0.010115177833615041
2018-10-26,33349.30859375,0.021532375753198663
2018-10-29,34067.3984375,-0.005174141241614971
2018-10-30,33891.12890625,0.016255636586316236
2018-10-31,34442.05078125,-0.0002927244754975522
2018-11-01,34431.96875,0.0168355080625473
2018-11-02,35011.6484375,-0.0017344673904288177
2018-11-05,34950.921875,0.0011727382012007848
2018-11-06,34991.91015625,0.007023610033078054
2018-11-07,35237.6796875,-0.0022455765235323
2018-11-09,35158.55078125,-0.009828690100170068
2018-11-12,34812.98828125,0.009522308091504561
2018-11-13,35144.48828125,-7.11349096903513e-05
2018-11-14,35141.98828125,0.0033734796193434224
2018-11-15,35260.5390625,0.005576236182931904
2018-11-16,35457.16015625,0.008960637247876102
2018-11-19,35774.87890625,-0.008396036455836198
2018-11-20,35474.51171875,-0.007743896228310954
2018-11-21,35199.80078125,-0.006215411597344622
2018-11-22,34981.01953125,0.01066460036754302
2018-11-26,35354.078125,0.004499127354915311
2018-11-27,35513.140625,0.005738962822300353
2018-11-28,35716.94921875,0.012695959409152247
2018-11-29,36170.41015625,0.0006605019101746379
2018-11-30,36194.30078125,0.0012902367981146856
2018-12-03,36241.0,-0.0029439421166634894
2018-12-04,36134.30859375,-0.006915821755704599
2018-12-05,35884.41015625,-0.01594790739232277
2018-12-06,35312.12890625,0.010226545522325825
2018-12-07,35673.25,-0.020001857133846834
2018-12-10,34959.71875,0.0054432065117799855
2018-12-11,35150.01171875,0.017896397838594202
2018-12-12,35779.0703125,0.004208334961889548
2018-12-13,35929.640625,0.0009265069708723761
2018-12-14,35962.9296875,0.008540478422333742
2018-12-17,36270.0703125,0.0021231779215344915
2018-12-18,36347.078125,0.003776094450508083
2018-12-19,36484.328125,-0.0014432566722784035
2018-12-20,36431.671875,-0.018928627949496235
2018-12-21,35742.0703125,-0.007607893796373055
2018-12-24,35470.1484375,0.005068853012182961
2018-12-26,35649.94140625,0.004413467106636482
2018-12-27,35807.28125,0.007524656734445578
2018-12-28,36076.71875,-0.00023257727672365558
2018-12-31,36068.328125,-0.004902045726578819
2019-01-02,35891.51953125,-0.010526402857395034
2019-01-03,35513.7109375,0.00510762238616036
2019-01-04,35695.1015625,0.004343974017793517
2019-01-07,35850.16015625,0.0036476693738620725
2019-01-08,35980.9296875,0.0064473172529111444
2019-01-09,36212.91015625,-0.002938459123855708
2019-01-10,36106.5,-0.00267708463157601
2019-01-11,36009.83984375,-0.004339959596546872
2019-01-14,35853.55859375,0.01296299584976257
2019-01-15,36318.328125,8.152736243283165e-05
2019-01-16,36321.2890625,0.0014533917672681085
2019-01-17,36374.078125,0.00034451044936267827
2019-01-18,36386.609375,0.005286328289553666
2019-01-21,36578.9609375,-0.0036720647349579583
2019-01-22,36444.640625,-0.00922417862365732
2019-01-23,36108.46875,0.002399238059631159
2019-01-24,36195.1015625,-0.004684680873383029
2019-01-25,36025.5390625,-0.010238287985367966
2019-01-28,35656.69921875,-0.0018004812603698017
2019-01-29,35592.5,-3.511975837611203e-05
2019-01-30,35591.25,0.018696769746777697
2019-01-31,36256.69140625,0.005867559145601664
2019-02-01,36469.4296875,0.0031069472355591543
2019-02-04,36582.73828125,0.0009313220961773006
2019-02-05,36616.80859375,0.009788452046068707
2019-02-06,36975.23046875,-0.00011198375094645385
2019-02-07,36971.08984375,-0.011484902846914058
2019-02-08,36546.48046875,-0.004144016518348503
2019-02-11,36395.03125,-0.006633052588737698
2019-02-12,36153.62109375,-0.007672878548753648
2019-02-14,35876.21875,-0.001875045185747215
2019-02-15,35808.94921875,-0.0086712349642869
2019-02-18,35498.44140625,-0.004108124905571886
2019-02-19,35352.609375,0.011417893923141298
2019-02-20,35756.26171875,0.003973845053144576
2019-02-21,35898.3515625,-0.000748532803886981
2019-02-22,35871.48046875,0.009531205097538464
2019-02-25,36213.37890625,-0.006618216139688493
2019-02-26,35973.7109375,-0.0018980874705595285
2019-02-27,35905.4296875,-0.0010580093757581732
2019-02-28,35867.44140625,0.00547480332583139
2019-03-01,36063.80859375,0.010501676986374608
2019-03-05,36442.5390625,0.005311443850496644
2019-03-06,36636.1015625,0.0024380408583490887
2019-03-07,36725.421875,-0.0014701584010053947
2019-03-08,36671.4296875,0.01043515014988472
2019-03-11,37054.1015625,0.012996094182387452
2019-03-12,37535.66015625,0.00576816067304331
2019-03-13,37752.171875,7.201572426085434e-05
2019-03-14,37754.890625,0.007136285737816328
2019-03-15,38024.3203125,0.0018606512731469405
2019-03-18,38095.0703125,0.007045490014804701
2019-03-19,38363.46875,0.000606859878905075
2019-03-20,38386.75,-0.0057869088943450775
2019-03-22,38164.609375,-0.009320132567189443
2019-03-25,37808.91015625,0.011227512198730416
2019-03-26,38233.41015625,-0.0026294084045643817
2019-03-27,38132.87890625,0.010826348694127352
2019-03-28,38545.71875,0.008461441486286914
2019-04-01,38871.87109375,0.004753497543361407
2019-04-02,39056.6484375,-0.004596588568967608
2019-04-03,38877.12109375,-0.004948986404781142
2019-04-04,38684.71875,0.004588678022894976
2019-04-05,38862.23046875,-0.004160832170454709
2019-04-08,38700.53125,0.006167550994535809
2019-04-09,38939.21875,-0.009087680720353486
2019-04-10,38585.3515625,0.0005613569754552294
2019-04-11,38607.01171875,0.0041468543956808546
2019-04-12,38767.109375,0.0035785610788785505
2019-04-15,38905.83984375,0.00950501988223773
2019-04-16,39275.640625,-0.0034463950898317997
2019-04-18,39140.28125,-0.012649412489850187
2019-04-22,38645.1796875,-0.0020778990264592734
2019-04-23,38564.87890625,0.012700695429141318
2019-04-24,39054.6796875,-0.00829145995028202
2019-04-25,38730.859375,0.00868735564946399
2019-04-26,39067.328125,-0.000915786808750485
2019-04-30,39031.55078125,-0.0012841174062209193
2019-05-02,38981.4296875,-0.0004660672760246065
2019-05-03,38963.26171875,-0.009314463394253125
2019-05-06,38600.33984375,-0.008386219883305346
2019-05-07,38276.62890625,-0.012736231322617808
2019-05-08,37789.12890625,-0.0060921952070168706
2019-05-09,37558.91015625,-0.00255390464209293
2019-05-10,37462.98828125,-0.00993428409810726
2019-05-13,37090.8203125,0.006139280166399086
2019-05-14,37318.53125,-0.005457137162920955
2019-05-15,37114.87890625,0.007506465619993907
2019-05-16,37393.48046875,0.014368522420613372
2019-05-17,37930.76953125,0.037486778183567715
2019-05-20,39352.671875,-0.009729227407128893
2019-05-21,38969.80078125,0.0036030503989017415
2019-05-22,39110.2109375,-0.00764046793246731
2019-05-23,38811.390625,0.016060442951469245
2019-05-24,39434.71875,0.006303336764637235
2019-05-27,39683.2890625,0.0016742918195453704
2019-05-28,39749.73046875,-0.006230977784735359
2019-05-29,39502.05078125,0.008351920019975312
2019-05-30,39831.96875,-0.0029566585570792725
2019-05-31,39714.19921875,0.013935113533366073
2019-06-03,40267.62109375,-0.004571465267874331
2019-06-04,40083.5390625,-0.013816652058503576
2019-06-06,39529.71875,0.002180123973181569
2019-06-07,39615.8984375,0.0042563995870501525
2019-06-10,39784.51953125,0.004171004405863377
2019-06-11,39950.4609375,-0.004847311875899374
2019-06-12,39756.80859375,-0.0003885930308910046
2019-06-13,39741.359375,-0.007279294595090802
2019-06-14,39452.0703125,-0.01245261011928045
2019-06-17,38960.7890625,0.002195817469527128
2019-06-18,39046.33984375,0.0017005034982973122
2019-06-19,39112.73828125,0.012499524361718306
2019-06-20,39601.62890625,-0.010280906019392133
2019-06-21,39194.48828125,-0.0018249337314149017
2019-06-24,39122.9609375,0.007974357289786793
2019-06-25,39434.94140625,0.003984707803448062
2019-06-26,39592.078125,-0.00014315916260077
2019-06-27,39586.41015625,-0.004844327396525072
2019-06-28,39394.640625,0.007408606104018833
2019-07-01,39686.5,0.0032751809494413475
2019-07-02,39816.48046875,0.0005718619773003031
2019-07-03,39839.25,0.0017271558513274332
2019-07-04,39908.05859375,-0.009889430422250878
2019-07-05,39513.390625,-0.020064598354118113
2019-07-08,38720.5703125,0.00026471717532250416
2019-07-09,38730.8203125,-0.004486898253066807
2019-07-10,38557.0390625,0.006900693594980245
2019-07-11,38823.109375,-0.0022378142206699314
2019-07-12,38736.23046875,0.004142903602338599
2019-07-15,38896.7109375,0.006024368625319632
2019-07-16,39131.0390625,0.002162006543318995
2019-07-17,39215.640625,-0.008113591475977566
2019-07-18,38897.4609375,-0.014408375386005923
2019-07-19,38337.01171875,-0.007978786003041471
2019-07-22,38031.12890625,-0.0012723951771005382
2019-07-23,37982.73828125,-0.0035566114994054487
2019-07-24,37847.6484375,-0.0004403964166367347
2019-07-25,37830.98046875,0.0013694753111883617
2019-07-26,37882.7890625,-0.005184886688937906
2019-07-29,37686.37109375,-0.007672078900373358
2019-07-30,37397.23828125,0.002243021580073723
2019-07-31,37481.12109375,-0.012347570396638252
2019-08-01,37018.3203125,0.0026986215651245704
2019-08-02,37118.21875,-0.011271524344093176
2019-08-05,36699.83984375,0.0075480361748001545
2019-08-06,36976.8515625,-0.00774407637210528
2019-08-07,36690.5,0.01735760959921495
2019-08-08,37327.359375,0.0068194157184471305
2019-08-09,37581.91015625,-0.016597080813793297
2019-08-13,36958.16015625,0.009561382175304
2019-08-14,37311.53125,0.0010398092412784443
2019-08-16,37350.328125,0.0013965113258291861
2019-08-19,37402.48828125,-0.0019912194595175237
2019-08-20,37328.01171875,-0.007169967342931405
2019-08-21,37060.37109375,-0.01585093157227091
2019-08-22,36472.9296875,0.006257530467266514
2019-08-23,36701.16015625,0.0216058820517957
2019-08-26,37494.12109375,0.003924573592005931
2019-08-27,37641.26953125,-0.005032499962381309
2019-08-28,37451.83984375,-0.010224067972294804
2019-08-29,37068.9296875,0.007118073740580044
2019-08-30,37332.7890625,-0.0206220570598441
2019-09-03,36562.91015625,0.004426018725217196
2019-09-04,36724.73828125,-0.002186983761052641
2019-09-05,36644.421875,0.009205975670751432
2019-09-06,36981.76953125,0.004425956074429749
2019-09-09,37145.44921875,0.003375140061214088
2019-09-11,37270.8203125,-0.0044683498002898725
2019-09-12,37104.28125,0.00756535423388649
2019-09-13,37384.98828125,-0.0069995926046937385
2019-09-16,37123.30859375,-0.017299609714962805
2019-09-17,36481.08984375,0.0022693692226463114
2019-09-18,36563.87890625,-0.012865433600634524
2019-09-19,36093.46875,0.05322714635871617
2019-09-20,38014.62109375,0.028289382487802994
2019-09-23,39090.03125,0.00018187181674345076
2019-09-24,39097.140625,-0.012881276883659587
2019-09-25,38593.51953125,0.010266458068929785
2019-09-26,38989.73828125,-0.0042874863007323905
2019-09-27,38822.5703125,-0.003998761190987299
2019-09-30,38667.328125,-0.00935978735277565
2019-10-01,38305.41015625,-0.0051830553880025665
2019-10-03,38106.87109375,-0.011377541308320915
2019-10-04,37673.30859375,-0.0037514126121496183
2019-10-07,37531.98046875,0.017211155444830428
2019-10-09,38177.94921875,-0.007793786396045221
2019-10-10,37880.3984375,0.006512066865056898
2019-10-11,38127.078125,0.002292088177160867
2019-10-14,38214.46875,0.007631169640425872
2019-10-15,38506.08984375,0.0024125648144739387
2019-10-16,38598.98828125,0.011737880516419885
2019-10-17,39052.05859375,0.0063074859910055014
2019-10-18,39298.37890625,-0.00851279548446704
2019-10-22,38963.83984375,0.0024378572961729628
2019-10-23,39058.828125,-0.000984092504695444
2019-10-24,39020.390625,0.0009653406372069906
2019-10-25,39058.05859375,0.019811052516671035
2019-10-29,39831.83984375,0.005524004185172515
2019-10-30,40051.87109375,0.001926993306238911
2019-10-31,40129.05078125,0.000896618984240094
2019-11-01,40165.03125,0.0034091766703157056
2019-11-04,40301.9609375,-0.0013331973804779906
2019-11-05,40248.23046875,0.005504609237964253
2019-11-06,40469.78125,0.004545540538349213
2019-11-07,40653.73828125,-0.008120505523160237
2019-11-08,40323.609375,0.0005324114168536731
2019-11-11,40345.078125,-0.005676517233166201
2019-11-13,40116.05859375,0.0042482208116665365
2019-11-14,40286.48046875,0.0017427915440382247
2019-11-15,40356.69140625,-0.0017964802731269547
2019-11-18,40284.19140625,0.004604977933632348
2019-11-19,40469.69921875,0.004495743970484023
2019-11-20,40651.640625,-0.0018810741417647492
2019-11-21,40575.171875,-0.005317579908587833
2019-11-22,40359.41015625,0.013127553411925952
2019-11-25,40889.23046875,-0.0016613100007327741
2019-11-26,40821.30078125,0.00488246552499727
2019-11-27,41020.609375,0.0026709135156528507
2019-11-28,41130.171875,-0.00817801788604855
2019-11-29,40793.80859375,0.00020501349440760208
2019-12-02,40802.171875,-0.003105782129397938
2019-12-03,40675.44921875,0.004298412116107819
2019-12-04,40850.2890625,-0.0017306907826730722
2019-12-05,40779.58984375,-0.008201195929910976
2019-12-06,40445.1484375,0.0010453973253512494
2019-12-09,40487.4296875,-0.006114262702293205
2019-12-10,40239.87890625,0.004291548855112959
2019-12-11,40412.5703125,0.0041853468782628855
2019-12-12,40581.7109375,0.010546622853313536
2019-12-13,41009.7109375,-0.0017311067519640844
2019-12-16,40938.71875,0.01009931765390193
2019-12-17,41352.171875,0.004991235723335263
2019-12-18,41558.5703125,0.0027756383733275047
2019-12-19,41673.921875,0.0001827806733152304
2019-12-20,41681.5390625,-0.0009327608126874498
2019-12-23,41642.66015625,-0.004356072278268619
2019-12-24,41461.26171875,-0.007175372568690053
2019-12-26,41163.76171875,0.00999371508028668
2019-12-27,41575.140625,-0.0004122806259299061
2019-12-30,41558.0,-0.007321375397035479
2019-12-31,41253.73828125,0.009039237637270991
2020-01-02,41626.640625,-0.0038924892224593277
2020-01-03,41464.609375,-0.019003687255886526
2020-01-06,40676.62890625,0.004740802001917288
2020-01-07,40869.46875,-0.0012657484996058121
2020-01-08,40817.73828125,0.015547487635823254
2020-01-09,41452.3515625,0.0035550983706631456
2020-01-10,41599.71875,0.0062493849492673
2020-01-13,41859.69140625,0.0022202146475003293
2020-01-14,41952.62890625,-0.0019044917942697692
2020-01-15,41872.73046875,0.0014288087815206296
2020-01-16,41932.55859375,0.00030555016029731874
2020-01-17,41945.37109375,-0.009928650686369833
2020-01-20,41528.91015625,-0.004938765831521197
2020-01-21,41323.80859375,-0.005043816012920033
2020-01-22,41115.37890625,0.006591682685643585
2020-01-23,41386.3984375,0.005479891396988679
2020-01-24,41613.19140625,-0.011007814998567955
2020-01-27,41155.12109375,-0.0045744421045718076
2020-01-28,40966.859375,0.005658251200761022
2020-01-29,41198.66015625,-0.006913813281056114
2020-01-30,40913.8203125,-0.004652022954499069
2020-01-31,40723.48828125,-0.020901443452522317
2020-02-03,39872.30859375,0.023000180948733684
2020-02-04,40789.37890625,0.008661108834532083
2020-02-05,41142.66015625,0.00397084420719418
2020-02-06,41306.03125,-0.003974714648965483
2020-02-07,41141.8515625,-0.003943198047456575
2020-02-10,40979.62109375,0.005771637827224119
2020-02-11,41216.140625,0.008485942817456626
2020-02-12,41565.8984375,-0.0025527987843099176
2020-02-13,41459.7890625,-0.00487341556285803
2020-02-14,41257.73828125,-0.004897187374224621
2020-02-17,41055.69140625,-0.00392911419768327
2020-02-18,40894.37890625,0.010481173824221868
2020-02-19,41323.0,-0.003699608117755271
2020-02-20,41170.12109375,-0.019598937374087355
2020-02-24,40363.23046875,-0.0020323261802226433
2020-02-25,40281.19921875,-0.009737502578310075
2020-02-26,39888.9609375,-0.0035924922054132447
2020-02-27,39745.66015625,-0.03644098721863209
2020-02-28,38297.2890625,-0.004002098712518998
2020-03-02,38144.01953125,0.01257548872391423
2020-03-03,38623.69921875,-0.00554630328873329
2020-03-04,38409.48046875,0.0015915056778685877
2020-03-05,38470.609375,-0.023238214724796036
2020-03-06,37576.62109375,-0.05167233823806883
2020-03-09,35634.94921875,0.0017524711026426498
2020-03-11,35697.3984375,-0.08177788691271493
2020-03-12,32778.140625,0.04043364933089455
2020-03-13,34103.48046875,-0.07956402452049949
2020-03-16,31390.0703125,-0.025835573500676556
2020-03-17,30579.08984375,-0.055906833292306723
2020-03-18,28869.509765625,-0.020134713114080327
2020-03-19,28288.23046875,0.05754090806592349
2020-03-20,29915.9609375,-0.1315258002691394
2020-03-23,25981.240234375,0.02666497273611257
2020-03-24,26674.029296875,0.06979635432199638
2020-03-25,28535.779296875,0.04944635363539973
2020-03-26,29946.76953125,-0.004380428659028213
2020-03-27,29815.58984375,-0.04612585357046983
2020-03-30,28440.3203125,0.036151840435605154
2020-03-31,29468.490234375,-0.04082936309022345
2020-04-01,28265.310546875,-0.023858267079947426
2020-04-03,27590.94921875,0.08974905861764282
2020-04-07,30067.2109375,-0.005762090815810361
2020-04-08,29893.9609375,0.04233825707376626
2020-04-09,31159.619140625,-0.015070775007090864
2020-04-13,30690.01953125,-0.01010781319507248
2020-04-15,30379.810546875,0.007333779378947414
2020-04-16,30602.609375,0.03222311261243549
2020-04-17,31588.720703125,0.0018765969483891531
2020-04-20,31648.0,-0.031954280286274006
2020-04-21,30636.7109375,0.02424672300056696
2020-04-22,31379.55078125,0.015409057326719822
2020-04-23,31863.080078125,-0.016817563577850247
2020-04-24,31327.220703125,0.013274697393073076
2020-04-27,31743.080078125,0.011701430743671581
2020-04-28,32114.51953125,0.018858778952326016
2020-04-29,32720.16015625,0.03048459826409111
2020-04-30,33717.62109375,-0.059383533577525904
2020-05-04,31715.349609375,-0.00825593433384697
2020-05-05,31453.509765625,0.007383603168788833
2020-05-06,31685.75,-0.007649152714548357
2020-05-07,31443.380859375,0.006338960821879125
2020-05-08,31642.69921875,-0.0025749546542072066
2020-05-11,31561.220703125,-0.006023263937987577
2020-05-12,31371.119140625,0.02032092739558866
2020-05-13,32008.609375,-0.02767126617789839
2020-05-14,31122.890625,-0.0008084132207755168
2020-05-15,31097.73046875,-0.034367459743532836
2020-05-18,30028.98046875,0.00556760337897555
2020-05-19,30196.169921875,0.020613192160972904
2020-05-20,30818.609375,0.003708506579070736
2020-05-21,30932.900390625,-0.00841532942555534
2020-05-22,30672.58984375,-0.002063375242273402
2020-05-26,30609.30078125,0.032536513296803626
2020-05-27,31605.220703125,0.01883768337571312
2020-05-28,32200.58984375,0.006941169919854273
2020-05-29,32424.099609375,0.02712241611855659
2020-06-01,33303.51953125,0.015674370940289784
2020-06-02,33825.53125,0.008396255786817797
2020-06-03,34109.5390625,-0.003777237901512631
2020-06-04,33980.69921875,0.009020975717028756
2020-06-05,34287.23828125,0.002430637401192426
2020-06-08,34370.578125,-0.012041889934023331
2020-06-09,33956.69140625,0.008550873567928274
2020-06-10,34247.05078125,-0.020693159595745247
2020-06-11,33538.37109375,0.007231106441397683
2020-06-12,33780.890625,-0.016343258970840102
2020-06-15,33228.80078125,0.011328063604462146
2020-06-16,33605.21875,-0.0028952906310124593
2020-06-17,33507.921875,0.020894429349029853
2020-06-18,34208.05078125,0.015308667858591862
2020-06-19,34731.73046875,0.005170771548846043
2020-06-22,34911.3203125,0.01486937103361674
2020-06-23,35430.4296875,-0.015846525816989532
2020-06-24,34868.98046875,-0.0007708543779789689
2020-06-25,34842.1015625,0.009447420046105215
2020-06-26,35171.26953125,-0.005963674407989061
2020-06-29,34961.51953125,-0.0013076877267629294
2020-06-30,34915.80078125,0.014281454995807463
2020-07-01,35414.44921875,0.01212075888427866
2020-07-02,35843.69921875,0.004958267704607611
2020-07-03,36021.421875,0.012932842479583595
2020-07-06,36487.28125,0.005131604077790897
2020-07-07,36674.51953125,-0.009420922671000365
2020-07-08,36329.01171875,0.011249402837156586
2020-07-09,36737.69140625,-0.0039023486714140354
2020-07-10,36594.328125,0.0027152645325414504
2020-07-13,36693.69140625,-0.01800398889241972
2020-07-14,36033.05859375,0.0005203554938644217
2020-07-15,36051.80859375,0.011646325389145451
2020-07-16,36471.6796875,0.015037995019680395
2020-07-17,37020.140625,0.010773801760781465
2020-07-20,37418.98828125,0.013665250377873583
2020-07-21,37930.328125,-0.0015504372531710553
2020-07-22,37871.51953125,0.007101622065311508
2020-07-23,38140.46875,-0.00030336052175550243
2020-07-24,38128.8984375,-0.005092409608115855
2020-07-27,37934.73046875,0.01471524228858967
2020-07-28,38492.94921875,-0.010958378639757016
2020-07-29,38071.12890625,-0.008800857851498978
2020-07-30,37736.0703125,-0.00342324164732144
2020-07-31,37606.890625,-0.017743797783069226
2020-08-03,36939.6015625,0.020257624936314
2020-08-04,37687.91015625,-0.0006522524371366245
2020-08-05,37663.328125,0.009614686534024974
2020-08-06,38025.44921875,0.0003976572022335034
2020-08-07,38040.5703125,0.0037199182698242073
2020-08-10,38182.078125,0.005891077824879298
2020-08-11,38407.01171875,-0.0009733330146524111
2020-08-12,38369.62890625,-0.0015413395095507099
2020-08-13,38310.48828125,-0.011306262512764453
2020-08-14,37877.33984375,0.004579028172661426
2020-08-17,38050.78125,0.01255004619648914
2020-08-18,38528.3203125,0.0022442906749804425
2020-08-19,38614.7890625,-0.010213662875683371
2020-08-20,38220.390625,0.0056076905938216015
2020-08-21,38434.71875,0.009479954240591448
2020-08-24,38799.078125,0.0011546867455372034
2020-08-25,38843.87890625,0.005922245028752382
2020-08-26,39073.921875,0.0010121040607726783
2020-08-27,39113.46875,0.00904649613184727
2020-08-28,39467.30859375,-0.02125859505360006
2020-08-31,38628.2890625,0.007054718843723107
2020-09-01,38900.80078125,0.004761610687440632
2020-09-02,39086.03125,-0.002432834460521005
2020-09-03,38990.94140625,-0.016254075841534155
2020-09-04,38357.1796875,0.0015655682127633241
2020-09-07,38417.23046875,-0.0013504072421930413
2020-09-08,38365.3515625,-0.004468346581438909
2020-09-09,38193.921875,0.01692411791634063
2020-09-10,38840.3203125,0.00036638391845134066
2020-09-11,38854.55078125,-0.0025202163718556214
2020-09-14,38756.62890625,0.00742383082248943
2020-09-15,39044.3515625,0.006620675966053868
2020-09-16,39302.8515625,-0.008218233211052417
2020-09-17,38979.8515625,-0.003438475125670859
2020-09-18,38845.8203125,-0.020894904032669248
2020-09-21,38034.140625,-0.007889293541780917
2020-09-22,37734.078125,-0.001739972281355473
2020-09-23,37668.421875,-0.029595620336828832
2020-09-24,36553.6015625,0.02284476927183765
2020-09-25,37388.66015625,0.01585958810831789
2020-09-28,37981.62890625,-0.00022142695013838143
2020-09-29,37973.21875,0.002494150894174485
2020-09-30,38067.9296875,0.01652627550051866
2020-10-01,38697.05078125,0.007149083248329857
2020-10-05,38973.69921875,0.015417348257794394
2020-10-06,39574.5703125,0.007691275075041304
2020-10-07,39878.94921875,0.0076161148224838104
2020-10-08,40182.671875,0.008133267177121928
2020-10-09,40509.48828125,0.0020813025189219125
2020-10-12,40593.80078125,0.0007811768518766193
2020-10-13,40625.51171875,0.004165524453490166
2020-10-14,40794.73828125,-0.02613886422431355
2020-10-15,39728.41015625,0.006407764909262426
2020-10-16,39982.98046875,0.011220301450529213
2020-10-19,40431.6015625,0.002789143315920395
2020-10-20,40544.37109375,0.004018745280898406
2020-10-21,40707.30859375,-0.003655862242949892
2020-10-22,40558.48828125,0.0031315693491642538
2020-10-23,40685.5,-0.013272541814651428
2020-10-26,40145.5,0.009380915980620408
2020-10-27,40522.1015625,-0.014797865902268947
2020-10-28,39922.4609375,-0.004323615602510711
2020-10-29,39749.8515625,-0.003415893259035352
2020-10-30,39614.0703125,0.0036226474928711117
2020-11-02,39757.578125,0.012665529566886713
2020-11-03,40261.12890625,0.008817728871355346
2020-11-04,40616.140625,0.017825906649642453
2020-11-05,41340.16015625,0.013374366122681947
2020-11-06,41893.05859375,0.016813551394766924
2020-11-09,42597.4296875,0.015968539768483003
2020-11-10,43277.6484375,0.007302232189357216
2020-11-11,43593.671875,-0.005424651298658212
2020-11-12,43357.19140625,0.0019791086776352884
2020-11-13,43443.0,0.01173286691757025
2020-11-17,43952.7109375,0.00517237364660561
2020-11-18,44180.05078125,-0.013130130760197978
2020-11-19,43599.9609375,0.006474525582824686
2020-11-20,43882.25,0.004441395723783437
2020-11-23,44077.1484375,0.010115697352387265
2020-11-24,44523.01953125,-0.015608060191475759
2020-11-25,43828.1015625,0.009848400988449635
2020-11-26,44259.73828125,-0.0024857700366612834
2020-11-27,44149.71875,0.011454719771006427
2020-12-01,44655.44140625,-0.0008375763976832262
2020-12-02,44618.0390625,0.0003274320276500653
2020-12-03,44632.6484375,0.010012902200410734
2020-12-04,45079.55078125,0.007706775305633684
2020-12-07,45426.96875,0.003996369860139515
2020-12-08,45608.51171875,0.010852980345037455
2020-12-09,46103.5,-0.0031151885160562998
2020-12-10,45959.87890625,0.003027266733748535
2020-12-11,46099.01171875,0.0033503802574401664
2020-12-14,46253.4609375,0.000209950505392964
2020-12-15,46263.171875,0.008717280855486065
2020-12-16,46666.4609375,0.004797426283296602
2020-12-17,46890.33984375,0.0015003423463004761
2020-12-18,46960.69140625,-0.029955488870054836
2020-12-21,45553.9609375,0.00993833377894715
2020-12-22,46006.69140625,0.00950923154605654
2020-12-23,46444.1796875,0.011397754865341447
2020-12-24,46973.5390625,0.008094151411374817
2020-12-28,47353.75,0.005476401024206101
2020-12-29,47613.078125,0.0027963036678801956
2020-12-30,47746.21875,0.00010701109184685365
2020-12-31,47751.328125,0.0024638548993238807
2021-01-01,47868.98046875,0.006430475633400157
2021-01-04,48176.80078125,0.005417139878901356
2021-01-05,48437.78125,-0.005444565160589443
2021-01-06,48174.05859375,-0.001675970088608536
2021-01-07,48093.3203125,0.014330293724196697
2021-01-08,48782.51171875,0.009979162134099218
2021-01-11,49269.3203125,0.005029277061837867
2021-01-12,49517.109375,-0.000500616106490992
2021-01-13,49492.3203125,0.0018556382721623965
2021-01-14,49584.16015625,-0.011081931800769551
2021-01-15,49034.671875,-0.009593259743822857
2021-01-18,48564.26953125,0.017173521589021856
2021-01-19,49398.2890625,0.007972584450277598
2021-01-20,49792.12109375,-0.0033611617927441495
2021-01-21,49624.76171875,-0.015037304571440369
2021-01-22,48878.5390625,-0.01086262455739695
2021-01-25,48347.58984375,-0.01939414476047996
2021-01-27,47409.9296875,-0.011296585251869828
2021-01-28,46874.359375,-0.01255675494231756
2021-01-29,46285.76953125,0.05001191223983281
2021-02-01,48600.609375,0.024631571299099653
2021-02-02,49797.71875,0.00919783599524826
2021-02-03,50255.75,0.007134289359923995
2021-02-04,50614.2890625,0.0023183145693324025
2021-02-05,50731.62890625,0.012164809967770918
2021-02-08,51348.76953125,-0.00038348350758465877
2021-02-09,51329.078125,-0.00038355452151417335
2021-02-10,51309.390625,0.0043292056979091775
2021-02-11,51531.51953125,0.0002480278112553247
2021-02-12,51544.30078125,0.011831145553570677
2021-02-15,52154.12890625,-0.0009578729871952962
2021-02-16,52104.171875,-0.007683525821318926
2021-02-17,51703.828125,-0.00733285585418153
2021-02-18,51324.69140625,-0.008474082855314258
2021-02-19,50889.76171875,-0.0225082878670263
2021-02-22,49744.3203125,0.00014252569349548772
2021-02-23,49751.41015625,0.02070858387258334
2021-02-24,50781.69140625,0.005073032826714563
2021-02-25,51039.30859375,-0.037996602343031705
2021-02-26,49099.98828125,0.015271929561464948
2021-03-01,49849.83984375,0.008967948195044206
2021-03-02,50296.890625,0.022819657403026605
2021-03-03,51444.6484375,-0.011635229915648138
2021-03-04,50846.078125,-0.008668472156622253
2021-03-05,50405.3203125,0.0007092505270942517
2021-03-08,50441.0703125,0.011585998326946179
2021-03-09,51025.48046875,0.004978517549787176
2021-03-10,51279.51171875,-0.009505425800920286
2021-03-12,50792.078125,-0.00781617950387814
2021-03-15,50395.078125,-0.0006174648131870297
2021-03-16,50363.9609375,-0.011165520608036439
2021-03-17,49801.62109375,-0.01174864491656935
2021-03-18,49216.51953125,0.013038686118235887
2021-03-19,49858.23828125,-0.001743928821943519
2021-03-22,49771.2890625,0.005628794211020027
2021-03-23,50051.44140625,-0.01740474975394457
2021-03-24,49180.30859375,-0.015050485065359331
2021-03-25,48440.12109375,0.011733639252263117
2021-03-26,49008.5,0.02301800963098244
2021-03-30,50136.578125,-0.012514409857324105
2021-03-31,49509.1484375,0.010516837876080709
2021-04-01,50029.828125,-0.017399776196013073
2021-04-05,49159.3203125,0.0008557952435583882
2021-04-06,49201.390625,0.009356871582326232
2021-04-07,49661.76171875,0.0017004877762545334
2021-04-08,49746.2109375,-0.003113616536435382
2021-04-09,49591.3203125,-0.03444032938601749
2021-04-12,47883.37890625,0.013797683091528068
2021-04-13,48544.05859375,0.005348153847676507
2021-04-15,48803.6796875,0.0005809308372144439
2021-04-16,48832.03125,-0.018074394048476106
2021-04-19,47949.421875,-0.005080793140428197
2021-04-20,47705.80078125,0.00785797717700909
2021-04-22,48080.671875,-0.004205903294690616
2021-04-23,47878.44921875,0.01061150702017799
2021-04-26,48386.51171875,0.011524470073214887
2021-04-27,48944.140625,0.016134703943430306
2021-04-28,49733.83984375,0.0006454672030322683
2021-04-29,49765.94140625,-0.019764160055183333
2021-04-30,48782.359375,-0.0013086665870186698
2021-05-03,48718.51953125,-0.009544785370617093
2021-05-04,48253.51171875,0.008787734765742128
2021-05-05,48677.55078125,0.005592124770682938
2021-05-06,48949.76171875,0.011290114968798948
2021-05-10,49502.41015625,-0.006880504634520279
2021-05-11,49161.80859375,-0.009580766574154853
2021-05-12,48690.80078125,0.0008574514965891122
2021-05-14,48732.55078125,0.01740478743473317
2021-05-17,49580.73046875,0.012355559316257203
2021-05-18,50193.328125,-0.00579135735482772
2021-05-19,49902.640625,-0.006768805132744471
2021-05-20,49564.859375,0.01968372564862131
2021-05-21,50540.48046875,0.002204529274684841
2021-05-24,50651.8984375,-0.0002836455876915611
2021-05-25,50637.53125,0.0075040838656603714
2021-05-26,51017.51953125,0.001915013110156405
2021-05-27,51115.21875,0.006018954115304398
2021-05-28,51422.87890625,0.010006489542098818
2021-05-31,51937.44140625,-4.933820247243759e-05
2021-06-01,51934.87890625,-0.0016443368945590064
2021-06-02,51849.48046875,0.007385786998980848
2021-06-03,52232.4296875,-0.002534419843036373
2021-06-04,52100.05078125,0.004385042510979931
2021-06-07,52328.51171875,-0.0010117124395692123
2021-06-08,52275.5703125,-0.0063878726813269004
2021-06-09,51941.640625,0.006908294013864724
2021-06-10,52300.46875,0.003332531675445116
2021-06-11,52474.76171875,0.0014629800829104589
2021-06-14,52551.53125,0.004215282142706389
2021-06-15,52773.05078125,-0.005136529127785616
2021-06-16,52501.98046875,-0.00340277342216333
2021-06-17,52323.328125,0.00040366495226651367
2021-06-18,52344.44921875,0.004394195032767945
2021-06-21,52574.4609375,0.00027104414854473013
2021-06-22,52588.7109375,-0.0053744008450007374
2021-06-23,52306.078125,0.007511973542749795
2021-06-24,52699.0,0.004289247661245943
2021-06-25,52925.0390625,-0.0035795763613187814
2021-06-28,52735.58984375,-0.003525696556175628
2021-06-29,52549.66015625,-0.0012740181106963844
2021-06-30,52482.7109375,-0.0031269226011482187
2021-07-01,52318.6015625,0.0031742116100257345
2021-07-02,52484.671875,0.007532258674333159
2021-07-05,52880.0,-0.0003559060608926412
2021-07-06,52861.1796875,0.0036620830710627494
2021-07-07,53054.76171875,-0.009156959653789376
2021-07-08,52568.94140625,-0.003476387294690131
2021-07-09,52386.19140625,-0.00025770149800186104
2021-07-12,52372.69140625,0.007581032248662023
2021-07-13,52769.73046875,0.0025454045587658403
2021-07-14,52904.05078125,0.004816281125684663
2021-07-15,53158.8515625,-0.00035352473196126333
2021-07-16,53140.05859375,-0.011039885385429327
2021-07-19,52553.3984375,-0.0067528785825726745
2021-07-20,52198.51171875,0.012235966078714355
2021-07-22,52837.2109375,0.0026229591095172644
2021-07-23,52975.80078125,-0.0023318429958254505
2021-07-26,52852.26953125,-0.0051749492486463655
2021-07-27,52578.76171875,-0.0025685424463284257
2021-07-28,52443.7109375,0.003992077815574646
2021-07-29,52653.0703125,-0.0012578652746538799
2021-07-30,52586.83984375,0.006917872676527326
2021-08-02,52950.62890625,0.016481966064939124
2021-08-03,53823.359375,0.010151914755878177
2021-08-04,54369.76953125,0.002263579808431393
2021-08-05,54492.83984375,-0.003947694676343261
2021-08-06,54277.71875,0.0023054176811732052
2021-08-09,54402.8515625,0.0027904528786619753
2021-08-10,54554.66015625,-0.0005266363802416407
2021-08-11,54525.9296875,0.005833018952135616
2021-08-12,54843.98046875,0.010818116932414634
2021-08-13,55437.2890625,0.0026207822380384105
2021-08-16,55582.578125,0.0037726102912754023
2021-08-17,55792.26953125,-0.0029176309077877383
2021-08-18,55629.48828125,-0.005395842709039811
2021-08-20,55329.3203125,0.004093105585264878
2021-08-23,55555.7890625,0.007257414808678364
2021-08-24,55958.98046875,-0.00026393495961296587
2021-08-25,55944.2109375,8.741967967806907e-05
2021-08-26,55949.1015625,0.0031388741301558998
2021-08-27,56124.71875,0.0136311234299058
2021-08-30,56889.76171875,0.01164759503697499
2021-08-31,57552.390625,-0.0037214733423595048
2021-09-01,57338.2109375,0.008970076264859905
2021-09-02,57852.5390625,0.004795124997889921
2021-09-03,58129.94921875,0.0028722016747633194
2021-09-06,58296.91015625,-0.0002989813259962615
2021-09-07,58279.48046875,-0.0005013557047006678
2021-09-08,58250.26171875,0.0009409158368185455
2021-09-09,58305.0703125,-0.0021834909565782157
2021-09-13,58177.76171875,0.0011916602315358293
2021-09-14,58247.08984375,0.00817395987125158
2021-09-15,58723.19921875,0.007117475598409584
2021-09-16,59141.16015625,-0.0021181446376608015
2021-09-17,59015.890625,-0.0088952472281697
2021-09-20,58490.9296875,0.008793497496072833
2021-09-21,59005.26953125,-0.0013209228068812306
2021-09-22,58927.328125,0.016257843015854645
2021-09-23,59885.359375,0.002723693682434414
2021-09-24,60048.46875,0.0004897736255764507
2021-09-27,60077.87890625,-0.006829091692638234
2021-09-28,59667.6015625,-0.004262481222470416
2021-09-29,59413.26953125,-0.0048290585337857905
2021-09-30,59126.359375,-0.006101868165293234
2021-10-01,58765.578125,0.009082565075164917
2021-10-04,59299.3203125,0.007513721766151171
2021-10-05,59744.87890625,-0.009291983642164992
2021-10-06,59189.73046875,0.00824632334671116
2021-10-07,59677.828125,0.006388142476490222
2021-10-08,60059.05859375,0.0012774535273516463
2021-10-11,60135.78125,0.002469866370115481
2021-10-12,60284.30859375,0.007510116613445472
2021-10-13,60737.05078125,0.009366579874761083
2021-10-14,61305.94921875,0.007497488104456718
2021-10-18,61765.58984375,-0.000802049533167537
2021-10-19,61716.05078125,-0.007390133327982884
2021-10-20,61259.9609375,-0.005492346589043184
2021-10-21,60923.5,-0.0016722431615058264
2021-10-22,60821.62109375,0.0023910853555815237
2021-10-25,60967.05078125,0.006285541658804572
2021-10-26,61350.26171875,-0.0033729863239809754
2021-10-27,61143.328125,-0.018949392219561934
2021-10-28,59984.69921875,-0.011299040256555037
2021-10-29,59306.9296875,0.014020810963937924
2021-11-01,60138.4609375,-0.0018191743194708732
2021-11-02,60029.05859375,-0.004283537419605188
2021-11-03,59771.921875,0.004947125832232668
2021-11-04,60067.62109375,0.007957503103110719
2021-11-08,60545.609375,-0.0018524903359270484
2021-11-09,60433.44921875,-0.0013341768059299541
2021-11-10,60352.8203125,-0.007176614183186603
2021-11-11,59919.69140625,0.012800466457675963
2021-11-12,60686.69140625,0.0005276203152295711
2021-11-15,60718.7109375,-0.006527474605940942
2021-11-16,60322.37109375,-0.005206077994877378
2021-11-17,60008.328125,-0.006204412252153513
2021-11-18,59636.01171875,-0.01962104875940429
2021-11-22,58465.890625,0.0033940729864661012
2021-11-23,58664.328125,-0.005511694313809157
2021-11-24,58340.98828125,0.007783576793572111
2021-11-25,58795.08984375,-0.028708883866590984
2021-11-26,57107.1484375,0.0026866984554116957
2021-11-29,57260.578125,-0.003417831912607805
2021-11-30,57064.87109375,0.01086339032872874
2021-12-01,57684.7890625,0.013461087621533752
2021-12-02,58461.2890625,-0.013082642159709001
2021-12-03,57696.4609375,-0.01645370092159304
2021-12-06,56747.140625,0.01562207016487882
2021-12-07,57633.6484375,0.017629132937884817
2021-12-08,58649.6796875,0.0026845708209990438
2021-12-09,58807.12890625,-0.0003478665194250885
2021-12-10,58786.671875,-0.008560613893402125
2021-12-13,58283.421875,-0.002853848073758103
2021-12-14,58117.08984375,-0.005661993651689845
2021-12-15,57788.03125,0.0019573149067957374
2021-12-16,57901.140625,-0.015360705059512814
2021-12-17,57011.73828125,-0.02086809836653014
2021-12-20,55822.01171875,0.008903297905207275
2021-12-21,56319.01171875,0.010858622272244212
2021-12-22,56930.55859375,0.006757753054828397
2021-12-23,57315.28125,-0.003331967532655189
2021-12-24,57124.30859375,0.005180451103654615
2021-12-27,57420.23828125,0.008311393365566078
2021-12-28,57897.48046875,-0.0015716087602312134
2021-12-29,57806.48828125,-0.00021049486159407937
2021-12-30,57794.3203125,0.007950608252081492
2021-12-31,58253.8203125,0.015954291624382444
2022-01-03,59183.21875,0.01136658248247091
2022-01-04,59855.9296875,0.006135043794611494
2022-01-05,60223.1484375,-0.010316773696991244
2022-01-06,59601.83984375,0.002396043379271129
2022-01-07,59744.6484375,0.010896046520903147
2022-01-10,60395.62890625,0.0036635386162375827
2022-01-11,60616.890625,0.008795377526014336
2022-01-12,61150.0390625,0.0013943035860182196
2022-01-13,61235.30078125,-0.00020036696306646729
2022-01-14,61223.03125,0.0014027222190178268
2022-01-17,61308.91015625,-0.009037035234160329
2022-01-18,60754.859375,-0.010798133174018232
2022-01-19,60098.8203125,-0.010552606780837137
2022-01-20,59464.62109375,-0.007188163287479954
2022-01-21,59037.1796875,-0.026181263687250045
2022-01-24,57491.51171875,0.006377232182441128
2022-01-25,57858.1484375,-0.010045379033825075
2022-01-27,57276.94140625,-0.0013392987756785102
2022-01-28,57200.23046875,0.014229687530624258
2022-01-31,58014.171875,0.014623986003419853
2022-02-01,58862.5703125,0.011820037908746306
2022-02-02,59558.328125,-0.012933683969994725
2022-02-03,58788.01953125,-0.002435857167698563
2022-02-04,58644.8203125,-0.01745471979955604
2022-02-07,57621.19140625,0.003252045196859177
2022-02-08,57808.578125,0.011371852522968462
2022-02-09,58465.96875,0.007868893816969313
2022-02-10,58926.03125,-0.01311999736958358
2022-02-11,58152.921875,-0.03004289337353261
2022-02-14,56405.83984375,0.030780694734968694
2022-02-15,58142.05078125,-0.002500274617022624
2022-02-16,57996.6796875,-0.0018047234654462452
2022-02-17,57892.01171875,-0.001019881102713116
2022-02-18,57832.96875,-0.0025829368520875473
2022-02-21,57683.58984375,-0.006638112456024414
2022-02-22,57300.6796875,-0.00119756160178619
2022-02-23,57232.05859375,-0.04721389556648037
2022-02-24,54529.91015625,0.024364782028670096
2022-02-25,55858.51953125,0.0069597569361377065
2022-02-28,56247.28125,-0.013838585531634084
2022-03-02,55468.8984375,-0.006602235853171656
2022-03-03,55102.6796875,-0.013953424735610787
2022-03-04,54333.80859375,-0.0274425561605397
2022-03-07,52842.75,0.011001316997128363
2022-03-08,53424.08984375,0.02289675471922159
2022-03-09,54647.328125,0.01495155441325613
2022-03-10,55464.390625,0.0015489245492814607
2022-03-11,55550.30078125,0.016844530755733222
2022-03-14,56486.01953125,-0.012554752036610828
2022-03-15,55776.8515625,0.01864208620371599
2022-03-16,56816.6484375,0.01843264745107298
2022-03-17,57863.9296875,-0.009875606605637133
2022-03-21,57292.48828125,0.012162371035088215
2022-03-22,57989.30078125,-0.0052506318346305925
2022-03-23,57684.8203125,-0.0015453047182446555
2022-03-24,57595.6796875,-0.0040537844160674075
2022-03-25,57362.19921875,0.0040320815040229
2022-03-28,57593.48828125,0.006079856711231679
2022-03-29,57943.6484375,0.012776893822082247
2022-03-30,58683.98828125,-0.001967769503779526
2022-03-31,58568.51171875,0.012091474867941487
2022-04-01,59276.69140625,0.02252229069011835
2022-04-04,60611.73828125,-0.007180758935346976
2022-04-05,60176.5,-0.009407158006032201
2022-04-06,59610.41015625,-0.009653698674302214
2022-04-07,59034.94921875,0.006982820756269437
2022-04-08,59447.1796875,-0.008118288832825504
2022-04-11,58964.5703125,-0.00658360124889612
2022-04-12,58576.37109375,-0.00405353561199584
2022-04-13,58338.9296875,-0.0200927821701391
2022-04-18,57166.73828125,-0.012307678641528708
2022-04-19,56463.1484375,0.010172149063486291
2022-04-20,57037.5,0.015326402586018029
2022-04-21,57911.6796875,-0.012338292618271796
2022-04-22,57197.1484375,-0.010791758494297699
2022-04-25,56579.890625,0.013727823462012845
2022-04-26,57356.609375,-0.009366291973216923
2022-04-27,56819.390625,0.01234909352303526
2022-04-28,57521.05859375,-0.008000330857088955
2022-04-29,57060.87109375,-0.0014875835379474234
2022-05-02,56975.98828125,-0.022938733853961057
2022-05-04,55669.03125,0.0005963678189568888
2022-05-05,55702.23046875,-0.015558665002404326
2022-05-06,54835.578125,-0.006654552800887448
2022-05-09,54470.671875,-0.0019427025380344132
2022-05-10,54364.8515625,-0.005085288188125925
2022-05-11,54088.390625,-0.021410916795049362
2022-05-12,52930.30859375,-0.0025824051215930233
2022-05-13,52793.62109375,0.003413646313064511
2022-05-16,52973.83984375,0.025382885405628164
2022-05-17,54318.46875,-0.0020239432835631455
2022-05-18,54208.53125,-0.026126898268434506
2022-05-19,52792.23046875,0.029060339800534463
2022-05-20,54326.390625,-0.0006954492938946455
2022-05-23,54288.609375,-0.00434713658568453
2022-05-24,54052.609375,-0.005612081632275445
2022-05-25,53749.26171875,0.009363282678810148
2022-05-26,54252.53125,0.011651602085386514
2022-05-27,54884.66015625,0.018968471737570658
2022-05-30,55925.73828125,-0.006425093991481057
2022-05-31,55566.41015625,-0.003333637726985028
2022-06-01,55381.171875,0.007889639839803397
2022-06-02,55818.109375,-0.0008756818673598676
2022-06-03,55769.23046875,-0.001683906259072776
2022-06-06,55675.3203125,-0.010201656058052011
2022-06-07,55107.33984375,-0.003898783049756771
2022-06-08,54892.48828125,0.0077932879733586535
2022-06-09,55320.28125,-0.018380959401756436
2022-06-10,54303.44140625,-0.02682596442833063
2022-06-13,52846.69921875,-0.0028976058772591795
2022-06-14,52693.5703125,-0.0028880124576394772
2022-06-15,52541.390625,-0.0199005308017578
2022-06-16,51495.7890625,-0.002628704015695482
2022-06-17,51360.421875,0.004622586031863607
2022-06-20,51597.83984375,0.018105999622834323
2022-06-21,52532.0703125,-0.013506778969097022
2022-06-22,51822.53125,0.008552023401983133
2022-06-23,52265.71875,0.008844453492758975
2022-06-24,52727.98046875,0.00821766313441108
2022-06-27,53161.28125,0.00030413053203082185
2022-06-28,53177.44921875,-0.0028297797461286356
2022-06-29,53026.96875,-0.00015138228601840886
2022-06-30,53018.94140625,-0.0020938124339260344
2022-07-01,52907.9296875,0.0061775209440337875
2022-07-04,53234.76953125,-0.0018863229733915299
2022-07-05,53134.3515625,0.011604868966448079
2022-07-06,53750.96875,0.007953199680703404
2022-07-07,54178.4609375,0.005599622082288036
2022-07-08,54481.83984375,-0.0015896925516537541
2022-07-11,54395.23046875,-0.009350472263229048
2022-07-12,53886.609375,-0.0069119386396724325
2022-07-13,53514.1484375,-0.0018312914035146788
2022-07-14,53416.1484375,0.006451846914856452
2022-07-15,53760.78125,0.014143529350217454
2022-07-18,54521.1484375,0.004520679833671215
2022-07-19,54767.62109375,0.011501506614131296
2022-07-20,55397.53125,0.005134127141270373
2022-07-21,55681.94921875,0.0070091161583938355
2022-07-22,56072.23046875,-0.00545745578857515
2022-07-25,55766.21875,-0.00892530424164717
2022-07-26,55268.48828125,0.009912194964736498
2022-07-27,55816.3203125,0.018658857197484613
2022-07-28,56857.7890625,0.01253057759099363
2022-07-29,57570.25,0.009471037558461237
2022-08-01,58115.5,0.0003589296315096302
2022-08-02,58136.359375,0.0036839574631517547
2022-08-03,58350.53125,-0.0008865466627606677
2022-08-04,58298.80078125,0.0015288291535262566
2022-08-05,58387.9296875,0.007966383248892317
2022-08-08,58853.0703125,-0.0006079759273391883
2022-08-10,58817.2890625,0.00876124194456529
2022-08-11,59332.6015625,0.0021940667368658406
2022-08-12,59462.78125,0.0063809609897786945
2022-08-16,59842.2109375,0.006983665245698933
2022-08-17,60260.12890625,0.0006284602180144372
2022-08-18,60298.0,-0.010810500555573976
2022-08-19,59646.1484375,-0.014624202343325066
2022-08-22,58773.87109375,0.00438000224775692
2022-08-23,59031.30078125,0.0009169526257024607
2022-08-24,59085.4296875,-0.0052586727242797116
2022-08-25,58774.71875,0.001006424956308205
2022-08-26,58833.87109375,-0.014638676394888694
2022-08-29,57972.62109375,0.026986001136986015
2022-08-30,59537.0703125,-0.012941188820777993
2022-09-01,58766.58984375,0.00062515591508161
2022-09-02,58803.328125,0.00752767501201701
2022-09-05,59245.98046875,-0.0008269284618530603
2022-09-06,59196.98828125,-0.002839301962482388
2022-09-07,59028.91015625,0.011169248966393042
2022-09-08,59688.21875,0.0017578322355280562
2022-09-09,59793.140625,0.005385037111018898
2022-09-12,60115.12890625,0.00758460020040963
2022-09-13,60571.078125,-0.0036999403335286063
2022-09-14,60346.96875,-0.006843045140523363
2022-09-15,59934.01171875,-0.018240438523957403
2022-09-16,58840.7890625,0.00510600573236486
2022-09-19,59141.23046875,0.009781802101761938
2022-09-20,59719.73828125,-0.004403184588847364
2022-09-21,59456.78125,-0.00566903375718808
2022-09-22,59119.71875,-0.017266605738038954
2022-09-23,58098.921875,-0.01641516045774305
2022-09-26,57145.21875,-0.0006597090635863667
2022-09-27,57107.51953125,-0.008917184381845522
2022-09-28,56598.28125,-0.0033273150410375596
2022-09-29,56409.9609375,0.01802803832157851
2022-09-30,57426.921875,-0.011111744464364137
2022-10-03,56788.80859375,0.022480840642085775
2022-10-04,58065.46875,0.0026975208479651513
2022-10-06,58222.1015625,-0.0005292234250068306
2022-10-07,58191.2890625,-0.0034400284084615818
2022-10-10,57991.109375,-0.014550317653756695
2022-10-11,57147.3203125,0.008374668158242837
2022-10-12,57625.91015625,-0.006777889150747507
2022-10-13,57235.328125,0.011961853761103036
2022-10-14,57919.96875,0.008477416845118713
2022-10-17,58410.98046875,0.009409550898465957
2022-10-18,58960.6015625,0.002486233855579112
2022-10-19,59107.19140625,0.0016192112833139927
2022-10-20,59202.8984375,0.0017608935162196637
2022-10-21,59307.1484375,0.00884398816278864
2022-10-24,59831.66015625,-0.004808477952954582
2022-10-25,59543.9609375,0.003575155278525255
2022-10-27,59756.83984375,0.003397296766040947
2022-10-28,59959.8515625,0.013121084538208594
2022-10-31,60746.58984375,0.0061692634881060915
2022-11-01,61121.3515625,-0.003521874324553864
2022-11-02,60906.08984375,-0.0011440512382054902
2022-11-03,60836.41015625,0.0018730431078581855
2022-11-04,60950.359375,0.0038521358185183985
2022-11-07,61185.1484375,-0.002477687153196295
2022-11-09,61033.55078125,-0.006879028945977361
2022-11-10,60613.69921875,0.019489651002599917
2022-11-11,61795.0390625,-0.002765442462576373
2022-11-14,61624.1484375,0.004038024866215739
2022-11-15,61872.98828125,0.0017411550943733367
2022-11-16,61980.71875,-0.0037127221519999143
2022-11-17,61750.6015625,-0.001410854170575515
2022-11-18,61663.48046875,-0.008410823084545771
2022-11-21,61144.83984375,0.004483143540002565
2022-11-22,61418.9609375,0.001491675959696348
2022-11-23,61510.578125,0.012389764260567926
2022-11-24,62272.6796875,0.0003365992535599993
2022-11-25,62293.640625,0.0033897546223242703
2022-11-28,62504.80078125,0.0028324074357037876
2022-11-29,62681.83984375,0.006665544514830701
2022-11-30,63099.6484375,0.002924627526772916
2022-12-01,63284.19140625,-0.006568645296919251
2022-12-02,62868.5,-0.0005391959009678482
2022-12-05,62834.6015625,-0.003314132378047563
2022-12-06,62626.359375,-0.003443912270367333
2022-12-07,62410.6796875,0.002563663796022464
2022-12-08,62570.6796875,-0.0062170942435473275
2022-12-09,62181.671875,-0.0008218106872830422
2022-12-12,62130.5703125,0.006482001802403881
2022-12-13,62533.30078125,0.002312517861576824
2022-12-14,62677.91015625,-0.014022147580527777
2022-12-15,61799.03125,-0.0074632667684414455
2022-12-16,61337.80859375,0.007636119112147899
2022-12-19,61806.19140625,-0.001681099278016518
2022-12-20,61702.2890625,-0.010292175394120973
2022-12-21,61067.23828125,-0.003946789441172438
2022-12-22,60826.21875,-0.016126757632784816
2022-12-23,59845.2890625,0.012049951195772124
2022-12-26,60566.421875,0.005960527323952913
2022-12-27,60927.4296875,-0.0002814567689455316
2022-12-28,60910.28125,0.00367093455589651
2022-12-29,61133.87890625,-0.004795060124510253
2022-12-30,60840.73828125,0.005375522889583095
2023-01-02,61167.7890625,0.002066613133929529
2023-01-03,61294.19921875,-0.010388421875413223
2023-01-04,60657.44921875,-0.0050147128080350045
2023-01-05,60353.26953125,-0.007504124317001537
2023-01-06,59900.37109375,0.014139102722326324
2023-01-09,60747.30859375,-0.010400923754916858
2023-01-10,60115.48046875,-0.0001660216082808308
2023-01-11,60105.5,-0.002453498431923884
2023-01-12,59958.03125,0.00505601053236715
2023-01-13,60261.1796875,-0.0027913648284401127
2023-01-16,60092.96875,0.009364656326785292
2023-01-17,60655.71875,0.006430053740810626
2023-01-18,61045.73828125,-0.0030683320248668933
2023-01-19,60858.4296875,-0.0038886996832685483
2023-01-20,60621.76953125,0.005277020882491712
2023-01-23,60941.671875,0.0006084198851001865
2023-01-24,60978.75,-0.012687885636389673
2023-01-25,60205.05859375,-0.014519712739566204
2023-01-27,59330.8984375,0.0028570563267058535
2023-01-30,59500.41015625,0.0008317300858942112
2023-01-31,59549.8984375,0.0026562545302408758
2023-02-01,59708.078125,0.0037542684891098688
2023-02-02,59932.23828125,0.015177818334286775
2023-02-03,60841.87890625,-0.005505754831571896
2023-02-06,60506.8984375,-0.0036501519777638602
2023-02-07,60286.0390625,0.006265961504095197
2023-02-08,60663.7890625,0.002347853467465688
2023-02-09,60806.21875,-0.0020313634655995116
2023-02-10,60682.69921875,-0.004133952151595954
2023-02-13,60431.83984375,0.009935522012112008
2023-02-14,61032.26171875,0.003978684685142397
2023-02-15,61275.08984375,0.0007249581373649505
2023-02-16,61319.51171875,-0.005168687704228514
2023-02-17,61002.5703125,-0.005098658112382304
2023-02-20,60691.5390625,-0.0003100977960143192
2023-02-21,60672.71875,-0.015290863840678015
2023-02-22,59744.98046875,-0.0023295628588044792
2023-02-23,59605.80078125,-0.0023801558219250785
2023-02-24,59463.9296875,-0.0029526828435778585
2023-02-27,59288.3515625,-0.005502437833949547
2023-02-28,58962.12109375,0.007614329724267455
2023-03-01,59411.078125,-0.00844500013018401
2023-03-02,58909.3515625,0.01527121184733371
2023-03-03,59808.96875,0.006946987988319053
2023-03-06,60224.4609375,0.002052802205706694
2023-03-08,60348.08984375,-0.00897805705454513
2023-03-09,59806.28125,-0.01122210459708195
2023-03-10,59135.12890625,-0.01517333876404503
2023-03-13,58237.8515625,-0.005797950082132242
2023-03-14,57900.19140625,-0.005946318317573529
2023-03-15,57555.8984375,0.0013715606635125166
2023-03-16,57634.83984375,0.006160485475670274
2023-03-17,57989.8984375,-0.0062243464547367955
2023-03-20,57628.94921875,0.0077344889121278015
2023-03-21,58074.6796875,0.002409142108107387
2023-03-22,58214.58984375,-0.004969692211634791
2023-03-23,57925.28125,-0.0068740225149964695
2023-03-24,57527.1015625,0.002203445142500149
2023-03-27,57653.859375,-0.0006962348303330979
2023-03-28,57613.71875,0.006011955160419191
2023-03-29,57960.08984375,0.01779551567778026
2023-03-31,58991.51953125,0.0019481084046177877
2023-04-03,59106.44140625,0.009861314158533752
2023-04-05,59689.30859375,0.0024067987992248963
2023-04-06,59832.96875,0.00022634626081452502
2023-04-10,59846.51171875,0.005200086392879832
2023-04-11,60157.71875,0.0039072422647343785
2023-04-12,60392.76953125,0.0006330305605577458
2023-04-13,60431.0,-0.00860899207360466
2023-04-17,59910.75,-0.003066866651644351
2023-04-18,59727.01171875,-0.002665643783581695
2023-04-19,59567.80078125,0.0010836522484194422
2023-04-20,59632.3515625,0.00038078376342753906
2023-04-21,59655.05859375,0.006722698430003948
2023-04-24,60056.1015625,0.001242327974324997
2023-04-25,60130.7109375,0.0028249655600540713
2023-04-26,60300.578125,0.005784368775485937
2023-04-27,60649.37890625,0.00763507406589925
2023-04-28,61112.44140625,0.0039643242141071955
2023-05-02,61354.7109375,-0.002630770380687153
2023-05-03,61193.30078125,0.009085132059428735
2023-05-04,61749.25,-0.011254564832771208
2023-05-05,61054.2890625,0.011628354836352717
2023-05-08,61764.25,-4.730689678900113e-05
2023-05-09,61761.328125,0.0028961665686331184
2023-05-10,61940.19921875,-0.0005760344324046152
2023-05-11,61904.51953125,0.0019930516735167103
2023-05-12,62027.8984375,0.005123702527504381
2023-05-15,62345.7109375,-0.006628237633127032
2023-05-16,61932.46875,-0.006003767208133448
2023-05-17,61560.640625,-0.002093908420076618
2023-05-18,61431.73828125,0.004849958907005902
2023-05-19,61729.6796875,0.0037907211115397743
2023-05-22,61963.6796875,0.000292257901585824
2023-05-23,61981.7890625,-0.003355950443609368
2023-05-24,61773.78125,0.0016000290374000858
2023-05-25,61872.62109375,0.010167183826701454
2023-05-26,62501.69140625,0.00551485075435143
2023-05-29,62846.37890625,0.0019531753799706397
2023-05-30,62969.12890625,-0.0055088998533942
2023-05-31,62622.23828125,-0.0030931379022266503
2023-06-01,62428.5390625,0.001899296608259382
2023-06-02,62547.109375,0.0038428534492127575
2023-06-05,62787.46875,8.61661786613066e-05
2023-06-06,62792.87890625,0.005575186826083822
2023-06-07,63142.9609375,-0.004661173757615211
2023-06-08,62848.640625,-0.003548393672993644
2023-06-09,62625.62890625,0.0015821323151632427
2023-06-12,62724.7109375,0.006671202027012102
2023-06-13,63143.16015625,0.0013517150913699982
2023-06-14,63228.51171875,-0.004916813697637745
2023-06-15,62917.62890625,0.007421595932131764
2023-06-16,63384.578125,-0.003412144564936326
2023-06-19,63168.30078125,0.00252339283356684
2023-06-20,63327.69921875,0.0030863148537083607
2023-06-21,63523.1484375,-0.004474869704855333
2023-06-22,63238.890625,-0.004103796393091774
2023-06-23,62979.37109375,-0.00014879624212271736
2023-06-26,62970.0,0.007083234079720446
2023-06-27,63416.03125,0.00787483251721155
2023-06-28,63915.421875,0.012565617110698257
2023-06-30,64718.55859375,0.007517042994634737
2023-07-03,65205.05078125,0.004202128465772059
2023-07-04,65479.05078125,-0.000504156953348045
2023-07-05,65446.0390625,0.005189031565007163
2023-07-06,65785.640625,-0.0076793567935251605
2023-07-07,65280.44921875,0.0009761369140777187
2023-07-10,65344.171875,0.004188160430336874
2023-07-11,65617.84375,-0.0034128721655837246
2023-07-12,65393.8984375,0.0025230517134207098
2023-07-13,65558.890625,0.007657356732460707
2023-07-14,66060.8984375,0.008008235772035688
2023-07-17,66589.9296875,0.003081711280715105
2023-07-18,66795.140625,0.004525731545310219
2023-07-19,67097.4375,0.007071222913691777
2023-07-20,67571.8984375,-0.013136239258114357
2023-07-21,66684.2578125,-0.004490963419613303
2023-07-24,66384.78125,-0.0004379062784062304
2023-07-25,66355.7109375,0.005297090220780953
2023-07-26,66707.203125,-0.006601728027403331
2023-07-27,66266.8203125,-0.0016089075497695005
2023-07-28,66160.203125,0.005554226447970878
2023-07-31,66527.671875,-0.001027532950926724
2023-08-01,66459.3125,-0.010179630582245358
2023-08-02,65782.78125,-0.008240782043553385
2023-08-03,65240.6796875,0.0073661144366048426
2023-08-04,65721.25,0.003533507997793617
2023-08-07,65953.4765625,-0.0016220003565486918
2023-08-08,65846.5,0.00226758445779196
2023-08-09,65995.8125,-0.004661398971336217
2023-08-10,65688.1796875,-0.00556464270648005
2023-08-11,65322.6484375,0.0012135674133888497
2023-08-14,65401.921875,0.0021023847015197994
2023-08-16,65539.421875,-0.00592624000392894
2023-08-17,65151.01953125,-0.0031060047326341156
2023-08-18,64948.66015625,0.004117555109784066
2023-08-21,65216.08984375,6.043610187989046e-05
2023-08-22,65220.03125,0.003270000445606991
2023-08-23,65433.30078125,-0.0027655786173002017
2023-08-24,65252.33984375,-0.005606360260428933
2023-08-25,64886.51171875,0.00169665221374804
2023-08-28,64996.6015625,0.0012188137240347618
2023-08-29,65075.8203125,0.00017563647211993327
2023-08-30,65087.25,-0.003930721358637812
2023-08-31,64831.41015625,0.008572233716042765
2023-09-01,65387.16015625,0.003685440202237711
2023-09-04,65628.140625,0.002317865264067187
2023-09-05,65780.2578125,0.0015242510189881209
2023-09-06,65880.5234375,0.005844505210485851
2023-09-07,66265.5625,0.005030422098959875
2023-09-08,66598.90625,0.007930638875919938
2023-09-11,67127.078125,0.001401143772783664
2023-09-12,67221.1328125,0.003657471463412776
2023-09-13,67466.9921875,0.0007708630667195848
2023-09-14,67519.0,0.004733968401487099
2023-09-15,67838.6328125,-0.0035641794723116904
2023-09-18,67596.84375,-0.011775697737366642
2023-09-20,66800.84375,-0.008541831666609712
2023-09-21,66230.2421875,-0.0033382597239199896
2023-09-22,66009.1484375,0.00022025829516292283
2023-09-25,66023.6875,-0.0011847073824829968
2023-09-26,65945.46875,0.0026266967736126023
2023-09-27,66118.6875,-0.00923138692824177
2023-09-28,65508.3203125,0.004886187525081853
2023-09-29,65828.40625,-0.004804987778357472
2023-10-03,65512.1015625,-0.004366559661150404
2023-10-04,65226.0390625,0.0062173214229890306
2023-10-05,65631.5703125,0.0055470636808863105
2023-10-06,65995.6328125,-0.0073223358411145245
2023-10-09,65512.390625,0.008654374303715962
2023-10-10,66079.359375,0.0059577983764314
2023-10-11,66473.046875,-0.0009726686685745944
2023-10-12,66408.390625,-0.0018920566560560736
2023-10-13,66282.7421875,-0.0017472496788438763
2023-10-16,66166.9296875,0.00394704822686287
2023-10-17,66428.09375,-0.008295741777175403
2023-10-18,65877.0234375,-0.0037612696668828383
2023-10-19,65629.2421875,-0.003529236145806247
2023-10-20,65397.62109375,-0.012626486616635013
2023-10-23,64571.87890625,-0.008096718282877724
2023-10-25,64049.05859375,-0.014065939079046963
2023-10-26,63148.1484375,0.010050213022130716
2023-10-27,63782.80078125,0.005171420072650035
2023-10-30,64112.6484375,-0.0037078292005319202
2023-10-31,63874.9296875,-0.004439951071374737
2023-11-01,63591.328125,0.007698696141990702
2023-11-02,64080.8984375,0.004414463894820475
2023-11-03,64363.78125,0.009242933598622383
2023-11-06,64958.69140625,-0.00025082045831414934
2023-11-07,64942.3984375,0.0005113906831137882
2023-11-08,64975.609375,-0.00220713830357977
2023-11-09,64832.19921875,0.0011179702312031914
2023-11-10,64904.6796875,0.00044975811282865763
2023-11-13,64933.87109375,0.011427912447705912
2023-11-15,65675.9296875,0.004667568109939513
2023-11-16,65982.4765625,-0.0028454524561859484
2023-11-17,65794.7265625,-0.0021214181180221336
2023-11-20,65655.1484375,0.004198071386014357
2023-11-21,65930.7734375,0.0014025127444872165
2023-11-22,66023.2421875,-8.223903159099155e-05
2023-11-23,66017.8125,-0.0007236446602952862
2023-11-24,65970.0390625,0.003094799781861113
2023-11-28,66174.203125,0.010996779570211057
2023-11-29,66901.90625,0.0012934048497310613
2023-11-30,66988.4375,0.007355747027238735
2023-12-01,67481.1875,0.02050837779788628
2023-12-04,68865.1171875,0.006258951630423448
2023-12-05,69296.140625,0.005160257617160768
2023-12-06,69653.7265625,-0.0018956496517313903
2023-12-07,69521.6875,0.0043715000804605
2023-12-08,69825.6015625,0.0014740966808266531
2023-12-11,69928.53125,-0.005398368780983098
2023-12-12,69551.03125,0.0004826716713852708
2023-12-13,69584.6015625,0.013359299925933321
2023-12-14,70514.203125,0.013749667897136941
2023-12-15,71483.75,-0.00235936489062194
2023-12-18,71315.09375,0.001712032384448836
2023-12-19,71437.1875,-0.013030678174445254
2023-12-20,70506.3125,0.005088750918579077
2023-12-21,70865.1015625,0.003412954609070651
2023-12-22,71106.9609375,0.0032322565114548674
2023-12-26,71336.796875,0.009835496451143344
2023-12-27,72038.4296875,0.005163259757514416
2023-12-28,72410.3828125,-0.002349455884531393
2023-12-29,72240.2578125,-0.004814230465548297
2024-01-02,71892.4765625,-0.007453839756572211
2024-01-03,71356.6015625,0.006880495136388554
2024-01-04,71847.5703125,0.002485513765090097
2024-01-05,72026.1484375,-0.009315084897010606
2024-01-08,71355.21875,0.00043433666160552775
2024-01-09,71386.2109375,0.0038032555087943454
2024-01-10,71657.7109375,0.0008857211480750582
2024-01-11,71721.1796875,0.011813434207185392
2024-01-12,72568.453125,0.010465764974923353
2024-01-15,73327.9375,-0.002716073426993648
2024-01-16,73128.7734375,-0.022262312746040958
2024-01-17,71500.7578125,-0.00439014140693661
2024-01-18,71186.859375,0.006972736146220848
2024-01-19,71683.2265625,-0.018312229379846445
2024-01-23,70370.546875,0.009801907980411695
2024-01-24,71060.3125,-0.005061061686155721
2024-01-25,70700.671875,0.017551437696291305
2024-01-29,71941.5703125,-0.0111433747069698
2024-01-30,71139.8984375,0.008605732520659437
2024-01-31,71752.109375,-0.001488632193957673
2024-02-01,71645.296875,0.006146055033706688
2024-02-02,72085.6328125,-0.004913752209421918
2024-02-05,71731.421875,0.006338531470801101
2024-02-06,72186.09375,-0.0004723035730133107
2024-02-07,72152.0,-0.010028416571959187
2024-02-08,71428.4296875,0.0023388796412142643
2024-02-09,71595.4921875,-0.007304929179484221
2024-02-12,71072.4921875,0.006791591199962088
2024-02-13,71555.1875,0.003740338532409071
2024-02-14,71822.828125,0.0031682780174566716
2024-02-15,72050.3828125,0.0052221486939099115
2024-02-16,72426.640625,0.0038869071183018633
2024-02-19,72708.15625,0.004803342644244202
2024-02-20,73057.3984375,-0.00594470507831657
2024-02-21,72623.09375,0.0073688466005346065
2024-02-22,73158.2421875,-0.00021112197393169385
2024-02-23,73142.796875,-0.004821582952354131
2024-02-26,72790.1328125,0.004191308982576913
2024-02-27,73095.21875,-0.010812416338790931
2024-02-28,72304.8828125,0.002702639917234073
2024-02-29,72500.296875,0.0171730977825737
2024-03-01,73745.3515625,0.001721294933314077
2024-03-04,73872.2890625,-0.002641805912293904
2024-03-05,73677.1328125,0.005549338843579887
2024-03-06,74085.9921875,0.0004508063739698809
2024-03-07,74119.390625,-0.008321034412174133
2024-03-11,73502.640625,0.0022491751465560927
2024-03-12,73667.9609375,-0.012299380910905211
2024-03-13,72761.890625,0.004609427024491852
2024-03-14,73097.28125,-0.006208870627455787
2024-03-15,72643.4296875,0.001445308790508193
2024-03-18,72748.421875,-0.010122212702638134
2024-03-19,72012.046875,0.001244800403404689
2024-03-20,72101.6875,0.007482487840523744
2024-03-21,72641.1875,0.002625920728512421
2024-03-22,72831.9375,-0.004965412666661506
2024-03-26,72470.296875,0.007258361669296054
2024-03-27,72996.3125,0.008973591131743897
2024-03-28,73651.3515625,0.004931278310511322
2024-04-01,74014.546875,-0.0014948497244312575
2024-04-02,73903.90625,-0.00036650210894639823
2024-04-03,73876.8203125,0.0047486139565300345
2024-04-04,74227.6328125,0.00027733522840467373
2024-04-05,74248.21875,0.006657146236252354
2024-04-08,74742.5,-0.0007866591965749459
2024-04-09,74683.703125,0.004745952566207912
2024-04-10,75038.1484375,-0.01057128962424636
2024-04-12,74244.8984375,-0.011382831753907308
2024-04-15,73399.78125,-0.006213936264285569
2024-04-16,72943.6796875,-0.0062334050317716105
2024-04-18,72488.9921875,0.008267957925939484
2024-04-19,73088.328125,0.007665917074225037
2024-04-22,73648.6171875,0.00121979123207816
2024-04-23,73738.453125,0.0015525735915009609
2024-04-24,73852.9375,0.006587415700289423
2024-04-25,74339.4375,-0.008195935703710466
2024-04-26,73730.15625,0.012764451451979575
2024-04-29,74671.28125,-0.0025243975574612554
2024-04-30,74482.78125,0.0017229233770053032
2024-05-02,74611.109375,-0.009823750693962907
2024-05-03,73878.1484375,0.00023539605915701145
2024-05-06,73895.5390625,-0.0051922958390693275
2024-05-07,73511.8515625,-0.0006184164394410496
2024-05-08,73466.390625,-0.014458567257264132
2024-05-09,72404.171875,0.003595053548148819
2024-05-10,72664.46875,0.0015367078906773912
2024-05-13,72776.1328125,0.00451352043322073
2024-05-14,73104.609375,-0.0016083544663629823
2024-05-15,72987.03125,0.009271338872274049
2024-05-16,73663.71875,0.003438768830822836
2024-05-17,73917.03125,0.0004908374888230593
2024-05-21,73953.3125,0.0036205274780625185
2024-05-22,74221.0625,0.016127181721495853
2024-05-23,75418.0390625,-0.00010141390037554654
2024-05-24,75410.390625,-0.00026376504398328837
2024-05-27,75390.5,-0.002918761316080931
2024-05-28,75170.453125,-0.008880546275142565
2024-05-29,74502.8984375,-0.008285541743289992
2024-05-30,73885.6015625,0.0010247048937668257
2024-05-31,73961.3125,0.03390243716943231
2024-06-03,76468.78125,-0.057405575232703177
2024-06-04,72079.046875,0.03195374262501294
2024-06-05,74382.2421875,0.009306866862859087
2024-06-06,75074.5078125,0.021563265743188342
2024-06-07,76693.359375,-0.002650571726895312
2024-06-10,76490.078125,-0.0004377610249695074
2024-06-11,76456.59375,0.0019615909517287644
2024-06-12,76606.5703125,0.002667240214076827
2024-06-13,76810.8984375,0.002367828051744292
2024-06-14,76992.7734375,0.0040051445574995626
2024-06-18,77301.140625,0.0004715729251245637
2024-06-19,77337.59375,0.0018275192005181573
2024-06-20,77478.9296875,-0.0034723150033835193
2024-06-21,77209.8984375,0.0016990009073278856
2024-06-24,77341.078125,0.00921173236489592
2024-06-25,78053.5234375,0.00795257581161013
2024-06-26,78674.25,0.007231459944009533
2024-06-27,79243.1796875,-0.0026557884959933498
2024-06-28,79032.7265625,0.0056111051305980375
2024-07-01,79476.1875,-0.0004370412835920101
2024-07-02,79441.453125,0.006864725260524951
2024-07-03,79986.796875,0.0007860672317989703
2024-07-04,80049.671875,-0.0006629672709074219
2024-07-05,79996.6015625,-0.0004527536081855299
2024-07-08,79960.3828125,0.004893145814690136
2024-07-09,80351.640625,-0.005312488757910794
2024-07-10,79924.7734375,-0.00034319380988234727
2024-07-11,79897.34375,0.007784989723140789
2024-07-12,80519.34375,0.0018072132511637307
2024-07-15,80664.859375,0.0006407684882918652
2024-07-16,80716.546875,0.007766859296779005
2024-07-18,81343.4609375,-0.009082629279416388
2024-07-19,80604.6484375,-0.0012725111328973915
2024-07-22,80502.078125,-0.0009072941245887867
2024-07-23,80429.0390625,-0.003483272376066715
2024-07-24,80148.8828125,-0.0013610412730916677
2024-07-25,80039.796875,0.01615348770836067
2024-07-26,81332.71875,0.0002843259189586611
2024-07-29,81355.84375,0.0012236943643031406
2024-07-30,81455.3984375,0.003510452566497513
2024-07-31,81741.34375,0.001543932595309272
2024-08-01,81867.546875,-0.010817396927162992
2024-08-02,80981.953125,-0.02744506154438342
2024-08-05,78759.3984375,-0.0021118511352266056
2024-08-06,78593.0703125,0.011132501841715658
2024-08-07,79468.0078125,-0.007321047532394376
2024-08-08,78886.21875,0.010390756623760655
2024-08-09,79705.90625,-0.0007149329037332564
2024-08-12,79648.921875,-0.00869930952847564
2024-08-13,78956.03125,0.0018979115354154086
2024-08-14,79105.8828125,0.016825056369760727
2024-08-16,80436.84375,-0.00015122500999420474
2024-08-19,80424.6796875,0.004702284037306326
2024-08-20,80802.859375,0.0012677459782035605
2024-08-21,80905.296875,0.0018279473744282626
2024-08-22,81053.1875,0.00040742922664205317
2024-08-23,81086.2109375,0.007546269956696383
2024-08-26,81698.109375,0.00016705940448824563
2024-08-27,81711.7578125,0.0009032321599218296
2024-08-28,81785.5625,0.004267829973046977
2024-08-29,82134.609375,0.002814453788226867
2024-08-30,82365.7734375,0.0023562009363908842
2024-09-02,82559.84375,-5.337037716957038e-05
2024-09-03,82555.4375,-0.0024564932503688963
2024-09-04,82352.640625,-0.0018394598382072136
2024-09-05,82201.15625,-0.012374844940213348
2024-09-06,81183.9296875,0.004626646880063978
2024-09-09,81559.5390625,0.004435410059426381
2024-09-10,81921.2890625,-0.004859943209588047
2024-09-11,81523.15625,0.01765823054109239
2024-09-12,82962.7109375,-0.0008651288836748483
2024-09-13,82890.9375,0.0011803914028598594
2024-09-16,82988.78125,0.0010950275281937927
2024-09-17,83079.65625,-0.0015819719704244228
2024-09-18,82948.2265625,0.0028520237538984805
2024-09-19,83184.796875,0.016343318443668542
2024-09-20,84544.3125,0.0045455083096217486
2024-09-23,84928.609375,-0.00017155953226155596
2024-09-24,84914.0390625,0.003012789496583679
2024-09-25,85169.8671875,0.007822602312309135
2024-09-26,85836.1171875,-0.0030787229625349744
2024-09-27,85571.8515625,-0.014865522824066835
2024-09-30,84299.78125,-0.0003972986288146574
2024-10-01,84266.2890625,-0.02099519890673951
2024-10-03,82497.1015625,-0.009802143616977399
2024-10-04,81688.453125,-0.007815708347702954
2024-10-07,81050.0,0.007215453423812468
2024-10-08,81634.8125,-0.002054404638952234
2024-10-09,81467.1015625,0.0017713246787023351
2024-10-10,81611.40625,-0.002818807879566454
2024-10-11,81381.359375,0.007270553165296123
2024-10-14,81973.046875,-0.001865609408580382
2024-10-15,81820.1171875,-0.0038958366653218945
2024-10-16,81501.359375,-0.006070450895470092
2024-10-17,81006.609375,0.0026928744047312048
2024-10-18,81224.75,-0.0009046080474239826
2024-10-21,81151.2734375,-0.011466914172538312
2024-10-22,80220.71875,-0.0017295056646448037
2024-10-23,80081.9765625,-0.00021003867813962351
2024-10-24,80065.15625,-0.008279096907401584
2024-10-25,79402.2890625,0.0075910909763010626
2024-10-28,80005.0390625,0.004549615771272331
2024-10-29,80369.03125,-0.00531114480118855
2024-10-30,79942.1796875,-0.0069189655531307626
2024-10-31,79389.0625,0.0042204137062331615
2024-11-01,79724.1171875,-0.011814179112009993
2024-11-04,78782.2421875,0.008814050041218158
2024-11-05,79476.6328125,0.011342956641442026
2024-11-06,80378.1328125,-0.010405115430473622
2024-11-07,79541.7890625,-0.0006973535628727046
2024-11-08,79486.3203125,0.00012364548970644762
2024-11-11,79496.1484375,-0.01032715126627104
2024-11-12,78675.1796875,-0.012510000821216782
2024-11-13,77690.953125,-0.0014241120819046271
2024-11-14,77580.3125,-0.0031103856084622183
2024-11-18,77339.0078125,0.0030951392676299427
2024-11-19,77578.3828125,-0.005447313216381033
2024-11-21,77155.7890625,0.025420261218652485
2024-11-22,79117.109375,0.012547756045972136
2024-11-25,80109.8515625,-0.0013205499752731997
2024-11-26,80004.0625,0.002875049313902034
2024-11-27,80234.078125,-0.01483579004479274
2024-11-28,79043.7421875,0.009602871195033558
2024-11-29,79802.7890625,0.005579868419777423
2024-12-02,80248.078125,0.007447802975032225
2024-12-03,80845.75,0.0013677667038773933
2024-12-04,80956.328125,0.00999960433914504
2024-12-05,81765.859375,-0.0006939594096329049
2024-12-06,81709.1171875,-0.0024557388074522013
2024-12-09,81508.4609375,1.9457335861394753e-05
2024-12-10,81510.046875,0.00019744498521356846
2024-12-11,81526.140625,-0.002896981087162853
2024-12-12,81289.9609375,0.010372206361967118
2024-12-13,82133.1171875,-0.004681995377359471
2024-12-16,81748.5703125,-0.013016951653493147
2024-12-17,80684.453125,-0.006224867128018952
2024-12-18,80182.203125,-0.012024566704620598
2024-12-19,79218.046875,-0.014850822147336573
2024-12-20,78041.59375,0.006388620491236452
2024-12-23,78540.171875,-0.0008569460174739918
2024-12-24,78472.8671875,-4.977835193265001e-06
2024-12-26,78472.4765625,0.002887557012674735
2024-12-27,78699.0703125,-0.005729896150099445
2024-12-30,78248.1328125,-0.0013946019678384713
2024-12-31,78139.0078125,0.004714654662419049
2025-01-01,78507.40625,0.018295148905139058
2025-01-02,79943.7109375,-0.009013861804130774
2025-01-03,79223.109375,-0.015880684277926327
2025-01-06,77964.9921875,0.003002850137366231
2025-01-07,78199.109375,-0.0006472859845151335
2025-01-08,78148.4921875,-0.0067599672778395625
2025-01-09,77620.2109375,-0.00310878680417781
2025-01-10,77378.90625,-0.013555353627139222
2025-01-13,76330.0078125,0.0022222583864615064
2025-01-14,76499.6328125,0.002933939736026181
2025-01-15,76724.078125,0.004154395794508048
2025-01-16,77042.8203125,-0.0054968417015659465
2025-01-17,76619.328125,0.00592682533393063
2025-01-20,77073.4375,-0.01602469235915427
2025-01-21,75838.359375,0.00747158584613028
2025-01-22,76404.9921875,0.0015102498108607865
2025-01-23,76520.3828125,-0.004311555468931916
2025-01-24,76190.4609375,-0.010818796111184747
2025-01-27,75366.171875,0.0071017853459205416
2025-01-28,75901.40625,0.008320724459568218
2025-01-29,76532.9609375,0.0029641027829205857
2025-01-30,76759.8125,0.009650333792829313
2025-01-31,77500.5703125,-0.004049365362533086
2025-02-03,77186.7421875,0.018099874057468046
2025-02-04,78583.8125,-0.003977043618238807
2025-02-05,78271.28125,-0.0027229016389711536
2025-02-06,78058.15625,-0.0025361699470066723
2025-02-07,77860.1875,-0.00704327388114756
2025-02-10,77311.796875,-0.013169986388316013
2025-02-11,76293.6015625,-0.0016059464357522923
2025-02-12,76171.078125,-0.00042154287152540437
2025-02-13,76138.96875,-0.0026235949314719065
2025-02-14,75939.2109375,0.0007591392745369685
2025-02-17,75996.859375,-0.00038776273443863474
2025-02-18,75967.390625,-0.00037135588399050956
2025-02-19,75939.1796875,-0.0026760724942812564
2025-02-20,75735.9609375,-0.005610260069858208
2025-02-21,75311.0625,-0.011374905911067157
2025-02-24,74454.40625,0.0019839112947059867
2025-02-25,74602.1171875,0.00013823334228013628
2025-02-27,74612.4296875,-0.01895566370005164
2025-02-28,73198.1015625,-0.0015323356768239815
2025-03-03,73085.9375,-0.0013136290753608115
2025-03-04,72989.9296875,0.010142452228266485
2025-03-05,73730.2265625,0.00827160332924004
2025-03-06,74340.09375,-0.00010109786820111655
2025-03-07,74332.578125,-0.0029247774728653475
2025-03-10,74115.171875,-0.00017339988796993833
2025-03-11,74102.3203125,-0.000979220349565213
2025-03-12,74029.7578125,-0.002713119270344122
2025-03-13,73828.90625,0.0046194220166981825
2025-03-17,74169.953125,0.015252870466203383
2025-03-18,75301.2578125,0.0019626373687939846
2025-03-19,75449.046875,0.011915533227204955
2025-03-20,76348.0625,0.00730136815849125
2025-03-21,76905.5078125,0.014028579105548111
2025-03-24,77984.3828125,0.00042065714078765026
2025-03-25,78017.1875,-0.009340089323266132
2025-03-26,77288.5,0.004113544544143144
2025-03-27,77606.4296875,-0.0024676797176619303
2025-03-28,77414.921875,-0.017960543378769622
2025-04-01,76024.5078125,0.007799191399730621
2025-04-02,76617.4375,-0.004203718311513671
2025-04-03,76295.359375,-0.012198276312267553
2025-04-04,75364.6875,-0.029546849278715537
2025-04-07,73137.8984375,0.014892138149563472
2025-04-08,74227.078125,-0.005118478284436678
2025-04-09,73847.1484375,0.0177408255121565
2025-04-11,75157.2578125,0.020991090660010814
2025-04-15,76734.890625,0.004032043767574045
2025-04-16,77044.2890625,0.019585021561766114
2025-04-17,78553.203125,0.010888122202209694
2025-04-21,79408.5,0.002356092231939888
2025-04-22,79595.59375,0.006544312479608738
2025-04-23,80116.4921875,-0.003932554851036718
2025-04-24,79801.4296875,-0.007379547456807578
2025-04-25,79212.53125,0.012697939601570285
2025-04-28,80218.3671875,0.0008728128912964817
2025-04-29,80288.3828125,-0.0005746861922446556
2025-04-30,80242.2421875,0.0032370730542778947
2025-05-02,80501.9921875,0.003662661686846924
2025-05-05,80796.84375,-0.001927964389079273
2025-05-06,80641.0703125,0.0013108821235923163
2025-05-07,80746.78125,-0.0051019835542980285
2025-05-08,80334.8125,-0.010958434115969307
2025-05-09,79454.46875,0.03744823588037649
2025-05-12,82429.8984375,-0.015548723361242467
2025-05-13,81148.21875,0.0022470456260015315
2025-05-14,81330.5625,0.014756810362648087
2025-05-15,82530.7421875,-0.0024251379812540996
2025-05-16,82330.59375,-0.0032936951216874233
2025-05-19,82059.421875,-0.010638441693262335
2025-05-20,81186.4375,0.005052510309988767
2025-05-21,81596.6328125,-0.007900333663048431
2025-05-22,80951.9921875,0.009500518970782634
2025-05-23,81721.078125,0.005572307787024888
2025-05-26,82176.453125,-0.007603398403549733
2025-05-27,81551.6328125,-0.0029344906011902205
2025-05-28,81312.3203125,0.003944090191590588
2025-05-29,81633.0234375,-0.0022296812899421647
2025-05-30,81451.0078125,-0.0009485188038169667
2025-06-02,81373.75,-0.007818764497150466
2025-06-03,80737.5078125,0.003229505028883528
2025-06-04,80998.25,0.005478995688178445
2025-06-05,81442.0390625,0.009171591644786536
2025-06-06,82188.9921875,0.003117433894498589
2025-06-09,82445.2109375,-0.0006488210399576699
2025-06-10,82391.71875,0.0014979888376220885
2025-06-11,82515.140625,-0.009975915404919045
2025-06-12,81691.9765625,-0.007018743138884953
2025-06-13,81118.6015625,0.008352546295783636
2025-06-16,81796.1484375,-0.002602219866900457
2025-06-17,81583.296875,-0.001699375121018032
2025-06-18,81444.65625,-0.0010165069915191172
2025-06-19,81361.8671875,0.012859890310638722
2025-06-20,82408.171875,-0.006205486675225469
2025-06-23,81896.7890625,0.0019331687397314834
2025-06-24,82055.109375,0.008535707804606218
2025-06-25,82755.5078125,0.012088130463370872
2025-06-26,83755.8671875,0.0036180301174797425
2025-06-27,84058.8984375,-0.005382386736086042
2025-06-30,83606.4609375,0.0010863768658728734
2025-07-01,83697.2890625,-0.003436211204943973
2025-07-02,83409.6875,-0.002040755158086438
2025-07-03,83239.46875,0.002323679834874026
2025-07-04,83432.890625,0.00011517490198431624
2025-07-07,83442.5,0.0032358547802378013
2025-07-08,83712.5078125,-0.0021075666242751367
2025-07-09,83536.078125,-0.004139491376199955
2025-07-10,83190.28125,-0.008291984227424387
2025-07-11,82500.46875,-0.0029940170794484633
2025-07-14,82253.4609375,0.003859355082228122
2025-07-15,82570.90625,0.0007698875474071443
2025-07-16,82634.4765625,-0.004540893711793448
2025-07-17,82259.2421875,-0.006096769331485619
2025-07-18,81757.7265625,0.005413765843423235
2025-07-21,82200.34375,-0.00016461305856763087
2025-07-22,82186.8125,0.0065683058945740225
2025-07-23,82726.640625,-0.0065573646639298655
2025-07-24,82184.171875,-0.008773929438587569
2025-07-25,81463.09375,-0.007022447665142817
2025-07-28,80891.0234375,0.005525083853653134
2025-07-29,81337.953125,0.0017692386453203035
2025-07-30,81481.859375,-0.0036361621135378996
2025-07-31,81185.578125,-0.007213989091735651
2025-08-01,80599.90625,0.005196190907480025
2025-08-04,81018.71875,-0.0038073763046271303
2025-08-05,80710.25,-0.0020599343020248906
2025-08-06,80543.9921875,0.0009841283359219855
2025-08-07,80623.2578125,-0.009494391206321562
2025-08-08,79857.7890625,0.009345225697594994
2025-08-11,80604.078125,-0.00457153513285713
2025-08-12,80235.59375,0.0037927369360308827
2025-08-13,80539.90625,0.0007170358483004069
2025-08-14,80597.65625,0.0083885038530509
2025-08-18,81273.75,0.00456039772989425
2025-08-19,81644.390625,0.0026144248657622438
2025-08-20,81857.84375,0.0017453084634910798
2025-08-21,82000.7109375,-0.008461626333079675
2025-08-22,81306.8515625,0.0040470720631342605
2025-08-25,81635.90625,-0.010404333417931566
2025-08-26,80786.5390625,-0.008738692834134532
2025-08-28,80080.5703125,-0.003383116203378389
2025-08-29,79809.6484375,0.0069520886366829515
2025-09-01,80364.4921875,-0.0025709037583160343
2025-09-02,80157.8828125,0.005112761348233796
2025-09-03,80567.7109375,0.0018654728209492877
2025-09-04,80718.0078125,-8.981886689818364e-05
2025-09-05,80710.7578125,0.0009483130201528578
2025-09-08,80787.296875,0.003887039790251734
2025-09-09,81101.3203125,0.00399288351598015
2025-09-10,81425.1484375,0.0015176898952153905
2025-09-11,81548.7265625,0.004365200751812681
2025-09-12,81904.703125,-0.0014524310932235718
2025-09-15,81785.7421875,0.007274438020456353
2025-09-16,82380.6875,0.0037997186840665886
2025-09-17,82693.7109375,0.00387272497955804
2025-09-18,83013.9609375,-0.0046707128610803395
2025-09-19,82626.2265625,-0.005642975988348176
2025-09-22,82159.96875,-0.0007043233874161059
2025-09-23,82102.1015625,-0.004707172443153662
2025-09-24,81715.6328125,-0.006803510000046864
2025-09-25,81159.6796875,-0.009034273580467711
2025-09-26,80426.4609375,-0.0007649651219616693
2025-09-29,80364.9375,-0.0012109797571857595
2025-09-30,80267.6171875,0.008916364252201214
2025-10-01,80983.3125,0.0027642654775328346
2025-10-03,81207.171875,0.0071784954338431906
2025-10-06,81790.1171875,0.0016705296091796829
2025-10-07,81926.75,-0.001868666217078041
2025-10-08,81773.65625,0.004872538795157588
2025-10-09,82172.1015625,0.004000369270706461
2025-10-10,82500.8203125,-0.002106323753409689
2025-10-13,82327.046875,-0.0036084169635168806
2025-10-14,82029.9765625,0.0070151565210012645
2025-10-15,82605.4296875,0.01043789210663082
2025-10-16,83467.65625,0.005805018036552312
2025-10-17,83952.1875,0.004897784080968748
2025-10-20,84363.3671875,0.0007464918079909122
2025-10-21,84426.34375,0.0015404514956269821
2025-10-23,84556.3984375,-0.004074388589938027
2025-10-24,84211.8828125,0.006732552682171322
2025-10-27,84778.84375,-0.001777418673511888
2025-10-28,84628.15625,0.004359974018694368
2025-10-29,84997.1328125,-0.006972845499475966
2025-10-30,84404.4609375,-0.005518073272748891
2025-10-31,83938.7109375,0.00047393210540991326
2025-11-03,83978.4921875,-0.006184247138427468
2025-11-04,83459.1484375,-0.0017750076267665227
2025-11-06,83311.0078125,-0.0011370233656660123
2025-11-07,83216.28125,0.0038342294044773073
2025-11-10,83535.3515625,0.004021875094984528
2025-11-11,83871.3203125,0.007096436514679505
2025-11-12,84466.5078125,0.0001440104819652177
2025-11-13,84478.671875,0.0009956285194026027
2025-11-14,84562.78125,0.004590339499979557
2025-11-17,84950.953125,-0.0032716488429628265
2025-11-18,84673.0234375,0.006063859440179176
2025-11-19,85186.46875,0.005238049470151385
2025-11-20,85632.6796875,-0.004679963466780346
2025-11-21,85231.921875,-0.0038859963522323016
2025-11-24,84900.7109375,-0.003694941085133352
2025-11-25,84587.0078125,0.012088144816122748
2025-11-26,85609.5078125,0.0012951248387367276
2025-11-27,85720.3828125,-0.00015994955983800185
2025-11-28,85706.671875,-0.000755757236664989
2025-12-01,85641.8984375,-0.00588059126652285
2025-12-02,85138.2734375,-0.00036952754888897044
2025-12-03,85106.8125,0.0018624573972854108
2025-12-04,85265.3203125,0.00524300938953326
2025-12-05,85712.3671875,-0.007113088898435094
2025-12-08,85102.6875,-0.005127996104705823
2025-12-09,84666.28125,-0.003248138555748792
2025-12-10,84391.2734375,0.005058098516739884
2025-12-11,84818.1328125,0.005299850663934347
2025-12-12,85267.65625,-0.0006367816049828168
2025-12-15,85213.359375,-0.006260755401652607
2025-12-16,84679.859375,-0.0014195930223225295
2025-12-17,84559.6484375,-0.0009204855854803018
2025-12-18,84481.8125,0.005297552949636408
2025-12-19,84929.359375,0.007513505249491459
2025-12-22,85567.4765625,-0.0004982361781915579
2025-12-23,85524.84375,-0.0013579752959209657
2025-12-24,85408.703125,-0.004299913083359974
2025-12-26,85041.453125,-0.004067593506328571
2025-12-29,84695.5390625,-0.0002415822335684048
2025-12-30,84675.078125,0.006442550152651494
2025-12-31,85220.6015625,-0.00037549605862063906
2026-01-01,85188.6015625,0.006731020811267863
2026-01-02,85762.0078125,-0.003759131032762597
2026-01-05,85439.6171875,-0.004403969140852504
2026-01-06,85063.34375,-0.0012014943275727719
2026-01-07,84961.140625,-0.009182782643462173
2026-01-08,84180.9609375,-0.00718355722321784
2026-01-09,83576.2421875,0.003612625784521706
2026-01-12,83878.171875,-0.002986287962657097
2026-01-13,83627.6875,-0.002929371477598308
2026-01-14,83382.7109375,0.0022503540948752843
2026-01-16,83570.3515625,-0.003879029691020941
2026-01-19,83246.1796875,-0.012801920058080785
2026-01-20,82180.46875,-0.0032956241503551142
2026-01-21,81909.6328125,0.004855770455111985
2026-01-22,82307.3671875,-0.009351095640645068
2026-01-23,81537.703125,0.003921786182887299
2026-01-27,81857.4765625,0.005951846373226655
2026-01-28,82344.6796875,0.0026921897181615417
2026-01-29,82566.3671875,-0.003592091399958086
2026-01-30,82269.78125,-0.007333437664877707
2026-02-02,81666.4609375,0.025379719547125035
2026-02-03,83739.1328125,0.0009380881418474818
2026-02-04,83817.6875,-0.006010161190619812
2026-02-05,83313.9296875,0.003198369720399663
2026-02-06,83580.3984375,0.005807002258584992
2026-02-09,84065.75,0.002476298314117331
2026-02-10,84273.921875,-0.0004779800097561848
2026-02-11,84233.640625,-0.00663296452408324
2026-02-12,83674.921875,-0.012526621346188094
2026-02-13,82626.7578125,0.007871428605197073
2026-02-16,83277.1484375,0.0020871572005187744
2026-02-17,83450.9609375,0.0033946770572499396
2026-02-18,83734.25,-0.01476229111743399
2026-02-19,82498.140625,0.003837302393747022
2026-02-20,82814.7109375,0.0057954113111886585
2026-02-23,83294.65625,-0.012830767580003122
2026-02-24,82225.921875,0.0006098859867602613
2026-02-25,82276.0703125,-0.00033376578871224805
2026-02-26,82248.609375,-0.01168921738988371
2026-02-27,81287.1875,-0.0128966934364656
2026-03-02,80238.8515625,-0.013991527055014386
2026-03-04,79116.1875,0.01137202089648226
2026-03-05,80015.8984375,-0.013709775449898376
2026-03-06,78918.8984375,-0.017140915728458994
2026-03-09,77566.15625,0.008248704633987858
2026-03-10,78205.9765625,-0.017163210332490353
2026-03-11,76863.7109375,-0.010789084372654356
2026-03-12,76034.421875,-0.019339924783244755
2026-03-13,74563.921875,0.012592278730644502
2026-03-16,75502.8515625,0.007522791202525969
2026-03-17,76070.84375,0.00832499064400083
2026-03-18,76704.1328125,-0.03255223067450019
2026-03-19,74207.2421875,0.004389312153347591
2026-03-20,74532.9609375,-0.024641048596473536
2026-03-23,72696.390625,0.018873873767374594
2026-03-24,74068.453125,0.016268734517330907
2026-03-25,75273.453125,-0.022454587969986894
2026-03-27,73583.21875,-0.022228870967947456
2026-03-30,71947.546875,0.01649498126130511
2026-04-01,73134.3203125,0.002532690010771166
2026-04-02,73319.546875,0.01073799172330192
2026-04-06,74106.8515625,0.0068782649883609714
2026-04-07,74616.578125,0.03948613547466939
2026-04-08,77562.8984375,-0.012006384737548226
2026-04-09,76631.6484375,0.011987234794371027
2026-04-10,77550.25,-0.009060959668086177
2026-04-13,76847.5703125,0.016443875451901624
2026-04-15,78111.2421875,-0.0015690763143390019
2026-04-16,77988.6796875,0.0064734956024767865
2026-04-17,78493.5390625,0.0003408919105902797
2026-04-20,78520.296875,0.009590275125917813
2026-04-21,79273.328125,-0.009547169967515479
2026-04-22,78516.4921875,-0.01085749202172992
2026-04-23,77664.0,-0.012873262547641096
2026-04-24,76664.2109375,0.008340552484408681
2026-04-27,77303.6328125,-0.005390775922662905
2026-04-28,76886.90625,0.00792661786934623
2026-04-29,77496.359375,-0.007521119439683366
2026-04-30,76913.5,0.0046272557808446635
2026-05-04,77269.3984375,-0.0032562616001665656
2026-05-05,77017.7890625,0.012214507667009045
2026-05-06,77958.5234375,-0.0014623160492693854
2026-05-07,77844.5234375,-0.006632912820316195
2026-05-08,77328.1875,-0.01697836574793632
2026-05-11,76015.28125,-0.01915455732790572
2026-05-12,74559.2421875,0.00066704507101778
2026-05-13,74608.9765625,0.010585082705677262
2026-05-14,75398.71875,-0.0021316882456970943
2026-05-15,75237.9921875,0.0010240421462601734
2026-05-18,75315.0390625,-0.0015161314582237129
2026-05-19,75200.8515625,0.0015630017487542336
2026-05-20,75318.390625,-0.0017928058324069296
2026-05-21,75183.359375,0.0030856853089373804
2026-05-22,75415.3515625,0.014235952664229723
2026-05-25,76488.9609375,-0.006265712158014636
2026-05-26,76009.703125,-0.0018669491415672645
2026-05-27,75867.796875,-0.014394179513335215
2026-05-29,74775.7421875,-0.0067989754782399325
2026-06-01,74267.34375,0.005150312111438682
2026-06-02,74649.84375,-0.004067950577592461
2026-06-03,74346.171875,0.00018610154566212067
2026-06-04,74360.0078125,-0.0015689086907328953
2026-06-05,74243.34375,-0.009685527364195479
2026-06-08,73524.2578125,0.005365576093349311
2026-06-09,73918.7578125,0.0008715226947320076
2026-06-10,73983.1796875,-0.002036041342589834
2026-06-11,73832.546875,0.02296285746271698
2026-06-12,75527.953125,0.009749701528138699
2026-06-15,76264.328125,0.0071350322080872
2026-06-16,76808.4765625,0.004519561388742321
2026-06-17,77155.6171875,0.0032967058559310036
2026-06-18,77409.9765625,-0.007842375775812926
2026-06-19,76802.8984375,0.003791157377178278
2026-06-22,77094.0703125,-0.011588318289313948
2026-06-23,76200.6796875,0.01037443584154385
2026-06-24,76991.21875,0.0014189929939250057
2026-06-25,77100.46875,-0.0048261906643726205
2026-06-29,76728.3671875,-0.003254276373297782
2026-06-30,76478.671875,0.005805131536876562
2026-07-01,76922.640625,0.0075332380400845445
2026-07-02,77502.1171875,0.0033778311096541724
2026-07-03,77763.90625,0.006701876071200985
2026-07-06,78285.0703125,-0.0013329688800616246
2026-07-07,78180.71875,-0.021451800575829294
2026-07-08,76503.6015625,0.003113823991742315
2026-07-09,76741.8203125,0.01078382437541947
2026-07-10,77569.390625,0.0006060098206424058
2026-07-13,77616.3984375,-0.007233792713947085
2026-07-14,77054.9375,0.0016934954687362058
2026-07-15,77185.4296875,1.862398131113885e-05
2026-07-16,77186.8671875,0.012496762372242065
2026-07-17,78151.453125,-0.00566758095708797
2026-07-20,77708.5234375,-0.003068055497049249
2026-07-21,77470.109375,-0.009230172846906526
2026-07-22,76755.046875,-0.004737880632034952
2026-07-23,76391.390625,-0.004341028285869131
2026-07-24,76059.7734375,0.01020260483864921
2026-07-27,76835.78125,-0.0009092036791127356
2026-07-28,76765.921875,0.011576486881080594
2026-07-29,77654.6015625,0.0035226099869927197
2026-07-30,77928.1484375,0.002136483296963254
2026-07-31,78094.640625,0.006970908895196581
2026-08-03,78639.03125,-0.0026714231045413817
2026-08-04,78428.953125,0.001938657459288784
2026-08-05,78581.0,0.004756338205164079
2026-08-06,78954.7578125,-0.005770215122208544
2026-08-07,78499.171875,0.0005511602729886267
2026-08-10,78542.4375,-0.004942391812069791
2026-08-11,78154.25,-0.0024041998675695675
2026-08-12,77966.3515625,0.001457159052888679
2026-08-13,78079.9609375,-0.0009056220911355384
2026-08-14,78009.25,-0.003603338706627768
2026-08-17,77728.15625,-0.00633869805061793
2026-08-18,77235.4609375,-0.004218026875810632
2026-08-19,76909.6796875,0.008165930024047086
2026-08-20,77537.71875,4.010145062460779e-05
2026-08-21,77540.828125,-0.00221455914454749
2026-08-24,77369.109375,0.0037092888533718504
2026-08-25,77656.09375,-0.0023585560534327144
2026-08-26,77472.9375,-0.006961705176081634
2026-08-27,76933.59375,0.004301294744859074
2026-08-28,77264.5078125,-0.003976397232032802
2026-08-31,76957.2734375,-0.00016882338627222104
2026-09-01,76944.28125,-0.00485974631805397
2026-09-02,76570.3515625,-0.005452400034486216
2026-09-03,76152.859375,0.004761085998289172
2026-09-04,76515.4296875,-0.00500052328089462
2026-09-07,76132.8125,-0.007292970754232964
2026-09-08,75577.578125,-0.010761810350085277
2026-09-09,74764.2265625,0.0018507138221288688
2026-09-10,74902.59375,-0.0016132410301211708
2026-09-11,74781.7578125,
