ds,y,next_return
1996-01-01,1.1312603950500488,-0.0016781352413669515
1996-01-02,1.1293619871139526,0.003360962235223086
1996-01-03,1.133157730102539,-0.006699723616018116
1996-01-04,1.1255658864974976,-0.0016865194206566736
1996-01-05,1.123667597770691,-0.01182430694142278
1996-01-08,1.110381007194519,-0.03247875286742219
1996-01-09,1.074317216873169,0.00353372260577145
1996-01-10,1.0781135559082031,-0.003521279381220821
1996-01-11,1.074317216873169,-0.0017663064886852542
1996-01-12,1.0724196434020996,-0.012389691186455276
1996-01-15,1.059132695198059,-0.017921135657694487
1996-01-16,1.040151834487915,-0.031021751831944888
1996-01-17,1.0078845024108887,-0.005650079694864973
1996-01-18,1.0021898746490479,-0.0321967061172278
1996-01-19,0.969922661781311,-0.003913756386348055
1996-01-22,0.9661266207695007,-0.005893978714799797
1996-01-23,0.9604322910308838,-0.025691878426500225
1996-01-24,0.9357569813728333,-0.012170212652116486
1996-01-25,0.9243686199188232,0.0
1996-01-26,0.9243686199188232,0.02053392976111157
1996-01-29,0.9433495402336121,0.014084546198566361
1996-01-30,0.9566361904144287,0.02777754239769825
1996-01-31,0.9832091927528381,0.07335891887690904
1996-02-01,1.055336356163025,0.04856122970317989
1996-02-02,1.1065847873687744,0.02744458350830037
1996-02-05,1.1369545459747314,-0.006677979245220955
1996-02-06,1.1293619871139526,-0.036974595660124954
1996-02-07,1.087604284286499,0.06282708166593332
1996-02-08,1.155935287475586,0.1986861905838364
1996-02-09,1.385603666305542,-0.03835610687029467
1996-02-12,1.3324573040008545,-0.017094041563281537
1996-02-13,1.3096802234649658,0.07536239825369462
1996-02-14,1.4083808660507202,-0.0067386666474810175
1996-02-15,1.3988902568817139,-0.033921154806812126
1996-02-16,1.351438283920288,-0.012640466534929118
1996-02-19,1.3343554735183716,-0.04267422231970042
1996-02-20,1.2774128913879395,0.0
1996-02-21,1.2774128913879395,0.01783081970444167
1996-02-22,1.3001902103424072,-0.001460191847534209
1996-02-23,1.2982916831970215,-0.010233810736709481
1996-02-26,1.2850052118301392,0.0029540591526155957
1996-02-27,1.2888011932373047,-0.020618248698022645
1996-02-28,1.2622283697128296,-0.07819545634116931
1996-02-29,1.1635278463363647,0.014681397105583693
1996-03-01,1.1806100606918335,-0.014468972376415867
1996-03-04,1.1635278463363647,0.0
1996-03-05,1.1635278463363647,0.011418716424843822
1996-03-06,1.1768138408660889,-0.012903281357154683
1996-03-07,1.1616290807724,-0.003267705897438411
1996-03-08,1.157833218574524,-0.018032538939846132
1996-03-11,1.1369545459747314,-0.01335564394148303
1996-03-12,1.1217697858810425,0.042300884146979634
1996-03-13,1.1692216396331787,-0.00324679230786018
1996-03-14,1.165425419807434,-0.022801168990672083
1996-03-15,1.1388523578643799,-0.005000321352031656
1996-03-18,1.133157730102539,-0.010049743225478469
1996-03-19,1.1217697858810425,0.0
1996-03-20,1.1217697858810425,0.016920566196678033
1996-03-21,1.140750765800476,-0.003327825796444528
1996-03-22,1.1369545459747314,0.010016601894045962
1996-03-25,1.1483429670333862,0.0066115443383727435
1996-03-26,1.155935287475586,0.018062043452362397
1996-03-27,1.1768138408660889,0.035484099705930916
1996-03-28,1.2185720205307007,0.010903410182014017
1996-03-29,1.2318586111068726,0.013867412248941058
1996-04-01,1.2489413022994995,0.03343486166061482
1996-04-02,1.2906994819641113,0.026470901173455186
1996-04-03,1.324865460395813,-0.02435580631139167
1996-04-04,1.2925972938537598,0.0
1996-04-05,1.2925972938537598,0.013215971975521379
1996-04-08,1.3096802234649658,-0.01884048578632802
1996-04-09,1.2850052118301392,-0.029542075838137616
1996-04-10,1.247043490409851,0.015220593064173116
1996-04-11,1.2660242319107056,0.004497851778608952
1996-04-12,1.2717186212539673,0.022388277259293154
1996-04-15,1.3001902103424072,-0.014598709463997883
1996-04-16,1.281209111213684,0.03851850666397705
1996-04-17,1.3305593729019165,0.042795882754899095
1996-04-18,1.387501835823059,0.05198385904059277
1996-04-19,1.4596295356750488,-0.019506201273086332
1996-04-22,1.4311577081680298,-0.015914977075772718
1996-04-23,1.4083808660507202,0.036388359753875665
1996-04-24,1.4596295356750488,-0.04161280469379125
1996-04-25,1.3988902568817139,0.004070732871672922
1996-04-26,1.4045847654342651,-0.004054229187649416
1996-04-29,1.3988902568817139,-0.03799171724440131
1996-04-30,1.345744013786316,0.02256690831070718
1996-05-01,1.3761132955551147,-0.016551748035179448
1996-05-02,1.353336215019226,-0.018232728394456
1996-05-03,1.3286612033843994,-0.034285492289436115
1996-05-06,1.2831073999404907,0.010354731762064029
1996-05-07,1.296393632888794,0.020497863987822385
1996-05-08,1.3229669332504272,-0.02295570556858262
1996-05-09,1.2925972938537598,-0.0058735091429640285
1996-05-10,1.2850052118301392,0.010339624496899402
1996-05-13,1.2982916831970215,0.0014623271256815062
1996-05-14,1.3001902103424072,0.01605807613718646
1996-05-15,1.3210687637329102,0.02729904038358666
1996-05-16,1.3571326732635498,-0.012587604113469153
1996-05-17,1.3400496244430542,-0.03541087563008449
1996-05-20,1.2925972938537598,-0.02055788146038051
1996-05-21,1.2660242319107056,0.011994145862485706
1996-05-22,1.281209111213684,-0.007407448071241496
1996-05-23,1.2717186212539673,0.010447743985277702
1996-05-24,1.2850052118301392,-0.01329396195801158
1996-05-27,1.2679224014282227,0.014970143202811759
1996-05-28,1.2869033813476562,0.016224055443243568
1996-05-29,1.3077821731567383,-0.01015954463946489
1996-05-30,1.294495701789856,0.001466154809408593
1996-05-31,1.296393632888794,0.010248886016637426
1996-06-03,1.3096802234649658,-0.014492653367428887
1996-06-04,1.2906994819641113,0.0014703747201947337
1996-06-05,1.2925972938537598,0.008810770949836177
1996-06-06,1.3039860725402832,0.0
1996-06-07,1.3039860725402832,0.0014558498561245692
1996-06-10,1.3058844804763794,-0.002907193018282017
1996-06-11,1.3020880222320557,0.023323524408695118
1996-06-12,1.3324573040008545,0.10398890195287613
1996-06-13,1.4710180759429932,0.04387082961028366
1996-06-14,1.5355528593063354,-0.04326336986500667
1996-06-17,1.469119668006897,-0.010336039761539184
1996-06-18,1.4539347887039185,-0.007832663974033816
1996-06-19,1.4425466060638428,-0.009210840992919689
1996-06-20,1.4292595386505127,-0.022576257988449533
1996-06-21,1.3969922065734863,-0.005434676870196831
1996-06-24,1.3894000053405762,-0.005464459776174158
1996-06-25,1.3818076848983765,0.07554943763257094
1996-06-26,1.4862024784088135,0.0038315030596358657
1996-06-27,1.4918968677520752,0.01526703528215645
1996-06-28,1.5146737098693848,-0.021303235856056757
1996-07-01,1.4824062585830688,-0.0025607694209841547
1996-07-02,1.4786101579666138,-0.010269617053470737
1996-07-03,1.4634253978729248,0.0012969915043063995
1996-07-04,1.4653234481811523,-0.0012953114963003554
1996-07-05,1.4634253978729248,0.005188291853554183
1996-07-08,1.4710180759429932,-0.01032294380278953
1996-07-09,1.455832839012146,-0.0013037556629890146
1996-07-10,1.4539347887039185,0.0
1996-07-11,1.4539347887039185,-0.002610915321614282
1996-07-12,1.4501386880874634,0.0026177500453157254
1996-07-15,1.4539347887039185,-0.0065273702948447365
1996-07-16,1.4444444179534912,-0.00919849155863417
1996-07-17,1.4311577081680298,-0.007957405242181803
1996-07-18,1.4197694063186646,0.005347656892520147
1996-07-19,1.4273618459701538,-0.002659772821476336
1996-07-22,1.42356538772583,-0.018666638976657657
1996-07-23,1.3969922065734863,-0.016304371941884943
1996-07-24,1.3742151260375977,-0.0027623772614122633
1996-07-25,1.3704190254211426,0.0055401452412457974
1996-07-26,1.3780113458633423,-0.0027548538240562692
1996-07-29,1.3742151260375977,-0.023480466963550217
1996-07-30,1.3419479131698608,-0.004243109333463613
1996-07-31,1.3362538814544678,0.008522469268848809
1996-08-01,1.3476420640945435,0.009858962191507059
1996-08-02,1.3609284162521362,0.008368476813186865
1996-08-05,1.3723173141479492,0.044260027422220904
1996-08-06,1.433056116104126,-0.023841257043928366
1996-08-07,1.3988902568817139,-0.005427302960729796
1996-08-08,1.3912980556488037,-0.008185636018820608
1996-08-09,1.3799093961715698,-0.005501869937754034
1996-08-12,1.3723173141479492,-0.0027663711562155857
1996-08-13,1.368520975112915,-0.012482593619887683
1996-08-14,1.351438283920288,0.0
1996-08-15,1.351438283920288,-0.007022422602160794
1996-08-16,1.3419479131698608,-0.00990106222086995
1996-08-19,1.3286612033843994,-0.04285711209553389
1996-08-20,1.2717186212539673,0.04776110197002259
1996-08-21,1.3324573040008545,-0.0042735998565685
1996-08-22,1.3267629146575928,0.0014307670992572685
1996-08-23,1.3286612033843994,0.011428437615572218
1996-08-26,1.3438457250595093,0.016949089394610706
1996-08-27,1.3666226863861084,0.008333433646817268
1996-08-28,1.3780113458633423,0.006887091306037707
1996-08-29,1.387501835823059,0.008207860173315984
1996-08-30,1.3988902568817139,0.005427302960729685
1996-09-02,1.406482458114624,-0.0175436053780037
1996-09-03,1.3818076848983765,0.004120798420006899
1996-09-04,1.387501835823059,0.012312005051202446
1996-09-05,1.4045847654342651,0.0013510702430068466
1996-09-06,1.406482458114624,-0.0013492473151088813
1996-09-09,1.4045847654342651,0.005405214559103699
1996-09-10,1.4121768474578857,0.0013442287559266575
1996-09-11,1.4140751361846924,-0.0026845955555001577
1996-09-12,1.4102789163589478,0.00269182200890139
1996-09-13,1.4140751361846924,-0.0026845955555001577
1996-09-16,1.4102789163589478,0.013458771929008906
1996-09-17,1.4292595386505127,-0.011952126769611215
1996-09-18,1.4121768474578857,-0.009408588308248755
1996-09-19,1.3988902568817139,-0.008141039658136506
1996-09-20,1.387501835823059,-0.0041038871284122536
1996-09-23,1.3818076848983765,-0.004120970961078774
1996-09-24,1.3761132955551147,0.001379283460423153
1996-09-25,1.3780113458633423,-0.00413206446556913
1996-09-26,1.3723173141479492,-0.0027663711562155857
1996-09-27,1.368520975112915,-0.006934764554590966
1996-09-30,1.3590306043624878,0.01396638268478001
1996-10-01,1.3780113458633423,0.0
1996-10-02,1.3780113458633423,-0.020661187409907078
1996-10-03,1.3495399951934814,0.007032477142439708
1996-10-04,1.3590306043624878,-0.03631292830279709
1996-10-07,1.3096802234649658,-0.013043588278374152
1996-10-08,1.2925972938537598,0.014684372317416372
1996-10-09,1.3115782737731934,0.014471952996078175
1996-10-10,1.3305593729019165,-0.0014265951269631927
1996-10-11,1.3286612033843994,-0.015714337239980725
1996-10-14,1.3077821731567383,0.024673414234136937
1996-10-15,1.3400496244430542,-0.008498506958940388
1996-10-16,1.3286612033843994,0.004285720181689268
1996-10-17,1.3343554735183716,0.009957309607415477
1996-10-18,1.3476420640945435,0.0
1996-10-21,1.3476420640945435,0.05352114196033364
1996-10-22,1.4197694063186646,0.04946519652702053
1996-10-23,1.4899985790252686,-0.05732476177720902
1996-10-24,1.4045847654342651,0.016216237778178266
1996-10-25,1.4273618459701538,0.011967933731426461
1996-10-28,1.4444444179534912,0.006570256793870577
1996-10-29,1.4539347887039185,0.0
1996-10-30,1.4539347887039185,-0.015665819892921595
1996-10-31,1.4311577081680298,0.011936441046090707
1996-11-01,1.4482406377792358,0.005242361686903285
1996-11-04,1.455832839012146,-0.00521502265195628
1996-11-05,1.4482406377792358,0.0
1996-11-06,1.4482406377792358,-0.003931688951999357
1996-11-07,1.4425466060638428,0.003947208146660719
1996-11-08,1.4482406377792358,0.03800794536182939
1996-11-11,1.50328528881073,0.0
1996-11-12,1.50328528881073,-0.007575688489351418
1996-11-13,1.4918968677520752,-0.007633677450100018
1996-11-14,1.4805082082748413,-0.001282026197233499
1996-11-15,1.4786101579666138,-0.0038510156947070273
1996-11-18,1.4729160070419312,-0.014175383618026172
1996-11-19,1.4520368576049805,-0.0052288201995177586
1996-11-20,1.4444444179534912,0.0
1996-11-21,1.4444444179534912,0.0
1996-11-22,1.4444444179534912,0.0
1996-11-25,1.4444444179534912,0.0
1996-11-26,1.4444444179534912,-0.006570339323380137
1996-11-27,1.4349539279937744,0.006613794195459377
1996-11-28,1.4444444179534912,-0.0013138697938528399
1996-11-29,1.4425466060638428,0.0
1996-12-02,1.4425466060638428,0.0026314445517454654
1996-12-03,1.4463425874710083,-0.024934390665436568
1996-12-04,1.4102789163589478,0.006729512757816192
1996-12-05,1.4197694063186646,-0.00267349259090488
1996-12-06,1.4159736633300781,-0.0013407926959042582
1996-12-09,1.4140751361846924,0.0026843426496541145
1996-12-10,1.4178709983825684,0.01472587271997794
1996-12-11,1.4387503862380981,-0.003957788778678251
1996-12-12,1.433056116104126,-0.006622719286176415
1996-12-13,1.42356538772583,0.017333415286827636
1996-12-16,1.4482406377792358,0.01834851284369554
1996-12-17,1.47481369972229,-0.009008834241297503
1996-12-18,1.4615273475646973,-0.0064935425091637855
1996-12-19,1.4520368576049805,0.01568613220664261
1996-12-20,1.47481369972229,0.00900915756156384
1996-12-23,1.488100528717041,0.008928477015149872
1996-12-24,1.5013870000839233,0.0
1996-12-25,1.5013870000839233,0.0353982560865429
1996-12-26,1.5545334815979004,0.0
1996-12-27,1.5545334815979004,0.0
1996-12-30,1.5545334815979004,-0.042734977192368406
1996-12-31,1.488100528717041,0.07015297171566148
1997-01-01,1.5924952030181885,-0.016686431389363987
1997-01-02,1.5659221410751343,0.006060487486703403
1997-01-03,1.575412392616272,0.001205098521684711
1997-01-06,1.5773109197616577,0.013236802667706105
1997-01-07,1.5981894731521606,0.028503604758407963
1997-01-08,1.643743634223938,0.006928561394490496
1997-01-09,1.6551324129104614,0.06995390534761792
1997-01-10,1.7709153890609741,-0.010718308991643832
1997-01-13,1.7519341707229614,-0.002166465289298536
1997-01-14,1.748138666152954,0.07057523466614835
1997-01-15,1.8715139627456665,-0.06186600670076692
1997-01-16,1.7557308673858643,-0.0010811278384273981
1997-01-17,1.7538326978683472,-0.038960822690533026
1997-01-20,1.6855019330978394,-0.03265779122520207
1997-01-21,1.6304571628570557,0.05820732008867857
1997-01-22,1.725361704826355,0.0
1997-01-23,1.725361704826355,0.0
1997-01-24,1.725361704826355,0.03190311484191355
1997-01-27,1.78040611743927,0.03837951449900423
1997-01-28,1.8487372398376465,-0.0338806262336917
1997-01-29,1.7861008644104004,0.0031875671598955435
1997-01-30,1.7917941808700562,-0.02436413466635101
1997-01-31,1.748138666152954,-0.030401822093566455
1997-02-03,1.6949920654296875,0.021276390739357165
1997-02-04,1.7310553789138794,0.008772035538519907
1997-02-05,1.746240258216858,0.004347878028675201
1997-02-06,1.7538326978683472,-0.004329055821981953
1997-02-07,1.746240258216858,0.0032606695896002513
1997-02-10,1.7519341707229614,0.010834435822540067
1997-02-11,1.7709153890609741,0.013933613206946971
1997-02-12,1.7955906391143799,-0.009513821936402933
1997-02-13,1.7785077095031738,0.0010674161972716867
1997-02-14,1.78040611743927,0.00533045278684896
1997-02-17,1.7898964881896973,-0.014846410926862563
1997-02-18,1.7633229494094849,0.010764459422687889
1997-02-19,1.7823041677474976,-0.01916928783133709
1997-02-20,1.748138666152954,-0.008686312817732689
1997-02-21,1.7329537868499756,-0.023001127462411564
1997-02-24,1.6930938959121704,-0.0022423199643504255
1997-02-25,1.6892974376678467,0.012359805555826053
1997-02-26,1.7101768255233765,0.03884573284977
1997-02-27,1.7766098976135254,0.03525632337141271
1997-02-28,1.8392466306686401,0.09494339743954106
1997-03-03,2.01387095451355,0.0009424885462365751
1997-03-04,2.0157690048217773,0.03578119655369982
1997-03-05,2.087895631790161,-0.007272586921790336
1997-03-06,2.072711229324341,0.0
1997-03-07,2.072711229324341,-0.05402911642509567
1997-03-10,1.9607244729995728,-0.019361251196136298
1997-03-11,1.922762393951416,0.04146106774627545
1997-03-12,2.0024821758270264,-0.01895715440100798
1997-03-13,1.964520812034607,-0.001932450403059005
1997-03-14,1.9607244729995728,-0.0038725055933185315
1997-03-17,1.9531315565109253,-0.01749249498979344
1997-03-18,1.9189664125442505,-0.018793527449708414
1997-03-19,1.8829022645950317,-0.004031737021420012
1997-03-20,1.8753108978271484,-0.002024696324156916
1997-03-21,1.8715139627456665,0.0
1997-03-24,1.8715139627456665,-0.014198507114636327
1997-03-25,1.844941258430481,0.02674876711378138
1997-03-26,1.8942911624908447,0.0020038430591022838
1997-03-27,1.8980870246887207,0.0
1997-03-28,1.8980870246887207,-0.09599977591188413
1997-03-31,1.7158710956573486,0.02765467282025491
1997-04-01,1.7633229494094849,0.053821485854517626
1997-04-02,1.8582276105880737,0.028600309867697016
1997-04-03,1.911373496055603,-0.006951269019007
1997-04-04,1.8980870246887207,0.006000260766215515
1997-04-07,1.9094760417938232,0.0
1997-04-08,1.9094760417938232,0.0377729939468765
1997-04-09,1.981602668762207,-0.0296932759217291
1997-04-10,1.922762393951416,0.024679000328594602
1997-04-11,1.9702142477035522,0.0
1997-04-14,1.9702142477035522,-0.0009629490018214781
1997-04-15,1.9683170318603516,0.0
1997-04-16,1.9683170318603516,0.05785915704505484
1997-04-17,2.082202196121216,0.0
1997-04-18,2.082202196121216,0.046489856343282066
1997-04-21,2.1790034770965576,0.006969273594785053
1997-04-22,2.1941895484924316,-0.01211070446060658
1997-04-23,2.167616367340088,-0.0017518287675647448
1997-04-24,2.1638190746307373,-0.0052630564093297805
1997-04-25,2.152430772781372,0.006173162918842401
1997-04-28,2.1657180786132812,0.0008765170063234073
1997-04-29,2.167616367340088,0.01926417692205651
1997-04-30,2.209373712539673,0.0
1997-05-01,2.209373712539673,-0.003436466908426139
1997-05-02,2.2017812728881836,-0.000861943878357585
1997-05-05,2.199883460998535,0.0008626874665382811
1997-05-06,2.2017812728881836,0.0
1997-05-07,2.2017812728881836,0.06982774116561674
1997-05-08,2.3555266857147217,0.0032232450167235527
1997-05-09,2.363119125366211,-0.04979912506911066
1997-05-12,2.2454378604888916,0.017751341068622528
1997-05-13,2.285297393798828,0.003322089647908255
1997-05-14,2.292889356613159,-0.006622491765947536
1997-05-15,2.2777047157287598,-0.002499951326158101
1997-05-16,2.272010564804077,-0.007519069987175664
1997-05-19,2.254927158355713,0.013468388692990496
1997-05-20,2.285297393798828,-0.01993326817754648
1997-05-21,2.239743947982788,-0.02203431129125122
1997-05-22,2.1903927326202393,-0.0034660281242119284
1997-05-23,2.182800769805908,-0.006956384969192819
1997-05-26,2.167616367340088,-0.0315238985432994
1997-05-27,2.0992846488952637,-0.010850151924386875
1997-05-28,2.076507091522217,0.02193833815067725
1997-05-29,2.1220622062683105,0.012521889037718337
1997-05-30,2.148634433746338,0.04770347977247291
1997-06-02,2.251131772994995,0.031197537876521242
1997-06-03,2.321361541748047,0.04497110664863424
1997-06-04,2.425755739212036,-0.008607226972672577
1997-06-05,2.404876708984375,0.0
1997-06-06,2.404876708984375,0.0071946618466303125
1997-06-09,2.4221789836883545,0.007142382562672633
1997-06-10,2.439479112625122,0.006304292734196304
1997-06-11,2.4548583030700684,0.004698234007891378
1997-06-12,2.4663918018341064,0.010912248930549318
1997-06-13,2.4933056831359863,-0.012336098955772368
1997-06-16,2.462548017501831,0.017954868364044696
1997-06-17,2.506762742996216,-0.009969636084790734
1997-06-18,2.481771230697632,-0.004647477357513807
1997-06-19,2.4702372550964355,-0.010116856350484538
1997-06-20,2.4452462196350098,-0.012578360637068298
1997-06-23,2.4144890308380127,0.002388343910068702
1997-06-24,2.420255661010742,-0.01667985382741577
1997-06-25,2.3798861503601074,0.004038583180908439
1997-06-26,2.3894975185394287,-0.005631353906631387
1997-06-27,2.3760414123535156,0.011326892665344923
1997-06-30,2.402954578399658,0.028799881572286745
1997-07-01,2.4721593856811523,0.013997219400774696
1997-07-02,2.506762742996216,-0.015337557809137703
1997-07-03,2.4683151245117188,0.014797354625734505
1997-07-04,2.5048396587371826,-0.007674714181597486
1997-07-07,2.4856157302856445,0.011601058488917682
1997-07-08,2.514451503753662,0.07033668633408974
1997-07-09,2.691309690475464,0.02714266110958108
1997-07-10,2.7643589973449707,-0.01599465335559891
1997-07-11,2.720144033432007,-0.0261484001689527
1997-07-14,2.6490166187286377,0.005080020927421769
1997-07-15,2.662473678588867,0.015162228321022209
1997-07-16,2.7028427124023438,0.01351364225287699
1997-07-17,2.739367961883545,0.0
1997-07-18,2.739367961883545,-0.012631441158556966
1997-07-21,2.704765796661377,0.04051148518988312
1997-07-22,2.8143398761749268,0.01912590919992274
1997-07-23,2.86816668510437,-0.006702348128585278
1997-07-24,2.8489432334899902,-0.0013496986526613242
1997-07-25,2.8450980186462402,0.0006755938010287732
1997-07-28,2.847020149230957,-0.010803291576740426
1997-07-29,2.81626296043396,0.007508214133058244
1997-07-30,2.8374080657958984,0.0033876281494118476
1997-07-31,2.847020149230957,0.009453183698749479
1997-08-01,2.8739335536956787,0.004013389246575683
1997-08-04,2.885467767715454,0.013990712189163146
1997-08-05,2.925837516784668,0.0059132069063414505
1997-08-06,2.943138599395752,-0.016982412617589593
1997-08-07,2.8931570053100586,-0.008637733852612128
1997-08-08,2.86816668510437,-0.004691868129602761
1997-08-11,2.8547096252441406,-0.03030278481181803
1997-08-12,2.7682039737701416,-0.009722506562702682
1997-08-13,2.7412900924682617,0.009817961760349991
1997-08-14,2.7682039737701416,0.0
1997-08-15,2.7682039737701416,-0.010416866733748531
1997-08-18,2.739367961883545,-0.007017651049083584
1997-08-19,2.720144033432007,-0.016961093638233504
1997-08-20,2.6740074157714844,-0.0007188202147009326
1997-08-21,2.6720852851867676,-0.05971204380480355
1997-08-22,2.5125296115875244,-0.003825659761671485
1997-08-25,2.502917528152466,-0.009984666598780723
1997-08-26,2.477926731109619,0.020170635006924842
1997-08-27,2.5279080867767334,0.013688251657696604
1997-08-28,2.5625107288360596,0.02925720991046754
1997-08-29,2.6374826431274414,-0.008017606299679514
1997-09-01,2.6163363456726074,-0.0095516466172334
1997-09-02,2.591346025466919,0.0252223478508804
1997-09-03,2.656705856323242,-0.017366099280698433
1997-09-04,2.6105692386627197,0.03313697466765908
1997-09-05,2.697075605392456,0.014968147658025233
1997-09-08,2.737445831298828,-0.01264065885828558
1997-09-09,2.7028427124023438,-0.009957267400011904
1997-09-10,2.6759297847747803,0.0014369640285885055
1997-09-11,2.6797749996185303,-0.007891338904789214
1997-09-12,2.658627986907959,-0.00361516098779191
1997-09-15,2.6490166187286377,0.007982787168606675
1997-09-16,2.670163154602051,-0.004320023543958662
1997-09-17,2.658627986907959,-0.013738024269188243
1997-09-18,2.622103691101074,0.011730330335791406
1997-09-19,2.6528618335723877,-0.012318874900477783
1997-09-22,2.6201815605163574,-0.004402066709263575
1997-09-23,2.608647346496582,0.0
1997-09-24,2.608647346496582,-0.005158543740963251
1997-09-25,2.5951905250549316,0.007407704792036229
1997-09-26,2.614414930343628,0.06764678175513694
1997-09-29,2.791271686553955,0.0013774998842617237
1997-09-30,2.795116662979126,-0.03507583740070963
1997-10-01,2.697075605392456,0.0
1997-10-02,2.697075605392456,0.0
1997-10-03,2.697075605392456,0.0
1997-10-06,2.697075605392456,0.0
1997-10-07,2.697075605392456,0.0
1997-10-08,2.697075605392456,0.028510332287132067
1997-10-09,2.773970127105713,-0.000692916829180934
1997-10-10,2.772047996520996,-0.011095732862972274
1997-10-13,2.7412900924682617,-0.0084151721493948
1997-10-14,2.718221664428711,0.016973351923437185
1997-10-15,2.7643589973449707,0.07510426008330451
1997-10-16,2.9719741344451904,-0.0032341617327951155
1997-10-17,2.962362289428711,0.10058399774391225
1997-10-20,3.260328531265259,0.009434208550920253
1997-10-21,3.2910871505737305,-0.02161249567148804
1997-10-22,3.219958543777466,-0.02507440495472768
1997-10-23,3.1392199993133545,0.004286297026553809
1997-10-24,3.1526756286621094,-0.01219493196846777
1997-10-27,3.1142289638519287,-0.03456799915296427
1997-10-28,3.0065762996673584,0.06010239883525581
1997-10-29,3.1872787475585938,-0.02171281923004187
1997-10-30,3.1180739402770996,0.0
1997-10-31,3.1180739402770996,-0.010481146033651578
1997-11-03,3.085392951965332,-0.006230548371711886
1997-11-04,3.066169261932373,-0.024451018261730573
1997-11-05,2.9911983013153076,-0.0006429143324224729
1997-11-06,2.9892752170562744,-0.005787718210878312
1997-11-07,2.9719741344451904,-0.024579548946950025
1997-11-10,2.8989243507385254,-0.0006631318277782183
1997-11-11,2.8970019817352295,-0.006635800932391356
1997-11-12,2.8777780532836914,-0.020707977182957582
1997-11-13,2.8181850910186768,0.0
1997-11-14,2.8181850910186768,-0.017735214556283352
1997-11-17,2.7682039737701416,-0.0013889787246906815
1997-11-18,2.7643589973449707,-0.027816660948468797
1997-11-19,2.6874637603759766,0.005007079463877018
1997-11-20,2.7009201049804688,0.010676277841334514
1997-11-21,2.7297558784484863,-0.016197143856818697
1997-11-24,2.6855416297912598,0.04724423289889246
1997-11-25,2.812417984008789,-0.018455280610532143
1997-11-26,2.7605140209198,0.008356483410754567
1997-11-27,2.7835822105407715,-0.020027682633002142
1997-11-28,2.7278335094451904,-0.004228254972768575
1997-12-01,2.716299533843994,-0.010615829774564767
1997-12-02,2.6874637603759766,0.0028614163895799294
1997-12-03,2.6951537132263184,-0.0028532520474078282
1997-12-04,2.6874637603759766,0.009299204048246912
1997-12-05,2.7124550342559814,0.03189236468653345
1997-12-08,2.798961639404297,-0.024038527062370307
1997-12-09,2.7316787242889404,-0.0007039062915258354
1997-12-10,2.7297558784484863,-0.00492950476294618
1997-12-11,2.716299533843994,-0.006369357427455813
1997-12-12,2.69899845123291,0.007122350584165549
1997-12-15,2.718221664428711,0.002121822485090741
1997-12-16,2.723989248275757,0.02046556750366446
1997-12-17,2.7797372341156006,0.04840955057880714
1997-12-18,2.9143030643463135,-0.0006597143054187793
1997-12-19,2.9123804569244385,0.027063031618507427
1997-12-22,2.9911983013153076,0.02185047897755421
1997-12-23,3.0565574169158936,-0.016980793721998677
1997-12-24,3.0046546459198,0.0
1997-12-25,3.0046546459198,0.012155825441670487
1997-12-26,3.0411787033081055,0.012010384749382874
1997-12-29,3.077704429626465,-0.021237094490685005
1997-12-30,3.012342929840088,0.02744137129846247
1997-12-31,3.095005750656128,0.003105290302005237
1998-01-01,3.104616641998291,0.0012385473915630385
1998-01-02,3.108461856842041,-0.011750111253142181
1998-01-05,3.071937084197998,-0.020651104051196523
1998-01-06,3.008498191833496,-0.001916701086875583
1998-01-07,3.0027318000793457,-0.01280413391062829
1998-01-08,2.9642844200134277,-0.020752008145990875
1998-01-09,2.9027695655822754,-0.06357649030833268
1998-01-12,2.718221664428711,0.0183878710097527
1998-01-13,2.7682039737701416,0.0159720926122473
1998-01-14,2.812417984008789,-0.006151760203510714
1998-01-15,2.795116662979126,0.0935348271503329
1998-01-16,3.0565574169158936,-0.00817565748743132
1998-01-19,3.0315680503845215,-0.0038047023283255266
1998-01-20,3.020033836364746,0.029917012317102643
1998-01-21,3.110384225845337,-0.026576095150835588
1998-01-22,3.0277223587036133,-0.008888836042115433
1998-01-23,3.00080943107605,0.0
1998-01-26,3.00080943107605,-0.03715569626579107
1998-01-27,2.889312267303467,-0.021290895837111967
1998-01-28,2.827796220779419,-0.0265124040133764
1998-01-29,2.752824544906616,0.0111731296827704
1998-01-30,2.7835822105407715,-0.006215659017112407
1998-02-02,2.76628041267395,-0.03752574526048902
1998-02-03,2.662473678588867,0.0028880946598726087
1998-02-04,2.670163154602051,-0.028797686606051975
1998-02-05,2.593268632888794,0.0007411080139416715
1998-02-06,2.5951905250549316,0.0007407429183856618
1998-02-09,2.5971128940582275,-0.07920064121436354
1998-02-10,2.3914198875427246,0.008038609251808104
1998-02-11,2.4106435775756836,0.003987351562243502
1998-02-12,2.420255661010742,-0.0015885668892460236
1998-02-13,2.4164109230041504,0.0
1998-02-16,2.4164109230041504,0.0055690279050299996
1998-02-17,2.42986798286438,0.02373365137287009
1998-02-18,2.4875376224517822,0.008501278910630905
1998-02-19,2.5086848735809326,-0.008429616390584926
1998-02-20,2.4875376224517822,0.047914077448109715
1998-02-23,2.6067256927490234,0.00958667934951607
1998-02-24,2.6317155361175537,0.04967161810129617
1998-02-25,2.762437105178833,-0.015310057799157839
1998-02-26,2.720144033432007,0.002826863547913616
1998-02-27,2.7278335094451904,0.02607495278316052
1998-03-02,2.798961639404297,-0.0528845891750519
1998-03-03,2.650939702987671,0.057287774532737146
1998-03-04,2.8028061389923096,-0.008230645907248868
1998-03-05,2.7797372341156006,-0.004841040828066578
1998-03-06,2.76628041267395,0.003475076881335637
1998-03-09,2.775893449783325,-0.014542975009492864
1998-03-10,2.7355237007141113,0.006324508973542642
1998-03-11,2.752824544906616,-0.01256995493662283
1998-03-12,2.718221664428711,0.0
1998-03-13,2.718221664428711,0.010608235313104508
1998-03-16,2.7470571994781494,-0.02519225623553145
1998-03-17,2.6778526306152344,0.007178503610486331
1998-03-18,2.697075605392456,0.0028513072653748583
1998-03-19,2.704765796661377,0.04548653501530686
1998-03-20,2.827796220779419,-0.006798117166894158
1998-03-23,2.80857253074646,0.0027381987124455165
1998-03-24,2.81626296043396,0.0443684669059603
1998-03-25,2.941216230392456,-0.0366012489102332
1998-03-26,2.833564043045044,0.0013566034479755018
1998-03-27,2.8374080657958984,-0.020325180708232415
1998-03-30,2.7797372341156006,-0.027662514560561124
1998-03-31,2.7028427124023438,0.0355621607431682
1998-04-01,2.798961639404297,0.009615410824948212
1998-04-02,2.8258748054504395,0.0102038560724933
1998-04-03,2.8547096252441406,0.07272731828234313
1998-04-06,3.0623250007629395,-0.008788396927451703
1998-04-07,3.035412073135376,0.0
1998-04-08,3.035412073135376,-0.005699747577670111
1998-04-09,3.018110990524292,-0.007643412230549762
1998-04-10,2.995042324066162,-0.031450588189029904
1998-04-13,2.900846481323242,0.0
1998-04-14,2.900846481323242,0.05699122020883984
1998-04-15,3.066169261932373,-0.0231973292372597
1998-04-16,2.995042324066162,-0.007060194785624474
1998-04-17,2.9738967418670654,-0.014867686322291407
1998-04-20,2.9296817779541016,0.026902721815211805
1998-04-21,3.008498191833496,0.044089751632437224
1998-04-22,3.1411421298980713,-0.02998769251087574
1998-04-23,3.0469465255737305,-0.005047175938315274
1998-04-24,3.0315680503845215,-0.015853083658623368
1998-04-27,2.983508348464966,0.006443237078344488
1998-04-28,3.0027318000793457,-0.02368748893354733
1998-04-29,2.9316046237945557,0.00721289071824005
1998-04-30,2.9527499675750732,0.0
1998-05-01,2.9527499675750732,0.0019531308350582144
1998-05-04,2.958517074584961,0.0006500968658029738
1998-05-05,2.9604403972625732,-0.01168842328658315
1998-05-06,2.925837516784668,0.0
1998-05-07,2.925837516784668,-0.027595345836960883
1998-05-08,2.8450980186462402,0.03175659583853663
1998-05-11,2.93544864654541,-0.04191204730541276
1998-05-12,2.812417984008789,-0.03280947252557953
1998-05-13,2.720144033432007,0.043109493807186094
1998-05-14,2.8374080657958984,-0.009485039516166416
1998-05-15,2.810495138168335,-0.006839880757419925
1998-05-18,2.791271686553955,0.002066121702759771
1998-05-19,2.7970387935638428,0.02336768007790213
1998-05-20,2.862399101257324,-0.027535255542084247
1998-05-21,2.7835822105407715,0.0006908667010987468
1998-05-22,2.7855052947998047,-0.01518309621906766
1998-05-25,2.7432126998901367,0.009110220975940386
1998-05-26,2.7682039737701416,-0.01180558707584023
1998-05-27,2.7355237007141113,-0.014757681491574859
1998-05-28,2.6951537132263184,-0.009272405689377816
1998-05-29,2.670163154602051,-0.020878208944775656
1998-06-01,2.614414930343628,-0.04338237647723786
1998-06-02,2.500995397567749,0.03612586731948286
1998-06-03,2.591346025466919,0.0007419338841592182
1998-06-04,2.593268632888794,-0.011860670222379244
1998-06-05,2.5625107288360596,-0.045761568090805005
1998-06-08,2.4452462196350098,0.03852212525884591
1998-06-09,2.539442300796509,-0.03482201477336855
1998-06-10,2.4510138034820557,0.003984126139546351
1998-06-11,2.4607789516448975,-0.0031747108273170177
1998-06-12,2.4529666900634766,-0.05573267908753943
1998-06-15,2.316256284713745,0.0016863468896766154
1998-06-16,2.320162296295166,0.07828296373845411
1998-06-17,2.501791477203369,-0.028103240227978388
1998-06-18,2.431483030319214,-0.002409304459071393
1998-06-19,2.4256248474121094,-0.06280195183553694
1998-06-22,2.2732908725738525,0.01460470422626492
1998-06-23,2.3064916133880615,0.03132933855426945
1998-06-24,2.3787524700164795,0.007389439794347252
1998-06-25,2.3963301181793213,-0.009780282176676702
1998-06-26,2.3728933334350586,-0.0008226966202722341
1998-06-29,2.370941162109375,0.0749585095120413
1998-06-30,2.548663377761841,-0.05670490442866982
1998-07-01,2.404141664505005,-0.037367926716589506
1998-07-02,2.3143038749694824,-0.036287199592372144
1998-07-03,2.2303242683410645,0.0008758203667091902
1998-07-06,2.2322776317596436,-0.0061243097855556705
1998-07-07,2.218606472015381,0.05281709438816362
1998-07-08,2.335786819458008,0.005852812085332282
1998-07-09,2.3494577407836914,0.04987538485580978
1998-07-10,2.4666378498077393,0.061757641654428985
1998-07-13,2.618971586227417,0.03206550746702508
1998-07-14,2.7029502391815186,-0.043352581526233336
1998-07-15,2.58577036857605,0.021148112301250688
1998-07-16,2.6404545307159424,-0.01183445149554363
1998-07-17,2.609206199645996,0.003742665712945792
1998-07-20,2.618971586227417,-0.014914477444802454
1998-07-21,2.57991099357605,-0.015897060983015243
1998-07-22,2.53889799118042,-0.025384382063516342
1998-07-23,2.474449634552002,-0.026834848728064742
1998-07-24,2.408048152923584,-0.020276163985138318
1998-07-27,2.359222173690796,0.03228483840047214
1998-07-28,2.435389280319214,0.012028864497394709
1998-07-29,2.464684247970581,-0.0007924443066523734
1998-07-30,2.462731122970581,0.011895607536630992
1998-07-31,2.4920268058776855,-0.043103740242116606
1998-08-03,2.384611129760742,-0.02293170898311736
1998-08-04,2.329927921295166,0.059513574213813536
1998-08-05,2.468590259552002,-0.0332277768881607
1998-08-06,2.3865644931793213,-0.010638386082205797
1998-08-07,2.361175298690796,-0.006617063262666978
1998-08-10,2.3455512523651123,0.054121613689023684
1998-08-11,2.472496271133423,-0.003159569239415183
1998-08-12,2.464684247970581,-0.021394351802902722
1998-08-13,2.411953926086426,-0.01457504733865611
1998-08-14,2.3767995834350586,0.000821645457627751
1998-08-17,2.3787524700164795,0.018062262089074688
1998-08-18,2.421718120574951,0.014516380239001592
1998-08-19,2.4568727016448975,-0.013513609243628544
1998-08-20,2.4236714839935303,-0.01692184880108094
1998-08-21,2.3826584815979004,-0.01721322679308368
1998-08-24,2.3416452407836914,-0.0016678592795532632
1998-08-25,2.3377397060394287,0.0
1998-08-26,2.3377397060394287,0.010860471764394974
1998-08-27,2.363128662109375,-0.0694214300703816
1998-08-28,2.1990768909454346,0.026643184865947633
1998-08-31,2.257667303085327,-0.015571090834918588
1998-09-01,2.22251296043396,0.010544958938069948
1998-09-02,2.2459492683410645,0.015651906956480888
1998-09-03,2.2811026573181152,-0.0034245651852630177
1998-09-04,2.2732908725738525,0.0807559786061125
1998-09-07,2.4568727016448975,0.02146266556854526
1998-09-08,2.50960373878479,0.0015561406230508723
1998-09-09,2.5135090351104736,0.007770131737292685
1998-09-10,2.5330393314361572,-0.01619103384992404
1998-09-11,2.4920268058776855,0.06583046937530979
1998-09-14,2.6560781002044678,-0.011764569653205381
1998-09-15,2.624830484390259,-0.011160526741982757
1998-09-16,2.59553599357605,-0.0015049877981534454
1998-09-17,2.59162974357605,0.015825086156195933
1998-09-18,2.6326425075531006,0.06083089425990673
1998-09-21,2.792788505554199,-0.04055958252332037
1998-09-22,2.679514169692993,0.01822168530746926
1998-09-23,2.728339433670044,-0.010737375895542356
1998-09-24,2.6990442276000977,-0.009406558585348557
1998-09-25,2.6736555099487305,-0.04163606537612741
1998-09-28,2.5623350143432617,-0.03506127914848989
1998-09-29,2.472496271133423,0.024486613391323964
1998-09-30,2.5330393314361572,0.0
1998-10-01,2.5330393314361572,0.0
1998-10-02,2.5330393314361572,-0.0570548543405579
1998-10-05,2.388517141342163,0.008177044762779362
1998-10-06,2.408048152923584,0.025952848322281508
1998-10-07,2.47054386138916,-0.020553430097743575
1998-10-08,2.4197657108306885,0.0008068590010692489
1998-10-09,2.421718120574951,-0.05645143029402544
1998-10-12,2.285008668899536,-0.022222301057145066
1998-10-13,2.2342305183410645,0.03496516182512033
1998-10-14,2.3123507499694824,-0.03631784954316564
1998-10-15,2.2283711433410645,-0.017528443371002456
1998-10-16,2.1893112659454346,-0.004460156706619256
1998-10-19,2.179546594619751,-0.07885300307459864
1998-10-20,2.0076828002929688,0.0
1998-10-21,2.0076828002929688,0.04571959160329997
1998-10-22,2.099473237991333,-0.0027907650716361143
1998-10-23,2.093614101409912,0.029850861847294352
1998-10-26,2.1561102867126465,-0.04347776086424304
1998-10-27,2.0623674392700195,-0.012310819315539234
1998-10-28,2.036978006362915,0.024928412205243555
1998-10-29,2.087756633758545,-0.003742169126539463
1998-10-30,2.079943895339966,-0.028168654057575293
1998-11-02,2.0213546752929688,-0.053140498616683574
1998-11-03,1.9139388799667358,0.0
1998-11-04,1.9139388799667358,0.01734693807639509
1998-11-05,1.947139859199524,0.003009282657126855
1998-11-06,1.9529993534088135,0.0369999388388389
1998-11-09,2.0252602100372314,0.06075207924321413
1998-11-10,2.148298978805542,0.039090766128276
1998-11-11,2.2322776317596436,0.006124523395705017
1998-11-12,2.2459492683410645,-0.029565526994454694
1998-11-13,2.179546594619751,-0.01881721753362431
1998-11-16,2.138533592224121,-0.013698624028112505
1998-11-17,2.109238624572754,0.043518845483807134
1998-11-18,2.2010302543640137,-0.031056057384320934
1998-11-19,2.1326749324798584,-0.018315417166987813
1998-11-20,2.093614101409912,-0.0205218981252564
1998-11-23,2.0506491661071777,0.0190472182104362
1998-11-24,2.0897083282470703,0.0
1998-11-25,2.0897083282470703,-0.028971900559414898
1998-11-26,2.029165506362915,-0.024061334257320932
1998-11-27,1.9803410768508911,0.008875529313963293
1998-11-30,1.997917652130127,0.021505335283084293
1998-12-01,2.0408835411071777,0.010526763399339778
1998-12-02,2.0623674392700195,-0.01893991766198133
1998-12-03,2.023306369781494,-0.011582760669412884
1998-12-04,1.9998708963394165,0.016601501669067487
1998-12-07,2.033071756362915,-0.005763240295516003
1998-12-08,2.0213546752929688,0.009661276199031565
1998-12-09,2.0408835411071777,-0.011482711739111084
1998-12-10,2.017448663711548,0.010647979689411002
1998-12-11,2.0389304161071777,0.0028735155042847182
1998-12-14,2.0447893142700195,-0.0019101103158083443
1998-12-15,2.0408835411071777,0.0009573501948461072
1998-12-16,2.042837381362915,-0.02868107383499674
1998-12-17,1.9842466115951538,0.04724408739237873
1998-12-18,2.0779905319213867,0.015037649195867253
1998-12-21,2.109238624572754,-0.03333345390440012
1998-12-22,2.0389304161071777,0.019157159805769375
1998-12-23,2.0779905319213867,0.016917240610189177
1998-12-24,2.1131443977355957,0.0
1998-12-25,2.1131443977355957,0.007393742870778652
1998-12-28,2.1287684440612793,0.0045872289163644275
1998-12-29,2.138533592224121,0.036529589750336156
1998-12-30,2.216653347015381,-0.03524220640834275
1998-12-31,2.138533592224121,0.008219040632532426
1999-01-01,2.1561102867126465,0.0009058557959842339
1999-01-04,2.1580634117126465,0.013574987068547317
1999-01-05,2.187359094619751,0.016071373877602824
1999-01-06,2.22251296043396,0.0720560572716169
1999-01-07,2.3826584815979004,0.06475398140048516
1999-01-08,2.536945104598999,-0.015396515968516766
1999-01-11,2.49788498878479,0.0023459253982742734
1999-01-12,2.5037448406219482,0.027300757122790564
1999-01-13,2.572098970413208,-0.0037961043421192997
1999-01-14,2.5623350143432617,-0.06173796515784746
1999-01-15,2.404141664505005,-0.041430026534900244
1999-01-18,2.3045380115509033,-0.05084703152815151
1999-01-19,2.187359094619751,0.0
1999-01-20,2.187359094619751,0.00892838360102055
1999-01-21,2.2068886756896973,0.012389316666742367
1999-01-22,2.2342305183410645,-0.0279720227483774
1999-01-25,2.171734571456909,0.0
1999-01-26,2.171734571456909,0.025179837554747175
1999-01-27,2.2264184951782227,-0.012280532295254498
1999-01-28,2.1990768909454346,0.07815291583099304
1999-01-29,2.370941162109375,-0.06836930516404727
1999-02-01,2.208841562271118,-0.022104034592926425
1999-02-02,2.160017251968384,0.012658159385741552
1999-02-03,2.187359094619751,-0.010714648912430569
1999-02-04,2.1639223098754883,-0.016245438042658655
1999-02-05,2.1287684440612793,-0.059632855929114936
1999-02-08,2.001823902130127,-0.004877827718014371
1999-02-09,1.992059350013733,0.019607488777336313
1999-02-10,2.031118631362915,0.01057725502219764
1999-02-11,2.0526022911071777,-0.01046654767820332
1999-02-12,2.031118631362915,-0.0038462852246984314
1999-02-15,2.023306369781494,-0.01254813311051306
1999-02-16,1.997917652130127,0.04789809488782293
1999-02-17,2.093614101409912,0.026119845753237447
1999-02-18,2.148298978805542,0.018181880734275957
1999-02-19,2.187359094619751,-0.05178610726377142
1999-02-22,2.0740842819213867,-0.0037661477767279017
1999-02-23,2.0662729740142822,0.0018901349402422607
1999-02-24,2.070178508758545,-0.028301760759409378
1999-02-25,2.0115888118743896,-0.024272049485523417
1999-02-26,1.9627634286880493,0.028855830052050946
1999-03-01,2.0194005966186523,0.0
1999-03-02,2.0194005966186523,0.08027079166656836
1999-03-03,2.181499481201172,0.08057325829257511
1999-03-04,2.3572700023651123,0.039767851202581195
1999-03-05,2.4510135650634766,0.019920243541625693
1999-03-08,2.499838352203369,-0.019531177724694926
1999-03-09,2.4510135650634766,-0.07968146053382119
1999-03-10,2.2557132244110107,-0.06493493864961619
1999-03-11,2.109238624572754,0.07777794607489175
1999-03-12,2.2732908725738525,-0.013745752040955295
1999-03-15,2.2420427799224854,-0.07404191216559164
1999-03-16,2.076037645339966,0.014111000210966784
1999-03-17,2.105332612991333,0.03896129339481025
1999-03-18,2.187359094619751,-0.03392890406824434
1999-03-19,2.1131443977355957,0.017560195731324058
1999-03-22,2.150251626968384,0.04632163736919148
1999-03-23,2.249854803085327,0.05034718634674129
1999-03-24,2.363128662109375,0.02561977384257763
1999-03-25,2.4236714839935303,0.021756578426391338
1999-03-26,2.4764022827148438,0.0
1999-03-29,2.4764022827148438,0.0283911747851886
1999-03-30,2.546710252761841,0.06671798819604824
1999-03-31,2.7166216373443604,-0.028037436491478163
1999-04-01,2.6404545307159424,0.0
1999-04-02,2.6404545307159424,-0.05843211328278464
1999-04-05,2.4861671924591064,0.08012579138664844
1999-04-06,2.685373306274414,-0.03854537118521151
1999-04-07,2.581864595413208,-0.012102916902335115
1999-04-08,2.550616502761841,-0.0007657462413048766
1999-04-09,2.548663377761841,0.005364237859229126
1999-04-12,2.5623350143432617,-0.009146744290519204
1999-04-13,2.53889799118042,0.0
1999-04-14,2.53889799118042,0.002308029648104837
1999-04-15,2.544757843017578,0.08058302965253716
1999-04-16,2.7498221397399902,-0.026772583384705007
1999-04-19,2.6762022972106934,-0.0007435317813064835
1999-04-20,2.6742124557495117,-0.025297642928339248
1999-04-21,2.6065611839294434,-0.019847412032332312
1999-04-22,2.5548276901245117,0.006230656929947065
1999-04-23,2.5707459449768066,-0.07972147435332655
1999-04-26,2.36580228805542,0.0
1999-04-27,2.36580228805542,0.026072333333400532
1999-04-28,2.4274842739105225,0.035246007825680215
1999-04-29,2.5130434036254883,0.026128251610839204
1999-04-30,2.578704833984375,-0.02160510035621721
1999-05-03,2.52299165725708,0.03943237101871322
1999-05-04,2.622479200363159,0.018209323626809493
1999-05-05,2.6702327728271484,0.00894179236569892
1999-05-06,2.6941094398498535,0.0805021170957585
1999-05-07,2.9109909534454346,0.07997301463498219
1999-05-10,3.143791675567627,-0.025316664970425506
1999-05-11,3.0642013549804688,-0.03246737988352488
1999-05-12,2.964714765548706,0.03489923332809264
1999-05-13,3.068181037902832,-0.0012970821712279257
1999-05-14,3.0642013549804688,-0.062337615248822975
1999-05-17,2.8731863498687744,0.0
1999-05-18,2.8731863498687744,0.08033239020407978
1999-05-19,3.1039962768554688,-0.024999953913879214
1999-05-20,3.0263965129852295,-0.019066654471570632
1999-05-21,2.968693256378174,-0.0013401488418920415
1999-05-24,2.964714765548706,0.011409326079028226
1999-05-25,2.998540163040161,-0.011944384214444548
1999-05-26,2.962724447250366,-0.01947609504700698
1999-05-27,2.905022144317627,0.03424665966216556
1999-05-28,3.004509449005127,0.07417210807386176
1999-05-31,3.227360248565674,-0.05055490587321865
1999-06-01,3.0642013549804688,0.007142828242839849
1999-06-02,3.0860884189605713,-0.000644700595867187
1999-06-03,3.0840988159179688,-0.0064516288631230045
1999-06-04,3.0642013549804688,-0.01298688970721884
1999-06-07,3.024406909942627,0.059210429850909074
1999-06-08,3.2034833431243896,-0.05155286210582122
1999-06-09,3.038334608078003,-0.008513383751452386
1999-06-10,3.012468099594116,-0.009247098207413651
1999-06-11,2.9846115112304688,0.002000260736862769
1999-06-14,2.990581512451172,-0.0013306590999830892
1999-06-15,2.9866020679473877,0.02131899363576273
1999-06-16,3.0502734184265137,-0.007175521468489321
1999-06-17,3.028386116027832,0.003942222514740301
1999-06-18,3.0403246879577637,0.005235395167175527
1999-06-21,3.056241989135742,0.0039064474637580116
1999-06-22,3.068181037902832,-0.024643473357907286
1999-06-23,2.992570400238037,-0.0026595494652139617
1999-06-24,2.9846115112304688,0.0
1999-06-25,2.9846115112304688,-0.0006665405586414597
1999-06-28,2.9826221466064453,-0.002668420140520933
1999-06-29,2.974663257598877,-0.006689059444039525
1999-06-30,2.954765558242798,-0.012794612522930904
1999-07-01,2.9169604778289795,0.0034107314661779853
1999-07-02,2.9269094467163086,0.008837400177968302
1999-07-05,2.952775716781616,0.006738480815132064
1999-07-06,2.972672939300537,0.03145939612909343
1999-07-07,3.0661914348602295,-0.005840579465604012
1999-07-08,3.048283100128174,-0.010443766206929661
1999-07-09,3.0164475440979004,0.07387863860426314
1999-07-12,3.2392985820770264,0.03746941012407601
1999-07-13,3.360673189163208,0.05743048315849841
1999-07-14,3.553678274154663,-0.04759242860565438
1999-07-15,3.384550094604492,0.002939243011610637
1999-07-16,3.394498109817505,0.004103512983301805
1999-07-19,3.4084274768829346,-0.017513453606296747
1999-07-20,3.348734140396118,0.015449027521697412
1999-07-21,3.4004688262939453,-0.0011703335997643727
1999-07-22,3.396489143371582,-0.006444447065080072
1999-07-23,3.374600648880005,0.004717007459534184
1999-07-26,3.3905186653137207,0.004695072719200111
1999-07-27,3.406437397003174,0.014018626177014326
1999-07-28,3.454190969467163,-0.011520626794985889
1999-07-29,3.4143965244293213,-0.009324267962254384
1999-07-30,3.3825597763061523,-0.01235278926129535
1999-08-02,3.340775728225708,-0.005956011709486009
1999-08-03,3.320878028869629,0.00659081791273497
1999-08-04,3.3427653312683105,-0.01130966535321587
1999-08-05,3.304959774017334,0.0024085258655925923
1999-08-06,3.312919855117798,-0.012012110776571827
1999-08-09,3.2731246948242188,0.013981882917846633
1999-08-10,3.3188891410827637,-0.014388492309504786
1999-08-11,3.2711353302001953,-0.00973262947247755
1999-08-12,3.2392985820770264,-0.017813135483534803
1999-08-13,3.181596517562866,0.0006251975052349312
1999-08-16,3.1835856437683105,0.005000177489188573
1999-08-17,3.1995041370391846,0.03606975211728014
1999-08-18,3.3149094581604004,-0.0396161089916971
1999-08-19,3.1835856437683105,0.011250118513350449
1999-08-20,3.2194013595581055,0.07478337643933108
1999-08-23,3.4601590633392334,0.06900543162838124
1999-08-24,3.6989288330078125,-0.05217844907245073
1999-08-25,3.5059244632720947,0.007377534297550836
1999-08-26,3.531789541244507,-0.001126480154892251
1999-08-27,3.527811050415039,0.003384062621479611
1999-08-30,3.5397493839263916,-0.03260247925729376
1999-08-31,3.424344778060913,0.0069726931687073
1999-09-01,3.4482216835021973,-0.008655393216708385
1999-09-02,3.4183759689331055,0.0023281266433938796
1999-09-03,3.4263343811035156,0.006387964502061472
1999-09-06,3.4482216835021973,0.050778717116703564
1999-09-07,3.6233179569244385,0.08017583653198335
1999-09-08,3.913820505142212,0.08032534358917309
1999-09-09,4.228199481964111,-0.06870568840567859
1999-09-10,3.9376981258392334,0.0
1999-09-13,3.9376981258392334,-0.02425486514421893
1999-09-14,3.8421897888183594,-0.02433946050811797
1999-09-15,3.7486729621887207,-0.0015925002960617274
1999-09-16,3.7427031993865967,0.02764479758135341
1999-09-17,3.8461694717407227,-0.054837018389035874
1999-09-20,3.6352570056915283,-0.017514820421852373
1999-09-21,3.5715861320495605,0.06350959972945835
1999-09-22,3.7984161376953125,-0.002619178654497345
1999-09-23,3.7884674072265625,0.005251861801748747
1999-09-24,3.808363914489746,-0.0073141433064244366
1999-09-27,3.7805089950561523,0.0026310804003177868
1999-09-28,3.7904558181762695,0.0005252125947363684
1999-09-29,3.7924466133117676,0.07397712431901216
1999-09-30,4.073000907897949,-0.03615075777637755
1999-10-01,3.9257588386535645,-0.03699917635471184
1999-10-04,3.7805089950561523,0.011578456521963876
1999-10-05,3.8242814540863037,-0.00832439797037432
1999-10-06,3.7924466133117676,0.02413446079299786
1999-10-07,3.8839752674102783,0.015881270720188967
1999-10-08,3.945657730102539,-0.0030261120599266444
1999-10-11,3.933717727661133,0.021750498569385934
1999-10-12,4.019278049468994,0.009405582156063685
1999-10-13,4.057081699371338,-0.01814595060339197
1999-10-14,3.98346209526062,-0.018481670682842455
1999-10-15,3.9098410606384277,0.05140013495893858
1999-10-18,4.110807418823242,0.0
1999-10-19,4.110807418823242,0.001936088995831975
1999-10-20,4.1187663078308105,-0.049759026701501674
1999-10-21,3.913820505142212,0.016268397800575984
1999-10-22,3.977492094039917,-0.03801889261947522
1999-10-25,3.8262722492218018,-0.018200897788329673
1999-10-26,3.7566306591033936,0.03495787217565671
1999-10-27,3.8879544734954834,-0.030706256469893223
1999-10-28,3.7685699462890625,-0.021119248958405
1999-10-29,3.6889805793762207,-0.01779966607004624
1999-11-01,3.6233179569244385,0.02471196029135969
1999-11-02,3.712857246398926,0.020899961034754666
1999-11-03,3.7904558181762695,-0.008398746937098522
1999-11-04,3.7586207389831543,0.0
1999-11-05,3.7586207389831543,0.0
1999-11-08,3.7586207389831543,-0.016940147282572204
1999-11-09,3.694949150085449,0.009154689651523329
1999-11-10,3.7287752628326416,-0.0021345791268417846
1999-11-11,3.720815896987915,-0.0053475428695701765
1999-11-12,3.700918674468994,-0.008064342606716401
1999-11-15,3.6710731983184814,-0.0005420975753553936
1999-11-16,3.6690831184387207,-0.010303686014588087
1999-11-17,3.6312780380249023,0.0
1999-11-18,3.6312780380249023,-0.001096011183739365
1999-11-19,3.62729811668396,0.028524665224266332
1999-11-22,3.7307655811309814,0.0
1999-11-23,3.7307655811309814,-0.021866741138544254
1999-11-24,3.6491858959198,-0.0016361123352298668
1999-11-25,3.6432154178619385,0.08028419803657583
1999-11-26,3.9357080459594727,0.08038440093736465
1999-11-29,4.252077579498291,0.08001870082636442
1999-11-30,4.592323303222656,0.07105692154338161
1999-12-01,4.918639659881592,0.07281562480762482
1999-12-02,5.276793479919434,0.08031672552135594
1999-12-03,5.700608253479004,0.08027943356451606
1999-12-06,6.158249855041504,-0.010339544147305313
1999-12-07,6.094576358795166,-0.026444746849154765
1999-12-08,5.933406829833984,0.07377626884796062
1999-12-09,6.371151447296143,-0.01936282568285219
1999-12-10,6.247787952423096,-0.009872726408219012
1999-12-13,6.186105251312256,-0.02187200801529121
1999-12-14,6.050802707672119,0.08023679192475841
1999-12-15,6.536299705505371,0.08006097924846722
1999-12-16,7.0596022605896,0.03382195234750496
1999-12-17,7.2983717918396,-0.03653224154642076
1999-12-20,7.031745910644531,-0.0011318510521718395
1999-12-21,7.023787021636963,-0.005382435472111924
1999-12-22,6.9859819412231445,-0.050697900013555675
1999-12-23,6.631807327270508,-0.03480350891018258
1999-12-24,6.400997161865234,-0.0637239024471642
1999-12-27,5.993100643157959,0.008299993881501377
1999-12-28,6.042843341827393,0.02535398560739832
1999-12-29,6.196053504943848,0.01091852234704671
1999-12-30,6.263705253601074,0.0
1999-12-31,6.263705253601074,0.08005074931055578
2000-01-03,6.765119552612305,0.022352800538841144
2000-01-04,6.916338920593262,-0.03941283787352079
2000-01-05,6.643746376037598,0.008086086029472916
2000-01-06,6.697468280792236,0.000297103528939191
2000-01-07,6.699458122253418,-0.014552752491106213
2000-01-10,6.601962566375732,-0.015069425269291337
2000-01-11,6.502474784851074,0.012545797444216245
2000-01-12,6.5840535163879395,-0.002115332094754563
2000-01-13,6.570126056671143,0.0021198162100186657
2000-01-14,6.5840535163879395,0.0800845987991825
2000-01-17,7.111334800720215,-0.07274760201293451
2000-01-18,6.5940022468566895,0.08026560847517383
2000-01-19,7.123273849487305,-0.0022345485396612075
2000-01-20,7.107356548309326,0.05347124665896952
2000-01-21,7.487395763397217,0.06590500303556057
2000-01-24,7.9808526039123535,0.08002976149755314
2000-01-25,8.619558334350586,0.0
2000-01-26,8.619558334350586,0.06048021179293106
2000-01-27,9.140871047973633,-0.007836077128833274
2000-01-28,9.069242477416992,0.04322040760100898
2000-01-31,9.46121883392334,0.01345969133357805
2000-02-01,9.588563919067383,0.012658118316690725
2000-02-02,9.70993709564209,-0.0739753557567091
2000-02-03,8.9916410446167,0.013277199496543268
2000-02-04,9.111024856567383,0.07752803602243419
2000-02-07,9.817384719848633,0.01641669922521971
2000-02-08,9.978553771972656,0.006978600957711967
2000-02-09,10.048190116882324,-0.002969925564888065
2000-02-10,10.01834774017334,-0.07805360095703007
2000-02-11,9.236379623413086,0.005816286262347203
2000-02-14,9.290101051330566,-0.025058572314776484
2000-02-15,9.057304382324219,0.08018418341603772
2000-02-16,9.783556938171387,0.01850751983442911
2000-02-17,9.96462631225586,-0.03115047774510593
2000-02-18,9.654223442077637,-0.026586587800857542
2000-02-21,9.397550582885742,-0.07876368752490093
2000-02-22,8.657364845275879,0.008733623011036196
2000-02-23,8.732975006103516,0.03440401136243998
2000-02-24,9.033424377441406,0.0
2000-02-25,9.033424377441406,0.00242287139926467
2000-02-28,9.05531120300293,-0.04724248571538703
2000-02-29,8.62751579284668,0.08002802376935625
2000-03-01,9.31795883178711,0.08007665454730062
2000-03-02,10.064109802246094,0.08007138075827647
2000-03-03,10.869956970214844,-0.025993211426309393
2000-03-06,10.587411880493164,-0.029505735424807722
2000-03-07,10.275022506713867,0.05364074466440116
2000-03-08,10.82618236541748,-0.009005666364959697
2000-03-09,10.72868537902832,-0.057307027067580174
2000-03-10,10.113856315612793,0.06216792657376646
2000-03-13,10.742613792419434,-0.016854977434755614
2000-03-14,10.56154727935791,-0.02091193484902598
2000-03-15,10.34068489074707,-0.011160293918819786
2000-03-16,10.225279808044434,0.0
2000-03-17,10.225279808044434,0.0
2000-03-20,10.225279808044434,-0.004475757889188969
2000-03-21,10.179513931274414,0.02091475786851671
2000-03-22,10.392416000366211,0.07371299039261148
2000-03-23,11.158472061157227,-0.024964732294483705
2000-03-24,10.879903793334961,-0.006217958933088408
2000-03-27,10.81225299835205,0.012513992320508205
2000-03-28,10.94755744934082,-0.035259935539881826
2000-03-29,10.56154727935791,-0.010738641673706084
2000-03-30,10.44813060760498,-0.02037704897532866
2000-03-31,10.235228538513184,-0.039074523301605435
2000-04-03,9.835291862487793,-0.07991117274606707
2000-04-04,9.049342155456543,-0.07981516975108771
2000-04-05,8.327067375183105,-0.07271888206040544
2000-04-06,7.721532344818115,0.07997967298303177
2000-04-07,8.33909797668457,0.080066988572282
2000-04-10,9.006784439086914,0.007123981051847306
2000-04-11,9.070948600769043,0.0300618856238275
2000-04-12,9.34363842010498,-0.006652401144575992
2000-04-13,9.28148078918457,0.0
2000-04-14,9.28148078918457,-0.07993084498298353
2000-04-17,8.539604187011719,0.04296803457151466
2000-04-18,8.906534194946289,0.019585556673189064
2000-04-19,9.080973625183105,-0.003311772592805462
2000-04-20,9.050899505615234,0.0
2000-04-21,9.050899505615234,0.028356294404669136
2000-04-24,9.307549476623535,-0.004954981585960971
2000-04-25,9.261430740356445,0.07923819577865565
2000-04-26,9.99528980255127,-0.015045195409787104
2000-04-27,9.844908714294434,-0.0014259234234561546
2000-04-28,9.830870628356934,0.0
2000-05-01,9.830870628356934,0.02467896373981837
2000-05-02,10.073486328125,-0.01990454060735314
2000-05-03,9.872978210449219,0.018684253027847708
2000-05-04,10.05744743347168,0.036084209384450894
2000-05-05,10.42036247253418,0.0023089647209519892
2000-05-08,10.444422721862793,0.0036474466093201485
2000-05-09,10.482518196105957,0.004782055433195653
2000-05-10,10.532646179199219,0.011993448192186396
2000-05-11,10.658968925476074,-0.013920339376270685
2000-05-12,10.510592460632324,-0.019076857189650243
2000-05-15,10.310083389282227,-0.003306105889737676
2000-05-16,10.275997161865234,0.007024487051890738
2000-05-17,10.348180770874023,-0.007750357713779965
2000-05-18,10.26797866821289,-0.001171662105094562
2000-05-19,10.255948066711426,-0.026979281748305106
2000-05-22,9.979249954223633,-0.06067946087930798
2000-05-23,9.373714447021484,0.035722163236088234
2000-05-24,9.708563804626465,-0.035109640146374854
2000-05-25,9.36769962310791,-0.014340594202537083
2000-05-26,9.23336124420166,-0.02432161684284284
2000-05-29,9.008790969848633,-0.00378376867721697
2000-05-30,8.974703788757324,0.029043980873177944
2000-05-31,9.23536491394043,-0.004559178238869088
2000-06-01,9.193259239196777,0.0665212906740793
2000-06-02,9.80480670928955,0.010429346708056508
2000-06-05,9.907064437866211,-0.009917205012172303
2000-06-06,9.80881404876709,-0.0208502689326997
2000-06-07,9.604297637939453,0.003549059879438099
2000-06-08,9.638383865356445,0.020386920281028953
2000-06-09,9.834880828857422,-0.0036693876047018126
2000-06-12,9.798792839050293,0.037855315428195535
2000-06-13,10.169729232788086,-0.013012421352595616
2000-06-14,10.037396430969238,0.0023969657689382196
2000-06-15,10.061455726623535,0.00039857060543213585
2000-06-16,10.065465927124023,0.0025894398983703493
2000-06-19,10.091529846191406,0.011722651179352894
2000-06-20,10.209829330444336,0.00628445451252424
2000-06-21,10.273992538452148,0.0035128359977878443
2000-06-22,10.310083389282227,0.0011667847264604791
2000-06-23,10.322113037109375,-0.008741241296731594
2000-06-26,10.231884956359863,-0.012737455411356402
2000-06-27,10.101556777954102,-0.005756378484269131
2000-06-28,10.043408393859863,0.028548769536685725
2000-06-29,10.330135345458984,-0.020380482447637238
2000-06-30,10.11960220336914,0.06459277071373459
2000-07-03,10.773255348205566,0.037967872922921586
2000-07-04,11.182292938232422,-0.0030485735173063633
2000-07-05,11.148202896118164,-0.007374074594315161
2000-07-06,11.065995216369629,0.021199484260704393
2000-07-07,11.300588607788086,-0.02164643547767231
2000-07-10,11.055971145629883,-0.0030830604537590567
2000-07-11,11.02188491821289,-0.025286477341908364
2000-07-12,10.743180274963379,-0.007652169219801386
2000-07-13,10.660971641540527,-0.0001878549284053399
2000-07-14,10.658968925476074,-0.04307768124494993
2000-07-17,10.19980525970459,-0.016119554146874826
2000-07-18,10.035388946533203,0.003995963837995387
2000-07-19,10.07548999786377,-0.011542352864674643
2000-07-20,9.959195137023926,-0.0271794248630155
2000-07-21,9.688509941101074,-0.043045872292917786
2000-07-24,9.271459579467773,0.04952400936860646
2000-07-25,9.730619430541992,0.009684813551388505
2000-07-26,9.824858665466309,-0.0020409409294852576
2000-07-27,9.80480670928955,-0.038445942232750774
2000-07-28,9.427851676940918,-0.009357646544004061
2000-07-31,9.339629173278809,-0.023400563915513373
2000-08-01,9.121076583862305,-0.015168114400643584
2000-08-02,8.98272705078125,0.12700879662030395
2000-08-03,10.123612403869629,-0.010695145353763702
2000-08-04,10.015338897705078,-0.058258435375730167
2000-08-07,9.43186092376709,0.07589304898482041
2000-08-08,10.147673606872559,-0.03556601611167487
2000-08-09,9.786761283874512,-0.0016389332346407048
2000-08-10,9.770721435546875,-0.00595138630777059
2000-08-11,9.71257209777832,0.005367538689187379
2000-08-14,9.764704704284668,0.0
2000-08-15,9.764704704284668,0.010266787836939795
2000-08-16,9.864956855773926,0.0038620836864715624
2000-08-17,9.903056144714355,-0.02996579291796586
2000-08-18,9.606303215026855,-0.018159148983231232
2000-08-21,9.43186092376709,-0.01998296667257493
2000-08-22,9.24338436126709,0.00997854915262919
2000-08-23,9.335619926452637,-0.0053693355277453225
2000-08-24,9.285493850708008,0.03131048731244124
2000-08-25,9.576227188110352,-0.015075484479159407
2000-08-28,9.43186092376709,-0.00191314014133237
2000-08-29,9.413816452026367,0.004898642522385144
2000-08-30,9.459931373596191,0.014624893277928486
2000-08-31,9.598281860351562,0.0
2000-09-01,9.598281860351562,-0.003760235949465285
2000-09-04,9.562190055847168,0.0033552471939124473
2000-09-05,9.594273567199707,0.013793192565846546
2000-09-06,9.726609230041504,-0.010101098245147155
2000-09-07,9.6283597946167,-0.006455781246301195
2000-09-08,9.566201210021973,0.006497729164384181
2000-09-11,9.6283597946167,-0.01603485793032078
2000-09-12,9.473970413208008,-0.001693345941657154
2000-09-13,9.457927703857422,-0.014203987433747511
2000-09-14,9.323587417602539,-0.02085973595840629
2000-09-15,9.12909984588623,-0.08038679328559617
2000-09-18,8.395240783691406,0.10031036977192453
2000-09-19,9.237370491027832,-0.023008470398514946
2000-09-20,9.024832725524902,-0.004443095127315555
2000-09-21,8.984734535217285,-0.03191278541948639
2000-09-22,8.698006629943848,0.03181155988786166
2000-09-25,8.974703788757324,-0.006478823640299836
2000-09-26,8.916558265686035,0.019338825066801624
2000-09-27,9.088994026184082,-0.01213325511429042
2000-09-28,8.978714942932129,0.0462260478509251
2000-09-29,9.393765449523926,0.0
2000-10-02,9.393765449523926,0.021558207108431704
2000-10-03,9.596278190612793,-0.013372419993705309
2000-10-04,9.467952728271484,-0.006141499866839539
2000-10-05,9.409805297851562,0.041551365292590514
2000-10-06,9.800795555114746,-0.005114393192719335
2000-10-09,9.750670433044434,-0.01686205213276304
2000-10-10,9.586254119873047,-0.010040075941740834
2000-10-11,9.490007400512695,-0.0008448402240017749
2000-10-12,9.481989860534668,0.0
2000-10-13,9.481989860534668,0.0016917126297211205
2000-10-16,9.498030662536621,0.003799724220528322
2000-10-17,9.534120559692383,0.0012619470354346962
2000-10-18,9.546152114868164,0.016172943773672843
2000-10-19,9.700541496276855,0.01157499369577808
2000-10-20,9.812825202941895,-0.006538611766391256
2000-10-23,9.748662948608398,0.0006173809313716472
2000-10-24,9.754681587219238,-0.007605397650198853
2000-10-25,9.680493354797363,-0.00020707864151292554
2000-10-26,9.678488731384277,-0.005593857930197732
2000-10-27,9.624348640441895,0.02875009871816503
2000-10-30,9.901049613952637,0.014783274479885922
2000-10-31,10.047419548034668,-0.013570047049575207
2000-11-01,9.911075592041016,0.01942118732364717
2000-11-02,10.103560447692871,-0.015280596234729216
2000-11-03,9.949172019958496,0.007658306576308949
2000-11-06,10.025365829467773,-0.00500011510262488
2000-11-07,9.975237846374512,-0.01949760965678582
2000-11-08,9.780744552612305,0.004305248495152236
2000-11-09,9.822853088378906,0.0008162129582811595
2000-11-10,9.830870628356934,-0.019579828712755543
2000-11-13,9.638383865356445,-0.018930739959657994
2000-11-14,9.45592212677002,0.019296028048906066
2000-11-15,9.638383865356445,-0.03224474198883143
2000-11-16,9.327596664428711,-0.012252504781358087
2000-11-17,9.213310241699219,-0.004788085030974498
2000-11-20,9.169196128845215,-0.017275187451915586
2000-11-21,9.010796546936035,-0.002670263708385634
2000-11-22,8.986735343933105,-0.03235170362745432
2000-11-23,8.695999145507812,0.03158892948073433
2000-11-24,8.970696449279785,0.009164024244197266
2000-11-27,9.05290412902832,-0.01816161500814628
2000-11-28,8.88848876953125,0.0018045641664778955
2000-11-29,8.904528617858887,-0.00405330363095513
2000-11-30,8.868435859680176,-0.022156890641148896
2000-12-01,8.6719388961792,0.0004626540727690198
2000-12-04,8.67595100402832,-0.010168736233695075
2000-12-05,8.587727546691895,0.027083855040902716
2000-12-06,8.820316314697266,-0.007729242325359542
2000-12-07,8.752141952514648,0.00412398611092657
2000-12-08,8.788235664367676,0.015742474905136916
2000-12-11,8.926584243774414,0.026954225987857905
2000-12-12,9.167193412780762,0.025809209446991943
2000-12-13,9.403791427612305,-0.02238801126504597
2000-12-14,9.193259239196777,-0.04143941942550655
2000-12-15,8.812295913696289,-0.012059376028774604
2000-12-18,8.706025123596191,-0.009442728714397886
2000-12-19,8.62381649017334,0.02278571497292803
2000-12-20,8.820316314697266,-0.010457063921567089
2000-12-21,8.728081703186035,-0.006432433714081975
2000-12-22,8.6719388961792,0.0
2000-12-25,8.6719388961792,-0.004161797178480975
2000-12-26,8.635848045349121,0.013466414248471947
2000-12-27,8.752141952514648,0.008247318433794115
2000-12-28,8.824323654174805,0.012497279253135263
2000-12-29,8.934603691101074,-0.002468348829938627
2001-01-01,8.91254997253418,0.007873961824992337
2001-01-02,8.98272705078125,0.008258881554361164
2001-01-03,9.056914329528809,-0.002214099540027048
2001-01-04,9.036861419677734,0.014422263112193967
2001-01-05,9.167193412780762,0.006780234775576988
2001-01-08,9.229349136352539,0.024331879747137686
2001-01-09,9.453916549682617,-0.0439020896485981
2001-01-10,9.038869857788086,0.015527843491762283
2001-01-11,9.179224014282227,0.03669712379510526
2001-01-12,9.516075134277344,0.049304552826886505
2001-01-15,9.985260963439941,0.004016406398858585
2001-01-16,10.025365829467773,-0.0034000934899667268
2001-01-17,9.991278648376465,0.0030101325666735956
2001-01-18,10.021353721618652,0.0074030150499360126
2001-01-19,10.095541954040527,-0.014697037382498612
2001-01-22,9.94716739654541,0.0064503040690537805
2001-01-23,10.011329650878906,-0.0010016537050232532
2001-01-24,10.001301765441895,0.0008020310618972459
2001-01-25,10.009323120117188,0.0
2001-01-26,10.009323120117188,-0.017227895745391186
2001-01-29,9.836883544921875,0.01671446243814656
2001-01-30,10.001301765441895,0.018043362694732723
2001-01-31,10.181758880615234,-0.010633973339947311
2001-02-01,10.073486328125,0.004179851282082314
2001-02-02,10.115592002868652,0.04658089348255734
2001-02-05,10.586785316467285,-0.017045416158418925
2001-02-06,10.406329154968262,-0.031599474588444254
2001-02-07,10.077494621276855,0.02785525416392276
2001-02-08,10.358205795288086,0.05361977489755887
2001-02-09,10.913610458374023,-0.03545848170398691
2001-02-12,10.526630401611328,-0.012571240441631826
2001-02-13,10.39429759979248,0.02044744339750837
2001-02-14,10.606834411621094,-0.012665535702340303
2001-02-15,10.472493171691895,-0.028144543335635763
2001-02-16,10.177749633789062,0.011820305273242182
2001-02-19,10.298053741455078,-0.023364250568515876
2001-02-20,10.05744743347168,-0.001993647258419773
2001-02-21,10.037396430969238,0.004794121562117004
2001-02-22,10.085516929626465,-0.016302030621730634
2001-02-23,9.921102523803711,0.010509245863945305
2001-02-26,10.025365829467773,0.0016000216126581535
2001-02-27,10.041406631469727,0.024560321802898466
2001-02-28,10.288026809692383,0.03274233118256609
2001-03-01,10.62488079071045,-0.001321066924453329
2001-03-02,10.610844612121582,-0.027777665431123144
2001-03-05,10.316100120544434,0.0
2001-03-06,10.316100120544434,0.0005828672167467186
2001-03-07,10.322113037109375,0.018842298993303475
2001-03-08,10.516605377197266,-0.03660607247725223
2001-03-09,10.131633758544922,-0.009697576796524943
2001-03-12,10.033381462097168,-0.11610697817259075
2001-03-13,8.868435859680176,0.10287143159932932
2001-03-14,9.780744552612305,-0.006354809653101534
2001-03-15,9.718589782714844,-0.04064400020410808
2001-03-16,9.323587417602539,0.010107615309788986
2001-03-19,9.417826652526855,-0.022993209223774014
2001-03-20,9.20128059387207,0.029200345513721526
2001-03-21,9.469961166381836,-0.014186039157806474
2001-03-22,9.335619926452637,-0.013960619696975374
2001-03-23,9.205288887023926,-0.009148252074992369
2001-03-26,9.121076583862305,-0.001099209944812607
2001-03-27,9.111050605773926,0.006381868083845443
2001-03-28,9.169196128845215,0.003717783757804183
2001-03-29,9.203285217285156,-0.005011220325410126
2001-03-30,9.15716552734375,-0.022771752171217963
2001-04-02,8.948640823364258,0.00851435471202655
2001-04-03,9.024832725524902,0.003999166034658552
2001-04-04,9.060924530029297,0.0
2001-04-05,9.060924530029297,0.008630292931278927
2001-04-06,9.13912296295166,-0.010969663672321994
2001-04-09,9.038869857788086,0.002661653764076677
2001-04-10,9.062928199768066,0.020132863048105243
2001-04-11,9.245390892028809,0.0036868346417220366
2001-04-12,9.2794771194458,0.0
2001-04-13,9.2794771194458,0.018366459110913835
2001-04-16,9.449908256530762,0.042860255484260756
2001-04-17,9.854933738708496,-0.002034809201436838
2001-04-18,9.834880828857422,-0.023037598592792086
2001-04-19,9.608308792114258,0.025463119657466393
2001-04-20,9.85296630859375,-0.0012316601210424771
2001-04-23,9.84083080291748,-0.02280639749026514
2001-04-24,9.6163969039917,-0.002523225265613993
2001-04-25,9.592132568359375,0.002951358509775126
2001-04-26,9.620442390441895,-0.022908939690803654
2001-04-27,9.40004825592041,-0.008819007240278509
2001-04-30,9.31714916229248,0.0
2001-05-01,9.31714916229248,0.024305459951386554
2001-05-02,9.543606758117676,-0.011228718691157935
2001-05-03,9.436444282531738,-0.004928331757931392
2001-05-04,9.389938354492188,0.02260994850328002
2001-05-07,9.60224437713623,-0.018740981318013494
2001-05-08,9.42228889465332,0.019742436881995618
2001-05-09,9.608307838439941,-0.005050302028547615
2001-05-10,9.559782981872559,-0.01163289608634499
2001-05-11,9.448575019836426,0.015621522538016297
2001-05-14,9.596176147460938,0.014538694853671874
2001-05-15,9.735692024230957,-0.021183680878097744
2001-05-16,9.529454231262207,-0.0053042540413638095
2001-05-17,9.478907585144043,0.005119145055187291
2001-05-18,9.52743148803711,0.0067910307624363675
2001-05-21,9.592132568359375,-0.005902120484227558
2001-05-22,9.535518646240234,0.006573344017371863
2001-05-23,9.598198890686035,-0.0040024080820783015
2001-05-24,9.559782981872559,-0.02390015960441172
2001-05-25,9.331302642822266,0.015600874028318001
2001-05-28,9.476879119873047,0.003200490116559651
2001-05-29,9.507209777832031,-0.021054902823062438
2001-05-30,9.307036399841309,-0.001086059368991199
2001-05-31,9.296928405761719,0.002609725193608581
2001-06-01,9.32119083404541,0.007809103704663922
2001-06-04,9.393980979919434,-0.0017216729272185871
2001-06-05,9.3778076171875,0.009487006658162267
2001-06-06,9.466774940490723,-0.01730062952866296
2001-06-07,9.302993774414062,0.006303091288723195
2001-06-08,9.361631393432617,-0.0036717193768539547
2001-06-11,9.327258110046387,-0.012356320164362389
2001-06-12,9.212007522583008,-0.0021949398984832946
2001-06-13,9.191787719726562,-0.04179487062432663
2001-06-14,8.807618141174316,-0.016529014211208004
2001-06-15,8.662036895751953,-0.07352949595741576
2001-06-18,8.025121688842773,0.029226555119162834
2001-06-19,8.259668350219727,0.04406360085395389
2001-06-20,8.623619079589844,0.035638848462596684
2001-06-21,8.930954933166504,-0.009055840577226304
2001-06-22,8.850077629089355,-0.03632615978980125
2001-06-25,8.52858829498291,0.023944765848737948
2001-06-26,8.732803344726562,-0.011344753657526518
2001-06-27,8.633731842041016,0.008196397177372194
2001-06-28,8.704497337341309,-0.02624875826186568
2001-06-29,8.476015090942383,0.014551720987525885
2001-07-02,8.599355697631836,-0.025864032672224813
2001-07-03,8.376941680908203,-0.022206182703276234
2001-07-04,8.190921783447266,0.006171173541741126
2001-07-05,8.241469383239746,0.0009815076869919004
2001-07-06,8.249558448791504,0.0036765245646706024
2001-07-09,8.279888153076172,0.01587278734203701
2001-07-10,8.4113130569458,0.014423291145784889
2001-07-11,8.532631874084473,0.021089931467278777
2001-07-12,8.712584495544434,0.005337678433880999
2001-07-13,8.759089469909668,0.011080430430555843
2001-07-16,8.856143951416016,0.009589030769926676
2001-07-17,8.941065788269043,0.027815171789708604
2001-07-18,9.189763069152832,-0.01276098946001858
2001-07-19,9.072492599487305,0.002897027897453608
2001-07-20,9.098775863647461,-0.025999820978584776
2001-07-23,8.86220932006836,0.03536378017153252
2001-07-24,9.175610542297363,0.02159567419248387
2001-07-25,9.373764038085938,-0.010569529023194746
2001-07-26,9.274687767028809,0.013298523477373037
2001-07-27,9.398027420043945,-0.0004305627067954232
2001-07-30,9.393980979919434,0.008179342300434822
2001-07-31,9.470817565917969,0.009180160614294497
2001-08-01,9.557761192321777,-0.01205822487819097
2001-08-02,9.442511558532715,-0.008565535196725316
2001-08-03,9.361631393432617,0.010151092327091549
2001-08-06,9.45666217803955,-0.007910828013915627
2001-08-07,9.381852149963379,0.013361714282519532
2001-08-08,9.507209777832031,-0.030625039622703576
2001-08-09,9.21605110168457,0.009214764899267758
2001-08-10,9.30097484588623,0.0032607116392158186
2001-08-13,9.331302642822266,0.004333655609132014
2001-08-14,9.37174129486084,0.0
2001-08-15,9.37174129486084,0.005393618773941178
2001-08-16,9.42228889465332,0.02703870228156191
2001-08-17,9.677055358886719,-0.01713341942665947
2001-08-20,9.51125431060791,-0.00042523652967285663
2001-08-21,9.507209777832031,0.0
2001-08-22,9.507209777832031,0.0
2001-08-23,9.507209777832031,0.003190179347402955
2001-08-24,9.5375394821167,-0.004027763681732521
2001-08-27,9.499124526977539,0.00042577952993383406
2001-08-28,9.503169059753418,0.001914540138557852
2001-08-29,9.521363258361816,-0.0025482094974565994
2001-08-30,9.497100830078125,0.007238890620531402
2001-08-31,9.565849304199219,-0.006764155796509019
2001-09-03,9.501144409179688,-0.01234317460215495
2001-09-04,9.383870124816895,0.012713191183350014
2001-09-05,9.503169059753418,0.0
2001-09-06,9.503169059753418,-0.012340645241572967
2001-09-07,9.385893821716309,0.004093245733031381
2001-09-10,9.424312591552734,0.006436379768365308
2001-09-11,9.484971046447754,-0.06182090715869237
2001-09-12,8.898601531982422,-0.002271709145780787
2001-09-13,8.878386497497559,-0.0715102147091683
2001-09-14,8.243491172790527,-0.0542059182128678
2001-09-17,7.796645164489746,0.06898264605599125
2001-09-18,8.334478378295898,0.035662442927573146
2001-09-19,8.631706237792969,0.014757595845762861
2001-09-20,8.759089469909668,-0.017543660994073673
2001-09-21,8.605422973632812,-0.04887238126479476
2001-09-24,8.184855461120605,0.02939722407710721
2001-09-25,8.425467491149902,0.03071770169205834
2001-09-26,8.68427848815918,-0.00046573043245834445
2001-09-27,8.6802339553833,0.011413789561173227
2001-09-28,8.779308319091797,-0.033855281230080414
2001-10-01,8.48208236694336,0.0
2001-10-02,8.48208236694336,0.005244370767703677
2001-10-03,8.526565551757812,0.005928248541062331
2001-10-04,8.577113151550293,0.009665484550112735
2001-10-05,8.660015106201172,0.0016344583734000384
2001-10-08,8.674169540405273,-0.0025643376754681535
2001-10-09,8.651926040649414,0.009347895913252469
2001-10-10,8.732803344726562,0.021069764272347413
2001-10-11,8.916801452636719,0.057823020116484214
2001-10-12,9.432397842407227,-0.022936558056317446
2001-10-15,9.21605110168457,-0.003290861810087864
2001-10-16,9.185722351074219,-0.008364576645506494
2001-10-17,9.108887672424316,-0.004439576726290584
2001-10-18,9.068448066711426,0.0
2001-10-19,9.068448066711426,-0.004682216987625498
2001-10-22,9.02598762512207,0.007168310328964145
2001-10-23,9.090688705444336,0.002001934899506619
2001-10-24,9.108887672424316,-0.015538309147774876
2001-10-25,8.967350959777832,0.0
2001-10-26,8.967350959777832,-0.012401322180945584
2001-10-29,8.856143951416016,-0.004566492288673452
2001-10-30,8.815702438354492,-0.001375929339175297
2001-10-31,8.803572654724121,0.0006892917129543985
2001-11-01,8.809640884399414,0.019738182454318576
2001-11-02,8.983527183532715,-0.004051524478309809
2001-11-05,8.94713020324707,-0.01581912364713345
2001-11-06,8.805594444274902,0.007807146605208093
2001-11-07,8.874341011047363,-0.005240171293700691
2001-11-08,8.827837944030762,0.0045804863288148034
2001-11-09,8.868273735046387,0.0015962905493986934
2001-11-12,8.882430076599121,-0.0009106815907359289
2001-11-13,8.874341011047363,0.009797084946505885
2001-11-14,8.961283683776855,-0.004061261817721706
2001-11-15,8.92488956451416,0.0
2001-11-16,8.92488956451416,0.006343695653916015
2001-11-19,8.98150634765625,0.012156352571812912
2001-11-20,9.090688705444336,-0.0006671018197329515
2001-11-21,9.084624290466309,-0.007345013116319854
2001-11-22,9.017897605895996,0.009641335916398042
2001-11-23,9.104842185974121,0.008216824363454611
2001-11-26,9.179655075073242,0.004625909790655358
2001-11-27,9.222119331359863,-0.015347835848114388
2001-11-28,9.08057975769043,-0.01068792706495636
2001-11-29,8.983527183532715,0.0
2001-11-30,8.983527183532715,0.010578231577771824
2001-12-03,9.078557014465332,-0.004676898305246757
2001-12-04,9.036097526550293,-0.002909013001007432
2001-12-05,9.009811401367188,0.01862667600390866
2001-12-06,9.177634239196777,0.031725014955659825
2001-12-07,9.468794822692871,-0.008541557744775718
2001-12-10,9.387916564941406,-0.03166068396975841
2001-12-11,9.090688705444336,-0.0004449093910185997
2001-12-12,9.086644172668457,0.026925063368246738
2001-12-13,9.331302642822266,-0.02578567501108886
2001-12-14,9.090688705444336,0.0
2001-12-17,9.090688705444336,-0.015791818073287445
2001-12-18,8.94713020324707,-0.006327393642931667
2001-12-19,8.890518188476562,0.011826159488817378
2001-12-20,8.995658874511719,0.005843756016348456
2001-12-21,9.048227310180664,-0.017653387724850367
2001-12-24,8.888495445251465,0.0
2001-12-25,8.888495445251465,0.003412135473001232
2001-12-26,8.918824195861816,0.003173737564912127
2001-12-27,8.94713020324707,-0.001581688525781888
2001-12-28,8.932978630065918,0.02127639358434963
2001-12-31,9.123040199279785,-0.002437853856509964
2002-01-01,9.100799560546875,-0.00022236473685088853
2002-01-02,9.098775863647461,0.005555952682166243
2002-01-03,9.149328231811523,-0.010165663827948257
2002-01-04,9.056319236755371,0.0
2002-01-07,9.056319236755371,-0.005358542471393113
2002-01-08,9.007790565490723,0.007182897240579633
2002-01-09,9.072492599487305,0.005348884780911778
2002-01-10,9.121020317077637,0.003546706986963688
2002-01-11,9.153369903564453,0.03247195979497408
2002-01-14,9.450597763061523,0.026315911629751554
2002-01-15,9.699298858642578,-0.037315352356021125
2002-01-16,9.337366104125977,0.009311671670273025
2002-01-17,9.424312591552734,0.018236190092235427
2002-01-18,9.596176147460938,0.006953267238569261
2002-01-21,9.662900924682617,0.007323914859884484
2002-01-22,9.733671188354492,0.007478180068493545
2002-01-23,9.806461334228516,-0.031134260835062766
2002-01-24,9.501144409179688,-0.024685847330916832
2002-01-25,9.266600608825684,0.0028365495199775825
2002-01-28,9.292885780334473,-0.013925170794773623
2002-01-29,9.163480758666992,-0.007943712126399993
2002-01-30,9.090688705444336,-0.0004449093910185997
2002-01-31,9.086644172668457,0.0004451074234912422
2002-02-01,9.090688705444336,0.0015569206017700399
2002-02-04,9.104842185974121,-0.010881712064131577
2002-02-05,9.005765914916992,0.011226137666878744
2002-02-06,9.106865882873535,0.006438731622754101
2002-02-07,9.165502548217773,-0.007059404253123014
2002-02-08,9.100799560546875,0.016440739064098153
2002-02-11,9.250423431396484,0.009398777620752252
2002-02-12,9.337366104125977,-0.0043307393019953455
2002-02-13,9.296928405761719,-0.006742243142970339
2002-02-14,9.234246253967285,0.022772110861631223
2002-02-15,9.44452953338623,0.06379808280203769
2002-02-18,10.047072410583496,-0.05333076921105495
2002-02-19,9.51125431060791,0.004676599146538951
2002-02-20,9.555734634399414,0.001481350039531204
2002-02-21,9.569890022277832,0.04331325611571857
2002-02-22,9.984393119812012,-0.017618592096295904
2002-02-25,9.80848217010498,-0.02618012610478293
2002-02-26,9.551694869995117,0.0029634538969802726
2002-02-27,9.580000877380371,-0.013929915297203443
2002-02-28,9.446552276611328,0.012414506470593611
2002-03-01,9.563826560974121,-0.0012684975936837484
2002-03-04,9.551694869995117,0.0035986580239499855
2002-03-05,9.586068153381348,-0.0080154433255758
2002-03-06,9.509231567382812,0.0063789018560744815
2002-03-07,9.569890022277832,-0.009296388542343381
2002-03-08,9.480924606323242,-0.007250839161612954
2002-03-11,9.412179946899414,-0.00859283444785719
2002-03-12,9.331302642822266,0.017334622436527614
2002-03-13,9.493057250976562,0.000425951197244423
2002-03-14,9.497100830078125,0.00042576984007114405
2002-03-15,9.501144409179688,0.01851471171589303
2002-03-18,9.677055358886719,-0.016297517878950618
2002-03-19,9.519343376159668,-0.0014870130553193972
2002-03-20,9.50518798828125,-0.005317695189844152
2002-03-21,9.454642295837402,0.0
2002-03-22,9.454642295837402,0.0
2002-03-25,9.454642295837402,-0.014756134082704597
2002-03-26,9.315128326416016,0.035380676152430235
2002-03-27,9.64470386505127,-0.007966416185571257
2002-03-28,9.567870140075684,0.0
2002-03-29,9.567870140075684,-0.012468304700288702
2002-04-01,9.448575019836426,0.005135780807140167
2002-04-02,9.497100830078125,-0.027251278112859545
2002-04-03,9.238292694091797,-0.014664213632795575
2002-04-04,9.10282039642334,-0.001110424422255063
2002-04-05,9.09271240234375,0.0011116588353750068
2002-04-08,9.10282039642334,0.004220639520234659
2002-04-09,9.141240119934082,0.003981310936503224
2002-04-10,9.177634239196777,-0.013218548405784292
2002-04-11,9.056319236755371,-0.003349220675680109
2002-04-12,9.02598762512207,-0.007616620286009734
2002-04-15,8.957240104675293,0.011061346008617523
2002-04-16,9.056319236755371,0.00491152339362988
2002-04-17,9.100799560546875,0.009775350837482932
2002-04-18,9.189763069152832,-0.0035200725599862093
2002-04-19,9.157414436340332,-0.02075514632255271
2002-04-22,8.967350959777832,0.013528840792393915
2002-04-23,9.088668823242188,0.0008899116069405189
2002-04-24,9.096756935119629,-0.011780504161966077
2002-04-25,8.989592552185059,0.008771867475484196
2002-04-26,9.068448066711426,-0.019843816729847474
2002-04-29,8.888495445251465,-0.0009102747422470303
2002-04-30,8.880404472351074,0.0
2002-05-01,8.880404472351074,-0.005919384469927791
2002-05-02,8.827837944030762,-0.008245631604232195
2002-05-03,8.755046844482422,0.005542610005825566
2002-05-06,8.803572654724121,0.023931302650842756
2002-05-07,9.014253616333008,0.003630398650886102
2002-05-08,9.046978950500488,0.0033914706721009935
2002-05-09,9.077661514282227,-0.00022534783936067893
2002-05-10,9.075615882873535,-0.011043377099898222
2002-05-13,8.975390434265137,0.0041022681160751695
2002-05-14,9.01220989227295,0.007035565234110974
2002-05-15,9.075615882873535,-0.023889943259440716
2002-05-16,8.858799934387207,0.011544897931721199
2002-05-17,8.961073875427246,-0.009815389288221676
2002-05-20,8.873117446899414,0.030889911564080386
2002-05-21,9.147207260131836,-0.023479749137312877
2002-05-22,8.932433128356934,-0.01900583312469606
2002-05-23,8.762664794921875,0.017740130948856736
2002-05-24,8.918115615844727,0.008257121292583047
2002-05-27,8.991753578186035,0.01069147843403484
2002-05-28,9.087888717651367,-0.003376308668531336
2002-05-29,9.057205200195312,0.004968323188554669
2002-05-30,9.102204322814941,0.031011635885638267
2002-05-31,9.384478569030762,-0.004141320741084198
2002-06-03,9.345614433288574,-0.015758419206850283
2002-06-04,9.198342323303223,-0.006448933304482929
2002-06-05,9.139022827148438,-0.005371304899529972
2002-06-06,9.089934349060059,-0.022727198809587623
2002-06-07,8.883345603942871,0.012663954370558006
2002-06-10,8.995843887329102,0.00341074880422898
2002-06-11,9.02652645111084,-0.0033991551399001896
2002-06-12,8.995843887329102,0.0
2002-06-13,8.995843887329102,-0.00022718536311383541
2002-06-14,8.993800163269043,-0.0038663159391530977
2002-06-17,8.959027290344238,-0.002054986783896151
2002-06-18,8.940616607666016,0.0006867261530663082
2002-06-19,8.946756362915039,-0.0013719767956735796
2002-06-20,8.934481620788574,0.005036781301732685
2002-06-21,8.979482650756836,-0.022323955703630216
2002-06-24,8.779025077819824,-0.0060575907272574225
2002-06-25,8.725845336914062,0.004922668604214087
2002-06-26,8.768799781799316,-0.03638890571611875
2002-06-27,8.449712753295898,-0.024207334264391922
2002-06-28,8.24516773223877,0.050855542389064645
2002-07-01,8.664480209350586,-0.010150719299585775
2002-07-02,8.576529502868652,0.0009540602212152471
2002-07-03,8.584712028503418,0.03573971338598181
2002-07-04,8.89152717590332,-0.018173545778479627
2002-07-05,8.729936599731445,-0.01733853674054253
2002-07-08,8.578572273254395,0.0
2002-07-09,8.578572273254395,0.002861387938236426
2002-07-10,8.603118896484375,-0.0007131119482666204
2002-07-11,8.596983909606934,-0.0009516793385301314
2002-07-12,8.588802337646484,0.00047590431813770984
2002-07-15,8.592889785766602,0.0030946812192005346
2002-07-16,8.619482040405273,-0.0037968918970651133
2002-07-17,8.58675479888916,0.0038113632312346546
2002-07-18,8.619482040405273,0.01637420003270562
2002-07-19,8.760619163513184,0.0032686074454275627
2002-07-22,8.789254188537598,-0.00023274231974756976
2002-07-23,8.787208557128906,-0.01745778406382592
2002-07-24,8.633803367614746,0.00805461141415309
2002-07-25,8.70334529876709,-0.00822562142790384
2002-07-26,8.631754875183105,0.006161383910001206
2002-07-29,8.684938430786133,-0.010127247519385985
2002-07-30,8.596983909606934,0.012371942332159103
2002-07-31,8.70334529876709,-0.008930521287307314
2002-08-01,8.625619888305664,-0.0040312371401423075
2002-08-02,8.590847969055176,0.0
2002-08-05,8.590847969055176,0.004285671308792649
2002-08-06,8.627665519714355,-0.003082428488510147
2002-08-07,8.60107135772705,-0.0040426319152595536
2002-08-08,8.566300392150879,0.002865598424121263
2002-08-09,8.590847969055176,-0.000952692098949881
2002-08-12,8.582663536071777,0.00810304931066197
2002-08-13,8.652209281921387,-0.015130120157632376
2002-08-14,8.521300315856934,0.0
2002-08-15,8.521300315856934,0.009601654394833181
2002-08-16,8.603118896484375,0.0033285578222606027
2002-08-19,8.631754875183105,0.0026067690923408104
2002-08-20,8.654255867004395,-0.010163262584927613
2002-08-21,8.566300392150879,-0.0021485308464302966
2002-08-22,8.547895431518555,0.0026318966234741836
2002-08-23,8.570392608642578,0.004295788847261894
2002-08-26,8.607209205627441,-0.002613759766558754
2002-08-27,8.584712028503418,0.0
2002-08-28,8.584712028503418,0.003573760267895354
2002-08-29,8.615391731262207,-0.004985779663319034
2002-08-30,8.572437286376953,0.0016701799072895707
2002-09-02,8.58675479888916,0.0004766841795162957
2002-09-03,8.590847969055176,0.01357114446384533
2002-09-04,8.707435607910156,-0.004462998805748852
2002-09-05,8.668574333190918,-0.00589912118815461
2002-09-06,8.617437362670898,-0.0028485935982119903
2002-09-09,8.592889785766602,0.0
2002-09-10,8.592889785766602,0.01214022000160253
2002-09-11,8.697209358215332,0.0037629589179888345
2002-09-12,8.729936599731445,0.006326194816212549
2002-09-13,8.785163879394531,0.005354914376081821
2002-09-16,8.832207679748535,0.03126460050008406
2002-09-17,9.108343124389648,0.009880962726643627
2002-09-18,9.198342323303223,-0.021124997291387837
2002-09-19,9.004027366638184,0.0
2002-09-20,9.004027366638184,-0.0009088687734783996
2002-09-23,8.995843887329102,-0.014324551306257538
2002-09-24,8.866982460021973,-0.031603497852427
2002-09-25,8.58675479888916,-0.0019055150204939642
2002-09-26,8.570392608642578,0.053937771206096885
2002-09-27,9.032660484313965,-0.00996364752063339
2002-09-30,8.942662239074707,-0.03179311726776657
2002-10-01,8.658347129821777,0.0
2002-10-02,8.658347129821777,-0.008977044113654298
2002-10-03,8.580620765686035,0.0016683647435884463
2002-10-04,8.59493637084961,-0.0047595302672616135
2002-10-07,8.554028511047363,0.0
2002-10-08,8.554028511047363,-0.0040650873304778345
2002-10-09,8.519255638122559,-0.00912360978909088
2002-10-10,8.441529273986816,0.0016961933936125995
2002-10-11,8.45584774017334,0.006047414572374343
2002-10-14,8.506983757019043,0.0
2002-10-15,8.506983757019043,-0.017552595962049833
2002-10-16,8.357664108276367,-0.02276038991077456
2002-10-17,8.167440414428711,-0.017781032677726794
2002-10-18,8.022214889526367,0.006629535151503108
2002-10-21,8.075398445129395,-0.004812776692145193
2002-10-22,8.03653335571289,-0.006362885307032884
2002-10-23,7.985397815704346,-0.006147519080448194
2002-10-24,7.936307430267334,-0.00824753330746164
2002-10-25,7.870852470397949,0.00675702610397666
2002-10-28,7.924036026000977,0.005936667840500842
2002-10-29,7.971078395843506,-0.02976658539198518
2002-10-30,7.733806610107422,0.004496217021946247
2002-10-31,7.768579483032227,-0.0002630756452350891
2002-11-01,7.766535758972168,0.012377816604846714
2002-11-04,7.862668514251709,0.013267705774399952
2002-11-05,7.9669880867004395,0.0
2002-11-06,7.9669880867004395,0.0007703502247577987
2002-11-07,7.973125457763672,0.0010258446098692087
2002-11-08,7.98130464553833,0.004100427954125241
2002-11-11,8.014031410217285,0.011485459141689303
2002-11-12,8.10607624053955,-0.022205072873750398
2002-11-13,7.926080226898193,-0.005161712998794643
2002-11-14,7.885168075561523,0.0
2002-11-15,7.885168075561523,0.0051884945183944264
2002-11-18,7.926080226898193,0.0
2002-11-19,7.926080226898193,0.003870487622122054
2002-11-20,7.95675802230835,-0.005140912751727678
2002-11-21,7.915853023529053,0.010335860187496326
2002-11-22,7.9976701736450195,-0.0002557187939898897
2002-11-25,7.995625019073486,0.0015346455796476643
2002-11-26,8.007895469665527,0.0
2002-11-27,8.007895469665527,-0.001787686317560322
2002-11-28,7.993579864501953,-0.001791365083425256
2002-11-29,7.979260444641113,-0.0007688666036163028
2002-12-02,7.973125457763672,0.0010258446098692087
2002-12-03,7.98130464553833,0.0035880611606793344
2002-12-04,8.009942054748535,0.010469538576643345
2002-12-05,8.093802452087402,0.0022750176829955393
2002-12-06,8.112215995788574,-0.010085848388395657
2002-12-09,8.030397415161133,-0.032093709124964565
2002-12-10,7.772672176361084,-0.01052662575783836
2002-12-11,7.690852165222168,0.032181143818612146
2002-12-12,7.938352584838867,0.0453491761018725
2002-12-13,8.29835033416748,0.03278269336918638
2002-12-16,8.570392608642578,0.026491569549160765
2002-12-17,8.797435760498047,0.013020473116974074
2002-12-18,8.911982536315918,0.0009177207096369155
2002-12-19,8.920161247253418,0.011006720823412364
2002-12-20,9.018342971801758,-0.0031753037989649124
2002-12-23,8.989706993103027,-0.00591583777927307
2002-12-24,8.936525344848633,0.0
2002-12-25,8.936525344848633,-0.0020600544723479164
2002-12-26,8.918115615844727,0.002523065722686013
2002-12-27,8.940616607666016,-0.019903751670948266
2002-12-30,8.762664794921875,0.008636834590001197
2002-12-31,8.838346481323242,-0.002082938142650148
2003-01-01,8.819936752319336,0.01275478262449159
2003-01-02,8.932433128356934,-0.013281288785848444
2003-01-03,8.813798904418945,-0.0027848055245555114
2003-01-06,8.789254188537598,0.013032376355506914
2003-01-07,8.903799057006836,-0.012405007974242488
2003-01-08,8.793347358703613,-0.004652462726233875
2003-01-09,8.752436637878418,0.004440270027169513
2003-01-10,8.791299819946289,0.010702570721472071
2003-01-13,8.88538932800293,0.003913381616369005
2003-01-14,8.920161247253418,-0.0027516000216818437
2003-01-15,8.89561653137207,0.007588234222045465
2003-01-16,8.963118553161621,0.020994921429575486
2003-01-17,9.151298522949219,0.0008938255692680919
2003-01-20,9.159478187561035,0.010495908701930512
2003-01-21,9.255615234375,0.06143665426920952
2003-01-22,9.824249267578125,-0.016032271892793548
2003-01-23,9.666744232177734,0.005078570952207873
2003-01-24,9.715837478637695,0.0023158104688807413
2003-01-27,9.738337516784668,-0.02520499908582452
2003-01-28,9.49288272857666,-0.011419519512188558
2003-01-29,9.384478569030762,-0.010680119861724235
2003-01-30,9.28425121307373,0.044723280148220246
2003-01-31,9.69947338104248,0.004850434609048548
2003-02-03,9.746520042419434,0.00776499571867495
2003-02-04,9.8222017288208,0.0
2003-02-05,9.8222017288208,0.009579365638039405
2003-02-06,9.916292190551758,0.01815188056610184
2003-02-07,10.096291542053223,-0.0018235094144753994
2003-02-10,10.077880859375,-0.003044450568085444
2003-02-11,10.047199249267578,0.012622194514189111
2003-02-12,10.174016952514648,0.0
2003-02-13,10.174016952514648,-0.0018092973248607924
2003-02-14,10.155609130859375,0.0
2003-02-17,10.155609130859375,-0.008459349147632467
2003-02-18,10.06969928741455,0.022750499699540905
2003-02-19,10.298789978027344,-0.005561130112757939
2003-02-20,10.241517066955566,-0.000599217302080679
2003-02-21,10.235380172729492,-0.010391915303821775
2003-02-24,10.12901496887207,-0.008481277072437954
2003-02-25,10.043107986450195,0.012627526336150385
2003-02-26,10.169927597045898,-0.0010060069719058928
2003-02-27,10.159696578979492,0.006040055142044531
2003-02-28,10.221061706542969,-0.028016731420211327
2003-03-03,9.934700965881348,0.00020590769825057365
2003-03-04,9.936746597290039,-0.0072047099679311
2003-03-05,9.865155220031738,-0.0010366030200983367
2003-03-06,9.854928970336914,-0.012038253308949587
2003-03-07,9.736292839050293,0.009243780366477772
2003-03-10,9.826292991638184,-0.007493680615977993
2003-03-11,9.752657890319824,-0.0010485602806773464
2003-03-12,9.742431640625,0.004618684218769653
2003-03-13,9.787428855895996,0.0
2003-03-14,9.787428855895996,0.0008360240217568649
2003-03-17,9.795611381530762,0.0
2003-03-18,9.795611381530762,0.0056377667675320264
2003-03-19,9.850836753845215,0.01723438384463849
2003-03-20,10.020609855651855,-0.01000212136794254
2003-03-21,9.920382499694824,-0.027216642513296363
2003-03-24,9.650382995605469,-0.012717063471671564
2003-03-25,9.527658462524414,0.0210390417912103
2003-03-26,9.728111267089844,-0.04415477266970069
2003-03-27,9.298568725585938,0.03937517127755408
2003-03-28,9.664701461791992,-0.007195554368811918
2003-03-31,9.595158576965332,-0.0010659706102211786
2003-04-01,9.584930419921875,-0.00490839884232952
2003-04-02,9.537883758544922,0.014583155854559715
2003-04-03,9.676976203918457,0.011836549458487777
2003-04-04,9.791518211364746,0.027783754227438617
2003-04-07,10.063563346862793,-0.025813247797114802
2003-04-08,9.803790092468262,-0.021072140041764498
2003-04-09,9.597203254699707,0.004262576543487162
2003-04-10,9.63811206817627,0.017189883570563502
2003-04-11,9.803790092468262,0.0
2003-04-14,9.803790092468262,0.0058423043770639005
2003-04-15,9.861066818237305,0.010786088847685615
2003-04-16,9.967429161071777,0.014159353676425068
2003-04-17,10.108561515808105,0.0
2003-04-18,10.108561515808105,-0.008093611123821232
2003-04-21,10.02674674987793,-0.004488003678211339
2003-04-22,9.981746673583984,-0.0282789477405313
2003-04-23,9.69947338104248,0.011176686608063369
2003-04-24,9.807881355285645,0.019812512440067653
2003-04-25,10.00220012664795,-0.002249604240705194
2003-04-28,9.97969913482666,0.004509257179028614
2003-04-29,10.024700164794922,0.020450242873152336
2003-04-30,10.229707717895508,0.0
2003-05-01,10.229707717895508,0.022672273648769004
2003-05-02,10.461638450622559,-0.009501338353408273
2003-05-05,10.362238883972168,-0.010791217600140679
2003-05-06,10.250417709350586,-0.0068687803197925446
2003-05-07,10.180009841918945,-0.009560716300526684
2003-05-08,10.082681655883789,0.009447471912397365
2003-05-09,10.177937507629395,-0.009766179697593969
2003-05-12,10.078537940979004,0.005753344991674458
2003-05-13,10.136523246765137,-0.0026558684494136786
2003-05-14,10.109601974487305,0.020073512223642842
2003-05-15,10.31253719329834,0.008634871348989437
2003-05-16,10.40158462524414,-0.01055144050730683
2003-05-19,10.29183292388916,-0.01227370600686506
2003-05-20,10.16551399230957,0.005296213245993053
2003-05-21,10.219352722167969,-0.02289765885188999
2003-05-22,9.985353469848633,0.00788059522451956
2003-05-23,10.064043998718262,0.029629727899826763
2003-05-26,10.362238883972168,-0.019384580411841212
2003-05-27,10.161371231079102,-0.009781820127133134
2003-05-28,10.06197452545166,0.016464334982979834
2003-05-29,10.227638244628906,-0.00749138231347124
2003-05-30,10.151019096374512,-0.00652802041315792
2003-06-02,10.084753036499023,0.024024670366717293
2003-06-03,10.327035903930664,0.010226729347117214
2003-06-04,10.432647705078125,0.0007938260734752234
2003-06-05,10.440929412841797,0.02895678413110292
2003-06-06,10.743265151977539,0.008866564345018757
2003-06-09,10.838521003723145,-0.03458157065020517
2003-06-10,10.46370792388916,0.021571286091779385
2003-06-11,10.689423561096191,-0.02499055865043076
2003-06-12,10.42228889465332,0.0003977650490520901
2003-06-13,10.426434516906738,0.004369102495959565
2003-06-16,10.471988677978516,0.0003956040593493526
2003-06-17,10.476131439208984,-0.005139544579800481
2003-06-18,10.42228889465332,-0.009536936332520285
2003-06-19,10.322892189025879,-0.004212359611494021
2003-06-20,10.27940845489502,-0.020548132662246865
2003-06-23,10.068185806274414,-0.0078155710507406
2003-06-24,9.989497184753418,0.003109192040628761
2003-06-25,10.020556449890137,0.01177931755162942
2003-06-26,10.138591766357422,0.01429741313303512
2003-06-27,10.283547401428223,0.03926725580564594
2003-06-30,10.68735408782959,0.01220701944219349
2003-07-01,10.817814826965332,0.008422327856767664
2003-07-02,10.908926010131836,0.10041780467561479
2003-07-03,12.004376411437988,-0.045195706439268624
2003-07-04,11.461830139160156,0.0036130664137254964
2003-07-07,11.503242492675781,0.02394266501210751
2003-07-08,11.778660774230957,-0.005977740265201814
2003-07-09,11.708250999450684,0.005306267635123207
2003-07-10,11.770378112792969,0.019704287815334398
2003-07-11,12.002305030822754,-0.0163903541973357
2003-07-14,11.805583000183105,-0.028591690913948087
2003-07-15,11.46804141998291,0.02275188599059308
2003-07-16,11.728960990905762,-0.03689989524915094
2003-07-17,11.296163558959961,0.014115627621912097
2003-07-18,11.455615997314453,0.001265309167002071
2003-07-21,11.470110893249512,-0.02599730961681035
2003-07-22,11.171918869018555,-0.05134385228150229
2003-07-23,10.598309516906738,0.010160141159113234
2003-07-24,10.705989837646484,0.02456493133288995
2003-07-25,10.968981742858887,0.005474616127842724
2003-07-28,11.029032707214355,-0.0028160503542696835
2003-07-29,10.997974395751953,0.02146448573786186
2003-07-30,11.234040260314941,-0.0217509801782636
2003-07-31,10.989688873291016,0.00395686250143612
2003-08-01,11.033173561096191,0.009947687469082478
2003-08-04,11.142928123474121,0.039397538917275154
2003-08-05,11.581932067871094,-0.010906303871963452
2003-08-06,11.455615997314453,-0.01644968516703682
2003-08-07,11.26717472076416,0.011762506190492017
2003-08-08,11.399704933166504,-0.0016349245243446608
2003-08-11,11.381067276000977,-0.005276475094424193
2003-08-12,11.321015357971191,-0.003109609218137188
2003-08-13,11.285811424255371,-0.01908242423904416
2003-08-14,11.070450782775879,0.0
2003-08-15,11.070450782775879,0.03965555754552663
2003-08-18,11.509455680847168,0.012234786663074981
2003-08-19,11.65027141571045,0.011909109178430688
2003-08-20,11.789015769958496,0.011241757693271293
2003-08-21,11.921545028686523,0.0039950735345997135
2003-08-22,11.969172477722168,-0.02768141442308636
2003-08-25,11.637848854064941,-0.006583781639015296
2003-08-26,11.561227798461914,0.014687499432888051
2003-08-27,11.731033325195312,-0.008473296219457471
2003-08-28,11.631632804870605,-0.018337246839316812
2003-08-29,11.418340682983398,0.009974694725581656
2003-09-01,11.532235145568848,0.012569687221545722
2003-09-02,11.677191734313965,-0.0056749917901398605
2003-09-03,11.610923767089844,0.0
2003-09-04,11.610923767089844,-0.0023183694764391527
2003-09-05,11.584005355834961,-0.00482657443867518
2003-09-08,11.528094291687012,0.006286935653899706
2003-09-09,11.600570678710938,-0.010710222228068167
2003-09-10,11.476325988769531,0.005052103242533468
2003-09-11,11.534305572509766,0.003052106907911689
2003-09-12,11.569509506225586,-0.013244929938647343
2003-09-15,11.416272163391113,0.006530040651320013
2003-09-16,11.49082088470459,-0.014416965259935743
2003-09-17,11.32515811920166,-0.03071857872258943
2003-09-18,10.977265357971191,0.025277970186691423
2003-09-19,11.254748344421387,-0.026126769579930764
2003-09-22,10.960698127746582,0.008312708684539594
2003-09-23,11.051811218261719,0.02735621638525365
2003-09-24,11.354146957397461,-0.022979944204811087
2003-09-25,11.093229293823242,0.01344048629593253
2003-09-26,11.242327690124512,-0.006262833022364744
2003-09-29,11.171918869018555,0.019462455672858203
2003-09-30,11.389351844787598,0.030000081221837727
2003-10-01,11.731033325195312,0.0
2003-10-02,11.731033325195312,0.03954066700918957
2003-10-03,12.194886207580566,0.06571592909038793
2003-10-06,12.996284484863281,-0.013862243601070579
2003-10-07,12.816126823425293,0.0025850747428151077
2003-10-08,12.849257469177246,0.013054217922201294
2003-10-09,13.01699447631836,-0.02831696669164474
2003-10-10,12.648392677307129,0.010641718894824681
2003-10-13,12.78299331665039,0.0035639520916983525
2003-10-14,12.828551292419434,0.0037124645333221906
2003-10-15,12.876176834106445,0.009167249928712318
2003-10-16,12.994215965270996,0.008764938894007201
2003-10-17,13.108109474182129,-0.005055421125397586
2003-10-20,13.041842460632324,-0.012067321357392857
2003-10-21,12.884462356567383,-0.03278689252630096
2003-10-22,12.462020874023438,-0.0038217313100962214
2003-10-23,12.41439437866211,0.027189302102195834
2003-10-24,12.751933097839355,-0.022409893495588418
2003-10-27,12.466163635253906,0.0362126024731253
2003-10-28,12.917595863342285,0.015389572052023848
2003-10-29,13.116392135620117,0.0028418150564066824
2003-10-30,13.153666496276855,-0.004880291408035031
2003-10-31,13.089472770690918,0.010915894267428783
2003-11-03,13.232356071472168,-0.030203534654916098
2003-11-04,12.83269214630127,-0.0014523575375334774
2003-11-05,12.814054489135742,-0.005009708622253806
2003-11-06,12.749859809875488,-0.008445608214165734
2003-11-07,12.642179489135742,0.011957346122435819
2003-11-10,12.793346405029297,-0.007607570029391386
2003-11-11,12.696020126342773,-0.024792112699247082
2003-11-12,12.381258964538574,0.0015055430341830434
2003-11-13,12.39989948272705,-0.006513110013300016
2003-11-14,12.319137573242188,0.02235655796082736
2003-11-17,12.594551086425781,-0.004110448735849981
2003-11-18,12.542781829833984,-0.01040110826745011
2003-11-19,12.412322998046875,-0.004504557110789342
2003-11-20,12.35641098022461,0.015417968058992981
2003-11-21,12.546921730041504,-0.0003299534576363117
2003-11-24,12.542781829833984,-0.0008254980588592309
2003-11-25,12.532427787780762,0.0
2003-11-26,12.532427787780762,-0.0031393625073746767
2003-11-27,12.493083953857422,0.0031492491420577196
2003-11-28,12.532427787780762,0.028585739068181182
2003-12-01,12.890676498413086,0.021847317430520485
2003-12-02,13.172303199768066,0.034113850830438386
2003-12-03,13.621661186218262,0.0168747563158691
2003-12-04,13.851523399353027,-0.018388467662119767
2003-12-05,13.59681510925293,-0.004721372793462741
2003-12-08,13.53261947631836,0.017597558277037795
2003-12-09,13.770760536193848,0.02375930672745108
2003-12-10,14.097944259643555,0.029524177004492946
2003-12-11,14.514174461364746,0.03481224228713509
2003-12-12,15.019445419311523,-0.0248170839727907
2003-12-15,14.646706581115723,0.017390205939048053
2003-12-16,14.901415824890137,-0.0012507946264214143
2003-12-17,14.882777214050293,-0.01154864789026433
2003-12-18,14.710901260375977,0.008727432981418204
2003-12-19,14.839289665222168,0.003349073783028622
2003-12-22,14.88898754119873,-0.019610901321943985
2003-12-23,14.597001075744629,0.021563674268990862
2003-12-24,14.911766052246094,0.0
2003-12-25,14.911766052246094,-0.004027022048948226
2003-12-26,14.851716041564941,0.059118535597768807
2003-12-29,15.729727745056152,-0.03093705125224211
2003-12-30,15.243096351623535,-0.008015368305341553
2003-12-31,15.120917320251465,0.0042452330687194895
2004-01-01,15.18510913848877,-0.010363981929995547
2004-01-02,15.027730941772461,0.006476635766676342
2004-01-05,15.125060081481934,-0.010131480427685746
2004-01-06,14.971820831298828,-0.0016597775208909704
2004-01-07,14.94697093963623,0.002077836232739827
2004-01-08,14.978028297424316,0.018803100881017
2004-01-09,15.259661674499512,-0.009634761512075984
2004-01-12,15.112638473510742,0.0
2004-01-13,15.112638473510742,0.0078099925852304075
2004-01-14,15.230668067932129,0.04704282198073417
2004-01-15,15.947161674499512,-0.008829845044893814
2004-01-16,15.806350708007812,-0.03091824864729198
2004-01-19,15.317646026611328,0.0
2004-01-20,15.317646026611328,-0.0018928239049924578
2004-01-21,15.288652420043945,-0.006365978484358825
2004-01-22,15.191325187683105,-0.005316192046346924
2004-01-23,15.110565185546875,0.0
2004-01-26,15.110565185546875,0.002055403691458846
2004-01-27,15.141623497009277,-0.0147701636245261
2004-01-28,14.91797924041748,-0.01166018385009937
2004-01-29,14.744032859802246,-0.03103930023332757
2004-01-30,14.286388397216797,0.0
2004-02-02,14.286388397216797,-0.023916441549751366
2004-02-03,13.944708824157715,0.03935252197583017
2004-02-04,14.493468284606934,0.019431350005326475
2004-02-05,14.77509593963623,-0.005606277647097091
2004-02-06,14.692262649536133,0.02677945163279083
2004-02-09,15.085713386535645,0.023610367520545683
2004-02-10,15.441892623901367,0.004559474377405337
2004-02-11,15.512299537658691,0.0
2004-02-12,15.512299537658691,0.0006674115822591364
2004-02-13,15.522652626037598,0.009071259675114351
2004-02-16,15.66346263885498,0.006610193133589348
2004-02-17,15.767001152038574,-0.0035461415448071465
2004-02-18,15.711089134216309,-0.01199385393138186
2004-02-19,15.522652626037598,-0.026413923084196322
2004-02-20,15.112638473510742,0.006302806569170372
2004-02-23,15.207890510559082,0.011846265439548365
2004-02-24,15.388047218322754,-0.01709035156375649
2004-02-25,15.125060081481934,0.010542015886101819
2004-02-26,15.28450870513916,0.01517429777271051
2004-02-27,15.516440391540527,0.010409419891018956
2004-03-01,15.677957534790039,0.0
2004-03-02,15.677957534790039,0.03553069947863463
2004-03-03,16.23500633239746,-0.022449020591250868
2004-03-04,15.870546340942383,-0.001957578998110332
2004-03-05,15.839478492736816,-0.006667209749088077
2004-03-08,15.73387336730957,-0.012766634246893727
2004-03-09,15.533004760742188,0.008665521905830254
2004-03-10,15.667606353759766,-0.006080039560096062
2004-03-11,15.572346687316895,-0.024334872598329227
2004-03-12,15.193395614624023,-0.0140385389133304
2004-03-15,14.9801025390625,-0.00649697321886944
2004-03-16,14.882777214050293,-0.00013937194707347444
2004-03-17,14.88070297241211,-0.010993268966775993
2004-03-18,14.71711540222168,-0.004502847133238785
2004-03-19,14.650846481323242,-0.042120091448502706
2004-03-22,14.033751487731934,0.018149761594187908
2004-03-23,14.288460731506348,0.03666635363556914
2004-03-24,14.812366485595703,0.014679409308280045
2004-03-25,15.029803276062012,0.03086277690626149
2004-03-26,15.493664741516113,0.010558290710768636
2004-03-29,15.657251358032227,-0.02354173983412411
2004-03-30,15.288652420043945,0.026005541404778176
2004-03-31,15.68624210357666,0.01478561475690654
2004-04-01,15.918172836303711,0.011837822727301495
2004-04-02,16.106609344482422,-0.005656935127731577
2004-04-05,16.01549530029297,-0.011895342140251675
2004-04-06,15.82498550415039,-0.003533208386315323
2004-04-07,15.769072532653809,-0.0006566648549619636
2004-04-08,15.75871753692627,0.0
2004-04-09,15.75871753692627,-0.0134033614793031
2004-04-12,15.547497749328613,0.019046438410050603
2004-04-13,15.843622207641602,0.0
2004-04-14,15.843622207641602,-0.0040521290185262515
2004-04-15,15.77942180633545,-0.006561435103982993
2004-04-16,15.675886154174805,-0.00039598821173081333
2004-04-19,15.669678688049316,-0.009382838342680944
2004-04-20,15.522652626037598,-0.004936448653137582
2004-04-21,15.446025848388672,0.005899113453589289
2004-04-22,15.53714370727539,0.012528391451052112
2004-04-23,15.731799125671387,0.0
2004-04-26,15.731799125671387,0.002501275007066761
2004-04-27,15.771148681640625,-0.0024950342402798587
2004-04-28,15.731799125671387,0.004607059886746923
2004-04-29,15.804276466369629,-0.009302868666608122
2004-04-30,15.657251358032227,-0.0007935281046482778
2004-05-03,15.644826889038086,-0.003573529438657852
2004-05-04,15.588919639587402,0.016206062253004028
2004-05-05,15.841554641723633,0.01015828356432591
2004-05-06,16.002477645874023,-0.019459393292440508
2004-05-07,15.691079139709473,0.017048323894389705
2004-05-10,15.958585739135742,-0.025798758081701734
2004-05-11,15.546874046325684,-0.012098518231938415
2004-05-12,15.358779907226562,0.003946451403950002
2004-05-13,15.419392585754395,-0.0440503562348914
2004-05-14,14.74016284942627,-0.20643676468333283
2004-05-17,11.697251319885254,0.2581739106826595
2004-05-18,14.71717643737793,0.0029821000127137065
2004-05-19,14.761064529418945,0.0035396467963957345
2004-05-20,14.813313484191895,0.022290900885443943
2004-05-21,15.143515586853027,0.018217500244188445
2004-05-24,15.419392585754395,0.0010839659199530782
2004-05-25,15.43610668182373,-0.00027091428970016374
2004-05-26,15.431924819946289,0.013001291718356178
2004-05-27,15.632559776306152,-0.013636102698602826
2004-05-28,15.419392585754395,-0.04784522653904333
2004-05-31,14.681648254394531,0.0005696719884553669
2004-06-01,14.690011978149414,0.015364725920457234
2004-06-02,14.915719985961914,-0.016813780532888623
2004-06-03,14.66493034362793,0.014535977526344945
2004-06-04,14.87809944152832,0.009271116424792503
2004-06-07,15.016036033630371,0.014474780182598623
2004-06-08,15.233389854431152,0.016051030443362313
2004-06-09,15.477901458740234,0.02349499277746392
2004-06-10,15.841554641723633,-0.05013203842207914
2004-06-11,15.047385215759277,0.0020832373419563677
2004-06-14,15.07873249053955,0.012335625190173838
2004-06-15,15.264738082885742,0.009446879397894792
2004-06-16,15.408942222595215,0.017360415912241578
2004-06-17,15.676447868347168,-0.00039980661818661556
2004-06-18,15.670180320739746,0.007335235182691635
2004-06-21,15.785124778747559,-0.004898469982575371
2004-06-22,15.707801818847656,-0.028872204572157445
2004-06-23,15.25428295135498,0.04493770816694309
2004-06-24,15.939775466918945,-0.036580327013187586
2004-06-25,15.356693267822266,0.0028579750177921692
2004-06-28,15.400582313537598,0.0029854450651418674
2004-06-29,15.44655990600586,0.0004056951173101453
2004-06-30,15.452826499938965,0.005139271771719356
2004-07-01,15.532242774963379,-0.019106405414417882
2004-07-02,15.235477447509766,-0.008093239446564482
2004-07-05,15.112173080444336,0.014797180559049217
2004-07-06,15.335790634155273,0.009266612199859914
2004-07-07,15.477901458740234,-0.016337707110322564
2004-07-08,15.225028038024902,0.012354021544794147
2004-07-09,15.413118362426758,-0.0012202829061518372
2004-07-12,15.394309997558594,-0.008145406571534952
2004-07-13,15.268917083740234,-0.0009584263445138186
2004-07-14,15.25428295135498,0.0
2004-07-15,15.25428295135498,0.0031516807307157
2004-07-16,15.302359580993652,0.0005459410993122749
2004-07-19,15.310713768005371,0.010237724164525952
2004-07-20,15.467460632324219,0.0004052085701982122
2004-07-21,15.47372817993164,-0.001891172964824217
2004-07-22,15.444464683532715,0.0002710146748672315
2004-07-23,15.448650360107422,0.013393041236158698
2004-07-26,15.65555477142334,-0.0021360816698839935
2004-07-27,15.622113227844238,-0.004414878163830682
2004-07-28,15.553143501281738,0.009809209871593838
2004-07-29,15.705707550048828,-0.001463752778919969
2004-07-30,15.682718276977539,-0.008795208519894904
2004-08-02,15.544785499572754,-0.01855325517860884
2004-08-03,15.256379127502441,0.00041050233371242584
2004-08-04,15.262641906738281,0.0186227352593471
2004-08-05,15.546874046325684,-0.011695134099153903
2004-08-06,15.36505126953125,0.005712654573549747
2004-08-09,15.452826499938965,0.011901838514396523
2004-08-10,15.636743545532227,0.00080146062096631
2004-08-11,15.649275779724121,-0.0096152492572118
2004-08-12,15.498804092407227,-0.015641527143603784
2004-08-13,15.256379127502441,-0.008356319776254617
2004-08-16,15.128891944885254,0.004696732994435848
2004-08-17,15.19994831085205,-0.005912173449353242
2004-08-18,15.11008358001709,-0.0005532668971250931
2004-08-19,15.101723670959473,-0.012178104558137615
2004-08-20,14.917813301086426,0.020453559065929605
2004-08-23,15.222935676574707,0.02896756472473916
2004-08-24,15.663907051086426,0.0
2004-08-25,15.663907051086426,0.012541707516994016
2004-08-26,15.860359191894531,-0.026222262896439363
2004-08-27,15.444464683532715,0.0047362423312078406
2004-08-30,15.517613410949707,-0.009696770351064532
2004-08-31,15.367142677307129,0.0024479295989223715
2004-09-01,15.404760360717773,0.006376438101952431
2004-09-02,15.5029878616333,-0.001887357583119309
2004-09-03,15.47372817993164,0.018773427802615483
2004-09-06,15.764223098754883,0.012329351035142988
2004-09-07,15.958585739135742,0.03208490126863062
2004-09-08,16.47061538696289,-0.030833854254363358
2004-09-09,15.962762832641602,0.020162538676569808
2004-09-10,16.28461265563965,-0.003079940598468389
2004-09-13,16.23445701599121,0.007466459324415364
2004-09-14,16.355670928955078,0.009839206202343131
2004-09-15,16.516597747802734,0.0007588238242273171
2004-09-16,16.529130935668945,0.01883954869735538
2004-09-17,16.840532302856445,0.005336216766718138
2004-09-20,16.930397033691406,0.0028392128163612362
2004-09-21,16.978466033935547,0.014770817760300758
2004-09-22,17.229251861572266,-0.004366501385461685
2004-09-23,17.154020309448242,-0.014010890131667342
2004-09-24,16.913677215576172,-0.01532155462367768
2004-09-27,16.65453338623047,0.016689624969593808
2004-09-28,16.932491302490234,-0.0024685998381076546
2004-09-29,16.89069175720215,-0.005196945160157118
2004-09-30,16.80291175842285,0.021766682009838112
2004-10-01,17.168655395507812,0.013024423084614156
2004-10-04,17.39226722717285,0.00036069303509322914
2004-10-05,17.398540496826172,-0.009970459926642028
2004-10-06,17.225069046020508,-0.004731755882056876
2004-10-07,17.143564224243164,-0.0009750599816537031
2004-10-08,17.126848220825195,-0.002074303174565917
2004-10-11,17.09132194519043,-0.013695467188942878
2004-10-12,16.857248306274414,0.0
2004-10-13,16.857248306274414,-0.007438742447007263
2004-10-14,16.73185157775879,0.014739220882438175
2004-10-15,16.978466033935547,0.006770014309777306
2004-10-18,17.09341049194336,0.014060681531867791
2004-10-19,17.333755493164062,-0.009163633322623044
2004-10-20,17.174915313720703,-0.01752248461397854
2004-10-21,16.87396812438965,0.0
2004-10-22,16.87396812438965,0.014986403587549324
2004-10-25,17.126848220825195,-0.0018304116276798288
2004-10-26,17.09549903869629,0.02029339621431081
2004-10-27,17.442424774169922,-0.003234934095175279
2004-10-28,17.38599967956543,-0.0020434938248132806
2004-10-29,17.35047149658203,0.015418213574148965
2004-11-01,17.617984771728516,-0.0017799265510997087
2004-11-02,17.586626052856445,0.01711260081794208
2004-11-03,17.8875789642334,-0.0067764292309338
2004-11-04,17.76636505126953,0.017644705804550576
2004-11-05,18.07984733581543,0.045312783025551084
2004-11-08,18.89909553527832,0.011169019461841456
2004-11-09,19.110179901123047,0.03543283431334787
2004-11-10,19.787307739257812,-0.01182909835970758
2004-11-11,19.553241729736328,0.00032073261259535357
2004-11-12,19.559513092041016,0.0
2004-11-15,19.559513092041016,0.03440519373430129
2004-11-16,20.23246192932129,-0.002788745504771706
2004-11-17,20.17603874206543,-0.009426496648013316
2004-11-18,19.985849380493164,0.009829704912256654
2004-11-19,20.18230438232422,0.0007247664284486532
2004-11-22,20.196931838989258,0.008485307737485126
2004-11-23,20.368309020996094,-0.007593038957341869
2004-11-24,20.213651657104492,0.03205135040138152
2004-11-25,20.861526489257812,0.0
2004-11-26,20.861526489257812,-0.0004008247627782513
2004-11-29,20.853164672851562,-0.004409651310922524
2004-11-30,20.76120948791504,-0.025468051796381674
2004-12-01,20.23246192932129,0.00898663858878268
2004-12-02,20.414283752441406,-0.01156810393831087
2004-12-03,20.178129196166992,-0.012739680150136823
2004-12-06,19.921066284179688,0.009232049861092717
2004-12-07,20.104978561401367,-0.019958354200663497
2004-12-08,19.703716278076172,0.012091567992091656
2004-12-09,19.941965103149414,-0.021379232971345807
2004-12-10,19.515621185302734,0.013600336050155759
2004-12-13,19.78104019165039,0.0040148638091626054
2004-12-14,19.860458374023438,-0.0021047576974050353
2004-12-15,19.81865692138672,0.01613426026621534
2004-12-16,20.138416290283203,-0.00010370958286021192
2004-12-17,20.136327743530273,0.02221064511683224
2004-12-20,20.583568572998047,0.007615006248310019
2004-12-21,20.740312576293945,-0.006046038508549456
2004-12-22,20.61491584777832,0.0018246410834488191
2004-12-23,20.652530670166016,0.016899624062858498
2004-12-24,21.001550674438477,0.004876276251239542
2004-12-27,21.103960037231445,0.027331876850334558
2004-12-28,21.680770874023438,-0.006940285219418252
2004-12-29,21.53030014038086,0.017763431471681912
2004-12-30,21.912752151489258,-0.007439292174420298
2004-12-31,21.749736785888672,0.009416891473443378
2005-01-03,21.954551696777344,-0.011042258082788359
2005-01-04,21.71212387084961,-0.03734734577682641
2005-01-05,20.901233673095703,-0.029797050007729364
2005-01-06,20.278438568115234,0.010512294222339014
2005-01-07,20.49161148071289,-0.0010200580704288198
2005-01-10,20.4707088470459,-0.012965608256828465
2005-01-11,20.205293655395508,-0.005068347789985661
2005-01-12,20.102886199951172,0.037321928077283406
2005-01-13,20.853164672851562,0.03217076201145441
2005-01-14,21.52402687072754,0.00990395123914145
2005-01-17,21.737199783325195,-0.012498691490312908
2005-01-18,21.465513229370117,0.010417437681217168
2005-01-19,21.689128875732422,-0.014549811587894146
2005-01-20,21.37355613708496,-0.03911207837943209
2005-01-24,20.5375919342041,0.05952972121119138
2005-01-25,21.760189056396484,0.032750539373522125
2005-01-27,22.47284698486328,0.00409183513768685
2005-01-28,22.564802169799805,0.0458462502076209
2005-01-31,23.599313735961914,-0.007881700858097473
2005-02-01,23.413311004638672,-0.00276701589319317
2005-02-02,23.348526000976562,0.026673851058281794
2005-02-03,23.97132110595703,-0.011072356219937296
2005-02-04,23.705902099609375,-0.009521495375227729
2005-02-07,23.480186462402344,0.015487417935108327
2005-02-08,23.843833923339844,0.030940555646747914
2005-02-09,24.581575393676758,-0.014623413958522846
2005-02-10,24.222108840942383,-0.00776535134326839
2005-02-11,24.034015655517578,-0.011043552500780485
2005-02-14,23.76859474182129,-0.01081507342281951
2005-02-15,23.51153564453125,-0.0008884694960969997
2005-02-16,23.490646362304688,-0.006583947338164808
2005-02-17,23.33598518371582,0.010567826450780471
2005-02-18,23.582595825195312,-0.006557871872632237
2005-02-21,23.42794418334961,0.00017845817671435782
2005-02-22,23.432125091552734,-0.0044594373937643095
2005-02-23,23.3276309967041,0.032072793712256464
2005-02-24,24.07581329345703,-0.010156417110181226
2005-02-25,23.831289291381836,0.030079893815330383
2005-02-28,24.548131942749023,-0.016601178636908798
2005-03-01,24.14060401916504,-0.0013853609835604574
2005-03-02,24.107160568237305,-0.0011269794237641628
2005-03-03,24.079992294311523,0.01701105224925037
2005-03-04,24.4896183013916,0.026028510360865287
2005-03-07,25.127046585083008,0.021708224250100994
2005-03-08,25.672510147094727,0.01619988247958415
2005-03-09,26.088401794433594,-0.014018957384779318
2005-03-10,25.72266960144043,-0.009262360534972092
2005-03-11,25.484416961669922,-0.011480877354040908
2005-03-14,25.19183349609375,-0.014601171309991945
2005-03-15,24.824003219604492,0.00042097815838681996
2005-03-16,24.834453582763672,-0.0366067694048865
2005-03-17,23.925344467163086,-0.011355915218796642
2005-03-18,23.653650283813477,-0.011839541339332738
2005-03-21,23.37360191345215,-0.013322454063605549
2005-03-22,23.06220817565918,-0.03642968268181612
2005-03-23,22.22205924987793,-0.022947260345871023
2005-03-24,21.71212387084961,0.02598888241357633
2005-03-28,22.276397705078125,0.007505620224863785
2005-03-29,22.44359588623047,-0.006890850170665042
2005-03-30,22.2889404296875,0.02175345101894388
2005-03-31,22.773801803588867,0.01229695299786071
2005-04-01,23.053850173950195,0.0011783874004631656
2005-04-04,23.081016540527344,-0.022184098966209653
2005-04-05,22.568984985351562,0.02481718377830555
2005-04-06,23.12908363342285,0.017710347120692527
2005-04-07,23.538707733154297,-0.02929950437004525
2005-04-08,22.849035263061523,0.0190251242228896
2005-04-11,23.283740997314453,0.002602932355870502
2005-04-12,23.34434700012207,0.005281979704327755
2005-04-13,23.4676513671875,-0.04078737249475939
2005-04-15,22.510467529296875,-0.03379453325072568
2005-04-18,21.749736785888672,0.02104361558400747
2005-04-19,22.207429885864258,0.017786688738701484
2005-04-20,22.602426528930664,0.00924644104592165
2005-04-21,22.811418533325195,-0.010169691631591427
2005-04-22,22.57943344116211,-0.00037015993916600376
2005-04-25,22.571075439453125,-0.0024998850744109014
2005-04-26,22.514650344848633,-0.002227858464485477
2005-04-27,22.46449089050293,0.004465326180139728
2005-04-28,22.564802169799805,-0.008983762670159323
2005-04-29,22.362085342407227,0.008878579324955282
2005-05-02,22.56062889099121,0.0010186614827008
2005-05-03,22.58361053466797,-0.002128321575201153
2005-05-04,22.535545349121094,0.013725552927283946
2005-05-05,22.844858169555664,-0.010246061607451118
2005-05-06,22.610788345336914,-0.001294269338436238
2005-05-09,22.581523895263672,0.0009256520403113644
2005-05-10,22.602426528930664,-0.010633424080189191
2005-05-11,22.362085342407227,-0.010560830175399105
2005-05-12,22.12592315673828,0.0068951332183253555
2005-05-13,22.278484344482422,0.012382856597863423
2005-05-16,22.55435562133789,-0.005188846862970942
2005-05-17,22.43732452392578,-0.003446643125160409
2005-05-18,22.3599910736084,0.015235422446755686
2005-05-19,22.700654983520508,-0.010035305096817826
2005-05-20,22.47284698486328,0.022877390758500704
2005-05-23,22.986967086791992,-0.006273341447756597
2005-05-24,22.842761993408203,-0.011436362127308364
2005-05-25,22.581523895263672,0.0041065198371987854
2005-05-26,22.67425537109375,0.005018994199114335
2005-05-27,22.788057327270508,-0.0008322239664264597
2005-05-30,22.769092559814453,-0.0012032607663106099
2005-05-31,22.741695404052734,-0.006672454822942653
2005-06-01,22.58995246887207,0.0070904715872424084
2005-06-02,22.750125885009766,0.011208776136190757
2005-06-03,23.005126953125,0.013649593012766692
2005-06-06,23.319137573242188,0.06344344453074546
2005-06-07,24.798583984375,-0.004249323160226415
2005-06-08,24.693206787109375,-0.011521624006515463
2005-06-09,24.408700942993164,-0.004834968054312605
2005-06-10,24.290685653686523,0.010411128425170446
2005-06-13,24.5435791015625,0.01923405707720538
2005-06-14,25.01565170288086,-0.003959694423489424
2005-06-15,24.916597366333008,0.007274099314937166
2005-06-16,25.097843170166016,0.0028549611057431257
2005-06-17,25.169496536254883,0.002428223868251589
2005-06-20,25.230613708496094,0.006682361528950409
2005-06-21,25.399213790893555,-0.020826563850884883
2005-06-22,24.870235443115234,-0.016100262854234715
2005-06-23,24.469818115234375,0.003272604314895844
2005-06-24,24.549898147583008,0.029530540896016255
2005-06-27,25.274869918823242,-0.016092596423101124
2005-06-28,24.868131637573242,0.019660742550484667
2005-06-29,25.357057571411133,0.05726418211696793
2005-06-30,26.80910873413086,-0.028299776588761816
2005-07-01,26.050416946411133,0.022490245770201867
2005-07-04,26.63629722595215,0.0018197518369196253
2005-07-05,26.684768676757812,0.02124462421082196
2005-07-06,27.251676559448242,-0.009280132522129003
2005-07-07,26.998777389526367,0.017563025714696368
2005-07-08,27.472957611083984,0.018640572706731362
2005-07-11,27.985069274902344,-0.008886034821141142
2005-07-12,27.736392974853516,-0.023098286340026197
2005-07-13,27.09572982788086,0.0036551544611609366
2005-07-14,27.19476890563965,-0.022628521988280026
2005-07-15,26.579391479492188,-0.004519400289452857
2005-07-18,26.45926856994629,0.019115823595506454
2005-07-19,26.965059280395508,0.0025793181899687045
2005-07-20,27.034610748291016,0.00031162863743716684
2005-07-21,27.04303550720215,0.010754221633436645
2005-07-22,27.3338623046875,0.04032394247473414
2005-07-25,28.436071395874023,0.005335948005093183
2005-07-26,28.587804794311523,0.03973467737345859
2005-07-27,29.723731994628906,0.0
2005-07-28,29.723731994628906,-0.008153725831626657
2005-07-29,29.481372833251953,-0.03281140318812581
2005-08-01,28.514047622680664,-0.011086336713429845
2005-08-02,28.19793128967285,0.011584543309020479
2005-08-03,28.52459144592285,0.01145181165944642
2005-08-04,28.85124969482422,-0.015120619866082818
2005-08-05,28.415000915527344,-0.024327135216816842
2005-08-08,27.723745346069336,-0.005245256919620189
2005-08-09,27.578327178955078,0.009094067868936406
2005-08-10,27.829126358032227,0.0013628752507544029
2005-08-11,27.867053985595703,-0.0014368569375625695
2005-08-12,27.82701301574707,-0.019691050380588715
2005-08-16,27.279069900512695,0.013751837231610109
2005-08-17,27.654207229614258,0.010516547991074265
2005-08-18,27.94503402709961,-0.006259399371220664
2005-08-19,27.77011489868164,-0.0018971068999579233
2005-08-22,27.717432022094727,-0.013686150285609266
2005-08-23,27.33808708190918,0.004625120813594785
2005-08-24,27.464529037475586,-0.0032995995714520943
2005-08-25,27.3739070892334,-0.02271141948566635
2005-08-26,26.752206802368164,0.006459710387832773
2005-08-29,26.925018310546875,0.012210494072736555
2005-08-30,27.253786087036133,-0.009820536078768649
2005-08-31,26.98613929748535,-0.013120110394671314
2005-09-01,26.632078170776367,0.0070429601230519445
2005-09-02,26.81964683532715,0.006129198329106522
2005-09-05,26.98402976989746,0.003592461457413876
2005-09-06,27.080968856811523,0.02077808729216679
2005-09-08,27.643659591674805,0.030800154472026664
2005-09-09,28.495088577270508,0.001922671058920855
2005-09-12,28.549875259399414,0.014615765778435152
2005-09-13,28.967153549194336,0.0010186914170950967
2005-09-14,28.996662139892578,0.006250180067859379
2005-09-15,29.17789649963379,0.0001444669076322569
2005-09-16,29.182111740112305,0.023182020768726108
2005-09-19,29.858612060546875,0.03380878305245161
2005-09-20,30.86809539794922,-0.010582576175690028
2005-09-21,30.541431427001953,-0.045266181321025
2005-09-22,29.158937454223633,-0.031584319426864016
2005-09-23,28.237972259521484,0.013806845468674833
2005-09-26,28.627849578857422,0.004490700993614816
2005-09-27,28.75640869140625,0.020153694722431448
2005-09-28,29.335956573486328,0.0
2005-09-29,29.335956573486328,-0.01558877513005108
2005-09-30,28.878644943237305,-0.012406273490037867
2005-10-03,28.520368576049805,0.04913907260852035
2005-10-04,29.921833038330078,-0.010212423039818952
2005-10-05,29.61625862121582,-0.029317694104163516
2005-10-06,28.74797821044922,-0.005131559916190187
2005-10-07,28.60045623779297,0.014295083200421166
2005-10-10,29.009302139282227,0.002252119420386167
2005-10-11,29.074634552001953,-0.017251307804870275
2005-10-13,28.57305908203125,-0.027290121993160166
2005-10-14,27.793296813964844,-0.007582647231357931
2005-10-17,27.582550048828125,0.005119008104444989
2005-10-18,27.723745346069336,-0.015355315744294828
2005-10-19,27.298038482666016,-0.005790162320743475
2005-10-20,27.139978408813477,0.005823883551845821
2005-10-21,27.298038482666016,-0.018760016920026934
2005-10-24,26.785926818847656,-0.007631765210196262
2005-10-25,26.58150291442871,-0.000872250529065588
2005-10-26,26.558317184448242,-0.008728755612438133
2005-10-27,26.326496124267578,-0.02185396647285387
2005-10-28,25.751157760620117,-0.007038059264101726
2005-10-31,25.56991958618164,0.02315985034166035
2005-11-02,26.1621150970459,0.0
2005-11-04,26.1621150970459,0.007330450524380083
2005-11-07,26.35389518737793,0.020392007515941835
2005-11-08,26.89130401611328,-0.009561389248494256
2005-11-09,26.634185791015625,-0.0016614885837737958
2005-11-10,26.589933395385742,0.0068953802666607
2005-11-11,26.77328109741211,0.06383798143608521
2005-11-14,28.482433319091797,0.021013931696769905
2005-11-16,29.080961227416992,0.012899494510290266
2005-11-17,29.456090927124023,0.0007150592726055116
2005-11-18,29.477153778076172,-0.028168914747130902
2005-11-21,28.646814346313477,-0.0031633549126280913
2005-11-22,28.556194305419922,0.01771251971222987
2005-11-23,29.061996459960938,0.0023204262086613525
2005-11-24,29.129432678222656,0.009477670949041395
2005-11-25,29.4055118560791,-0.0027951689817906633
2005-11-28,29.323318481445312,-0.01552400879830862
2005-11-29,28.86810302734375,0.002920344627094451
2005-11-30,28.952407836914062,0.014339894857504198
2005-12-01,29.367582321166992,0.0027985192768156253
2005-12-02,29.44976806640625,-0.016173083698614477
2005-12-05,28.973474502563477,-0.00938306942291689
2005-12-06,28.701614379882812,0.019164652212213973
2005-12-07,29.251670837402344,-0.008285636039983557
2005-12-08,29.009302139282227,-0.0003631347782323546
2005-12-09,28.998767852783203,-0.0006541826052147703
2005-12-12,28.97979736328125,0.010544723623382213
2005-12-13,29.285381317138672,0.03425458451342944
2005-12-14,30.28853988647461,-0.02045659177837067
2005-12-15,29.6689395904541,-0.0043327355217774866
2005-12-16,29.54039192199707,0.015338392023127145
2005-12-19,29.993494033813477,0.03351601429778861
2005-12-20,30.998756408691406,-0.011557581227392366
2005-12-21,30.640485763549805,0.020909351394094777
2005-12-22,31.281158447265625,-0.029441348030918357
2005-12-23,30.360198974609375,-0.016521199827510435
2005-12-26,29.858612060546875,0.0
2005-12-27,29.858612060546875,-0.008116701434065732
2005-12-28,29.61625862121582,0.005407971393111666
2005-12-29,29.77642250061035,0.00325582149120196
2005-12-30,29.873369216918945,0.006631423111712831
2006-01-02,30.07147216796875,-0.00021019766953322971
2006-01-03,30.06515121459961,0.026286005822062863
2006-01-04,30.855443954467773,0.01017695403371377
2006-01-05,31.169458389282227,0.03982425897116548
2006-01-06,32.41075897216797,-0.005331976819047735
2006-01-09,32.237945556640625,-0.02157299079018493
2006-01-10,31.542476654052734,-0.0022715863286857374
2006-01-12,31.4708251953125,-0.022433577280079442
2006-01-13,30.764822006225586,0.01575566502560788
2006-01-16,31.249542236328125,0.010251187761539438
2006-01-17,31.569887161254883,-0.005741278863402255
2006-01-18,31.388635635375977,-0.02182067652142583
2006-01-19,30.70371437072754,-0.004530305749513186
2006-01-20,30.564617156982422,-0.007791552795310075
2006-01-23,30.32647132873535,-0.005003457589574212
2006-01-24,30.174734115600586,0.004190388635426867
2006-01-25,30.301177978515625,0.02531677122475484
2006-01-27,31.06830596923828,0.008750584759778857
2006-01-30,31.340171813964844,0.025418354606179028
2006-01-31,32.13678741455078,-0.031018345851238527
2006-02-01,31.139957427978516,0.0009473667833985733
2006-02-02,31.169458389282227,-0.010344777154841167
2006-02-03,30.847017288208008,0.017694672405466072
2006-02-06,31.392845153808594,0.03484183503968552
2006-02-07,32.486629486083984,-0.010768801721430132
2006-02-08,32.13678741455078,-0.0005246623346809587
2006-02-10,32.11992645263672,-0.020471147069742845
2006-02-13,31.46239471435547,0.0019430317235953343
2006-02-14,31.523527145385742,-0.005549206841702348
2006-02-15,31.348596572875977,0.02184872886102207
2006-02-16,32.03352355957031,-0.023223925607414486
2006-02-17,31.289579391479492,-0.027143295256355948
2006-02-20,30.440277099609375,0.0036001191016845624
2006-02-21,30.54986572265625,0.002552362100897154
2006-02-22,30.627840042114258,-0.0064680056911874395
2006-02-23,30.429738998413086,-0.01454392445957109
2006-02-24,29.987171173095703,0.023473096214621236
2006-02-27,30.691062927246094,0.012360110859789719
2006-02-28,31.07040786743164,0.013158691164714797
2006-03-01,31.4792537689209,0.015264119213327376
2006-03-02,31.95975685119629,0.0019125552775740573
2006-03-03,32.02088165283203,0.00052620405661985
2006-03-06,32.0377311706543,-0.0030915048034177994
2006-03-07,31.93868637084961,0.003035042552822942
2006-03-08,32.035621643066406,-0.0129595975015796
2006-03-09,31.620452880859375,-0.0015991459640067873
2006-03-10,31.569887161254883,0.02703581194284843
2006-03-13,32.423404693603516,-0.00942491300473991
2006-03-14,32.11781692504883,0.007349373649933488
2006-03-16,32.35386276245117,-0.004364388729133584
2006-03-17,32.2126579284668,0.0017011364396688489
2006-03-20,32.2674560546875,-0.014042254620084349
2006-03-21,31.814348220825195,0.003378141606645846
2006-03-22,31.92182159423828,-0.02033385300439261
2006-03-23,31.272727966308594,-0.009569456198726511
2006-03-24,30.973464965820312,0.004626758173032153
2006-03-27,31.116771697998047,0.006027466953534288
2006-03-28,31.3043270111084,0.00477995925418484
2006-03-29,31.453960418701172,0.04455623920391649
2006-03-30,32.855430603027344,-0.006735049729160614
2006-03-31,32.63414764404297,-0.0005165493335590465
2006-04-03,32.61729049682617,0.07624239116947029
2006-04-04,35.10411071777344,0.009785345714542704
2006-04-05,35.44761657714844,-0.027705173486232804
2006-04-07,34.46553421020508,0.009294479549543988
2006-04-10,34.78587341308594,-0.01975017184075112
2006-04-12,34.098846435546875,-0.006242554935736444
2006-04-13,33.885982513427734,0.013247090765548197
2006-04-17,34.33487319946289,0.024367933937443187
2006-04-18,35.17154312133789,0.016837185299927615
2006-04-19,35.76373291015625,0.0017680598955889248
2006-04-20,35.82696533203125,-0.0015881898979367426
2006-04-21,35.77006530761719,-0.03093151815075934
2006-04-24,34.66364288330078,0.002735926776074482
2006-04-25,34.758480072021484,0.015036666484849581
2006-04-26,35.281131744384766,-0.015351717753461891
2006-04-27,34.739505767822266,-0.008310975382773589
2006-04-28,34.45078659057617,0.04153650947335463
2006-05-02,35.881752014160156,0.013978885809827757
2006-05-03,36.383338928222656,0.023806747850681376
2006-05-04,37.249507904052734,-0.005770970743189663
2006-05-05,37.034542083740234,-0.00290233708332277
2006-05-08,36.92705535888672,-0.026766165926634167
2006-05-09,35.93865966796875,0.021579954960692538
2006-05-10,36.71421432495117,0.005718791518774413
2006-05-11,36.92417526245117,0.005513845774930859
2006-05-12,37.127769470214844,-0.0362729329684649
2006-05-15,35.781036376953125,0.00491951627031062
2006-05-16,35.957061767578125,-0.004010957860064335
2006-05-17,35.81283950805664,-0.029195725108357662
2006-05-18,34.76725769042969,-0.012200313626422932
2006-05-19,34.34308624267578,-0.02803694925397937
2006-05-22,33.380210876464844,-0.007306733320975867
2006-05-23,33.13631057739258,-0.016128963556605425
2006-05-24,32.60185623168945,-0.013595930253987087
2006-05-25,32.15860366821289,0.020840230671094417
2006-05-26,32.82879638671875,-0.012468811992555784
2006-05-29,32.41946029663086,-0.01857883805587457
2006-05-30,31.8171443939209,-0.0065323261964396195
2006-05-31,31.609304428100586,-0.008789745877764488
2006-06-01,31.331466674804688,0.03574081045555566
2006-06-02,32.45127868652344,-0.033527164041270985
2006-06-05,31.363279342651367,-0.02272116499571164
2006-06-06,30.65066909790039,-0.0025602096058825463
2006-06-07,30.57219696044922,-0.0389870978416379
2006-06-08,29.38027572631836,0.02894689245965565
2006-06-09,30.230743408203125,-0.02869394438325823
2006-06-12,29.363304138183594,-0.058649177502989924
2006-06-13,27.641170501708984,-0.019488979179728583
2006-06-14,27.10247230529785,0.09194770456752854
2006-06-15,29.594482421875,0.05274479970136703
2006-06-16,31.155437469482422,0.002450530542188689
2006-06-19,31.23178482055664,-0.037145247626637845
2006-06-20,30.071672439575195,0.00014118795903916848
2006-06-21,30.075918197631836,0.030886308813114827
2006-06-22,31.004852294921875,0.025241407939431193
2006-06-23,31.787458419799805,0.01627940313395415
2006-06-26,32.30493927001953,-0.026982376903898264
2006-06-27,31.43327522277832,-0.019432115930927307
2006-06-28,30.822460174560547,0.031239282849601313
2006-06-29,31.78533172607422,0.06218701746713462
2006-06-30,33.761966705322266,-0.021923175613753676
2006-07-03,33.02179718017578,0.011239228572029303
2006-07-04,33.39293670654297,0.025595292901631428
2006-07-05,34.24763870239258,-0.009164926914828841
2006-07-06,33.93376159667969,-0.025874787477578653
2006-07-07,33.05573272705078,-0.0008986352791724439
2006-07-10,33.02602767944336,-0.02189793331273482
2006-07-11,32.302825927734375,-0.00045973118538611413
2006-07-12,32.2879753112793,-0.019508514727911375
2006-07-13,31.658084869384766,-0.02284450240071756
2006-07-14,30.934871673583984,-0.029960326243980595
2006-07-17,30.008052825927734,0.003957830431615017
2006-07-18,30.126819610595703,-0.018374017814351662
2006-07-19,29.57326889038086,0.041953871386547936
2006-07-20,30.813982009887695,-0.022851057674148745
2006-07-21,30.10984992980957,0.027681588128086076
2006-07-24,30.94333839416504,0.050034515340695807
2006-07-25,32.491573333740234,0.019713011056920582
2006-07-26,33.132080078125,0.00902586140197048
2006-07-27,33.43112564086914,0.009325439773686384
2006-07-28,33.74288558959961,-0.0006284555019250293
2006-07-31,33.7216796875,-0.017421393096058613
2006-08-01,33.13420104980469,-0.001792208366356074
2006-08-02,33.0748176574707,0.02321274825223618
2006-08-03,33.84257507324219,0.0031959184943282093
2006-08-04,33.95073318481445,0.0038728172565760666
2006-08-07,34.082218170166016,0.01250776628754613
2006-08-08,34.50851058959961,-0.005777011980390934
2006-08-09,34.30915451049805,-0.004203497488697638
2006-08-10,34.16493606567383,0.006455911273314019
2006-08-11,34.385501861572266,-0.003947324775267824
2006-08-14,34.24977111816406,0.04792851087034489
2006-08-16,35.89131164550781,0.0029547146404622637
2006-08-17,35.99736022949219,-0.008896314435491548
2006-08-18,35.67711639404297,-0.004221098392287348
2006-08-21,35.526519775390625,0.025252591413523984
2006-08-22,36.42365646362305,-0.006696310514929249
2006-08-23,36.179752349853516,0.0004689853394634902
2006-08-24,36.196720123291016,-0.003925805635366375
2006-08-25,36.05461883544922,-0.005352800009987835
2006-08-28,35.86162567138672,0.0
2006-08-29,35.86162567138672,-0.006446078092440022
2006-08-30,35.63045883178711,0.01434513261924586
2006-08-31,36.14158248901367,0.028401995757153076
2006-09-01,37.16807556152344,0.004621800958763078
2006-09-04,37.33985900878906,-0.006361190059274158
2006-09-05,37.102333068847656,-0.01223299569387859
2006-09-06,36.648460388183594,-0.017650351705923106
2006-09-07,36.00160217285156,0.00053021932261621
2006-09-08,36.02069091796875,-0.03108823325081378
2006-09-11,34.90087127685547,0.02157272216340611
2006-09-12,35.653778076171875,0.039557589084338485
2006-09-13,37.06415557861328,-0.009499033876189222
2006-09-14,36.71208190917969,0.014327215339554167
2006-09-15,37.23806381225586,0.005866375188427142
2006-09-18,37.45651626586914,-0.002264996204807357
2006-09-19,37.37167739868164,-0.006072313083885561
2006-09-20,37.144744873046875,0.00885011736346697
2006-09-21,37.473480224609375,-0.008602783869777753
2006-09-22,37.15110397338867,0.0027973273063934823
2006-09-25,37.255027770996094,0.011784236664850178
2006-09-26,37.69404983520508,0.011928022605193656
2006-09-27,38.1436653137207,0.0331945779699101
2006-09-28,39.409828186035156,-0.004036182188644877
2006-09-29,39.250762939453125,-0.006051984614774519
2006-10-03,39.01321792602539,-0.03218249664787054
2006-10-04,37.75767517089844,0.045890926078819616
2006-10-05,39.49040985107422,0.0029539688958086785
2006-10-06,39.60706329345703,-0.004123279815740566
2006-10-09,39.44375228881836,0.008710783028494484
2006-10-10,39.78733825683594,0.0296907616213673
2006-10-11,40.96865463256836,-0.006936701227884923
2006-10-12,40.68446731567383,0.029817849453957157
2006-10-13,41.89759063720703,0.06180693025585793
2006-10-16,44.487152099609375,-0.03909213139382128
2006-10-17,42.74805450439453,-0.027733709698231634
2006-10-18,41.56249237060547,-0.01668600517761787
2006-10-19,40.868980407714844,-0.003477089497252006
2006-10-20,40.72687530517578,0.009738106045293238
2006-10-23,41.123477935791016,0.03125338291525637
2006-10-26,42.40872573852539,-0.0005001262458967926
2006-10-27,42.387516021728516,0.030070827573228875
2006-10-30,43.66214370727539,-0.024044168635589225
2006-10-31,42.61232376098633,-0.0056244245479077914
2006-11-01,42.37265396118164,0.011612536378922123
2006-11-02,42.864707946777344,-0.008906063919330243
2006-11-03,42.48295211791992,-0.0026456786694671885
2006-11-06,42.37055587768555,-0.0040548520520992115
2006-11-07,42.19874954223633,0.007790439271790683
2006-11-08,42.527496337890625,0.01516047967013523
2006-11-09,43.17223358154297,0.026232749703949843
2006-11-10,44.30475997924805,0.010818886181577225
2006-11-13,44.784088134765625,0.009329226533831614
2006-11-14,45.20188903808594,0.010134686942904425
2006-11-15,45.659996032714844,0.06307768732746766
2006-11-16,48.540122985839844,-0.015554557655773071
2006-11-17,47.78510284423828,-0.03555089027506153
2006-11-20,46.086299896240234,0.005430068601362192
2006-11-21,46.336551666259766,-0.013639504368581523
2006-11-22,45.70454406738281,0.03299301604217009
2006-11-23,47.21247482299805,-0.006334117805994244
2006-11-24,46.91342544555664,0.004475660536410908
2006-11-27,47.12339401245117,-0.02137808965592891
2006-11-28,46.11598587036133,0.0001377281831320687
2006-11-29,46.122337341308594,0.03168254857827013
2006-11-30,47.58361053466797,0.0016937157190319851
2006-12-01,47.66420364379883,-0.020779302890742923
2006-12-04,46.67377471923828,-0.01331390858380499
2006-12-05,46.052364349365234,0.001427559553230262
2006-12-06,46.118106842041016,0.017383557830976004
2006-12-07,46.919803619384766,-0.0183521690896844
2006-12-08,46.05872344970703,-0.04894799726155785
2006-12-11,43.80424118041992,-0.004405897090303479
2006-12-12,43.611244201660156,0.010650320413182701
2006-12-13,44.07571792602539,0.0063997590483448885
2006-12-14,44.357791900634766,0.010184183543199499
2006-12-15,44.809539794921875,0.009750010045501023
2006-12-18,45.24643325805664,-0.026202586425301377
2006-12-19,44.06085968017578,-0.01737636024723188
2006-12-20,43.29524230957031,-0.011168863574607335
2006-12-21,42.811683654785156,-0.0034676649179092855
2006-12-22,42.66322708129883,0.02490551380559336
2006-12-26,43.72577667236328,0.02798659972344475
2006-12-27,44.94951248168945,0.019203453717545615
2006-12-28,45.81269836425781,-0.011203191733494156
2006-12-29,45.2994499206543,0.0019195823419981828
2007-01-02,45.38640594482422,-0.004392502328586789
2007-01-03,45.18704605102539,-0.014315293900736936
2007-01-04,44.54018020629883,0.006523499904632857
2007-01-05,44.83073806762695,-0.030229893204700486
2007-01-08,43.47550964355469,-0.010780967081764015
2007-01-09,43.00680160522461,-0.015041012597597603
2007-01-10,42.35993576049805,-0.002503241281859081
2007-01-11,42.25389862060547,0.06570297796996671
2007-01-12,45.03010559082031,0.03051987856702576
2007-01-15,46.4044189453125,0.0019195800286733178
2007-01-16,46.49349594116211,-0.031885812846432215
2007-01-17,45.01101303100586,-9.415759336917073e-05
2007-01-18,45.00677490234375,0.006926871225713338
2007-01-19,45.31853103637695,-0.011325438988496694
2007-01-22,44.80527877807617,-0.022152436244379237
2007-01-23,43.8127326965332,0.024736259435475638
2007-01-24,44.8964958190918,0.007227418819412801
2007-01-25,45.22098159790039,-0.0034706074339091453
2007-01-29,45.06403732299805,0.015248533703674072
2007-01-31,45.751197814941406,0.023502422415258017
2007-02-01,46.82646179199219,0.001947736246419307
2007-02-02,46.917667388916016,-0.0024860996887191567
2007-02-05,46.801025390625,-0.012734207499334849
2007-02-06,46.20505142211914,0.011613244865149142
2007-02-07,46.741641998291016,0.0071236193529427005
2007-02-08,47.07461166381836,0.00360419946732371
2007-02-09,47.24427795410156,-0.015936546109248106
2007-02-12,46.49136734008789,-0.024953080767705527
2007-02-13,45.33126449584961,-0.04814261066289649
2007-02-14,43.14889907836914,0.024133637161315447
2007-02-15,44.19023895263672,-0.008207036373489851
2007-02-19,43.82756805419922,-0.0015969001667140992
2007-02-20,43.7575798034668,-0.015121891810910615
2007-02-21,43.095882415771484,-0.028248186495796745
2007-02-22,41.878501892089844,-0.02947450938669538
2007-02-23,40.6441535949707,-0.006731257733146978
2007-02-26,40.370567321777344,0.025374419984234953
2007-02-27,41.39494705200195,-0.04190993321898284
2007-02-28,39.66008758544922,0.04844914527308508
2007-03-01,41.58158493041992,-0.043557998940035314
2007-03-02,39.7703742980957,-0.010185635023137851
2007-03-05,39.36528778076172,-0.00010795228470250606
2007-03-06,39.36103820800781,-0.013362718132708395
2007-03-07,38.83506774902344,0.06400546934397333
2007-03-08,41.32072448730469,0.0028229372653938434
2007-03-09,41.43737030029297,-0.0274849625659076
2007-03-12,40.298465728759766,0.010630915313241562
2007-03-13,40.72687530517578,-0.028328805862252393
2007-03-14,39.5731315612793,-0.015595739251902274
2007-03-15,38.95595932006836,-0.016223937338469385
2007-03-16,38.32394027709961,0.02340900329282425
2007-03-19,39.221065521240234,0.03309359361272457
2007-03-20,40.5190315246582,0.010834865321115883
2007-03-21,40.95804977416992,0.06244824510447944
2007-03-22,43.51580810546875,-0.014377586915449991
2007-03-23,42.89015579223633,-0.03753162856385839
2007-03-26,41.280418395996094,-0.015156244830851096
2007-03-28,40.654762268066406,-0.025770633405777454
2007-03-29,39.60706329345703,0.021847382688639172
2007-03-30,40.472373962402344,-0.055337105392385566
2007-04-02,38.232749938964844,0.014256143635421381
2007-04-03,38.777801513671875,0.011868335706095356
2007-04-04,39.23802947998047,0.018972072174896937
2007-04-05,39.98245620727539,0.030288438465929435
2007-04-09,41.19346237182617,0.021418016507481097
2007-04-10,42.07574462890625,-0.012702286438757815
2007-04-11,41.54128646850586,-0.021442911848051582
2007-04-12,40.65052032470703,0.02384310111680521
2007-04-13,41.619754791259766,-0.0063696287449123146
2007-04-16,41.354652404785156,0.003179725177139714
2007-04-17,41.486148834228516,0.0024026823976619482
2007-04-18,41.5858268737793,0.0020909097163457346
2007-04-19,41.67277908325195,0.012367234823675632
2007-04-20,42.18815612792969,-0.007842307863412112
2007-04-23,41.857303619384766,0.027310380427100434
2007-04-24,43.00044250488281,0.017016036112568855
2007-04-25,43.732139587402344,0.003346092564643799
2007-04-26,43.87847137451172,-0.019188734810012265
2007-04-27,43.0364990234375,0.009412627107827198
2007-04-30,43.441585540771484,-0.019089123232089777
2007-05-03,42.61232376098633,0.0031355620776567505
2007-05-04,42.74593734741211,-0.0076408285828030165
2007-05-07,42.4193229675293,-0.008749753034427932
2007-05-08,42.04816436767578,0.0034299299788780324
2007-05-09,42.192386627197266,0.017191295749253488
2007-05-10,42.917728424072266,-0.018976101327703998
2007-05-11,42.10331726074219,0.003324595556164489
2007-05-14,42.24329376220703,0.0152125381056194
2007-05-15,42.885921478271484,0.0241331679221497
2007-05-16,43.920894622802734,0.01322366707403999
2007-05-17,44.50168991088867,0.0271100668095281
2007-05-18,45.708133697509766,0.034102833114660225
2007-05-21,47.266910552978516,0.007498908257031145
2007-05-22,47.621360778808594,-0.00040340752795620105
2007-05-23,47.602149963378906,-0.021082943640073015
2007-05-24,46.59855651855469,-0.020116602371472614
2007-05-25,45.66115188598633,0.05419941541197404
2007-05-28,48.13595962524414,0.015304290436470858
2007-05-29,48.87264633178711,-0.035258710592864895
2007-05-30,47.14945983886719,0.0394457161146633
2007-05-31,49.00930404663086,0.005097569604035623
2007-06-01,49.259132385253906,0.012961061058998968
2007-06-04,49.8975830078125,-0.007531678046584722
2007-06-05,49.52177047729492,-0.027940657079680964
2007-06-06,48.138099670410156,-0.01920697443576469
2007-06-07,47.2135124206543,-0.0132058210163436
2007-06-08,46.59001922607422,0.005866394438715616
2007-06-11,46.86333465576172,-0.008383922366096641
2007-06-12,46.470436096191406,-0.004824598631450128
2007-06-13,46.24623489379883,0.012466208310316196
2007-06-14,46.822750091552734,0.012723736736823366
2007-06-15,47.41851043701172,-0.019723376687525662
2007-06-18,46.48325729370117,0.010565183134081169
2007-06-19,46.974361419677734,9.08718311696255e-05
2007-06-20,46.97863006591797,0.001591046356987702
2007-06-21,47.053375244140625,0.0010891172588685105
2007-06-22,47.10462188720703,-0.0029010720110163035
2007-06-25,46.96796798706055,-0.0010002947442048216
2007-06-26,46.92098617553711,-0.007599884715962624
2007-06-27,46.56439208984375,0.0063741052363905926
2007-06-28,46.86119842529297,0.045065107874372456
2007-06-29,48.97300338745117,0.0006974618045409997
2007-07-02,49.00716018676758,0.002571041664185536
2007-07-03,49.13315963745117,0.000217081368944827
2007-07-04,49.14382553100586,-0.018813671822937916
2007-07-05,48.2192497253418,0.02586131263227931
2007-07-06,49.46626281738281,0.008028820838658302
2007-07-09,49.86341857910156,-0.015673153808514417
2007-07-10,49.08190155029297,-0.0004784508265867071
2007-07-11,49.05841827392578,0.045875740744628635
2007-07-12,51.30900955200195,0.02076659869569175
2007-07-13,52.3745231628418,-0.007134550313565469
2007-07-16,52.0008544921875,-0.015070080705930411
2007-07-17,51.21719741821289,0.0006253407030585301
2007-07-18,51.24922561645508,0.007666503630865185
2007-07-19,51.642127990722656,-0.006905248272339848
2007-07-20,51.285526275634766,0.02448172233171597
2007-07-23,52.54108428955078,0.015118275682060922
2007-07-24,53.33541488647461,-0.007887031768059605
2007-07-25,52.914756774902344,-0.01759418701337423
2007-07-26,51.9837646484375,-0.039351058233983216
2007-07-27,49.938148498535156,-0.00042746971083762464
2007-07-30,49.91680145263672,0.02716357708864625
2007-07-31,51.27272033691406,-0.03269201409793265
2007-08-01,49.59651184082031,-0.007706691911073205
2007-08-02,49.21428680419922,0.002256296492660015
2007-08-03,49.3253288269043,-0.019480618412247352
2007-08-06,48.36444091796875,0.007858848338534896
2007-08-07,48.744529724121094,0.02659013251280351
2007-08-08,50.040653228759766,-0.013740049155894885
2007-08-09,49.353092193603516,-0.02176297226915902
2007-08-10,48.279022216796875,0.00455568464614875
2007-08-13,48.498966217041016,0.010566622040312001
2007-08-14,49.011436462402344,-0.04674770202553635
2007-08-16,46.72026443481445,-0.023674341007020483
2007-08-17,45.614192962646484,0.04007079413927017
2007-08-20,47.44198989868164,-0.0062562753118147185
2007-08-21,47.145179748535156,0.012183681524442491
2007-08-22,47.719581604003906,-0.015437508523588939
2007-08-23,46.98291015625,-0.0022271320709615905
2007-08-24,46.878273010253906,0.019950999515170542
2007-08-27,47.813541412353516,0.02768837452398598
2007-08-28,49.137420654296875,0.010385775105814066
2007-08-29,49.64775085449219,0.01552640596979149
2007-08-30,50.418601989746094,-0.007538662143580344
2007-08-31,50.03851318359375,0.00401149749155616
2007-09-03,50.23924255371094,4.236929073808682e-05
2007-09-04,50.241371154785156,-0.00340010541761826
2007-09-05,50.0705451965332,0.010362805224836569
2007-09-06,50.58941650390625,0.010087913234731793
2007-09-07,51.09975814819336,-0.0003760219387189956
2007-09-10,51.080543518066406,-0.006939419099779909
2007-09-11,50.72607421875,-0.004756520305716827
2007-09-12,50.48479461669922,0.026519526629543932
2007-09-13,51.82362747192383,0.015821862132416653
2007-09-14,52.64357376098633,-0.0053134748728587144
2007-09-17,52.363853454589844,0.004077695789353353
2007-09-18,52.57737731933594,0.0756610174213681
2007-09-19,56.55543518066406,0.0014348088733675546
2007-09-20,56.63658142089844,-0.005843965153762287
2007-09-21,56.305599212646484,0.021275222007869132
2007-09-24,57.50351333618164,0.03702179637912484
2007-09-25,59.63239669799805,-0.014788698382033338
2007-09-26,58.750511169433594,0.04165152163865771
2007-09-27,61.19755935668945,0.0018144844969694152
2007-09-28,61.30860137939453,-0.016682883596128906
2007-10-01,60.285797119140625,0.009315369448402722
2007-10-03,60.847381591796875,-0.01059804237737394
2007-10-04,60.202518463134766,-0.004646385703366174
2007-10-05,59.922794342041016,0.002993366415843246
2007-10-08,60.10216522216797,0.009805703712664648
2007-10-09,60.69150924682617,-0.002955389767952843
2007-10-10,60.512142181396484,0.030876394252121075
2007-10-11,62.38053894042969,-0.019169024485521713
2007-10-12,61.18476486206055,0.046415788698938476
2007-10-15,64.02470397949219,0.00570291685524249
2007-10-16,64.38983154296875,-0.02984577421198653
2007-10-17,62.46806716918945,-0.05096561481699424
2007-10-18,59.28434371948242,-0.01573981398278812
2007-10-19,58.351219177246094,0.004061995674544017
2007-10-22,58.58824157714844,0.08477268305692287
2007-10-23,63.55492401123047,0.01730303852059545
2007-10-24,64.65461730957031,0.026453759022752044
2007-10-25,66.36497497558594,-0.004826184473575634
2007-10-26,66.04468536376953,0.0649531473582785
2007-10-29,70.3344955444336,-0.016029816193567026
2007-10-30,69.20704650878906,0.02027106727669148
2007-10-31,70.60994720458984,0.02225708150643535
2007-11-01,72.1815185546875,0.04750915761756502
2007-11-02,75.61080169677734,-0.030753974160026343
2007-11-05,73.28546905517578,-0.004574484265704282
2007-11-06,72.95022583007812,-0.05347713154897038
2007-11-07,69.04905700683594,-0.038036890753312735
2007-11-08,66.42264556884766,-0.05014967007801041
2007-11-12,63.09157180786133,0.06555656038121116
2007-11-13,67.2276382446289,0.11313689893426448
2007-11-14,74.83356475830078,-0.029589691071647994
2007-11-15,72.6192626953125,-0.007850833841824723
2007-11-16,72.04914093017578,-0.019293650478497404
2007-11-19,70.65904998779297,-0.014656602986387712
2007-11-20,69.62342834472656,-0.030300858609800363
2007-11-21,67.51377868652344,0.006831491238835419
2007-11-22,67.9749984741211,-0.01821974654583991
2007-11-23,66.73651123046875,0.0516097103467954
2007-11-26,70.1807632446289,-0.006511114084950642
2007-11-27,69.72380828857422,-0.016108829578899475
2007-11-28,68.60063934326172,0.04236309729622789
2007-11-29,71.50677490234375,0.024934553465572273
2007-11-30,73.28976440429688,-0.011683348191737108
2007-12-03,72.4334945678711,0.003272065534422053
2007-12-04,72.67050170898438,0.013017019930986251
2007-12-05,73.616455078125,-0.019637050505251552
2007-12-06,72.17084503173828,0.017663157665506635
2007-12-07,73.44561004638672,-0.018519397635504586
2007-12-10,72.08544158935547,0.05485912245513336
2007-12-11,76.03998565673828,0.0019658437039373755
2007-12-12,76.18946838378906,-0.015526361799848676
2007-12-13,75.00652313232422,-0.01816248281628341
2007-12-14,73.64421844482422,-0.02371772857217591
2007-12-17,71.89754486083984,-0.012948660061727013
2007-12-18,70.96656799316406,-0.005235692715226059
2007-12-19,70.59500885009766,-0.006261084883663504
2007-12-20,70.15300750732422,0.033755388062874925
2007-12-24,72.52104949951172,0.005064131960104357
2007-12-26,72.8883056640625,0.022704178187609836
2007-12-27,74.54317474365234,-0.008708233939984544
2007-12-28,73.89403533935547,-0.0006936185339663226
2007-12-31,73.84278106689453,0.0002314355378154609
2008-01-01,73.85987091064453,-0.008210341927831322
2008-01-02,73.25345611572266,-0.012184479533721704
2008-01-03,72.36090087890625,0.0011803483751573474
2008-01-04,72.4463119506836,-0.024168982894647972
2008-01-07,70.69535827636719,0.03645633120523639
2008-01-08,73.27265167236328,0.01681508930712461
2008-01-09,74.5047378540039,-0.012954400114280062
2008-01-10,73.5395736694336,0.024709671013911416
2008-01-11,75.3567123413086,0.01054099080150106
2008-01-14,76.15104675292969,0.0032526922926641166
2008-01-15,76.39874267578125,-0.06439524668914776
2008-01-16,71.4790267944336,-0.018013856270624795
2008-01-17,70.19141387939453,-0.04417079369213195
2008-01-18,67.09100341796875,-0.04067501562472997
2008-01-21,64.36207580566406,-0.053546522751244496
2008-01-22,60.91571044921875,0.07564478684786136
2008-01-23,65.52366638183594,-0.015576973279284756
2008-01-24,64.50300598144531,0.06491661637809187
2008-01-25,68.69032287597656,-0.011346296912114529
2008-01-28,67.91094207763672,-0.03323475886403471
2008-01-29,65.65393829345703,-0.0028623910610474645
2008-01-30,65.46601104736328,0.02387585436769535
2008-01-31,67.02906799316406,0.0009240084437844853
2008-02-01,67.09100341796875,-0.01502248414556151
2008-02-04,66.0831298828125,-0.022715654111088335
2008-02-05,64.5820083618164,-0.008034360268936669
2008-02-06,64.0631332397461,-0.005532826883499542
2008-02-07,63.708683013916016,-0.033416025736176636
2008-02-08,61.57979202270508,-0.02163736056995913
2008-02-11,60.24736785888672,-0.002197424938357506
2008-02-12,60.1149787902832,0.043228089786893964
2008-02-13,62.7136344909668,0.04627146357576706
2008-02-14,65.61548614501953,0.016792217714784563
2008-02-15,66.71731567382812,-0.0034566938966504868
2008-02-18,66.4866943359375,0.009666828235648461
2008-02-19,67.12940979003906,-0.022075090813664544
2008-02-20,65.64752197265625,0.002374440877340289
2008-02-21,65.80339813232422,-0.04319040396949192
2008-02-22,62.96132278442383,-0.03564407077568865
2008-02-25,60.717124938964844,0.023316305021854555
2008-02-26,62.1328239440918,-0.0017871716695991857
2008-02-27,62.02178192138672,0.013943541888318034
2008-02-28,62.8865852355957,-0.010729835676435151
2008-02-29,62.211822509765625,-0.04588975191765543
2008-03-03,59.356937408447266,-0.027447828784776918
2008-03-04,57.727718353271484,-0.014056125778308615
2008-03-05,56.916290283203125,-0.037891353665055805
2008-03-07,54.7596549987793,0.022811350676754216
2008-03-10,56.00879669189453,0.016545966352843555
2008-03-11,56.935516357421875,0.028015375767220574
2008-03-12,58.53058624267578,-0.05209600296986816
2008-03-13,55.48137664794922,0.012546866050930472
2008-03-14,56.177494049072266,-0.06799957057277262
2008-03-17,52.35744857788086,0.004037612299894411
2008-03-18,52.56884765625,0.03383551727180678
2008-03-19,54.34754180908203,0.05445521342845394
2008-03-24,57.30704879760742,0.053730025476780074
2008-03-25,60.38615798950195,0.017821815202639923
2008-03-26,61.46234893798828,-0.0041689460256482125
2008-03-27,61.20611572265625,-0.018280920142680346
2008-03-28,60.08721160888672,-0.053837849876157806
2008-03-31,56.85224533081055,-0.016300560775255435
2008-04-01,55.92552185058594,0.014088908048407456
2008-04-02,56.71345138549805,0.0023718157102825543
2008-04-03,56.847965240478516,-0.028020742764582218
2008-04-04,55.255043029785156,0.00738098989159508
2008-04-07,55.662879943847656,0.003951290083602288
2008-04-08,55.88282012939453,0.05448768839236928
2008-04-09,58.9277458190918,-0.03862747211451911
2008-04-10,56.65151596069336,0.0026385686211332082
2008-04-11,56.800994873046875,-0.020111900303827257
2008-04-15,55.65861892700195,0.003836175590910651
2008-04-16,55.872135162353516,0.07100855525996064
2008-04-17,59.839534759521484,0.04249901587822702
2008-04-21,62.38265609741211,0.03251753368247101
2008-04-22,64.41118621826172,-0.04170374591516279
2008-04-23,61.724998474121094,-0.0019028680714805457
2008-04-24,61.6075439453125,0.04006650630388209
2008-04-25,64.07594299316406,0.01529618999061988
2008-04-28,65.05606079101562,0.021751189277201766
2008-04-29,66.47110748291016,-0.015279883468592992
2008-04-30,65.45543670654297,0.010661615793691182
2008-05-02,66.1532974243164,-0.007692791187018155
2008-05-05,65.64439392089844,0.009355145463661563
2008-05-06,66.25850677490234,-0.0006152244740279533
2008-05-07,66.21774291992188,-0.021759263313182675
2008-05-08,64.77689361572266,-0.03702701050605517
2008-05-09,62.37839889526367,0.010705765850709481
2008-05-12,63.046207427978516,0.00831055016326121
2008-05-13,63.57015609741211,-0.010437794993979677
2008-05-14,62.90662384033203,0.009352786200424346
2008-05-15,63.49497604370117,0.014812349806940128
2008-05-16,64.43548583984375,-0.02612605391058731
2008-05-20,62.75204086303711,-0.03500586714792908
2008-05-21,60.55535125732422,-0.01865181172343433
2008-05-22,59.42588424682617,-0.0016261249177452752
2008-05-23,59.32925033569336,-0.02453833574865294
2008-05-26,57.873409271240234,-0.011056763134965175
2008-05-27,57.233516693115234,0.013994206522071728
2008-05-28,58.034454345703125,-0.02353191111195252
2008-05-29,56.668792724609375,0.037247371054157874
2008-05-30,58.77955627441406,-0.04252192980748293
2008-06-02,56.28013610839844,-0.03365147253194156
2008-06-03,54.386226654052734,-0.04058743539938181
2008-06-04,52.178829193115234,0.02728395867723088
2008-06-05,53.602474212646484,-0.012578597105931344
2008-06-06,52.92823028564453,-0.03963655595338256
2008-06-09,50.83033752441406,-0.043300091227920556
2008-06-10,48.62937927246094,0.05651974050627939
2008-06-11,51.377899169921875,-0.029088738624490684
2008-06-12,49.88338088989258,-0.03391990397525235
2008-06-13,48.191341400146484,0.02415002654540621
2008-06-16,49.35516357421875,0.05603648432234576
2008-06-17,52.120853424072266,-0.037284249356792754
2008-06-18,50.17756652832031,-0.03889917915410879
2008-06-19,48.22570037841797,-0.02199575101498341
2008-06-20,47.164939880371094,-0.0024585073802131374
2008-06-23,47.04898452758789,-0.0327691594568954
2008-06-24,45.50722885131836,0.013872814054163518
2008-06-25,46.13854217529297,-0.012891504564469969
2008-06-26,45.54374694824219,-0.03668081634841047
2008-06-27,43.873165130615234,-0.013899816599943993
2008-06-30,43.263336181640625,-0.04184019291039487
2008-07-01,41.453189849853516,0.0645943733634069
2008-07-02,44.13083267211914,-0.041990873078954105
2008-07-03,42.277740478515625,0.016100091889671653
2008-07-04,42.95841598510742,0.005098704935339926
2008-07-07,43.17744827270508,-0.0036303610243889617
2008-07-08,43.02069854736328,0.05640118329952304
2008-07-09,45.44711685180664,-0.0038272780160704123
2008-07-10,45.27317810058594,0.012900978522916828
2008-07-11,45.85724639892578,-0.033854850787799706
2008-07-14,44.30475616455078,-0.11001757672013612
2008-07-15,39.43045425415039,-0.015847306286864038
2008-07-16,38.80558776855469,0.06092295303132356
2008-07-17,41.16973876953125,0.07912188206515691
2008-07-18,44.42716598510742,0.047559249427823413
2008-07-21,46.54008865356445,0.0162404648118617
2008-07-22,47.295921325683594,0.09379826754254728
2008-07-23,51.73219680786133,0.007720507311807179
2008-07-24,52.131595611572266,-0.07204061763568448
2008-07-25,48.37600326538086,0.0006659317891863914
2008-07-28,48.40821838378906,-0.0868526084159369
2008-07-29,44.20383834838867,0.06290700774117819
2008-07-30,46.98456954956055,0.0037474253500708876
2008-07-31,47.160640716552734,0.009242992671852468
2008-08-01,47.5965461730957,0.0004058619481102088
2008-08-04,47.61586380004883,0.06832017687889169
2008-08-05,50.868988037109375,0.026931158605174366
2008-08-06,52.238948822021484,0.029801169508651304
2008-08-07,53.79573059082031,0.024308428427054274
2008-08-08,55.10342025756836,0.02213383965738802
2008-08-11,56.32307052612305,-0.03541745189811818
2008-08-12,54.328250885009766,-0.03770591198810547
2008-08-13,52.279754638671875,-0.034952947954676405
2008-08-14,50.452423095703125,0.02447201681561806
2008-08-18,51.687095642089844,0.0027421014945094857
2008-08-19,51.828826904296875,0.025976667037620027
2008-08-20,53.175167083740234,-0.05802776574367419
2008-08-21,50.08953094482422,0.02370648260903674
2008-08-22,51.2769775390625,0.011473928786533305
2008-08-25,51.865325927734375,0.0361016738225961
2008-08-26,53.73775100708008,-0.013825626397163004
2008-08-27,52.99479293823242,-0.016936688590854176
2008-08-28,52.09723663330078,0.052427630768681066
2008-08-29,54.82857131958008,0.016918619735182272
2008-09-01,55.756195068359375,0.031849217222152504
2008-09-02,57.531986236572266,-0.027320392012420425
2008-09-04,55.96018981933594,-0.041863433755784385
2008-09-05,53.61750411987305,0.042130461747128756
2008-09-08,55.876434326171875,-0.005764260696170642
2008-09-09,55.55434799194336,-0.01383723771888934
2008-09-10,54.78562927246094,-0.017794242529657334
2008-09-11,53.810760498046875,-0.006623981792929112
2008-09-12,53.45431900024414,-0.03318083151397566
2008-09-15,51.680660247802734,0.022394968915560032
2008-09-16,52.83804702758789,-0.03494944870028016
2008-09-17,50.99138641357422,0.03065656942732331
2008-09-18,52.55460739135742,0.061940897337023015
2008-09-19,55.80988693237305,0.0008848119718170011
2008-09-22,55.85926818847656,-0.051472454192302064
2008-09-23,52.98405456542969,0.037973708393966854
2008-09-24,54.996055603027344,0.015656779140793553
2008-09-25,55.85711669921875,-0.043093894202453575
2008-09-26,53.450016021728516,-0.03555339607515229
2008-09-29,51.549686431884766,0.02445121120519933
2008-09-30,52.81013870239258,0.05330543263905918
2008-10-01,55.625205993652344,-0.015054848457126124
2008-10-03,54.787776947021484,-0.05722145783606747
2008-10-06,51.652740478515625,-0.061442317747644526
2008-10-07,48.47907638549805,-0.020197743258271506
2008-10-08,47.499908447265625,-0.052710062532244306
2008-10-10,44.996185302734375,0.1195897072437917
2008-10-13,50.37726593017578,-0.027321999276394893
2008-10-14,49.000858306884766,-0.003724792007274935
2008-10-15,48.81834030151367,-0.0382230501659121
2008-10-16,46.952354431152344,-0.06123667339980454
2008-10-17,44.0771484375,0.05261385980946054
2008-10-20,46.396217346191406,0.008515772674838828
2008-10-21,46.791316986083984,-0.03767622912094937
2008-10-22,45.02839660644531,0.024558951751976643
2008-10-23,46.134246826171875,-0.09434499416892073
2008-10-24,41.78171157836914,-0.0417308776502866
2008-10-27,40.038124084472656,0.020004184549294868
2008-10-29,40.839054107666016,0.07534584571807601
2008-10-31,43.916107177734375,0.04689027707997617
2008-11-03,45.975345611572266,0.03932556161504985
2008-11-04,47.78335189819336,-0.012852264935372282
2008-11-05,47.169227600097656,-0.03286742638370965
2008-11-06,45.618896484375,0.02593563525193332
2008-11-07,46.80205154418945,0.01000156738061686
2008-11-10,47.270145416259766,-0.07027317328654892
2008-11-11,43.94832229614258,-0.0163190212059261
2008-11-12,43.23112869262695,0.0022847878203946514
2008-11-14,43.32990264892578,-0.07185697908048072
2008-11-17,40.216346740722656,-0.02279863341375088
2008-11-18,39.299468994140625,-0.03338458492038532
2008-11-19,37.98747253417969,-0.07161825022785273
2008-11-20,35.266876220703125,0.04292493239588957
2008-11-21,36.780704498291016,-0.0319341503349827
2008-11-24,35.606143951416016,0.007598615675250331
2008-11-25,35.87670135498047,0.08457040624306877
2008-11-26,38.91080856323242,0.0
2008-11-27,38.91080856323242,0.018431536136177318
2008-11-28,39.627994537353516,-0.025900823825708352
2008-12-01,38.60159683227539,-0.014407100498390335
2008-12-02,38.04545974731445,-0.00620832096291446
2008-12-03,37.809261322021484,0.035835851207151714
2008-12-04,39.164188385009766,-0.023740444430937924
2008-12-05,38.234413146972656,0.008648875048613558
2008-12-08,38.56509780883789,0.028674699486399557
2008-12-10,39.67094039916992,-0.005629117325748112
2008-12-11,39.447628021240234,0.0015241333033038096
2008-12-12,39.50775146484375,0.02641425084389648
2008-12-15,40.55131912231445,0.043103171739986346
2008-12-16,42.29920959472656,0.017513575345376342
2008-12-17,43.04001998901367,0.056325964311857435
2008-12-18,45.464290618896484,-0.00618709668270967
2008-12-19,45.18299865722656,-0.03193621790184975
2008-12-22,43.74002456665039,-0.03799668329091155
2008-12-23,42.07804870605469,0.004490545675684299
2008-12-24,42.26700210571289,-0.011583260386852312
2008-12-26,41.77741241455078,0.030376476780130446
2008-12-29,43.04646301269531,0.016610849057439703
2008-12-30,43.76150131225586,-0.020264622468197047
2008-12-31,42.874691009521484,0.017328148095489215
2009-01-02,43.61763000488281,0.028011736822312283
2009-01-05,44.83943557739258,0.05392224130067502
2009-01-06,47.25727844238281,-0.08283358405555219
2009-01-07,43.34278869628906,0.00817440370806266
2009-01-09,43.69709014892578,-0.013562719283312985
2009-01-12,43.10443878173828,-0.014795253270699638
2009-01-13,42.466697692871094,-0.011427465261278136
2009-01-14,41.98141098022461,-0.05396134091461513
2009-01-15,39.71603775024414,0.01378653102713856
2009-01-16,40.26358413696289,0.003786692704600414
2009-01-19,40.41604995727539,-0.03044297569804122
2009-01-20,39.185665130615234,-0.025207044935563028
2009-01-21,38.19791030883789,0.01242351088591409
2009-01-22,38.672462463378906,-0.031149601775699032
2009-01-23,37.467830657958984,0.019485506314570245
2009-01-27,38.19791030883789,0.025071921463270197
2009-01-28,39.15560531616211,0.012832012604332643
2009-01-29,39.658050537109375,0.0023281762811511175
2009-01-30,39.75038146972656,-0.03986565101046757
2009-02-02,38.165706634521484,0.010689550361817401
2009-02-03,38.57368087768555,-0.013749796155187677
2009-02-04,38.04330062866211,-0.0018059079159431501
2009-02-05,37.9745979309082,0.016002108728712328
2009-02-06,38.582271575927734,0.02343043298615166
2009-02-09,39.486270904541016,0.029963513983890966
2009-02-10,40.66941833496094,-0.013199303946143659
2009-02-11,40.13261032104492,-0.000695687847457771
2009-02-12,40.10469055175781,0.011029558638831594
2009-02-13,40.547027587890625,-0.03198644107342441
2009-02-16,39.25007247924805,-0.03681812655266392
2009-02-17,37.80495834350586,-0.004430421833028331
2009-02-18,37.63746643066406,0.009299406594235338
2009-02-19,37.98747253417969,-0.020405619978253076
2009-02-20,37.21231460571289,-0.013849226831204708
2009-02-24,36.69695281982422,0.011469054830795189
2009-02-25,37.11783218383789,0.012148649922195887
2009-02-26,37.568763732910156,0.016803801947641084
2009-02-27,38.2000617980957,-0.04924127092325614
2009-03-02,36.31904220581055,-0.016790677356643413
2009-03-03,35.70922088623047,0.009019696488329565
2009-03-04,36.031307220458984,-0.04481529668808837
2009-03-05,34.41655349731445,0.0004992189728036944
2009-03-06,34.43373489379883,-0.003803980614178304
2009-03-09,34.30274963378906,-0.00012510759252959414
2009-03-12,34.298458099365234,0.04457501750335191
2009-03-13,35.82731246948242,0.012706034924719889
2009-03-16,36.282535552978516,-0.019766699410350808
2009-03-17,35.56534957885742,0.017931636019784092
2009-03-18,36.203094482421875,-0.012574359164564175
2009-03-19,35.74786376953125,0.008289432347663439
2009-03-20,36.044193267822266,0.054449950041111084
2009-03-23,38.006797790527344,0.06406782362469121
2009-03-24,40.441810607910156,0.03233528065350266
2009-03-25,41.749507904052734,0.021858610028541614
2009-03-26,42.66209411621094,0.008103553664057683
2009-03-27,43.007808685302734,-0.05586878191956013
2009-03-30,40.60501480102539,0.02950820626996764
2009-03-31,41.80319595336914,0.027326657393463405
2009-04-01,42.94553756713867,0.03655001836485705
2009-04-02,44.51519775390625,0.026627008502242422
2009-04-06,45.700504302978516,-0.016351097856923347
2009-04-08,44.953250885009766,-0.002245204924379851
2009-04-09,44.85232162475586,0.05165632215708982
2009-04-13,47.169227600097656,-0.014203085612524924
2009-04-15,46.4992790222168,-0.01537740615760752
2009-04-16,45.78424072265625,0.0054402309469439025
2009-04-17,46.03331756591797,-0.0044779478656388205
2009-04-20,45.82718276977539,0.018742194602141993
2009-04-21,46.68608474731445,0.0020699471020781957
2009-04-22,46.78272247314453,0.002891760390938858
2009-04-23,46.918006896972656,0.01624713783919285
2009-04-24,47.68029022216797,0.004638493229353502
2009-04-27,47.90145492553711,-0.03904411209008085
2009-04-28,46.031185150146484,0.026589487402582934
2009-04-29,47.255130767822266,0.0
2009-04-30,47.255130767822266,0.09001667709506456
2009-05-04,51.508880615234375,-0.005127550370502498
2009-05-05,51.24476623535156,-0.017850586756638753
2009-05-06,50.33001708984375,0.003754591581201616
2009-05-07,50.518985748291016,-0.027457914594824828
2009-05-08,49.131839752197266,0.0025785704652552255
2009-05-11,49.25852966308594,0.04210990806971182
2009-05-12,51.332801818847656,-0.02593495854000416
2009-05-13,50.001487731933594,-0.0005581498963577181
2009-05-14,49.97357940673828,0.018304502638647024
2009-05-15,50.88832092285156,0.16300254241582568
2009-05-18,59.18324661254883,0.024453910407744806
2009-05-19,60.63050842285156,-0.022099262586130375
2009-05-20,59.290618896484375,-0.006953627045014121
2009-05-21,58.878334045410156,-0.0008387647443063306
2009-05-22,58.828948974609375,-0.004562609877953427
2009-05-25,58.5605354309082,-0.0202403797517251
2009-05-26,57.375247955322266,0.05471532109439692
2009-05-27,60.51455307006836,0.02189342886988488
2009-05-28,61.83942413330078,0.0031598621020978435
2009-05-29,62.034828186035156,-0.0075112879316996395
2009-06-01,61.56886672973633,-0.025006088943872018
2009-06-02,60.02927017211914,-0.019351991791215606
2009-06-03,58.867584228515625,0.013168211789382323
2009-06-04,59.642765045166016,0.021457252970948026
2009-06-05,60.92253494262695,-0.013076253138838645
2009-06-08,60.12589645385742,0.014428318164546594
2009-06-09,60.993412017822266,0.057032193956153776
2009-06-10,64.47200012207031,0.036802432620939296
2009-06-11,66.8447265625,-0.018213834387646233
2009-06-12,65.62722778320312,0.003206271364485813
2009-06-15,65.837646484375,0.008577929217453928
2009-06-16,66.40239715576172,-0.0009378990853674551
2009-06-17,66.34011840820312,-0.012882199322579058
2009-06-18,65.48551177978516,0.022297207478181313
2009-06-19,66.9456558227539,-0.0037124911720638476
2009-06-22,66.6971206665039,-0.037359909632955324
2009-06-23,64.205322265625,-0.01868090147727053
2009-06-24,63.00590896606445,0.004664755581665236
2009-06-25,63.2998161315918,0.023079467606527126
2009-06-26,64.7607421875,0.006340477267586575
2009-06-29,65.17135620117188,-0.009715832332413243
2009-06-30,64.53816223144531,0.006261388560973025
2009-07-01,64.9422607421875,-0.001330809557017143
2009-07-02,64.8558349609375,0.010163297879348443
2009-07-03,65.51498413085938,-0.06056412000214273
2009-07-06,61.54712677001953,0.0023524548149553848
2009-07-07,61.69191360473633,-0.03643222784333455
2009-07-08,59.444339752197266,0.017887018635784457
2009-07-09,60.50762176513672,-0.015036840290233555
2009-07-10,59.5977783203125,-0.003662373905473859
2009-07-13,59.37950897216797,-0.008188882654496243
2009-07-14,58.89325714111328,0.014090928699485028
2009-07-15,59.72311782836914,0.006296476820440766
2009-07-16,60.09916305541992,0.03322672978459984
2009-07-17,62.09606170654297,0.02582388250232981
2009-07-20,63.699623107910156,-0.0087191799681815
2009-07-21,63.14421463012695,-0.01078102616240062
2009-07-22,62.46345520019531,0.009618172735278652
2009-07-23,63.064239501953125,-0.0062368466514943766
2009-07-24,62.67091751098633,-0.011414220328258784
2009-07-27,61.9555778503418,-0.006243780125006149
2009-07-28,61.56874084472656,-0.004036648113033836
2009-07-29,61.32020950317383,0.03217722231640052
2009-07-30,63.2933235168457,0.02373082392591841
2009-07-31,64.79532623291016,-0.003769051460092432
2009-08-03,64.55110931396484,-0.01633814739264161
2009-08-04,63.496463775634766,-0.014431052475915473
2009-08-05,62.580142974853516,-0.023655640786298893
2009-08-06,61.099769592285156,-0.01655360094420044
2009-08-07,60.088348388671875,-0.010681953808453604
2009-08-10,59.44648742675781,0.0027631077406031768
2009-08-11,59.61074447631836,0.019649829115087725
2009-08-12,60.78208541870117,0.01301339510278221
2009-08-13,61.57306671142578,0.00193017661224415
2009-08-14,61.69191360473633,-0.014782992876958612
2009-08-17,60.77992248535156,0.024676189656094305
2009-08-18,62.27973937988281,0.006142313058838944
2009-08-19,62.66228103637695,0.02089989608889664
2009-08-20,63.97191619873047,-0.009526618418979726
2009-08-21,63.36248016357422,0.012756219200204422
2009-08-24,64.17074584960938,0.0015494018063038073
2009-08-25,64.27017211914062,-0.017721111773238873
2009-08-26,63.13123321533203,-0.002464368353942814
2009-08-27,62.97565460205078,0.0005146986223618644
2009-08-28,63.0080680847168,0.009089017397454047
2009-08-31,63.58074951171875,-0.01692702458560802
2009-09-01,62.5045166015625,-0.00508270154305257
2009-09-02,62.186824798583984,-0.0023283784721329637
2009-09-03,62.042030334472656,0.013132606318294382
2009-09-04,62.85680389404297,0.009042311792529123
2009-09-07,63.425174713134766,-0.0071897147023289865
2009-09-08,62.96916580200195,0.012767258765362888
2009-09-09,63.773109436035156,0.0068449451714100995
2009-09-10,64.20963287353516,0.003837057254055809
2009-09-11,64.45600891113281,0.001710269119113761
2009-09-14,64.56624603271484,0.013689987991010621
2009-09-15,65.45015716552734,0.0016838248948003454
2009-09-16,65.56036376953125,0.011933256434676576
2009-09-17,66.34271240234375,-0.006808444476746556
2009-09-18,65.89102172851562,0.014365710612255
2009-09-22,66.83759307861328,0.015035607976999543
2009-09-23,67.84253692626953,0.03453094079489616
2009-09-24,70.1852035522461,-0.00939167753251191
2009-09-25,69.52604675292969,0.001740825496290066
2009-09-29,69.64707946777344,0.024296450501282596
2009-09-30,71.3392562866211,-0.0037564518731941776
2009-10-01,71.07127380371094,-0.006233834657977999
2009-10-05,70.62822723388672,0.015666630623363043
2009-10-06,71.73473358154297,0.010876035571712128
2009-10-07,72.51492309570312,0.00575190569357642
2009-10-08,72.93202209472656,-0.006934051764629134
2009-10-09,72.42630767822266,0.015874542468441
2009-10-12,73.57604217529297,0.0
2009-10-13,73.57604217529297,-2.955279160332669e-05
2009-10-14,73.57386779785156,0.011808503864893405
2009-10-15,74.44266510009766,-0.0015389425959858594
2009-10-16,74.3281021118164,-0.016485886902038782
2009-10-20,73.10273742675781,-0.01785587183598103
2009-10-21,71.79742431640625,0.002949642489473714
2009-10-22,72.00920104980469,0.015546189551395972
2009-10-23,73.12866973876953,0.0005910201863910114
2009-10-26,73.17189025878906,-0.013468030670270359
2009-10-27,72.18640899658203,-0.030267342252386698
2009-10-28,70.00151824951172,-0.00392098778026384
2009-10-29,69.72704315185547,0.004648843128816749
2009-10-30,70.05119323730469,-0.012463419282816468
2009-11-03,69.17811584472656,0.014651417167200753
2009-11-04,70.1916732788086,-0.00036912389487009367
2009-11-05,70.16576385498047,0.010256539064216863
2009-11-06,70.88542175292969,0.04112766483688568
2009-11-09,73.80077362060547,-0.0023424476763930224
2009-11-10,73.62789916992188,0.019020354889397018
2009-11-11,75.02832794189453,-0.011118542160335143
2009-11-12,74.19412231445312,0.003320489159025941
2009-11-13,74.44048309326172,0.00078394492277023
2009-11-16,74.49884033203125,0.015113707398641152
2009-11-17,75.62479400634766,-2.8449522224582857e-05
2009-11-18,75.62264251708984,-0.01717552573337544
2009-11-19,74.32378387451172,0.020034558412246994
2009-11-20,75.81282806396484,0.006527865371821262
2009-11-23,76.30772399902344,0.006485528713514377
2009-11-24,76.80261993408203,0.014519593514163098
2009-11-25,77.91776275634766,-0.02302092944399292
2009-11-26,76.1240234375,-0.006160520711729123
2009-11-27,75.65505981445312,0.00908386831325525
2009-11-30,76.34230041503906,0.013276685236896846
2009-12-01,77.35587310791016,0.00972227660417424
2009-12-02,78.10794830322266,-8.292825631373013e-05
2009-12-03,78.10147094726562,-0.009629657994653873
2009-12-04,77.34938049316406,0.004358702580245399
2009-12-07,77.6865234375,0.01997411644731062
2009-12-08,79.23824310302734,-0.01576452339538692
2009-12-09,77.98908996582031,-0.010668657369372836
2009-12-10,77.15705108642578,2.7884544931744415e-05
2009-12-11,77.1592025756836,-0.015601066741972591
2009-12-14,75.95543670654297,-0.032151352335175964
2009-12-15,73.51336669921875,-0.004380240492908305
2009-12-16,73.19136047363281,-0.012903537850954439
2009-12-17,72.24693298339844,-0.004427031907535239
2009-12-18,71.92709350585938,-0.006820591563434619
2009-12-21,71.43650817871094,-0.003751551532009012
2009-12-22,71.16851043701172,0.02660138361113429
2009-12-23,73.06169128417969,0.012009074028475508
2009-12-24,73.93909454345703,-0.008008485922232689
2009-12-29,73.34695434570312,-0.002622498734102474
2009-12-30,73.15460205078125,0.005760951638000389
2009-12-31,73.57604217529297,0.0020266993399564726
2010-01-04,73.72515869140625,0.0008795128457099732
2010-01-05,73.79000091552734,0.0006734008126509927
2010-01-06,73.83969116210938,0.0026051019619528493
2010-01-07,74.03205108642578,0.00131374884333324
2010-01-08,74.12931060791016,-0.004023351742647896
2010-01-11,73.83106231689453,-0.007581336928042637
2010-01-12,73.27132415771484,-0.0034806986678944662
2010-01-13,73.01628875732422,-0.003255770845726147
2010-01-14,72.778564453125,0.006146826075726031
2010-01-15,73.22592163085938,0.04279450394608464
2010-01-18,76.35958862304688,0.007103887814924104
2010-01-19,76.90203857421875,-0.01298351618261806
2010-01-20,75.90357971191406,-0.02531170989484799
2010-01-21,73.98233032226562,-0.02018498069302177
2010-01-22,72.48899841308594,-0.012164258323985488
2010-01-25,71.60722351074219,-0.03591452189724331
2010-01-27,69.03548431396484,-0.002473195080928914
2010-01-28,68.86474609375,0.023724939731272432
2010-01-29,70.4985580444336,-0.01918999712890812
2010-02-01,69.14569091796875,-0.012908107015464076
2010-02-02,68.2531509399414,0.027642395655659957
2010-02-03,70.13983154296875,-0.0036975567604821125
2010-02-04,69.88048553466797,-0.026843971340839268
2010-02-05,68.0046157836914,-0.003781903429415645
2010-02-08,67.74742889404297,0.002711662920895419
2010-02-09,67.93113708496094,0.013934502637617197
2010-02-10,68.87772369384766,0.002792441820344216
2010-02-11,69.07006072998047,0.009887165253291474
2010-02-15,69.75296783447266,-0.004585317119381371
2010-02-16,69.4331283569336,0.030845297288494944
2010-02-17,71.57481384277344,0.016787802828857945
2010-02-18,72.77639770507812,0.00602823288270371
2010-02-19,73.2151107788086,0.0015941309969695894
2010-02-22,73.33182525634766,0.0025933885705919923
2010-02-23,73.52200317382812,-0.0002937734961723226
2010-02-24,73.50040435791016,-0.005557178883405345
2010-02-25,73.09194946289062,0.008131053824156798
2010-02-26,73.68626403808594,0.023551061139097662
2010-03-02,75.4216537475586,0.018166604236213857
2010-03-03,76.79180908203125,0.002532871493780231
2010-03-04,76.98631286621094,0.0016000792805292985
2010-03-05,77.1094970703125,0.00011190379321202037
2010-03-08,77.11812591552734,0.015133022497862303
2010-03-09,78.28515625,0.001794368419739456
2010-03-10,78.42562866210938,0.0068895044887815615
2010-03-11,78.9659423828125,-0.014067231781650369
2010-03-12,77.85511016845703,0.006273233950292223
2010-03-15,78.34351348876953,-0.0043862668877020505
2010-03-16,77.9998779296875,0.0017181814624984693
2010-03-17,78.13389587402344,-0.003761876333222225
2010-03-18,77.8399658203125,0.010522472614931111
2010-03-19,78.6590347290039,0.009478858238270993
2010-03-22,79.40463256835938,0.025529212727009254
2010-03-23,81.43177032470703,0.02237276225766327
2010-03-25,83.25362396240234,0.013135000314784762
2010-03-26,84.34716033935547,0.006969168700863504
2010-03-29,84.93498992919922,-0.029617791856151432
2010-03-30,82.41940307617188,0.013976000465061311
2010-03-31,83.57129669189453,0.0029742035157114266
2010-04-01,83.81985473632812,0.004769790676430574
2010-04-05,84.21965789794922,-0.008006186157801576
2010-04-06,83.54537963867188,-0.0005949521755250764
2010-04-07,83.49567413330078,-0.014986551924374591
2010-04-08,82.2443618774414,0.024463881176255864
2010-04-09,84.25637817382812,0.002488216760180517
2010-04-12,84.46602630615234,-0.0012792730932368324
2010-04-13,84.35797119140625,0.0027411673797010927
2010-04-15,84.5892105102539,0.0036789916947146395
2010-04-16,84.9004135131836,-0.015349386375908769
2010-04-19,83.59724426269531,0.005402811542814856
2010-04-20,84.04890441894531,-0.0018253598388883185
2010-04-21,83.8954849243164,-0.00352898948551017
2010-04-22,83.59941864013672,0.009125220863837713
2010-04-23,84.3622817993164,0.01936688771356132
2010-04-26,85.9961166381836,-0.00505133084385001
2010-04-27,85.56172180175781,-0.005759024769709464
2010-04-28,85.0689697265625,0.008942651944007896
2010-04-29,85.8297119140625,0.007402484223820505
2010-04-30,86.4650650024414,-0.015321425669070465
2010-05-03,85.14029693603516,-0.016651539059648557
2010-05-04,83.72257995605469,-0.01066068411288601
2010-05-05,82.83003997802734,-0.010880102690513982
2010-05-06,81.92884063720703,-0.02503292568466009
2010-05-07,79.87792205810547,0.04661664131906007
2010-05-10,83.6015625,0.007289950997570349
2010-05-11,84.21101379394531,0.013652836921005163
2010-05-12,85.36073303222656,-0.004835632470123974
2010-05-13,84.94795989990234,-0.006919878835659032
2010-05-14,84.3601303100586,-0.011733205658440826
2010-05-17,83.37031555175781,-0.017134180747789496
2010-05-18,81.94183349609375,-0.014374113151612411
2010-05-19,80.76399230957031,-0.00941913477722911
2010-05-20,80.00326538085938,-0.013182483472545026
2010-05-21,78.94862365722656,-0.0010948057944594192
2010-05-24,78.86219024658203,-0.01140014269647971
2010-05-25,77.96315002441406,0.01330569012796623
2010-05-26,79.00050354003906,0.03766936423598288
2010-05-27,81.97640228271484,0.00010498090659760706
2010-05-28,81.9850082397461,-0.004401755863308043
2010-05-31,81.62413024902344,-0.0176600984162657
2010-06-01,80.1826400756836,-0.0011050744650251687
2010-06-02,80.09403228759766,0.02835860064002138
2010-06-03,82.36538696289062,-0.010442768648092238
2010-06-04,81.50526428222656,-0.0047991876483306495
2010-06-07,81.11410522460938,-0.007433556801546448
2010-06-08,80.51113891601562,0.009770622953852115
2010-06-09,81.29778289794922,0.025282325795667582
2010-06-10,83.35317993164062,0.0157347169881783
2010-06-11,84.66471862792969,0.013795223901148068
2010-06-14,85.83268737792969,-0.004687713050593789
2010-06-15,85.43032836914062,0.00618672485095817
2010-06-16,85.9588623046875,0.010146447971030037
2010-06-17,86.83103942871094,-0.0022044407236617714
2010-06-18,86.6396255493164,0.003589899250873607
2010-06-21,86.95065307617188,-0.005903238067962224
2010-06-22,86.43736267089844,0.005888070436888881
2010-06-23,86.9463119506836,0.0014258227745025387
2010-06-24,87.07028198242188,-0.02695339731711155
2010-06-25,84.72344207763672,0.0015660695203032482
2010-06-28,84.85612487792969,-0.023735099928413828
2010-06-29,82.84205627441406,0.0076664118072540255
2010-06-30,83.47715759277344,-0.006044773677656101
2010-07-01,82.9725570678711,0.002857187781685644
2010-07-02,83.20962524414062,0.00122872222790682
2010-07-05,83.3118667602539,0.025480013329849838
2010-07-06,85.43465423583984,-0.01359454928523085
2010-07-07,84.27320861816406,0.004335833395649358
2010-07-08,84.63860321044922,0.02932137200483398
2010-07-09,87.12032318115234,0.023317819763228664
2010-07-12,89.15177917480469,0.01127133898636079
2010-07-13,90.1566390991211,0.006634334181460977
2010-07-14,90.75476837158203,-0.0113600129259952
2010-07-15,89.72379302978516,-0.011465801358250371
2010-07-16,88.69503784179688,0.004364997579445529
2010-07-19,89.08219146728516,-0.001684797452180642
2010-07-20,88.9321060180664,-0.005551919532683414
2010-07-21,88.43836212158203,0.01190350793876327
2010-07-22,89.4910888671875,-0.009065646266390726
2010-07-23,88.67979431152344,0.006524145437864393
2010-07-26,89.25835418701172,0.007261392611556783
2010-07-27,89.906494140625,0.009338586910771607
2010-07-28,90.74609375,0.006950404362705109
2010-07-29,91.37681579589844,0.012520224277616121
2010-07-30,92.5208740234375,0.004443099041997245
2010-08-02,92.93195343017578,-0.006506317289939667
2010-08-03,92.32730865478516,-0.0036044217567620107
2010-08-04,91.99452209472656,-0.006880050317194408
2010-08-05,91.3615951538086,-0.004547076492280144
2010-08-06,90.9461669921875,-0.004161404022114512
2010-08-09,90.56770324707031,0.006315954406114432
2010-08-10,91.13972473144531,-0.002696413972833822
2010-08-11,90.89397430419922,-0.00782488665317238
2010-08-12,90.1827392578125,0.0069459390316699565
2010-08-13,90.80914306640625,-0.0017005619642738168
2010-08-16,90.65471649169922,0.01777821540367408
2010-08-17,92.26639556884766,0.03342701695061856
2010-08-18,95.3505859375,0.017427318361515454
2010-08-19,97.01229095458984,0.0005156659991136792
2010-08-20,97.06231689453125,-0.015551457017649262
2010-08-23,95.5528564453125,0.00548589366722485
2010-08-24,96.0770492553711,-0.007425467983788736
2010-08-25,95.36363220214844,-0.0063404126020381035
2010-08-26,94.75898742675781,-0.01799545097723476
2010-08-27,93.05375671386719,-0.003482733339772226
2010-08-30,92.72967529296875,0.0011962057101935208
2010-08-31,92.8405990600586,0.0070283001540907275
2010-09-01,93.49311065673828,0.017773637381532703
2010-09-02,95.15482330322266,0.0029715847321385436
2010-09-03,95.43758392333984,0.004717489814492382
2010-09-06,95.88780975341797,-0.002359127280446627
2010-09-07,95.6615982055664,-0.008867368071142523
2010-09-08,94.8133316040039,0.029936898168261283
2010-09-09,97.65174865722656,0.016749287662478185
2010-09-13,99.28734588623047,0.022673101173977583
2010-09-14,101.53849792480469,0.017671994899034926
2010-09-15,103.3328857421875,0.008356364360197155
2010-09-16,104.19637298583984,0.002212601430729766
2010-09-17,104.42691802978516,0.018995217880327653
2010-09-20,106.41053009033203,0.010036106264941447
2010-09-21,107.47847747802734,0.0044115959069577215
2010-09-22,107.95262908935547,-0.007172728324478017
2010-09-23,107.17831420898438,0.012744236292571376
2010-09-24,108.54421997070312,-0.02276309422828593
2010-09-27,106.07341766357422,0.00490057903706731
2010-09-28,106.5932388305664,-0.003081153921059676
2010-09-29,106.26480865478516,0.01903528927099063
2010-09-30,108.28759002685547,0.004579429513753119
2010-10-01,108.78348541259766,-0.002699167771799349
2010-10-04,108.48986053466797,-0.018524705690576404
2010-10-05,106.48011779785156,0.003656559545252014
2010-10-06,106.86946868896484,-0.00944337696799491
2010-10-07,105.86026000976562,-0.011423956038190464
2010-10-08,104.65091705322266,-0.007170109949073411
2010-10-11,103.90055847167969,-0.003433209085260347
2010-10-12,103.5438461303711,0.025606226604347748
2010-10-13,106.1952133178711,-0.006922730362960761
2010-10-14,105.46005249023438,-0.015715561034402414
2010-10-15,103.80268859863281,0.005112737921797894
2010-10-18,104.33340454101562,-0.01234140254598326
2010-10-19,103.04578399658203,-0.01405754020477823
2010-10-20,101.59721374511719,0.012652376178514668
2010-10-21,102.88265991210938,-0.01625713123791439
2010-10-22,101.2100830078125,-0.009434253835122641
2010-10-25,100.25524139404297,-0.0014318159939515906
2010-10-26,100.1116943359375,-0.020466108411625217
2010-10-27,98.06279754638672,0.005500927505936781
2010-10-28,98.60223388671875,0.005823432883585777
2010-10-29,99.17643737792969,0.030395898103075858
2010-11-01,102.19099426269531,0.0004895337431869429
2010-11-02,102.24102020263672,0.005063154175436235
2010-11-03,102.75868225097656,0.011408526351224246
2010-11-04,103.9310073852539,-0.022517837289855125
2010-11-08,101.59070587158203,0.02701886352625782
2010-11-09,104.3355712890625,-0.0011050441257164367
2010-11-10,104.22027587890625,-0.017759634445944306
2010-11-11,102.3693618774414,-0.01631777949175861
2010-11-12,100.69892120361328,0.030649507845745827
2010-11-15,103.78529357910156,-0.005553633642781719
2010-11-16,103.20890808105469,-0.013592677832711564
2010-11-18,101.80602264404297,-0.01570265826703532
2010-11-19,100.2073974609375,0.033121918774416725
2010-11-22,103.52645874023438,-0.0034033879119372834
2010-11-23,103.17411804199219,-0.02546594240225608
2010-11-24,100.54669189453125,0.005040194687611743
2010-11-25,101.053466796875,-0.01082619619970282
2010-11-26,99.95944213867188,0.0
2010-11-29,99.95944213867188,-0.0054398283483505505
2010-11-30,99.41567993164062,0.035726717977635936
2010-12-01,102.96747589111328,0.010434973580990103
2010-12-02,104.04193878173828,0.0016305657005561969
2010-12-03,104.21158599853516,-0.005176063847272094
2010-12-06,103.67218017578125,-0.013258986261932892
2010-12-07,102.29759216308594,-0.030276581383988366
2010-12-08,99.20037078857422,-0.021245861626526974
2010-12-09,97.0927734375,-0.004323619157538983
2010-12-10,96.67298126220703,0.007492075878685167
2010-12-13,97.39726257324219,-0.0003350291327296473
2010-12-14,97.36463165283203,-0.03366459075409323
2010-12-15,94.0868911743164,0.017522725343182
2010-12-16,95.73554992675781,-0.012858924551232276
2010-12-20,94.5044937133789,0.019148546774401032
2010-12-21,96.31411743164062,-0.015943414191477157
2010-12-22,94.7785415649414,0.0055763537614226255
2010-12-23,95.30706024169922,0.012528971340017181
2010-12-24,96.50115966796875,-0.0021186534478123686
2010-12-27,96.29670715332031,0.01917610496504385
2010-12-28,98.14330291748047,0.03175762694169282
2010-12-29,101.26010131835938,-0.009579981380860247
2010-12-30,100.29003143310547,0.01771861472026126
2010-12-31,102.06703186035156,0.018816306912849523
2011-01-03,103.98755645751953,-0.018803498818806386
2011-01-04,102.0322265625,-0.015923798346110796
2011-01-05,100.40748596191406,0.00846966819927042
2011-01-06,101.25790405273438,-0.025045441270830526
2011-01-07,98.72185516357422,-0.051642580402546545
2011-01-10,93.62360382080078,-0.0026251212877909103
2011-01-11,93.3778305053711,0.02734553569145226
2011-01-12,95.9312973022461,-0.02825016917971479
2011-01-13,93.22122192382812,-0.043606958911804994
2011-01-14,89.1561279296875,0.009050586896724555
2011-01-17,89.96304321289062,0.019946002403737673
2011-01-18,91.7574462890625,-0.016071231393271268
2011-01-19,90.28279113769531,0.020284705869229702
2011-01-20,92.11415100097656,-0.011050569400010923
2011-01-21,91.09623718261719,0.02600106229678878
2011-01-24,93.46483612060547,-0.029926559653333573
2011-01-25,90.66775512695312,-0.016024565457904538
2011-01-27,89.21484375,0.0016334620878759587
2011-01-28,89.3605728149414,-0.003383259614012868
2011-01-31,89.05824279785156,-0.0037609733606714935
2011-02-01,88.72329711914062,-0.009658753785748542
2011-02-02,87.86634063720703,0.0203228895622809
2011-02-03,89.65203857421875,-0.02096142311821625
2011-02-04,87.7728042602539,0.010457160584279812
2011-02-07,88.69065856933594,-0.017656725731453826
2011-02-08,87.12467193603516,0.009711018901266799
2011-02-09,87.97074127197266,-0.0031893670535217966
2011-02-10,87.69017028808594,0.02155410699715654
2011-02-11,89.58025360107422,0.022410495182755286
2011-02-14,91.5877914428711,0.0007363846926946582
2011-02-15,91.65523529052734,-0.0057666271137272185
2011-02-16,91.12669372558594,0.04332059237662467
2011-02-17,95.07435607910156,-0.004346717985977078
2011-02-18,94.66109466552734,0.011764090501013902
2011-02-21,95.77469635009766,-0.02872771885120029
2011-02-22,93.02330780029297,-0.011386765792231746
2011-02-23,91.96407318115234,-0.02601569697480033
2011-02-24,89.57156372070312,-0.008231885252911297
2011-02-25,88.83422088623047,0.004945687698879375
2011-02-28,89.27356719970703,0.042270728848547545
2011-03-01,93.04722595214844,0.025315749917636188
2011-03-03,95.40278625488281,0.011444557273727396
2011-03-04,96.49462890625,-0.020331293865530453
2011-03-07,94.53276824951172,0.01534623144530789
2011-03-08,95.98348999023438,-0.00020380346224246892
2011-03-09,95.96392822265625,0.0010651776122849732
2011-03-10,96.06614685058594,-0.009984607176445337
2011-03-11,95.10696411132812,0.012989797735575515
2011-03-14,96.3423843383789,-0.013590740231722243
2011-03-15,95.03302001953125,-0.00041184415624451187
2011-03-16,94.99388122558594,-0.0010303558626999498
2011-03-17,94.89600372314453,-0.014760726403616475
2011-03-18,93.49526977539062,0.0023964039008335103
2011-03-21,93.71932220458984,-0.0013229426719143511
2011-03-22,93.5953369140625,0.005856178095895226
2011-03-23,94.14344787597656,0.013214723041402587
2011-03-24,95.38752746582031,0.0329490569747144
2011-03-25,98.53045654296875,0.013995263029765503
2011-03-28,99.90941619873047,0.0036573351700190937
2011-03-29,100.27481842041016,0.015769041698378228
2011-03-30,101.8560562133789,0.0018577613369170631
2011-03-31,102.04528045654297,-0.005158023245720678
2011-04-01,101.51892852783203,0.028730399587743705
2011-04-04,104.43560791015625,-0.0021032124286923803
2011-04-05,104.21595764160156,-0.008264692717913635
2011-04-06,103.35464477539062,-0.00892285319888686
2011-04-07,102.43242645263672,-0.000997987266966538
2011-04-08,102.3302001953125,-0.023954149463967678
2011-04-11,99.87896728515625,0.0317500826500825
2011-04-13,103.05013275146484,-0.002469240549354157
2011-04-15,102.7956771850586,-0.02170906366396297
2011-04-18,100.56407928466797,0.015442676218701878
2011-04-19,102.11705780029297,0.010415335076569221
2011-04-20,103.1806411743164,0.016315622792596907
2011-04-21,104.86409759521484,-0.008151332287163915
2011-04-25,104.00931549072266,-0.013027931572514362
2011-04-26,102.65428924560547,-0.0027967827522390465
2011-04-27,102.3671875,-0.006586710223803749
2011-04-28,101.69292449951172,-0.01805163816448152
2011-04-29,99.8572006225586,-0.002352297053829666
2011-05-02,99.62230682373047,-0.023797385373145907
2011-05-03,97.25155639648438,0.011540166922989314
2011-05-04,98.37385559082031,-0.01812997894068724
2011-05-05,96.59033966064453,0.034587441092379434
2011-05-06,99.93115234375,-0.008009588510644483
2011-05-09,99.13074493408203,-0.014239377092670757
2011-05-10,97.71918487548828,0.0065213441743676714
2011-05-11,98.3564453125,-0.009221460254971836
2011-05-12,97.44945526123047,0.004843381238160971
2011-05-13,97.92144012451172,0.0008885246696099802
2011-05-16,98.0084457397461,-0.00026622735520320795
2011-05-17,97.98235321044922,0.006614941994868229
2011-05-18,98.63050079345703,0.002844744891530082
2011-05-19,98.91107940673828,0.01842720486980065
2011-05-20,100.73373413085938,-0.022023464914871727
2011-05-23,98.51522827148438,-0.004150523504660719
2011-05-24,98.10633850097656,-0.0002439537649678858
2011-05-25,98.08240509033203,0.004191008036259269
2011-05-26,98.49346923828125,0.01742351663891495
2011-05-27,100.2095718383789,0.001714470307550231
2011-05-30,100.38137817382812,0.03984658423973264
2011-05-31,104.38123321533203,-0.0005624400968405885
2011-06-01,104.32252502441406,-0.008985237566662363
2011-06-02,103.38516235351562,-0.0015040329424613752
2011-06-03,103.22966766357422,0.010395610101874064
2011-06-06,104.30280303955078,-0.0019947806981066574
2011-06-07,104.09474182128906,-0.00894157435561338
2011-06-08,103.16397094726562,0.0032056126990362976
2011-06-09,103.49467468261719,-0.00014839383029618958
2011-06-10,103.47931671142578,0.0042965394480567465
2011-06-13,103.92391967773438,0.004172736720347459
2011-06-14,104.3575668334961,-0.004071469120373039
2011-06-15,103.93267822265625,-0.01255885045685634
2011-06-16,102.62740325927734,0.002688680637418006
2011-06-17,102.90333557128906,-0.02141054554259847
2011-06-20,100.70011901855469,0.01154840462502893
2011-06-21,101.86304473876953,-0.0012255650028427656
2011-06-22,101.73820495605469,0.004757619592906881
2011-06-23,102.22223663330078,0.021167636043301297
2011-06-24,104.38603973388672,0.013847302681235796
2011-06-27,105.83150482177734,0.002855557494776839
2011-06-28,106.13371276855469,0.02725912537259667
2011-06-29,109.02682495117188,0.010626391322152484
2011-06-30,110.18538665771484,-0.005684721994591024
2011-07-01,109.55901336669922,0.012373643978855542
2011-07-04,110.91465759277344,0.0035346461494947246
2011-07-05,111.30670166015625,0.0016330582255685844
2011-07-06,111.48847198486328,0.008054188946745144
2011-07-07,112.38642120361328,-0.0025917957942701575
2011-07-08,112.09513854980469,-0.013598266983761986
2011-07-11,110.57083892822266,-0.01766787938872294
2011-07-12,108.6172866821289,0.016110421773046113
2011-07-13,110.36715698242188,0.003988650940091265
2011-07-14,110.807373046875,0.00592939396342973
2011-07-15,111.46439361572266,0.01198539808147392
2011-07-18,112.80033874511719,-0.00815456728138575
2011-07-19,111.88050079345703,-0.015170752627400197
2011-07-20,110.18318939208984,-0.013516336561918196
2011-07-21,108.69391632080078,0.010578358021690493
2011-07-22,109.84371948242188,0.0072774068938386005
2011-07-25,110.64309692382812,-0.013954767727847317
2011-07-26,109.0990982055664,0.007828760565592452
2011-07-27,109.95320892333984,-0.029379423939585037
2011-07-28,106.72284698486328,-0.0010259946525604802
2011-07-29,106.61334991455078,0.002465073591896294
2011-08-01,106.87615966796875,-0.010553328014647145
2011-08-02,105.74826049804688,-0.0016567782315327628
2011-08-03,105.57305908203125,-0.011617199771753461
2011-08-04,104.34659576416016,-0.0071360380413217905
2011-08-05,103.60197448730469,-0.023147554243887702
2011-08-08,101.20384216308594,0.0050854919604161886
2011-08-09,101.71851348876953,0.03326508130651762
2011-08-10,105.10218811035156,0.00010431219500306455
2011-08-11,105.11315155029297,-0.024794462173571175
2011-08-12,102.50692749023438,-0.02478358545103565
2011-08-16,99.96643829345703,0.024208640579979734
2011-08-17,102.38648986816406,-0.01090886573638361
2011-08-18,101.26956939697266,-0.0033523673485839067
2011-08-19,100.9300765991211,-0.01692525428965086
2011-08-22,99.22180938720703,0.014016161687927742
2011-08-23,100.61251831054688,-0.007400956846658535
2011-08-24,99.86788940429688,-0.027083356888418564
2011-08-25,97.16313171386719,-0.010593806255744798
2011-08-26,96.13380432128906,0.03986770313758625
2011-08-29,99.96643829345703,0.033957777424842295
2011-08-30,103.36107635498047,0.001800890377090747
2011-09-02,103.5472183227539,-0.005393253724670255
2011-09-05,102.98876190185547,0.005422498635633932
2011-09-06,103.5472183227539,0.0323604065121339
2011-09-07,106.8980484008789,-0.009014483338889545
2011-09-08,105.93441772460938,-0.02160419317602058
2011-09-09,103.64579010009766,-0.008241111320736794
2011-09-12,102.79163360595703,-0.0035153737761265402
2011-09-13,102.43028259277344,0.023946907366460657
2011-09-14,104.88317108154297,0.012006622125869892
2011-09-15,106.14246368408203,-0.0019600634114907978
2011-09-16,105.93441772460938,0.0021708982245347563
2011-09-19,106.16439056396484,0.013615275807806748
2011-09-20,107.60984802246094,0.006410728159063739
2011-09-21,108.2997055053711,-0.0448938606031859
2011-09-22,103.43771362304688,-0.03366493118198932
2011-09-23,99.95549011230469,-0.01380367512822711
2011-09-26,98.57573699951172,0.016329529796752063
2011-09-27,100.18543243408203,0.001202375508366993
2011-09-28,100.30589294433594,0.027511060450918556
2011-09-29,103.06541442871094,-0.006268566339896586
2011-09-30,102.41934204101562,-0.024804928492403455
2011-10-03,99.87883758544922,-0.015678099357291697
2011-10-04,98.31292724609375,-0.022722207356904445
2011-10-05,96.07904052734375,0.025757960282284165
2011-10-07,98.55384063720703,0.010444392783857115
2011-10-10,99.58317565917969,0.006157793034718306
2011-10-11,100.1963882446289,0.021092990519031574
2011-10-12,102.30982971191406,0.007492195722669903
2011-10-13,103.07635498046875,0.006905408742168273
2011-10-14,103.78813934326172,0.00875701710686605
2011-10-17,104.69701385498047,0.000209213146513898
2011-10-18,104.71891784667969,0.028652198741078605
2011-10-19,107.71934509277344,-0.004676396824418783
2011-10-20,107.21560668945312,-0.0052086520679908155
2011-10-21,106.65715789794922,-0.005441507000796264
2011-10-24,106.0767822265625,-0.03375656372233682
2011-10-25,102.4959945678711,0.031303177562302054
2011-10-28,105.7044448852539,0.015228699348309727
2011-10-31,107.3141860961914,-0.015714404035010898
2011-11-01,105.6278076171875,0.0016587397709242335
2011-11-02,105.80301666259766,-0.0025873582229584136
2011-11-03,105.52926635742188,0.0023865791127370972
2011-11-04,105.78112030029297,0.002588038046748453
2011-11-08,106.05488586425781,-0.014455256112118842
2011-11-09,104.52183532714844,-0.027658624312640212
2011-11-11,101.63090515136719,0.01583879127084331
2011-11-14,103.24061584472656,0.0018032133422860586
2011-11-15,103.4267807006836,-0.013869804973386968
2011-11-16,101.99227142333984,-0.01363543437097725
2011-11-17,100.6015625,-0.0022857493010794983
2011-11-18,100.37161254882812,-0.029784109162210637
2011-11-21,97.38213348388672,-0.001349256048481684
2011-11-22,97.25074005126953,-0.04042340189328364
2011-11-23,93.31953430175781,0.008331386187456769
2011-11-24,94.09701538085938,0.0029092347304298105
2011-11-25,94.37076568603516,0.023091161106491676
2011-11-28,96.54989624023438,-0.012815895202745398
2011-11-29,95.3125228881836,0.016773817693275017
2011-11-30,96.9112777709961,0.024858618736447013
2011-12-01,99.32035827636719,0.0275635080278116
2011-12-02,102.05797576904297,-0.007832507023465718
2011-12-05,101.25860595703125,0.010273453440312164
2011-12-07,102.29888153076172,-0.0285805613580441
2011-12-08,99.3751220703125,-0.022038577856503205
2011-12-09,97.1850357055664,-0.026366286009594564
2011-12-12,94.62262725830078,0.014697424534022785
2011-12-13,96.01333618164062,-0.009238151845182951
2011-12-14,95.12635040283203,-0.006906900090877688
2011-12-15,94.46932220458984,-0.03720880874714294
2011-12-16,90.95423126220703,-0.02239330731491107
2011-12-19,88.91746520996094,0.020197021087828837
2011-12-20,90.71333312988281,0.051303795515853734
2011-12-21,95.36727142333984,0.016993788549564792
2011-12-22,96.98792266845703,-0.011967998806834412
2011-12-23,95.8271713256836,0.014055601878910196
2011-12-26,97.17407989501953,-0.009014979507020682
2011-12-27,96.29805755615234,0.00022722268829644676
2011-12-28,96.31993865966797,-0.023192281062891285
2011-12-29,94.0860595703125,-0.00640120765018104
2011-12-30,93.48379516601562,0.0
2012-01-02,93.48379516601562,0.028815546227128674
2012-01-03,96.17758178710938,0.009450120845413412
2012-01-04,97.08647155761719,0.0007896069866386579
2012-01-05,97.16313171386719,0.021751396858166405
2012-01-06,99.27656555175781,0.0052943435857766286
2012-01-09,99.80216979980469,0.008777817444330704
2012-01-10,100.67821502685547,0.006417353012387439
2012-01-11,101.32430267333984,0.008645727784492241
2012-01-12,102.20032501220703,0.0063217021767070225
2012-01-13,102.84640502929688,-0.019378449296765576
2012-01-16,100.85340118408203,0.01715553537593495
2012-01-17,102.5835952758789,0.028821411415295373
2012-01-18,105.54019927978516,0.010168169494551682
2012-01-19,106.61334991455078,0.007703292358500757
2012-01-20,107.43462371826172,-0.013352392624426446
2012-01-23,106.00011444091797,0.009917338478514726
2012-01-24,107.05135345458984,0.002864282947538932
2012-01-25,107.35797882080078,-0.012239950965151514
2012-01-27,106.0439224243164,-0.010636222930374806
2012-01-30,104.916015625,0.02724165243312182
2012-01-31,107.77410125732422,0.010262090204653518
2012-02-01,108.88008880615234,0.001508499921975437
2012-02-02,109.0443344116211,0.016770497358119307
2012-02-03,110.87306213378906,0.0028642297042860143
2012-02-06,111.19062805175781,0.0031515074333170467
2012-02-07,111.54104614257812,-0.0016690939505228375
2012-02-08,111.35487365722656,0.02773141266907775
2012-02-09,114.44290161132812,-0.009664165821125725
2012-02-10,113.33690643310547,0.008599156058496371
2012-02-13,114.31150817871094,-0.007759240816181623
2012-02-14,113.4245376586914,0.029252398350389397
2012-02-15,116.74247741699219,-0.012381262960186712
2012-02-16,115.29705810546875,0.003513978360288217
2012-02-17,115.70220947265625,0.007098168716519027
2012-02-21,116.52348327636719,-0.001127809752211828
2012-02-22,116.3920669555664,0.003198926882673314
2012-02-23,116.76439666748047,-0.015942913159837535
2012-02-24,114.90283203125,-0.017249775306921178
2012-02-27,112.92078399658203,0.02889852968967177
2012-02-28,116.18402862548828,-0.025259328364702127
2012-02-29,113.24929809570312,-0.005995023380786502
2012-03-01,112.57036590576172,0.009241452777847714
2012-03-02,113.61067962646484,-0.01503628423243053
2012-03-05,111.90239715576172,-0.00694778190162304
2012-03-06,111.12492370605469,0.016259460970634132
2012-03-07,112.93175506591797,0.014641683788568782
2012-03-09,114.58526611328125,-0.008123020829726824
2012-03-12,113.65448760986328,0.010501767445769472
2012-03-13,114.84806060791016,0.007246419654343139
2012-03-14,115.6802978515625,-0.03294191017176118
2012-03-15,111.86956787109375,-0.005775365533089882
2012-03-16,111.22348022460938,-0.01772163308109509
2012-03-19,109.2524185180664,0.013129949700183552
2012-03-20,110.68689727783203,0.020281151999872016
2012-03-21,112.93175506591797,-0.022108213574598468
2012-03-22,110.4350357055664,0.019236762346734215
2012-03-23,112.5594482421875,-0.004475309813499195
2012-03-26,112.05570983886719,0.014072094342852282
2012-03-27,113.632568359375,-0.010407378840191717
2012-03-28,112.449951171875,-0.0065246447529825335
2012-03-29,111.71625518798828,0.01911380369139315
2012-03-30,113.85157775878906,0.016350869283243474
2012-04-02,115.71315002441406,0.0035012765420998626
2012-04-03,116.11829376220703,-0.006884033141704271
2012-04-04,115.31893157958984,-0.009115993607180295
2012-04-09,114.26768493652344,0.005941593988874061
2012-04-10,114.94661712646484,0.0030487280771243075
2012-04-11,115.29705810546875,0.007502804353775705
2012-04-12,116.162109375,-0.0019794293820932785
2012-04-13,115.93217468261719,0.0007554887110374775
2012-04-16,116.01976013183594,0.0009437794922870779
2012-04-17,116.12925720214844,0.013955778004156594
2012-04-18,117.74993133544922,0.030502952658396865
2012-04-19,121.3416519165039,-0.005324218760069832
2012-04-20,120.69560241699219,-0.010433750991004076
2012-04-23,119.43629455566406,-0.006418050389038421
2012-04-24,118.66974639892578,0.008858718702587476
2012-04-25,119.72100830078125,-0.011250330740261716
2012-04-26,118.37410736083984,0.0012027303480621754
2012-04-27,118.5164794921875,0.0024943685516440883
2012-04-30,118.81210327148438,0.013640712672109423
2012-05-02,120.43278503417969,0.00754667329221248
2012-05-03,121.3416519165039,-0.029870867307747573
2012-05-04,117.71707153320312,-0.009767449336371303
2012-05-07,116.56727600097656,-0.03175209994877837
2012-05-08,112.86602020263672,-0.0052389635365353016
2012-05-09,112.27471923828125,0.009460608782017266
2012-05-10,113.33690643310547,-0.013430026128730566
2012-05-11,111.81478881835938,-0.01958666432674927
2012-05-14,109.62471008300781,-0.002896776541837731
2012-05-15,109.3071517944336,-0.007813929218229432
2012-05-16,108.45303344726562,0.005250241362106722
2012-05-17,109.0224380493164,0.005524294305535138
2012-05-18,109.62471008300781,-0.006193170864787656
2012-05-21,108.94578552246094,-0.016483981293219485
2012-05-22,107.1499252319336,-0.004190224470970727
2012-05-23,106.70094299316406,0.02565684788237199
2012-05-24,109.43855285644531,0.0006004463087505574
2012-05-25,109.50426483154297,0.017499895317636183
2012-05-28,111.42057800292969,-0.007469263121538727
2012-05-29,110.58834838867188,-0.008515673917608768
2012-05-30,109.64661407470703,0.011085682103197936
2012-05-31,110.86212158203125,-0.03121309593611421
2012-06-01,107.40177154541016,0.010705554626167624
2012-06-04,108.55156707763672,0.011802724346821059
2012-06-05,109.83277130126953,0.03668998078007912
2012-06-06,113.86253356933594,0.03442974124558851
2012-06-07,117.78279113769531,0.002417148410036374
2012-06-08,118.06748962402344,0.00528647444431285
2012-06-11,118.691650390625,0.014115629904496663
2012-06-12,120.36705780029297,-0.014282852027011184
2012-06-13,118.64787292480469,-0.013567255041888826
2012-06-14,117.03814697265625,0.02460707735327272
2012-06-15,119.9181137084961,-0.023011524371533643
2012-06-18,117.15861511230469,0.00280394633729375
2012-06-19,117.48712158203125,-0.004194289184579647
2012-06-20,116.99434661865234,0.016286153420973948
2012-06-21,118.89973449707031,0.0026707432150532284
2012-06-22,119.21728515625,-0.014053457406504877
2012-06-25,117.5418701171875,0.012576941810338083
2012-06-26,119.02018737792969,0.010212552212424786
2012-06-27,120.23568725585938,0.006976285844021213
2012-06-28,121.0744857788086,0.027438273792926404
2012-06-29,124.39656066894531,0.018454506882775057
2012-07-02,126.6922378540039,0.0033104688390594994
2012-07-03,127.11164855957031,0.003733379077495602
2012-07-04,127.5862045288086,0.010553681852976116
2012-07-05,128.93270874023438,-0.0044511460360764366
2012-07-06,128.3588104248047,-0.0057609119600366965
2012-07-09,127.61934661865234,0.018161363895466076
2012-07-10,129.9370880126953,-0.002803104952500468
2012-07-11,129.57286071777344,-0.011754672540332689
2012-07-12,128.04977416992188,0.011980643170115934
2012-07-13,129.58389282226562,-0.007495045575990789
2012-07-16,128.61265563964844,0.0010296889494645356
2012-07-17,128.74508666992188,0.00642955835645842
2012-07-18,129.57286071777344,0.004088586873256084
2012-07-19,130.10263061523438,-0.011537217439563596
2012-07-20,128.6016082763672,-0.016477624974267413
2012-07-23,126.48255920410156,0.0018322119693416905
2012-07-24,126.71430206298828,0.003484018041872927
2012-07-25,127.15577697753906,-0.017793651744132943
2012-07-26,124.8932113647461,0.03322742213303198
2012-07-27,129.0430908203125,0.0045329484515017615
2012-07-30,129.62803649902344,0.0008516470807455878
2012-07-31,129.73843383789062,-0.0021266591222526277
2012-08-01,129.4625244140625,-0.006820119050649831
2012-08-02,128.57957458496094,0.009785214447930457
2012-08-03,129.83775329589844,0.020486312979585142
2012-08-06,132.49765014648438,-0.00024990309057570936
2012-08-07,132.46453857421875,-0.001999609270427749
2012-08-08,132.1996612548828,0.009600711555399766
2012-08-09,133.4688720703125,-0.004134438533095142
2012-08-10,132.91705322265625,0.00880155006651484
2012-08-13,134.08692932128906,0.0011525434761407993
2012-08-14,134.24147033691406,-0.01331912650754763
2012-08-16,132.4534912109375,-0.00824943620577312
2012-08-17,131.36082458496094,0.0021846090476755897
2012-08-21,131.64779663085938,0.0008382332657601577
2012-08-22,131.75814819335938,0.0013403742161752774
2012-08-23,131.93475341796875,-0.002342225896422967
2012-08-24,131.625732421875,-0.0032702605450541933
2012-08-27,131.19528198242188,-0.008412524101495955
2012-08-28,130.0915985107422,-0.0013571933181188989
2012-08-29,129.9150390625,0.012488090361038262
2012-08-30,131.5374298095703,-0.0009229230490287454
2012-08-31,131.41603088378906,-0.008230497112272306
2012-09-03,130.33441162109375,-0.0005927463673065514
2012-09-04,130.2571563720703,0.0033891979331654998
2012-09-05,130.69862365722656,-0.006671208159743758
2012-09-06,129.8267059326172,0.0038256657628066293
2012-09-07,130.32337951660156,0.0012702448567025737
2012-09-10,130.48892211914062,0.005497840084137451
2012-09-11,131.20632934570312,0.008075487356400401
2012-09-12,132.26588439941406,0.0
2012-09-13,132.26588439941406,0.02261340533309375
2012-09-14,135.25686645507812,-0.007262476430457188
2012-09-17,134.27456665039062,-0.004684983257608244
2012-09-18,133.64549255371094,0.0023947915823447907
2012-09-20,133.96554565429688,0.03007096250543584
2012-09-21,137.9940185546875,0.0157561566353841
2012-09-24,140.16827392578125,0.0029920309756035213
2012-09-25,140.58766174316406,-0.009656209716273456
2012-09-26,139.23011779785156,7.934607436932417e-05
2012-09-27,139.2411651611328,-0.0026156922466954446
2012-09-28,138.876953125,-0.010013690141340237
2012-10-01,137.4862823486328,-0.005458641170811074
2012-10-03,136.7357940673828,0.019129869635671426
2012-10-04,139.35153198242188,-0.014097827308103272
2012-10-05,137.38697814941406,-0.002731404420337036
2012-10-08,137.01171875,0.008136025481111808
2012-10-09,138.12644958496094,-0.012465070858034832
2012-10-10,136.40469360351562,0.0111657157099041
2012-10-11,137.92774963378906,0.010082824505132315
2012-10-12,139.31845092773438,0.004753145928085845
2012-10-15,139.98065185546875,-0.005913271007825349
2012-10-16,139.1529083251953,-0.0036488742560605303
2012-10-17,138.64515686035156,0.012896300772739178
2012-10-18,140.43316650390625,-0.012103316286062094
2012-10-19,138.73345947265625,0.016706379077249478
2012-10-22,141.0511932373047,-0.007667949923035988
2012-10-23,139.96961975097656,0.005125122519240799
2012-10-25,140.68698120117188,0.005099314950376632
2012-10-29,141.40438842773438,-0.010849158710005469
2012-10-30,139.87026977539062,0.0008680485478813615
2012-10-31,139.99168395996094,-0.008829913799070166
2012-11-01,138.7555694580078,0.0027041337836923862
2012-11-02,139.1307830810547,0.007456946778788387
2012-11-05,140.16827392578125,0.007165307289255907
2012-11-06,141.17262268066406,0.0007816782064722361
2012-11-07,141.28297424316406,-0.001640544496610441
2012-11-08,141.0511932373047,0.0005478188878735857
2012-11-09,141.1284637451172,0.01869089560541437
2012-11-12,143.7662811279297,-0.007753558822258921
2012-11-15,142.65158081054688,-0.006189662132544349
2012-11-16,141.76861572265625,0.0070066047081525085
2012-11-19,142.76193237304688,0.010977928069186405
2012-11-20,144.32916259765625,0.015064666008933969
2012-11-21,146.50343322753906,0.008136233108838153
2012-11-22,147.69541931152344,0.000971344510441563
2012-11-23,147.83888244628906,-0.011720787233135632
2012-11-26,146.10609436035156,0.028101109855670048
2012-11-27,150.2118377685547,0.02843477782993431
2012-11-29,154.4830780029297,0.00585833768840871
2012-11-30,155.38809204101562,-0.024149424255713647
2012-12-03,151.63555908203125,-0.002620253526308347
2012-12-04,151.2382354736328,0.010873577883739438
2012-12-05,152.8827362060547,0.003104301558099376
2012-12-06,153.35733032226562,-0.0023751232037328984
2012-12-07,152.9930877685547,-0.00014401756136583899
2012-12-10,152.97105407714844,-0.0031026090384436156
2012-12-11,152.49644470214844,0.0043424024017593155
2012-12-12,153.1586456298828,-0.004035305938138389
2012-12-13,152.5406036376953,-0.003328231418916694
2012-12-14,152.0329132080078,-0.017785889057089554
2012-12-17,149.32887268066406,-0.0008128613362786696
2012-12-18,149.20748901367188,0.017826729806793784
2012-12-19,151.86737060546875,-0.006686172104678256
2012-12-20,150.85195922851562,-0.010828086812430304
2012-12-21,149.21852111816406,0.00014755830879575882
2012-12-24,149.24053955078125,0.006212382272385852
2012-12-26,150.1676788330078,-0.000294165793060297
2012-12-27,150.12350463867188,-0.0036021773251069256
2012-12-28,149.58273315429688,0.0014016040307438526
2012-12-31,149.79238891601562,0.008694488241273168
2013-01-01,151.09475708007812,0.004163642911344745
2013-01-02,151.72386169433594,-0.005819352081159579
2013-01-03,150.84092712402344,-0.0058536174811802955
2013-01-04,149.9579620361328,-0.016412375497893983
2013-01-07,147.49679565429688,0.003067548764528416
2013-01-08,147.94924926757812,-0.0041027219260062475
2013-01-09,147.34225463867188,0.012434262592554424
2013-01-10,149.17434692382812,-0.009618168037159314
2013-01-11,147.73956298828125,0.0
2013-01-14,147.73956298828125,-0.001494072664853019
2013-01-15,147.51882934570312,-0.011671431973002355
2013-01-16,145.7970733642578,0.009538399806508835
2013-01-17,147.187744140625,-0.0059239509953041836
2013-01-18,146.31581115722656,-0.006487048168866805
2013-01-21,145.3666534423828,-0.007288845334331828
2013-01-22,144.30709838867188,0.004359379146924525
2013-01-23,144.93618774414062,0.005635077735120841
2013-01-24,145.75291442871094,0.007193943339778963
2013-01-25,146.80145263671875,0.007969000434476126
2013-01-28,147.9713134765625,-0.026702282909895514
2013-01-29,144.0201416015625,0.006437143004865975
2013-01-30,144.9472198486328,-0.020711190059942597
2013-01-31,141.9451904296875,-0.004509530750807289
2013-02-01,141.30508422851562,0.010544275352381227
2013-02-04,142.7950439453125,-0.004250917055131032
2013-02-05,142.1880340576172,-0.007219023366048072
2013-02-06,141.1615753173828,0.003127606090692403
2013-02-07,141.6030731201172,0.013327982815700468
2013-02-08,143.4903564453125,0.010614769543834779
2013-02-11,145.0134735107422,0.012557974065204425
2013-02-12,146.8345489501953,-0.0015034892110515896
2013-02-13,146.61378479003906,0.01595923434723967
2013-02-14,148.95362854003906,0.002889623610339287
2013-02-15,149.38404846191406,-0.0011080657235782443
2013-02-18,149.21852111816406,-0.001775199057999166
2013-02-19,148.95362854003906,0.0031861870090890143
2013-02-20,149.42822265625,-0.01580650853350496
2013-02-21,147.0662841796875,-0.010431373867312077
2013-02-22,145.5321807861328,-0.00432268211793807
2013-02-25,144.90309143066406,-0.007921343410307702
2013-02-26,143.75526428222656,-0.013051916725620893
2013-02-27,141.8789825439453,-0.027071316421996894
2013-02-28,138.0381317138672,-0.004557248702725558
2013-03-01,137.4090576171875,0.008272961075995733
2013-03-04,138.54583740234375,0.00844407438979533
2013-03-05,139.71572875976562,-0.003870512569882689
2013-03-06,139.17495727539062,0.01792221660634774
2013-03-07,141.66928100585938,0.024150950224450796
2013-03-08,145.09072875976562,-0.003119049507049665
2013-03-11,144.63818359375,-0.01716899067919342
2013-03-12,142.15489196777344,-0.01413012921597423
2013-03-13,140.14622497558594,0.022601798680250695
2013-03-14,143.31378173828125,-0.015171399453078771
2013-03-15,141.13951110839844,0.006099320422598753
2013-03-18,142.0003662109375,-0.01826515322793476
2013-03-19,139.40670776367188,-0.009579519093255606
2013-03-20,138.07125854492188,-0.029576605893616215
2013-03-21,133.98757934570312,-0.002882811886104175
2013-03-22,133.601318359375,0.006856679354787953
2013-03-25,134.5173797607422,0.008368789837167157
2013-03-26,135.64312744140625,0.017656657713790214
2013-03-28,138.0381317138672,-0.0023985054054803667
2013-04-01,137.70704650878906,0.009697976757078175
2013-04-02,139.0425262451172,-0.009922422363377148
2013-04-03,137.6628875732422,-0.012025881537928607
2013-04-04,136.0073699951172,0.007790087238520815
2013-04-05,137.06687927246094,0.005636874409636672
2013-04-08,137.83950805664062,-0.006165529227482258
2013-04-09,136.98965454101562,0.018369293700852163
2013-04-10,139.5060577392578,0.01147148606167403
2013-04-11,141.1063995361328,0.006961304016880554
2013-04-12,142.08868408203125,-0.0033401260577298197
2013-04-15,141.6140899658203,0.033980183434202615
2013-04-16,146.42616271972656,-0.004899342811752749
2013-04-17,145.70877075195312,0.020451515681467525
2013-04-18,148.68873596191406,0.03666861136039801
2013-04-22,154.1409454345703,-0.013317948587481698
2013-04-23,152.08810424804688,0.000798114143064188
2013-04-25,152.20948791503906,-0.0006526184284406655
2013-04-26,152.1101531982422,0.00877978864025386
2013-04-29,153.44564819335938,-0.018485286808733403
2013-04-30,150.60916137695312,0.014949259000871518
2013-05-02,152.86065673828125,-0.01667838571769109
2013-05-03,150.31118774414062,-0.008003618794586553
2013-05-06,149.108154296875,0.0185786831535808
2013-05-07,151.87838745117188,0.013225797312342857
2013-05-08,153.88710021972656,-0.010184385053462308
2013-05-09,152.31985473632812,0.0192739566322202
2013-05-10,155.2556610107422,-0.015070711220378508
2013-05-13,152.9158477783203,-0.005340920759012602
2013-05-14,152.09913635253906,0.03744273281748778
2013-05-15,157.7941436767578,0.011121246408902108
2013-05-16,159.54901123046875,-0.0053955527264004655
2013-05-17,158.6881561279297,-0.006120702279767798
2013-05-20,157.7168731689453,-0.009377298066888251
2013-05-21,156.2379150390625,-0.0061454948468671056
2013-05-22,155.2777557373047,-0.006894757152488773
2013-05-23,154.2071533203125,0.003936624540377576
2013-05-24,154.814208984375,0.019533695568181964
2013-05-27,157.8383026123047,-0.0024473875954881263
2013-05-28,157.45201110839844,0.0037151696785713284
2013-05-29,158.03697204589844,0.012849915386636379
2013-05-30,160.06773376464844,-0.03399287277581675
2013-05-31,154.62657165527344,-0.0162027203146915
2013-06-03,152.12120056152344,-0.008851371921020479
2013-06-04,150.77471923828125,0.007173642964620086
2013-06-05,151.8563232421875,-0.008358172421859322
2013-06-06,150.5870819091797,-0.008868488049549761
2013-06-07,149.25160217285156,0.00029576685352217247
2013-06-10,149.29574584960938,-0.016929051047980592
2013-06-11,146.768310546875,-0.0014286890577097644
2013-06-12,146.55862426757812,-0.005087837768897541
2013-06-13,145.81295776367188,0.015188680449703007
2013-06-14,148.0276641845703,0.003458149922777043
2013-06-17,148.53956604003906,-0.014834783114283323
2013-06-18,146.3360137939453,0.011788189225399925
2013-06-19,148.06105041503906,-0.04299472892241418
2013-06-20,141.69520568847656,-0.002120472700327336
2013-06-21,141.39474487304688,-0.015584723636224762
2013-06-24,139.19114685058594,0.013832445866496235
2013-06-25,141.1165008544922,-0.017586860853412656
2013-06-26,138.63470458984375,0.03797067523821296
2013-06-27,143.8987579345703,0.035576295717248296
2013-06-28,149.0181427001953,-0.0011205140910047762
2013-07-01,148.85116577148438,-0.01824274662202685
2013-07-02,146.13571166992188,-0.008986493894321379
2013-07-03,144.8224639892578,0.0069162798563071615
2013-07-04,145.8240966796875,0.019232105381674636
2013-07-05,148.62860107421875,-0.010932163403118755
2013-07-08,147.00376892089844,0.014914201613674072
2013-07-09,149.1962127685547,-0.01641056920921158
2013-07-10,146.74781799316406,0.036326336021727634
2013-07-11,152.07862854003906,0.018294859092220284
2013-07-12,154.8608856201172,-0.00043117705720274735
2013-07-15,154.7941131591797,-0.024084962749099548
2013-07-16,151.06590270996094,-0.02327990541657765
2013-07-17,147.54910278320312,0.03198036190696407
2013-07-18,152.2677764892578,-0.0059928724471067785
2013-07-19,151.35525512695312,0.0030144513408214557
2013-07-22,151.81150817871094,0.0022726635393546246
2013-07-23,152.15652465820312,-0.03459610318370032
2013-07-24,146.8925018310547,-0.009243309292328972
2013-07-25,145.53472900390625,-0.0149116711212397
2013-07-26,143.36456298828125,-0.01800971524787298
2013-07-29,140.78260803222656,-0.011304387693090057
2013-07-30,139.19114685058594,-0.024945870058981412
2013-07-31,135.71890258789062,0.03681836610012024
2013-08-01,140.71585083007812,-0.0015027184043642228
2013-08-02,140.50439453125,0.002297108978881246
2013-08-05,140.8271484375,-0.03801165598757339
2013-08-06,135.4740753173828,-0.012240228535926767
2013-08-07,133.8158416748047,0.015468847191284052
2013-08-08,135.8858184814453,-0.013595102214798982
2013-08-12,134.03843688964844,0.030388385335135437
2013-08-13,138.1116485595703,0.0013697502619793855
2013-08-14,138.3008270263672,-0.05383396572894261
2013-08-16,130.8555450439453,-0.005443372934539004
2013-08-19,130.14324951171875,8.558965645488747e-05
2013-08-20,130.15438842773438,0.01470726504894948
2013-08-21,132.068603515625,-0.007837094904732944
2013-08-22,131.0335693359375,0.03201976007683793
2013-08-23,135.22923278808594,0.006172041989157995
2013-08-26,136.06387329101562,-0.08081118913115304
2013-08-27,125.06838989257812,8.906260027163881e-05
2013-08-28,125.07952880859375,0.01797300106426425
2013-08-29,127.32758331298828,0.038370896516111364
2013-08-30,132.2132568359375,-0.007575771564900857
2013-09-02,131.21163940429688,-0.04571666104979066
2013-09-03,125.21308135986328,0.00266653602998157
2013-09-04,125.54696655273438,0.08057783288603115
2013-09-05,135.66326904296875,0.010992789422987315
2013-09-06,137.1545867919922,0.035377957522242376
2013-09-10,142.0068359375,0.014498375339545344
2013-09-11,144.06570434570312,-0.020548345653069622
2013-09-12,141.1053924560547,-0.007492741538427272
2013-09-13,140.04812622070312,0.021614709821997646
2013-09-16,143.07522583007812,-0.0008556426448966814
2013-09-17,142.9528045654297,0.01284552420303875
2013-09-18,144.7891082763672,0.05026905650486957
2013-09-19,152.06752014160156,-0.03534844881499377
2013-09-20,146.69216918945312,-0.02594642308442041
2013-09-23,142.8860321044922,-0.005452159767556752
2013-09-24,142.10699462890625,-0.027958287680911353
2013-09-25,138.13392639160156,0.0008861400602799829
2013-09-26,138.25633239746094,-0.019721398861707873
2013-09-27,135.52972412109375,-0.026030738759722394
2013-09-30,132.0017852783203,0.03136355434350002
2013-10-01,136.14183044433594,0.040137338463164474
2013-10-03,141.606201171875,0.006680169097908806
2013-10-04,142.55215454101562,-0.009602562453049579
2013-10-07,141.18328857421875,-0.002601218167284647
2013-10-08,140.8160400390625,0.02608067165699368
2013-10-09,144.48861694335938,-0.012478026140734455
2013-10-10,142.68568420410156,0.03158896932312083
2013-10-11,147.19297790527344,0.009375584088594735
2013-10-14,148.572998046875,-0.022546955492929954
2013-10-15,145.22312927246094,0.0026822612151311542
2013-10-17,145.61265563964844,0.034240114950731204
2013-10-18,150.59844970703125,-0.007907092674287353
2013-10-21,149.40765380859375,-0.0033520637118830132
2013-10-22,148.90682983398438,-0.01315382551755051
2013-10-23,146.94813537597656,0.013783653481223457
2013-10-24,148.97361755371094,0.004855817316876232
2013-10-25,149.69700622558594,-0.006913888456530848
2013-10-28,148.66201782226562,0.027848400353330804
2013-10-29,152.80201721191406,-0.010415284231637734
2013-10-30,151.21054077148438,0.002134366068756277
2013-10-31,151.5332794189453,0.004406656607140347
2013-11-01,152.20103454589844,-0.011041192735943395
2013-11-05,150.5205535888672,-0.010868653958152064
2013-11-06,148.8845977783203,-0.005232492059023319
2013-11-07,148.10556030273438,-0.019386691827097735
2013-11-08,145.23428344726562,0.0026818450875671918
2013-11-11,145.623779296875,-0.012686302862651377
2013-11-12,143.77635192871094,-0.018964445525069817
2013-11-13,141.04971313476562,0.013413590075286974
2013-11-14,142.9416961669922,0.041419744408174974
2013-11-18,148.8623046875,-0.0130829328894283
2013-11-19,146.9147491455078,-0.015908053474141814
2013-11-20,144.57762145996094,-0.01832034675530092
2013-11-21,141.9289093017578,0.0070572844909284616
2013-11-22,142.9305419921875,0.02740785404569346
2013-11-25,146.84796142578125,-0.010306813463415998
2013-11-26,145.3344268798828,0.0009188801630970467
2013-11-27,145.4679718017578,-0.00022961404386201423
2013-11-28,145.4345703125,0.012090712607016885
2013-11-29,147.19297790527344,0.0
2013-12-02,147.19297790527344,-0.008392630689936453
2013-12-03,145.9576416015625,0.0028212907245637187
2013-12-04,146.3694305419922,0.0463804566645889
2013-12-05,153.15811157226562,-0.007847374362009218
2013-12-06,151.9562225341797,0.020433588928085555
2013-12-09,155.0612335205078,7.183559528534111e-05
2013-12-10,155.07237243652344,-0.0016509192376961135
2013-12-11,154.8163604736328,-0.0005029545995508533
2013-12-12,154.73849487304688,-0.007552059759339924
2013-12-13,153.5699005126953,-0.008116464867055084
2013-12-16,152.32345581054688,-0.039088039572579225
2013-12-17,146.3694305419922,0.013153550593397956
2013-12-18,148.29470825195312,-0.02056254361463261
2013-12-19,145.24539184570312,0.018465979227217932
2013-12-20,147.927490234375,-0.00022559006190681075
2013-12-23,147.8941192626953,-0.010760814490627602
2013-12-24,146.3026580810547,0.017876029753993716
2013-12-26,148.91796875,0.0008967683550611394
2013-12-27,149.051513671875,-0.0002238888479398904
2013-12-30,149.0181427001953,-0.0054519466564435515
2013-12-31,148.20570373535156,-0.0010510862511555752
2014-01-01,148.0499267578125,-0.01225310741450747
2014-01-02,146.23585510253906,0.009284710424863452
2014-01-03,147.59361267089844,-0.0021112006529721006
2014-01-06,147.28201293945312,0.004080178411843605
2014-01-07,147.88294982910156,0.000451831921001844
2014-01-08,147.94976806640625,-0.0026329316434056116
2014-01-09,147.5602264404297,-0.0013575296517545077
2014-01-10,147.3599090576172,0.016312914715265858
2014-01-13,149.76377868652344,-0.0008175309444734546
2014-01-14,149.64134216308594,0.012271264248266078
2014-01-15,151.47763061523438,-0.011020487269470136
2014-01-16,149.8082733154297,-0.011960376192918343
2014-01-17,148.01651000976562,0.0075940089130253075
2014-01-20,149.1405487060547,0.0090288850863125
2014-01-21,150.48712158203125,0.0014793673377593297
2014-01-22,150.70974731445312,0.0035445281795507544
2014-01-23,151.2439422607422,-0.008977269092990348
2014-01-24,149.8861846923828,-0.0359369968729325
2014-01-27,144.49972534179688,-0.007316735259189744
2014-01-28,143.4424591064453,0.0015518084131460608
2014-01-29,143.66505432128906,-0.02114806930428592
2014-01-30,140.62681579589844,-0.0052232398474889585
2014-01-31,139.8922882080078,-0.0031818346918476292
2014-02-03,139.44717407226562,0.00654406864788748
2014-02-04,140.35972595214844,0.010862830980533422
2014-02-05,141.88442993164062,0.01498127985281128
2014-02-06,144.01004028320312,0.0011593752046283878
2014-02-07,144.177001953125,-0.00594372778550134
2014-02-10,143.32005310058594,0.0013976926360186326
2014-02-11,143.52037048339844,0.0010081066360356772
2014-02-12,143.66505432128906,-0.020063656417212417
2014-02-13,140.78260803222656,0.014703789557038327
2014-02-14,142.85264587402344,0.01339971380019489
2014-02-17,144.76683044433594,0.01537506591610227
2014-02-18,146.9926300048828,0.014612424453528838
2014-02-19,149.1405487060547,-0.01089463708842009
2014-02-20,147.51571655273438,0.002489451869597259
2014-02-21,147.88294982910156,0.009933905007162291
2014-02-24,149.3520050048828,0.0001489589272831715
2014-02-25,149.37425231933594,0.009387713699452904
2014-02-26,150.7765350341797,-0.011514790931670738
2014-02-28,149.04037475585938,-0.005077547911391922
2014-03-03,148.2836151123047,0.008255680359418704
2014-03-04,149.50779724121094,-0.002903101128448493
2014-03-05,149.07376098632812,0.008734865704139505
2014-03-06,150.3759002685547,0.0530638399559209
2014-03-07,158.3554229736328,0.03232825344351653
2014-03-10,163.4747772216797,-0.012662548678146979
2014-03-11,161.40476989746094,0.0005516257929443213
2014-03-12,161.49380493164062,0.023154848729994848
2014-03-13,165.23316955566406,-0.013740219181932911
2014-03-14,162.96282958984375,0.0025270760150908345
2014-03-18,163.37464904785156,0.006062527219543368
2014-03-19,164.3651123046875,-0.01117200862397405
2014-03-20,162.52882385253906,0.004998549967990318
2014-03-21,163.3412322998047,0.02289314883297866
2014-03-24,167.08062744140625,-0.0006663137833801125
2014-03-25,166.96929931640625,-0.005465570025131372
2014-03-26,166.0567169189453,0.0009384625662050006
2014-03-27,166.21255493164062,-0.002410467876983402
2014-03-28,165.81190490722656,0.0051679225122667205
2014-03-31,166.66880798339844,-0.014289458744441763
2014-04-01,164.28720092773438,-0.00839995370923341
2014-04-02,162.90719604492188,-0.004235367992202477
2014-04-03,162.21722412109375,-0.0045967159649434874
2014-04-04,161.4715576171875,-0.00013777853376428784
2014-04-07,161.44931030273438,0.022747364976860807
2014-04-09,165.12185668945312,-0.003302152599851449
2014-04-10,164.57659912109375,-0.0016907584603751413
2014-04-11,164.29833984375,-0.0192371345654907
2014-04-15,161.13771057128906,0.002762416028830872
2014-04-16,161.5828399658203,-0.00998678595849678
2014-04-17,159.96914672851562,-0.0031307535537420383
2014-04-21,159.46832275390625,0.015493091706028528
2014-04-22,161.93898010253906,0.007490836801069101
2014-04-23,163.15203857421875,0.0
2014-04-24,163.15203857421875,-0.009004022695890845
2014-04-25,161.68301391601562,-0.0016520294622773823
2014-04-28,161.41590881347656,-0.012961886186135252
2014-04-29,159.3236541748047,0.007683713972265416
2014-04-30,160.5478515625,-0.005822938272881606
2014-05-02,159.6129913330078,-0.0005578182166509071
2014-05-05,159.52395629882812,0.004883418358416103
2014-05-06,160.302978515625,-0.006386869651432203
2014-05-07,159.27914428710938,0.0037730451774860008
2014-05-08,159.88011169433594,0.0535987019540074
2014-05-09,168.44947814941406,0.04671006535166211
2014-05-12,176.31776428222656,-0.0050497781900226135
2014-05-13,175.42739868164062,-0.016113600207361856
2014-05-14,172.6006317138672,0.01663537860179254
2014-05-15,175.47190856933594,0.020739535816806765
2014-05-16,179.11111450195312,0.008947433794510351
2014-05-19,180.7136993408203,0.005111517925016074
2014-05-20,181.63742065429688,-0.008026435278176147
2014-05-21,180.1795196533203,-0.008523959318256003
2014-05-22,178.6436767578125,-0.016135000263077126
2014-05-23,175.76126098632812,0.009497868247170471
2014-05-26,177.4306182861328,0.009722144465132754
2014-05-27,179.15562438964844,0.023046563694863353
2014-05-28,183.2845458984375,-0.016030322344746883
2014-05-29,180.346435546875,-0.021598529983118953
2014-05-30,176.4512176513672,0.03361753082241159
2014-06-02,182.38307189941406,0.006040999921607337
2014-06-03,183.48484802246094,-0.009280022566577228
2014-06-04,181.7821044921875,-0.0054331001592173855
2014-06-05,180.79446411132812,0.012167062523958716
2014-06-06,182.99420166015625,0.005151880626127037
2014-06-09,183.9369659423828,-0.0034169831945648488
2014-06-10,183.30845642089844,0.0047143570756518205
2014-06-11,184.17263793945312,0.02358305403060057
2014-06-12,188.5159912109375,-0.00529835727370509
2014-06-13,187.5171661376953,0.004309013050156185
2014-06-16,188.32518005371094,0.008998970108682558
2014-06-17,190.01991271972656,-0.013820926360369246
2014-06-18,187.39366149902344,-0.010900062055050563
2014-06-19,185.35105895996094,-0.004601813739779859
2014-06-20,184.49810791015625,-0.0006083729183737896
2014-06-23,184.3858642578125,0.009191063291424273
2014-06-24,186.08056640625,-0.005910712739410018
2014-06-25,184.98069763183594,-0.014197186398133499
2014-06-26,182.3544921875,0.0046772663617717924
2014-06-27,183.20741271972656,0.006554850586935723
2014-06-30,184.40830993652344,0.002130259338905427
2014-07-01,184.8011474609375,0.0201627792225465
2014-07-02,188.52725219726562,-0.00369096005753633
2014-07-03,187.83140563964844,0.02372133758699113
2014-07-04,192.28701782226562,-0.018911066281259048
2014-07-07,188.65066528320312,-0.013326096926333464
2014-07-08,186.13668823242188,0.001266369224014463
2014-07-09,186.37240600585938,-0.008370570345654582
2014-07-10,184.81236267089844,-0.014028147445194872
2014-07-11,182.21978759765625,0.006959831371008196
2014-07-14,183.48800659179688,0.011438020735014431
2014-07-15,185.5867462158203,0.010824976507926465
2014-07-16,187.59571838378906,-0.004726509652095756
2014-07-17,186.70904541015625,0.0007816175069246256
2014-07-18,186.85498046875,-0.006006421178063048
2014-07-21,185.73265075683594,0.014985735909974984
2014-07-22,188.5159912109375,-0.004226933096249996
2014-07-23,187.71914672851562,0.007114731301192334
2014-07-24,189.05471801757812,-0.008014276155801192
2014-07-25,187.53958129882812,-0.0071213807892441805
2014-07-28,186.20404052734375,0.01115047461835017
2014-07-30,188.28030395507812,-0.005722441875599449
2014-07-31,187.202880859375,-0.022242195640748474
2014-08-01,183.03907775878906,-0.0030044226869259116
2014-08-04,182.48915100097656,0.008856142370540665
2014-08-05,184.1053009033203,-0.012436010865668923
2014-08-06,181.81576538085938,0.001851793104733268
2014-08-07,182.15245056152344,-0.01891545018937313
2014-08-08,178.7069549560547,-0.004019471403862385
2014-08-11,177.9886474609375,0.01797085625441075
2014-08-12,181.187255859375,0.006442154679084711
2014-08-13,182.3544921875,0.01760185775259604
2014-08-14,185.56427001953125,0.0068345566287371096
2014-08-18,186.83251953125,-0.01021205371726952
2014-08-19,184.92457580566406,-0.004005621815336702
2014-08-20,184.183837890625,0.014563397961604885
2014-08-21,186.86618041992188,0.017117106965260698
2014-08-22,190.06478881835938,-0.0038970508071315413
2014-08-25,189.3240966796875,-0.0011264114799834912
2014-08-26,189.11083984375,-0.007002987356022117
2014-08-27,187.7864990234375,0.008307374734048967
2014-08-28,189.3465118408203,-0.002785555950340246
2014-09-01,188.81907653808594,0.0213978046857366
2014-09-02,192.85939025878906,-0.0029678224936592335
2014-09-03,192.28701782226562,-0.005603361191430789
2014-09-04,191.20956420898438,-0.00399118673445531
2014-09-05,190.4464111328125,0.0192114538659105
2014-09-08,194.10516357421875,0.0009829511741172858
2014-09-09,194.29595947265625,-0.009588734491548956
2014-09-10,192.4329071044922,-0.0034410456097131448
2014-09-11,191.77073669433594,0.0015800587640548702
2014-09-12,192.07374572753906,0.005434253712638837
2014-09-15,193.11752319335938,-0.010867680929824597
2014-09-16,191.01878356933594,-0.005405473628176005
2014-09-17,189.98623657226562,0.013882488210928301
2014-09-18,192.62371826171875,0.0024468883666297625
2014-09-19,193.0950469970703,-0.00395229368556782
2014-09-22,192.33187866210938,-0.009336228135272462
2014-09-23,190.53622436523438,0.007775057255628326
2014-09-24,192.0176544189453,-0.006429398948782028
2014-09-25,190.78309631347656,0.025530983724835643
2014-09-26,195.6539764404297,-0.007514518171705897
2014-09-29,194.18373107910156,0.008727234152062335
2014-09-30,195.87841796875,-0.00532862281539237
2014-10-01,194.83465576171875,-0.006394002702236223
2014-10-07,193.58888244628906,0.005971289917010569
2014-10-08,194.74485778808594,0.023052310077123384
2014-10-09,199.2341766357422,-0.02287077800577786
2014-10-10,194.6775360107422,0.010953579006499847
2014-10-13,196.80995178222656,-0.009637438337024906
2014-10-14,194.9132080078125,0.0
2014-10-15,194.9132080078125,-0.010940334897155402
2014-10-16,192.78079223632812,0.030738917160740398
2014-10-17,198.7066650390625,0.009658174658512486
2014-10-20,200.6258087158203,0.001957908652681528
2014-10-21,201.01861572265625,-0.0021214584290398797
2014-10-22,200.5921630859375,0.004028371198313563
2014-10-27,201.4002227783203,-0.002173200701721667
2014-10-28,200.96253967285156,-0.004188597039045727
2014-10-29,200.12078857421875,0.005720574640742715
2014-10-30,201.26559448242188,0.01695175078479072
2014-10-31,204.67739868164062,-0.0012612442557026204
2014-11-03,204.41925048828125,0.0023060696493646393
2014-11-05,204.89065551757812,-0.014625348737692834
2014-11-07,201.89405822753906,0.005781354238867387
2014-11-10,203.061279296875,0.0035923979758072377
2014-11-11,203.79075622558594,0.004240458575113459
2014-11-12,204.65492248535156,0.0046066790359420295
2014-11-13,205.5977020263672,0.015448434921316645
2014-11-14,208.77386474609375,-0.011987980883781613
2014-11-17,206.27108764648438,0.014418728790602131
2014-11-18,209.24525451660156,-0.0060609940992906175
2014-11-19,207.97702026367188,-0.009011750712510147
2014-11-20,206.102783203125,0.015954954826894685
2014-11-21,209.39114379882812,0.013239053250470922
2014-11-24,212.1632843017578,0.008834008794237125
2014-11-25,214.03753662109375,-0.002359564627604005
2014-11-26,213.53250122070312,-0.0033111177266135217
2014-11-27,212.82546997070312,0.009492153920386937
2014-11-28,214.84564208984375,-0.007470104666691846
2014-12-01,213.24072265625,-0.007052693735302262
2014-12-02,211.73680114746094,-0.010813120393116882
2014-12-03,209.447265625,0.008895090430541597
2014-12-04,211.31031799316406,0.0014340250626190265
2014-12-05,211.61334228515625,-0.016547243164479086
2014-12-08,208.11172485351562,-0.000431635897853222
2014-12-09,208.0218963623047,0.005017706034135205
2014-12-10,209.06568908691406,0.0023618876679774026
2014-12-11,209.55947875976562,-0.002249359057907907
2014-12-12,209.08810424804688,0.010735398712000244
2014-12-15,211.33274841308594,-0.01672849261110354
2014-12-16,207.79747009277344,-0.004212960362279472
2014-12-17,206.92202758789062,0.013234355211866555
2014-12-18,209.66050720214844,0.007922382542869588
2014-12-19,211.32151794433594,0.023633768009296174
2014-12-22,216.3158416748047,-0.004098691670531673
2014-12-23,215.42922973632812,-0.015108118005123794
2014-12-24,212.17449951171875,0.0035971057459049938
2014-12-26,212.93771362304688,0.003214813581227771
2014-12-29,213.6222686767578,0.0049910896103979585
2014-12-30,214.6884765625,-0.005070781269190028
2014-12-31,213.59983825683594,0.000472837084657618
2015-01-01,213.70083618164062,0.013917432066523183
2015-01-02,216.6750030517578,-0.008442879594546815
2015-01-05,214.84564208984375,-0.015567192448021072
2015-01-06,211.5010986328125,0.0029185619210707614
2015-01-07,212.11837768554688,0.021005237605735916
2015-01-08,216.573974609375,0.011193518786770662
2015-01-09,218.99819946289062,-0.008814496609803602
2015-01-12,217.06784057617188,-0.0038262284512361466
2015-01-13,216.23728942871094,0.0005710121571536053
2015-01-14,216.3607635498047,0.030345601607512984
2015-01-15,222.92636108398438,0.008256431240007522
2015-01-16,224.76693725585938,0.003195516514705732
2015-01-19,225.4851837158203,0.016325811643282062
2015-01-20,229.16641235351562,-0.0009793823013386493
2015-01-21,228.9419708251953,0.0012745984538329314
2015-01-22,229.23377990722656,0.021101486281261517
2015-01-23,234.07095336914062,0.02996745648032717
2015-01-27,241.08546447753906,-0.014617674667180447
2015-01-28,237.5613555908203,0.03462953296206561
2015-01-29,245.78799438476562,-0.016118736808542256
2015-01-30,241.82620239257812,0.003944897131696434
2015-02-02,242.78018188476562,-0.016179847678708614
2015-02-03,238.85203552246094,0.0033830334827427144
2015-02-04,239.6600799560547,0.008242328284402856
2015-02-05,241.63543701171875,-0.02136573919127649
2015-02-06,236.47271728515625,-0.012719490580272552
2015-02-09,233.46490478515625,0.013796607085482249
2015-02-10,236.68592834472656,0.003746329565986972
2015-02-11,237.5726318359375,0.016628536708808817
2015-02-12,241.5231170654297,-0.00947944458775174
2015-02-13,239.23361206054688,0.0016419390379665
2015-02-16,239.6264190673828,0.006791322832546909
2015-02-18,241.25379943847656,0.004652133866141828
2015-02-19,242.3761444091797,-0.006251179225758019
2015-02-20,240.8610076904297,-0.005172166833374847
2015-02-23,239.615234375,0.00014041523682983836
2015-02-24,239.6488800048828,-0.01423680643417724
2015-02-25,236.23704528808594,-0.013587300012511294
2015-02-26,233.0272216796875,0.015267418001120081
2015-02-27,236.58494567871094,0.027087492923979717
2015-03-02,242.99343872070312,0.0007387211583831377
2015-03-03,243.17294311523438,-0.016661100855879907
2015-03-04,239.1214141845703,0.018586042132054725
2015-03-05,243.56573486328125,-0.024052825891768603
2015-03-09,237.70729064941406,-0.006090618507630929
2015-03-10,236.25950622558594,0.0037051047169365248
2015-03-11,237.13487243652344,-0.0017511888490677752
2015-03-12,236.7196044921875,-0.01133124261618279
2015-03-13,234.0372772216797,0.008535997867239242
2015-03-16,236.03501892089844,0.006181219980281538
2015-03-17,237.49400329589844,0.005198334893195655
2015-03-18,238.72857666015625,-0.010671820243196128
2015-03-19,236.180908203125,0.0035165242397898755
2015-03-20,237.01144409179688,-0.0077185786808827705
2015-03-23,235.1820526123047,-0.009353404238049867
2015-03-24,232.9822998046875,-0.003564671529940111
2015-03-25,232.15179443359375,-0.02639595643572168
2015-03-26,226.02392578125,0.0076467470085137546
2015-03-27,227.7522735595703,0.02192882165872878
2015-03-30,232.74661254882812,-0.013694692066926972
2015-03-31,229.55921936035156,0.010315803369401522
2015-04-01,231.92730712890625,-0.0012580604158480835
2015-04-06,231.63552856445312,0.0007753385172761806
2015-04-07,231.81512451171875,0.002711121654508153
2015-04-08,232.443603515625,0.01984452083786281
2015-04-09,237.05633544921875,-0.012735615025086688
2015-04-10,234.0372772216797,-0.003692234389566673
2015-04-13,233.17315673828125,-0.0068831474103272505
2015-04-15,231.5681915283203,-0.0019386463660874265
2015-04-16,231.1192626953125,-0.011071834319339113
2015-04-17,228.5603485107422,-0.012914272720796927
2015-04-20,225.60865783691406,-0.0020893458444289914
2015-04-21,225.1372833251953,0.01006981078507252
2015-04-22,227.4043731689453,0.00039488235156359686
2015-04-23,227.49417114257812,-0.006956106817747942
2015-04-24,225.9116973876953,-0.000993627370756367
2015-04-27,225.68722534179688,-0.0008952284546481781
2015-04-28,225.4851837158203,-0.011348074359780691
2015-04-29,222.92636108398438,-0.004380239925496077
2015-04-30,221.94989013671875,0.012287748385984454
2015-05-04,224.67715454101562,-0.013287498432877798
2015-05-05,221.69175720214844,-0.017263101933257863
2015-05-06,217.8646697998047,-0.019884676956031355
2015-05-07,213.53250122070312,0.032271678581478724
2015-05-08,220.42355346679688,0.008452078192522361
2015-05-11,222.28659057617188,-0.018529666920972243
2015-05-12,218.16769409179688,0.018828161292637313
2015-05-13,222.275390625,0.0008077825007688499
2015-05-14,222.45494079589844,-0.0009585832366119096
2015-05-15,222.24169921875,0.019947432280715605
2015-05-18,226.6748504638672,-0.0022774939932467264
2015-05-19,226.15859985351562,0.01637637949658366
2015-05-20,229.8622589111328,0.0006347477037196292
2015-05-21,230.00816345214844,-0.0003904121153138762
2015-05-22,229.91836547851562,-0.0007322173649598751
2015-05-25,229.75001525878906,0.003761332763317693
2015-05-26,230.6141815185547,0.010463537607459106
2015-05-27,233.0272216796875,-0.008428546658152403
2015-05-28,231.06314086914062,0.020546057262011086
2015-05-29,235.81057739257812,-0.013659756690821201
2015-06-01,232.58946228027344,-0.02644259329030285
2015-06-02,226.43919372558594,-0.0032217830838564554
2015-06-03,225.70965576171875,0.00934829572634266
2015-06-04,227.8196563720703,-0.003152831450004445
2015-06-05,227.10137939453125,-0.008203682566438775
2015-06-08,225.23831176757812,-0.0015945161164885313
2015-06-09,224.87916564941406,0.01372468300813412
2015-06-10,227.96556091308594,-0.015163503548304758
2015-06-11,224.50880432128906,0.008948232187387717
2015-06-12,226.51776123046875,-0.003914296653945937
2015-06-15,225.631103515625,0.003183480580186915
2015-06-16,226.34939575195312,-0.0036691300559240636
2015-06-17,225.51889038085938,0.014830165296693343
2015-06-18,228.86337280273438,0.010690529036008867
2015-06-19,231.31004333496094,0.016157122421562864
2015-06-22,235.04734802246094,0.004727129459286106
2015-06-23,236.158447265625,-0.005987963982404754
2015-06-24,234.7443389892578,0.01835921973218646
2015-06-25,239.05406188964844,-0.002018811044890434
2015-06-26,238.5714569091797,-0.005833379543702555
2015-06-29,237.17977905273438,0.009937136406804603
2015-06-30,239.5366668701172,0.004872700981477296
2015-07-01,240.703857421875,-0.005778151539217569
2015-07-02,239.3130340576172,0.015167290151590684
2015-07-03,242.94276428222656,0.00861055967287494
2015-07-06,245.03463745117188,0.0030917409311777
2015-07-07,245.79222106933594,-0.016561586899722536
2015-07-08,241.7215118408203,0.004865270949440781
2015-07-09,242.89755249023438,0.01554841670721685
2015-07-10,246.67422485351562,0.004950686135789972
2015-07-13,247.8954315185547,-0.003922732106062532
2015-07-14,246.92300415039062,0.004441939382583859
2015-07-15,248.0198211669922,0.0164128998567572
2015-07-16,252.09054565429688,-0.0037228967775932986
2015-07-17,251.15203857421875,0.004232084814240977
2015-07-20,252.21493530273438,-0.015422382676721913
2015-07-21,248.32518005371094,0.014889912824802343
2015-07-22,252.02272033691406,-0.005832812290645695
2015-07-23,250.55271911621094,-4.5066379427360914e-05
2015-07-24,250.5414276123047,-0.010831887946776364
2015-07-27,247.8275909423828,0.011543546524797499
2015-07-28,250.6884002685547,-0.00013518683142699217
2015-07-29,250.65451049804688,0.001984915712002433
2015-07-30,251.15203857421875,0.0009905525684255068
2015-07-31,251.40081787109375,-0.014617920922098904
2015-08-03,247.72586059570312,-0.00817063815732988
2015-08-04,245.7017822265625,0.005292718213384617
2015-08-05,247.00221252441406,0.003433073234056616
2015-08-06,247.85018920898438,-0.0030109381762483123
2015-08-07,247.1039276123047,0.0018304080787427957
2015-08-10,247.5562286376953,4.54886002669852e-05
2015-08-11,247.56748962402344,-0.022152063939023914
2015-08-12,242.08335876464844,0.006632829451928446
2015-08-13,243.68905639648438,0.022504625117232502
2015-08-14,249.17318725585938,-0.009348238749075755
2015-08-17,246.84385681152344,-0.0047180719432874385
2015-08-18,245.67922973632812,-0.004142580440243071
2015-08-19,244.66148376464844,-0.006608962691158626
2015-08-20,243.04452514648438,-0.012468478794105953
2015-08-21,240.01412963867188,-0.03980980784848098
2015-08-24,230.45921325683594,-0.0005888087927367058
2015-08-25,230.32351684570312,-0.004860319155039594
2015-08-26,229.20407104492188,0.008485387039766312
2015-08-27,231.14895629882812,0.0057235075133785784
2015-08-28,232.47193908691406,-0.0004864367122602298
2015-08-31,232.35885620117188,-0.026619152908450072
2015-09-01,226.1736602783203,-0.004949496769003581
2015-09-02,225.05421447753906,0.015223789460994785
2015-09-03,228.4803924560547,-0.014104805555290256
2015-09-04,225.25772094726562,-0.011645867329969417
2015-09-07,222.6343994140625,0.01990957445933561
2015-09-08,227.06695556640625,0.012200542165679007
2015-09-09,229.83729553222656,-0.005214897251918482
2015-09-10,228.6387176513672,-0.000494658759868094
2015-09-11,228.52561950683594,0.009104369433628579
2015-09-14,230.606201171875,-0.006423406908803275
2015-09-15,229.1249237060547,0.010067507635723727
2015-09-16,231.431640625,0.02579773963440868
2015-09-18,237.4020538330078,0.003048389160800191
2015-09-21,238.12574768066406,-0.021178652128832298
2015-09-22,233.0825653076172,0.01799820743279712
2015-09-23,237.2776336669922,0.0020969468805824842
2015-09-24,237.7751922607422,-0.004755360625970817
2015-09-28,236.6444854736328,0.01758396382218974
2015-09-29,240.80563354492188,0.0037565017839311654
2015-09-30,241.71022033691406,-0.0010760242541990594
2015-10-01,241.45013427734375,0.028754822836362326
2015-10-05,248.3929901123047,-0.011289549652143238
2015-10-06,245.5887451171875,0.001657356887621031
2015-10-07,245.9957733154297,-0.0042747053498916054
2015-10-08,244.9442138671875,0.002816105787799561
2015-10-09,245.63400268554688,-0.005156147987280257
2015-10-12,244.3674774169922,-0.0038867634679701224
2015-10-13,243.4176788330078,0.007804109431296613
2015-10-14,245.3173370361328,-0.0005531464378843998
2015-10-15,245.181640625,0.014666088797367971
2015-10-16,248.77749633789062,-0.002045463773596934
2015-10-19,248.2686309814453,-0.0026416467118809406
2015-10-20,247.61279296875,9.144940654026712e-05
2015-10-21,247.63543701171875,0.012328458695883171
2015-10-23,250.6884002685547,-0.00631482584424059
2015-10-26,249.1053466796875,0.008533835194404205
2015-10-27,251.23117065429688,0.0005401864329510619
2015-10-28,251.36688232421875,-0.0071525436486786775
2015-10-29,249.5689697265625,-0.003579291248730132
2015-10-30,248.67568969726562,-0.015005390493219362
2015-11-02,244.9442138671875,0.0016618425452623597
2015-11-03,245.3512725830078,-0.0029498099455692595
2015-11-04,244.62753295898438,-0.0017100270647727456
2015-11-05,244.20921325683594,0.0009722893474615191
2015-11-06,244.4466552734375,-0.014894954174941688
2015-11-09,240.80563354492188,-0.009579355189305305
2015-11-10,238.49887084960938,-0.002417937715951224
2015-11-13,237.9221954345703,0.008459596745069797
2015-11-16,239.93492126464844,-0.00014124567749118633
2015-11-17,239.90103149414062,-0.011500841424145869
2015-11-18,237.1419677734375,0.01935914647234971
2015-11-19,241.7328338623047,0.001824367482224476
2015-11-20,242.17384338378906,-0.004482485624031862
2015-11-23,241.0883026123047,-0.0015945606961231817
2015-11-24,240.70387268066406,-0.00037578997194820385
2015-11-26,240.61341857910156,0.014521232093087866
2015-11-27,244.107421875,-0.0015287704127761037
2015-11-30,243.73423767089844,0.0048717343062361085
2015-12-01,244.92164611816406,-0.004801763857310237
2015-12-02,243.74559020996094,-0.0009740761160355049
2015-12-03,243.50816345214844,-0.01657763289411429
2015-12-04,239.47137451171875,0.0028801460125260636
2015-12-07,240.1610870361328,-0.01195899638336062
2015-12-08,237.28900146484375,-0.001715648385194224
2015-12-09,236.88189697265625,0.012554195708248672
2015-12-10,239.8557586669922,-0.013435745754535544
2015-12-11,236.63311767578125,0.008314618247060812
2015-12-14,238.6006317138672,0.004170575415342048
2015-12-15,239.59573364257812,0.007409560451163699
2015-12-16,241.37103271484375,0.012133394257809238
2015-12-17,244.2996826171875,-0.006711439996842095
2015-12-18,242.6600799560547,0.0022366889809457557
2015-12-21,243.2028350830078,-0.008322719124667644
2015-12-22,241.17872619628906,0.007173528803093632
2015-12-23,242.90882873535156,-9.30947035081564e-05
2015-12-24,242.88621520996094,0.003026236492236878
2015-12-28,243.62124633789062,0.0006495693776547018
2015-12-29,243.7794952392578,-0.0033858833563371604
2015-12-30,242.95408630371094,0.007306886927146428
2015-12-31,244.7293243408203,0.006099043300651141
2016-01-01,246.22193908691406,-0.016762349919291153
2016-01-04,242.0946807861328,-0.007566470945234327
2016-01-05,240.26287841796875,0.0044237637455109
2016-01-06,241.32574462890625,-0.010214457643009434
2016-01-07,238.86073303222656,0.005822673688609559
2016-01-08,240.2515411376953,-0.0035298544787671915
2016-01-11,239.4034881591797,-0.011005097852729628
2016-01-12,236.76882934570312,0.012608009779284224
2016-01-13,239.75401306152344,-0.009809884716766248
2016-01-14,237.4020538330078,-0.007239956393920388
2016-01-15,235.6832733154297,-0.0156405595096486
2016-01-18,231.99705505371094,0.009699319771649284
2016-01-19,234.2472686767578,-0.016895210273776162
2016-01-20,230.28961181640625,0.004615478397536288
2016-01-21,231.35250854492188,0.007136036482983332
2016-01-22,233.00344848632812,0.010530831662422413
2016-01-25,235.45716857910156,-0.005282704771802038
2016-01-27,234.21331787109375,-0.003813894011780561
2016-01-28,233.32005310058594,0.01759220522739624
2016-01-29,237.42466735839844,0.009429838810277369
2016-02-01,239.66354370117188,-0.00561433130934208
2016-02-02,238.3179931640625,-0.009442127520295274
2016-02-03,236.06776428222656,0.005125093586768603
2016-02-04,237.2776336669922,0.0057664109983732725
2016-02-05,238.6458740234375,-0.01838413759273083
2016-02-08,234.25857543945312,-0.009460819404430665
2016-02-09,232.04229736328125,-0.012767568673734742
2016-02-10,229.07968139648438,-0.037168671400441444
2016-02-11,220.56509399414062,-0.003998698300942349
2016-02-12,219.68312072753906,0.0022648227743360394
2016-02-15,220.1806640625,-0.00015412591754815352
2016-02-16,220.146728515625,0.0014894435196695088
2016-02-17,220.47462463378906,0.014924744057124961
2016-02-18,223.76515197753906,-0.00015158878755772154
2016-02-19,223.73123168945312,-0.0005559098240743854
2016-02-22,223.6068572998047,-0.018912880104329788
2016-02-23,219.3778076171875,-0.021081447052349156
2016-02-24,214.7530059814453,-0.00731878727471047
2016-02-25,213.1812744140625,0.01946654252422575
2016-02-26,217.3311767578125,0.01129023515805927
2016-02-29,219.78489685058594,0.012656362133858456
2016-03-01,222.5665740966797,0.023421096887774828
2016-03-02,227.77932739257812,0.00858803465707414
2016-03-03,229.73550415039062,0.004626809899557216
2016-03-04,230.79844665527344,-0.006271153283302966
2016-03-08,229.35107421875,0.010501470585104533
2016-03-09,231.7595977783203,-0.0034639802478135806
2016-03-10,230.956787109375,0.007294669444682267
2016-03-11,232.64154052734375,-0.001117772357480451
2016-03-14,232.38150024414062,-0.0008271526159284726
2016-03-15,232.1892852783203,0.0036524208147636905
2016-03-16,233.03733825683594,-0.011693955115573362
2016-03-17,230.3122100830078,0.009819368173867637
2016-03-18,232.57373046875,0.016725023146641593
2016-03-21,236.46353149414062,0.0078901073855282
2016-03-22,238.32925415039062,-0.0042700798110216764
2016-03-23,237.3115692138672,-0.0017628089617514053
2016-03-28,236.8932342529297,0.006014350370224575
2016-03-29,238.3179931640625,0.010580655851736065
2016-03-30,240.8395538330078,0.005821906590619319
2016-03-31,242.24169921875,-0.006255026596870494
2016-04-01,240.72647094726562,0.004321495919499263
2016-04-04,241.7667694091797,-0.010850881511840105
2016-04-05,239.1433868408203,0.0038299566865556134
2016-04-06,240.05929565429688,-0.005652239189053332
2016-04-07,238.70242309570312,0.0036474975520344177
2016-04-08,239.57308959960938,0.010950047838747201
2016-04-11,242.19642639160156,-0.007423239503836276
2016-04-12,240.39854431152344,0.017638797267543138
2016-04-13,244.63888549804688,0.005592835721397016
2016-04-18,246.00711059570312,0.009238805675758188
2016-04-20,248.27992248535156,-0.006102841492487965
2016-04-21,246.76470947265625,0.0009164003004704657
2016-04-22,246.9908447265625,0.0010071174078223333
2016-04-25,247.23959350585938,0.0188428210069016
2016-04-26,251.89828491210938,0.00929217515004166
2016-04-27,254.2389678955078,-0.009117679627147268
2016-04-28,251.9208984375,0.016518101152473097
2016-04-29,256.0821533203125,-0.012981838332558726
2016-05-02,252.7577362060547,0.0003130748093644886
2016-05-03,252.8368682861328,0.00836304732244586
2016-05-04,254.95135498046875,0.004390940846127789
2016-05-05,256.0708312988281,-0.011172124087809543
2016-05-06,253.20997619628906,0.019425806428674752
2016-05-09,258.1287841796875,0.003066550458221018
2016-05-10,258.92034912109375,-0.005328193173698925
2016-05-11,257.540771484375,0.00904480764290394
2016-05-12,259.87017822265625,-0.007135873178863883
2016-05-13,258.0157775878906,0.01919532906168553
2016-05-16,262.9684753417969,-0.008041127308255569
2016-05-17,260.8539123535156,-0.01109730486503857
2016-05-18,257.9591369628906,-0.0011831575435610198
2016-05-19,257.6539306640625,0.001404391242530334
2016-05-20,258.0157775878906,-0.0036377567356041807
2016-05-23,257.0771789550781,0.0028152026880645664
2016-05-24,257.8009033203125,0.02925557731053252
2016-05-25,265.343017578125,0.008480395088536152
2016-05-26,267.5932312011719,0.0030000587329981343
2016-05-27,268.3960266113281,-0.005940327700422077
2016-05-30,266.8016662597656,0.0018225789091224076
2016-05-31,267.2879333496094,-0.00571114362051639
2016-06-01,265.76141357421875,-0.00017040880889529486
2016-06-02,265.71612548828125,-0.0027233304383399437
2016-06-03,264.99249267578125,-0.0005549750013646992
2016-06-06,264.8454284667969,0.0022202108555036126
2016-06-07,265.4334411621094,-0.009457302790626954
2016-06-08,262.92315673828125,-0.0027521436449288172
2016-06-09,262.1995544433594,0.0016814958061537322
2016-06-10,262.64044189453125,-0.007275799475773392
2016-06-13,260.7295227050781,-0.0009107418021825353
2016-06-14,260.4920654296875,0.015366683677366488
2016-06-15,264.4949645996094,-0.006327354735581769
2016-06-16,262.8214111328125,0.006754657267213249
2016-06-17,264.5966796875,0.0017524183696442375
2016-06-20,265.06036376953125,-0.00460733512344369
2016-06-21,263.8391418457031,0.004157316406108613
2016-06-22,264.9360046386719,0.0158766598517317
2016-06-23,269.1423034667969,-0.02369531213237397
2016-06-24,262.764892578125,-0.001678226492053736
2016-06-27,262.32391357421875,0.006034786634914857
2016-06-28,263.906982421875,0.009373933242858401
2016-06-29,266.3808288574219,0.006976013908951861
2016-06-30,268.2391052246094,-0.0016575159514151672
2016-07-01,267.79449462890625,-0.0014475065213006566
2016-07-04,267.4068603515625,-0.006139079894658894
2016-07-05,265.7652282714844,0.0172012821815688
2016-07-07,270.33673095703125,-0.009108761701048795
2016-07-08,267.8742980957031,0.021194036482201195
2016-07-11,273.5516357421875,0.002000615814381046
2016-07-12,274.0989074707031,-0.003660342566468411
2016-07-13,273.0956115722656,0.0021710180709206828
2016-07-14,273.6885070800781,0.019452455753507625
2016-07-15,279.0124206542969,0.0030644190832904705
2016-07-18,279.867431640625,-0.007413613972156563
2016-07-19,277.7926025390625,0.01136771606866871
2016-07-20,280.9504699707031,-0.0029215141776968157
2016-07-21,280.1296691894531,0.0017905526234112124
2016-07-22,280.6312561035156,0.013121640762419506
2016-07-25,284.3135986328125,-0.0065359021114191895
2016-07-26,282.4553527832031,-0.0014934908411725623
2016-07-27,282.03350830078125,0.009297125174508425
2016-07-28,284.6556091308594,-0.0018022866558849993
2016-07-29,284.142578125,-0.0031294894178621746
2016-08-01,283.25335693359375,0.0008048141461116654
2016-08-02,283.4813232421875,-0.0022922525674132777
2016-08-03,282.8315124511719,0.0004436856422485036
2016-08-04,282.9570007324219,0.006647803290251719
2016-08-05,284.8380432128906,0.0002798499567100432
2016-08-08,284.9177551269531,-0.001920377541790308
2016-08-09,284.37060546875,-0.016276543593565118
2016-08-10,279.7420349121094,0.0011003004717022868
2016-08-11,280.0498352050781,0.00036636371373366394
2016-08-12,280.1524353027344,-0.001139320274922695
2016-08-16,279.833251953125,0.006192543690133556
2016-08-17,281.5661315917969,0.014252100964204928
2016-08-18,285.57904052734375,-0.004311458588689199
2016-08-19,284.3477783203125,0.0025661367824958425
2016-08-22,285.07745361328125,0.0009194535561944939
2016-08-23,285.3395690917969,0.008270582043414576
2016-08-24,287.6994934082031,-0.0025757008580471474
2016-08-25,286.9584655761719,-0.0011521787334010103
2016-08-26,286.6278381347656,-0.015114103469243356
2016-08-29,282.29571533203125,0.024674749893678793
2016-08-30,289.26129150390625,0.0177749381390373
2016-08-31,294.40289306640625,-0.005808648787383963
2016-09-01,292.69281005859375,0.0010908190818894603
2016-09-02,293.0120849609375,0.011905738942781463
2016-09-06,296.5006103515625,-0.01049699600606524
2016-09-07,293.38824462890625,0.0020595509804399725
2016-09-08,293.99249267578125,0.0007755192117211429
2016-09-09,294.2204895019531,-0.00813690090993513
2016-09-12,291.8264465332031,-0.008164856117639507
2016-09-14,289.4437255859375,0.007995683901678596
2016-09-15,291.7580261230469,0.014262273664907177
2016-09-16,295.9191589355469,-0.005932855980898211
2016-09-19,294.16351318359375,-0.0013176473029260505
2016-09-20,293.7759094238281,0.0035314164132589365
2016-09-21,294.8133544921875,0.010750127012795652
2016-09-22,297.9826354980469,0.00443800602091593
2016-09-23,299.3050842285156,-0.012607634322220007
2016-09-26,295.53155517578125,0.0014658232391688841
2016-09-27,295.9647521972656,-0.002157107323204066
2016-09-28,295.3263244628906,-0.013703785568073945
2016-09-29,291.27923583984375,-0.0036398446960481667
2016-09-30,290.2190246582031,0.011273833985794068
2016-10-03,293.49090576171875,0.0018256004142616078
2016-10-04,294.0267028808594,-0.00267523516899959
2016-10-05,293.2401123046875,-0.003227010981078804
2016-10-06,292.2938232421875,-0.0010530509661632603
2016-10-07,291.98602294921875,0.0029282599820774635
2016-10-10,292.8410339355469,-0.016817748153752476
2016-10-13,287.9161071777344,-0.0007523502997265341
2016-10-14,287.6994934082031,-0.019099667276135324
2016-10-17,282.20452880859375,0.016280033973240515
2016-10-18,286.798828125,0.0003976452421325938
2016-10-19,286.9128723144531,-0.002264943023823407
2016-10-20,286.2630310058594,0.012107011452872296
2016-10-21,289.72882080078125,-0.005627020653615755
2016-10-24,288.0985107421875,-0.010486194882172506
2016-10-25,285.07745361328125,-0.008798021884900087
2016-10-26,282.5693359375,0.010328394406793118
2016-10-27,285.4878234863281,0.005550908537963917
2016-10-28,287.0725402832031,0.000595314471148578
2016-11-01,287.2434387207031,-0.010834757962188801
2016-11-02,284.1312255859375,0.007061556459585283
2016-11-03,286.13763427734375,-0.008964332725621693
2016-11-04,283.5726013183594,0.004623063423613072
2016-11-07,284.8835754394531,0.0038818154988744524
2016-11-08,285.98944091796875,-0.0024315724752014267
2016-11-09,285.2940368652344,0.021818117636865253
2016-11-10,291.51861572265625,-0.002150749930750928
2016-11-11,290.8916320800781,-0.01649947959160869
2016-11-15,286.0920715332031,-0.008288509509406516
2016-11-16,283.7207946777344,-0.011371562950180603
2016-11-17,280.49444580078125,-0.015281939045887372
2016-11-18,276.20794677734375,-0.010483624508909828
2016-11-21,273.3122863769531,-0.0005423242361988212
2016-11-22,273.1640625,-0.011101503289003278
2016-11-23,270.13153076171875,-0.016248120411176625
2016-11-24,265.7424011230469,0.020420432283663192
2016-11-25,271.1689758300781,-0.004078141590978301
2016-11-28,270.0631103515625,-0.0048122884326534665
2016-11-29,268.76348876953125,0.017688406354968045
2016-11-30,273.5174865722656,-0.001959136730204203
2016-12-01,272.98162841796875,-0.006807443033933103
2016-12-02,271.1233215332031,0.006097137503800365
2016-12-05,272.7763977050781,-0.0015879911442139294
2016-12-06,272.3432312011719,-0.010758119855318271
2016-12-07,269.413330078125,0.015148837761448153
2016-12-08,273.49462890625,-0.0010003490342196386
2016-12-09,273.2210388183594,-0.011558145304089495
2016-12-12,270.0631103515625,0.0015198722448501734
2016-12-13,270.47357177734375,-0.008893612210390311
2016-12-14,268.0680847167969,0.0007654779028591907
2016-12-15,268.2732849121094,0.004844394336383617
2016-12-16,269.5729064941406,-0.004694247322509559
2016-12-19,268.3074645996094,0.004376642634315919
2016-12-20,269.48175048828125,-0.001607745444192732
2016-12-21,269.0484924316406,-0.005847316428734817
2016-12-22,267.47528076171875,0.011209600405265308
2016-12-23,270.47357177734375,-0.009483601150777399
2016-12-26,267.90850830078125,0.008680659577943617
2016-12-27,270.234130859375,0.0013079568769485128
2016-12-28,270.58758544921875,0.015546633698049872
2016-12-29,274.7943115234375,0.0008295888926155293
2016-12-30,275.02227783203125,-0.007544332900943473
2017-01-02,272.9474182128906,-0.006014239136863719
2017-01-03,271.30584716796875,-0.003697912858613206
2017-01-04,270.3025817871094,0.0005902492583780283
2017-01-05,270.4621276855469,0.006280731301304021
2017-01-06,272.16082763671875,0.0012982489897586103
2017-01-09,272.51416015625,0.016022743765106817
2017-01-10,276.8805847167969,0.016181402414661816
2017-01-11,281.36090087890625,0.0008103358549806927
2017-01-12,281.5888977050781,-0.0020241451679590128
2017-01-13,281.0189208984375,0.012291891732226112
2017-01-16,284.4731750488281,-0.007333706158491604
2017-01-17,282.3869323730469,0.0033104026637114092
2017-01-18,283.3217468261719,-0.005069966922260027
2017-01-19,281.88531494140625,4.0381871765804433e-05
2017-01-20,281.8966979980469,0.006713296282387038
2017-01-23,283.7891540527344,0.0183988885929256
2017-01-24,289.01055908203125,0.018184644242451586
2017-01-25,294.26611328125,0.001007413835730775
2017-01-27,294.56256103515625,-0.005379691689771926
2017-01-30,292.9779052734375,0.0013227711634011818
2017-01-31,293.3654479980469,0.014805993426193043
2017-02-01,297.7090148925781,-0.005361274847829334
2017-02-02,296.1129150390625,0.009509814874284706
2017-02-03,298.92889404296875,0.002326217200858016
2017-02-06,299.624267578125,-0.0052885042382997405
2017-02-07,298.0397033691406,-0.0011479429233480776
2017-02-08,297.69757080078125,-0.006127040681073392
2017-02-09,295.8735656738281,0.004585265778837666
2017-02-10,297.230224609375,0.005062610117006372
2017-02-13,298.7349853515625,0.0006873057247827052
2017-02-14,298.9403076171875,0.008465878209936717
2017-02-15,301.4710998535156,0.004311236252487083
2017-02-16,302.77081298828125,0.03701308532017422
2017-02-17,313.977294921875,0.023274640741308028
2017-02-20,321.2850036621094,0.0045773754550659795
2017-02-21,322.7556457519531,-0.011585697769972314
2017-02-22,319.01629638671875,-0.0034664858536727072
2017-02-23,317.9104309082031,-0.00050195401125952
2017-02-27,317.7508544921875,-0.0025113186055401027
2017-02-28,316.952880859375,0.0011148756122716375
2017-03-01,317.3062438964844,-0.008299406077870164
2017-03-02,314.67279052734375,-0.002246392708199374
2017-03-03,313.9659118652344,0.0027233577646266216
2017-03-06,314.8209533691406,0.00394705223015035
2017-03-07,316.0635681152344,0.0043283760932824045
2017-03-08,317.4316101074219,0.0014366060448975926
2017-03-09,317.88763427734375,0.0042318266465013465
2017-03-10,319.2328796386719,0.007570963985605861
2017-03-14,321.6497802734375,0.00418223461121725
2017-03-15,322.9949951171875,0.0005294834607281196
2017-03-16,323.166015625,0.005997164739727223
2017-03-17,325.1040954589844,0.0071885779522804505
2017-03-20,327.4411315917969,0.0033772955558137863
2017-03-21,328.5469970703125,-0.006974568049944674
2017-03-22,326.2555236816406,0.0
2017-03-23,326.2555236816406,-0.0045775124474534135
2017-03-24,324.7620849609375,-0.010180134871869417
2017-03-27,321.4559631347656,0.00734136114132955
2017-03-28,323.8158874511719,0.0059145404601481655
2017-03-29,325.7311096191406,0.026319529656327223
2017-03-30,334.30419921875,-0.0161301129766086
2017-03-31,328.9118347167969,-0.006481759745951443
2017-04-03,326.7799072265625,-0.00059292538871214
2017-04-05,326.5861511230469,0.004293667053681283
2017-04-06,327.9884033203125,0.00024312576552509846
2017-04-07,328.0681457519531,-0.003266469999405608
2017-04-10,326.99652099609375,0.003730463642538595
2017-04-11,328.21636962890625,0.0029177143195058264
2017-04-12,329.17401123046875,-0.0023551009820352853
2017-04-13,328.3987731933594,-0.002429985175129601
2017-04-17,327.60076904296875,0.007308085779158757
2017-04-18,329.9949035644531,0.001174297550797121
2017-04-19,330.3824157714844,0.009075490780457551
2017-04-20,333.38079833984375,0.023561037115503503
2017-04-21,341.235595703125,0.024355262677782985
2017-04-24,349.5464782714844,0.002609146076297364
2017-04-25,350.45849609375,0.008848185064487257
2017-04-26,353.5594177246094,0.011575741437416909
2017-04-27,357.6521301269531,-0.01408902820032687
2017-04-28,352.6131591796875,-0.003814987639370826
2017-05-02,351.2679443359375,0.0024015781277855197
2017-05-03,352.1115417480469,-0.0061516775320764605
2017-05-04,349.9454650878906,-0.0016940767399495904
2017-05-05,349.3526306152344,0.0016969515060247797
2017-05-08,349.9454650878906,0.0006190801388294975
2017-05-09,350.162109375,0.010450830530501998
2017-05-10,353.82159423828125,-0.0034798093431910315
2017-05-11,352.5903625488281,0.0033949353457136677
2017-05-12,353.7873840332031,0.0011279312648555528
2017-05-15,354.1864318847656,0.004023442740428429
2017-05-16,355.6114807128906,-0.0016029792982333868
2017-05-17,355.04144287109375,-3.2061205442857066e-05
2017-05-18,355.0300598144531,0.0026652053852518343
2017-05-19,355.9762878417969,0.009447448444790174
2017-05-22,359.33935546875,-0.004378151637322691
2017-05-23,357.76611328125,-0.0014976184139592341
2017-05-24,357.2303161621094,0.03216845298662885
2017-05-25,368.72186279296875,0.005472560720751529
2017-05-26,370.7397155761719,0.0036284616598449837
2017-05-29,372.0849304199219,-0.0017461584309474976
2017-05-30,371.4352111816406,0.004388889203840396
2017-05-31,373.0653991699219,-0.004644975499007886
2017-06-01,371.33251953125,0.0034693960070428798
2017-06-02,372.6208190917969,0.0007953291549682717
2017-06-05,372.91717529296875,0.002078765932199911
2017-06-06,373.6923828125,0.0011290182433014717
2017-06-07,374.1142883300781,0.002407133972108788
2017-06-08,375.01483154296875,0.013406452186217166
2017-06-09,380.0424499511719,0.0011699774941940078
2017-06-12,380.4870910644531,0.004763791144885898
2017-06-13,382.2996520996094,-0.0032802235456540485
2017-06-14,381.0456237792969,-0.004098716789377788
2017-06-15,379.48382568359375,0.0029438856330950003
2017-06-16,380.6009826660156,0.01416818606020609
2017-06-19,385.993408203125,-0.0037510380897504136
2017-06-20,384.5455322265625,0.007204152629184835
2017-06-21,387.31585693359375,-0.00041208468679121424
2017-06-22,387.15625,-0.011395804115546082
2017-06-23,382.7442932128906,-0.006552745965181184
2017-06-27,380.23626708984375,-0.0007196068054289295
2017-06-28,379.962646484375,0.0045907768740116595
2017-06-29,381.70697021484375,-0.006614286442975348
2017-06-30,379.1822509765625,0.003964653968227427
2017-07-03,380.6855773925781,-0.003165146274682229
2017-07-04,379.48065185546875,-0.0027822674100199674
2017-07-05,378.4248352050781,0.005701186873625197
2017-07-06,380.5823059082031,0.005457896814517582
2017-07-07,382.65948486328125,0.005488322580470273
2017-07-10,384.7596435546875,0.0024160432697082346
2017-07-11,385.6892395019531,0.0005057656252658305
2017-07-12,385.8843078613281,0.0013680086379568301
2017-07-13,386.4122009277344,-0.002138453343105362
2017-07-14,385.58587646484375,0.0014286643685834655
2017-07-17,386.1367492675781,0.0007133526158251691
2017-07-18,386.4122009277344,0.005197301680506694
2017-07-19,388.4205017089844,0.010991090893191613
2017-07-20,392.6896667480469,-0.004588248596966604
2017-07-21,390.8879089355469,0.018819052645426604
2017-07-24,398.2440490722656,0.0026223669718317133
2017-07-25,399.28839111328125,0.004541236308918117
2017-07-26,401.1016540527344,0.024090755296672484
2017-07-27,410.7644958496094,-0.006230269679688538
2017-07-28,408.205322265625,0.0033174163536200396
2017-07-31,409.55950927734375,0.007173308547271828
2017-08-01,412.4974060058594,-0.0030881763801338113
2017-08-02,411.2235412597656,-0.006530180060472124
2017-08-03,408.5381774902344,0.005786593076750224
2017-08-04,410.9022216796875,-0.0009495379088806377
2017-08-07,410.5120544433594,-0.0059545815129569135
2017-08-08,408.067626953125,-0.007565085898728396
2017-08-09,404.9805603027344,-0.002267075084306014
2017-08-10,404.06243896484375,-0.0064755242283455194
2017-08-11,401.4459228515625,0.004659745883182964
2017-08-14,403.3165588378906,0.013686341057804974
2017-08-16,408.83648681640625,-0.008898125620579456
2017-08-17,405.1986083984375,-0.007505376745766568
2017-08-18,402.1574401855469,-0.00510809958646663
2017-08-21,400.1031799316406,0.0021799186473887566
2017-08-22,400.9753723144531,0.014567749036639377
2017-08-23,406.8166809082031,-0.005613638847674074
2017-08-24,404.532958984375,-0.00014190083447651602
2017-08-28,404.4755554199219,-0.009135908005633131
2017-08-29,400.7803039550781,0.012828216197208642
2017-08-30,405.9216003417969,0.004466801927249131
2017-08-31,407.7347717285156,-0.004981717585210821
2017-09-01,405.70355224609375,-0.009447879637378809
2017-09-04,401.8705139160156,0.002541596825088588
2017-09-05,402.89190673828125,0.0025921147174943204
2017-09-06,403.9362487792969,0.0037785062355211174
2017-09-07,405.4625244140625,0.011944351867156033
2017-09-08,410.3055114746094,0.019970262310047726
2017-09-11,418.4994201660156,0.006498904100219027
2017-09-12,421.2192077636719,0.003623688472336628
2017-09-13,422.7455749511719,-0.0013301544187569458
2017-09-14,422.1832580566406,0.005191880556604245
2017-09-15,424.37518310546875,0.006219722440634401
2017-09-18,427.0146789550781,-0.005778129682670219
2017-09-19,424.5473327636719,-0.0004596175254736323
2017-09-20,424.3522033691406,-0.005273505047366234
2017-09-21,422.1143798828125,-0.00815610702376346
2017-09-22,418.67156982421875,-0.013349048730121549
2017-09-25,413.08270263671875,-0.004139438444184074
2017-09-26,411.3727722167969,-0.008815668230456097
2017-09-27,407.7462463378906,0.010582568153994831
2017-09-28,412.0612487792969,0.00579310839247138
2017-09-29,414.4483642578125,0.0017443208142411404
2017-10-03,415.1712951660156,-0.006551001067086504
2017-10-04,412.4515075683594,0.0008903301620670767
2017-10-05,412.8187255859375,0.0008340205883770047
2017-10-06,413.16302490234375,-0.002555448059855303
2017-10-09,412.1072082519531,0.004010092173914792
2017-10-10,413.7597961425781,-0.00696182593982142
2017-10-11,410.8792724609375,0.016004153986885594
2017-10-12,417.4550476074219,0.017594199997704507
2017-10-13,424.7998352050781,0.003430858154198635
2017-10-16,426.25726318359375,-0.003176924192692221
2017-10-17,424.903076171875,0.009317956818047257
2017-10-18,428.8623046875,-0.01075709316756046
2017-10-19,424.2489929199219,0.008060975740463938
2017-10-23,427.6688537597656,0.002039339216702185
2017-10-24,428.541015625,-0.038562479775583025
2017-10-25,412.0154113769531,0.00013932382835224466
2017-10-26,412.07281494140625,-0.002395058447868803
2017-10-27,411.08587646484375,0.013371924437335592
2017-10-30,416.5828857421875,-0.0035813109296097823
2017-10-31,415.0909729003906,0.0070224305033612655
2017-11-01,418.00592041015625,0.0004941149363322239
2017-11-02,418.21246337890625,0.004719794664121757
2017-11-03,420.18634033203125,-0.0011470247008679157
2017-11-06,419.7043762207031,-0.0026795855673210633
2017-11-07,418.5797424316406,0.0012337397267034866
2017-11-08,419.0961608886719,0.0010405635558234927
2017-11-09,419.5322570800781,-0.00320057134406615
2017-11-10,418.18951416015625,-0.004637810315433533
2017-11-13,416.2500305175781,-0.00617573094268109
2017-11-14,413.67938232421875,-0.0011649930219927995
2017-11-15,413.19744873046875,0.004138288910484622
2017-11-16,414.9073791503906,0.009874382938410253
2017-11-17,419.00433349609375,0.006901999674579606
2017-11-20,421.89630126953125,0.004406750874413223
2017-11-21,423.7554931640625,0.0048747553224126605
2017-11-22,425.8211975097656,-0.006683719252544296
2017-11-23,422.9751281738281,0.0046395218371884095
2017-11-24,424.9375305175781,0.0033217342306677278
2017-11-27,426.34906005859375,0.00419903045007497
2017-11-28,428.1393127441406,0.00426201821349359
2017-11-29,429.96405029296875,-0.010462939264516025
2017-11-30,425.4653625488281,-0.0029669374117796687
2017-12-01,424.2030334472656,-0.007629052210080589
2017-12-04,420.9667663574219,-0.007442309793240454
2017-12-05,417.83380126953125,-0.009420681823526844
2017-12-06,413.89752197265625,0.003521302783228597
2017-12-07,415.35498046875,0.016992212986115307
2017-12-08,422.41278076171875,0.0032601670526763993
2017-12-11,423.7899169921875,-0.01435217230124719
2017-12-12,417.7076110839844,0.000796496467601715
2017-12-13,418.0403137207031,0.009169209857103233
2017-12-14,421.8734130859375,0.019259476381132234
2017-12-15,429.99847412109375,0.0029357304621158153
2017-12-18,431.2608337402344,0.0029538150613999115
2017-12-19,432.5346984863281,-0.008676033529813165
2017-12-20,428.7820129394531,8.021164486615717e-05
2017-12-21,428.81640625,0.004469358904870768
2017-12-22,430.7329406738281,-0.004422691183815108
2017-12-26,428.82794189453125,-0.006208726917781737
2017-12-27,426.16546630859375,0.011471657957734527
2017-12-28,431.0542907714844,-0.0030085409429536636
2017-12-29,429.7574462890625,-0.009559949474133855
2018-01-01,425.64898681640625,0.009625266334883475
2018-01-02,429.7459716796875,-0.010521366552676548
2018-01-03,425.2244567871094,0.00391323085557338
2018-01-04,426.8884582519531,0.0019893080500741345
2018-01-05,427.7376708984375,-0.0016097193315005587
2018-01-08,427.04913330078125,0.0016661252265866011
2018-01-09,427.7606506347656,0.0002683197043902297
2018-01-10,427.87542724609375,0.004479045223528599
2018-01-11,429.7919006347656,-0.0038717155441139184
2018-01-12,428.12786865234375,0.017396595911267188
2018-01-15,435.5758361816406,0.0012646300354608453
2018-01-16,436.1266784667969,-0.005078511306312428
2018-01-17,433.91180419921875,0.023168534454808043
2018-01-18,443.96490478515625,0.009253949829809871
2018-01-19,448.0733337402344,0.0057115742197819674
2018-01-22,450.6325378417969,-0.006137477518952439
2018-01-23,447.8667907714844,0.0032542231889602924
2018-01-24,449.3242492675781,0.008837326722929362
2018-01-25,453.2950744628906,0.012506553137080267
2018-01-29,458.9642333984375,-0.0020754235225748374
2018-01-30,458.0116882324219,0.0051114306268864595
2018-01-31,460.352783203125,-0.0072543692873109356
2018-02-01,457.0132141113281,-0.02167079376596659
2018-02-02,447.109375,-0.017530824087017338
2018-02-05,439.27117919921875,-0.00890875791768786
2018-02-06,435.3578186035156,-0.012652773537841
2018-02-07,429.8493347167969,0.004351699072430382
2018-02-08,431.71990966796875,-0.016720274372679533
2018-02-09,424.5014343261719,0.014679588438959668
2018-02-12,430.7329406738281,0.003463590042323883
2018-02-14,432.2248229980469,-0.0006637650979023357
2018-02-15,431.93792724609375,-0.0017536705134232333
2018-02-16,431.1804504394531,-0.00021282587679549714
2018-02-19,431.08868408203125,-0.007986385872092994
2018-02-20,427.6458435058594,-0.003112801814930455
2018-02-21,426.3146667480469,-0.002261286909841065
2018-02-22,425.35064697265625,0.014758259679191088
2018-02-23,431.6280822753906,0.016484500504079902
2018-02-26,438.7432556152344,-0.004708160870138922
2018-02-27,436.6775817871094,-0.009644804536653062
2018-02-28,432.4659118652344,-0.005227914416744084
2018-03-01,430.20501708984375,-0.002347314931348987
2018-03-05,429.1951904296875,-0.012674180389065093
2018-03-06,423.7554931640625,-0.007393620162441383
2018-03-07,420.6224060058594,0.011050097747544063
2018-03-08,425.27032470703125,-0.0009714925981276767
2018-03-09,424.857177734375,0.008751792163611993
2018-03-12,428.575439453125,-0.003748906972306121
2018-03-13,426.96875,0.0022847688556686396
2018-03-14,427.94427490234375,0.008742213973479629
2018-03-15,431.6854553222656,-0.014780916772713537
2018-03-16,425.30474853515625,-0.003103100043296725
2018-03-19,423.9849853515625,-0.004195307900157874
2018-03-20,422.20623779296875,0.010546190079056883
2018-03-21,426.6589050292969,0.004760900320218697
2018-03-22,428.690185546875,-0.014027515568805993
2018-03-23,422.6767272949219,0.028182769853384082
2018-03-26,434.58892822265625,-0.00044899762018624223
2018-03-27,434.393798828125,-0.0034342600955331593
2018-03-28,432.9019775390625,0.02391174207272706
2018-04-02,443.25341796875,-0.007922667091143976
2018-04-03,439.7416687011719,-0.017041588318225775
2018-04-04,432.2477722167969,0.013620194162693222
2018-04-05,438.13507080078125,0.007595977100762541
2018-04-06,441.463134765625,0.008136672652252264
2018-04-09,445.05517578125,-0.009386111821194976
2018-04-10,440.8778381347656,-0.0010412769434648972
2018-04-11,440.41876220703125,0.005185549918713228
2018-04-12,442.70257568359375,-0.001970292168781418
2018-04-13,441.830322265625,0.008883196840203889
2018-04-16,445.75518798828125,0.003295449301838449
2018-04-17,447.2241516113281,-0.00816021354600227
2018-04-18,443.57470703125,0.0033115799485052833
2018-04-19,445.04364013671875,0.008715994237200597
2018-04-20,448.9226379394531,-0.010302239308968453
2018-04-23,444.2977294921875,-0.00038739594915715436
2018-04-24,444.1256103515625,-0.007364474997368253
2018-04-25,440.8548583984375,0.00494602909663433
2018-04-26,443.03533935546875,-0.003548711468775889
2018-04-27,441.463134765625,0.01086620197728938
2018-04-30,446.2601623535156,0.012960836564019917
2018-05-02,452.0440673828125,-0.0008122825328200634
2018-05-03,451.6768798828125,0.010467990779800873
2018-05-04,456.405029296875,-0.00558216787425081
2018-05-07,453.8572998046875,-0.005234199901613779
2018-05-08,451.4817199707031,0.0057701174240931685
2018-05-09,454.0868225097656,0.0072281916140153335
2018-05-10,457.3690490722656,0.009559907944642232
2018-05-11,461.741455078125,0.004970739594552409
2018-05-14,464.0366516113281,0.007938612952781199
2018-05-15,467.720458984375,-0.0070910301427666855
2018-05-16,464.4038391113281,0.002174720890338433
2018-05-17,465.4137878417969,-0.00769329680337516
2018-05-18,461.8332214355469,-0.00949227966760302
2018-05-21,457.4493713378906,-0.0015806185860545163
2018-05-22,456.726318359375,-0.011256776022036119
2018-05-23,451.5850524902344,0.009402712167205562
2018-05-24,455.8311767578125,0.011429986162918793
2018-05-25,461.04132080078125,0.01667758625870941
2018-05-28,468.7303771972656,-0.004700912935352686
2018-05-29,466.52691650390625,0.007748858943921189
2018-05-30,470.1419677734375,0.05114597200033333
2018-05-31,494.1878356933594,-0.013484815896109725
2018-06-01,487.5238037109375,-0.030512645240930003
2018-06-04,472.6481628417969,0.008503567500347753
2018-06-05,476.6673583984375,-0.0030287265173979394
2018-06-06,475.2236633300781,0.002357416895274911
2018-06-07,476.3439636230469,-0.006231148902234196
2018-06-08,473.37579345703125,-0.003440075535835252
2018-06-11,471.7473449707031,0.0007586903457235117
2018-06-12,472.1052551269531,-0.006066860612626623
2018-06-13,469.2410583496094,0.0029290279304408084
2018-06-14,470.615478515625,-0.0038283840196384755
2018-06-15,468.81378173828125,-0.005148908774782579
2018-06-18,466.39990234375,0.0021544210714761203
2018-06-19,467.40472412109375,0.016135435042156754
2018-06-20,474.9465026855469,0.0007052603516521927
2018-06-21,475.2814636230469,0.012514557092923262
2018-06-22,481.2294006347656,0.005567786009509135
2018-06-25,483.9087829589844,-0.000596592372837712
2018-06-26,483.6200866699219,0.009027173966886348
2018-06-27,487.9858093261719,0.008638476818379814
2018-06-28,492.2012634277344,-0.01051216883754058
2018-06-29,487.02716064453125,-0.016694690726294148
2018-07-02,478.8963928222656,-0.0014711507941034263
2018-07-03,478.1918640136719,0.0161096879897884
2018-07-04,485.8953857421875,0.009602671051424982
2018-07-05,490.561279296875,-0.004049466018426928
2018-07-06,488.57476806640625,0.0049640784683306904
2018-07-09,491.0000915527344,0.009761893944163713
2018-07-10,495.7931823730469,0.0008619272343337592
2018-07-11,496.22052001953125,0.00823915935851538
2018-07-12,500.3089599609375,0.006902290113213638
2018-07-13,503.7622375488281,-0.005525077085681174
2018-07-16,500.9789123535156,0.003642404942423294
2018-07-17,502.8036804199219,-0.00025285461387747343
2018-07-18,502.6765441894531,0.004549377250260278
2018-07-19,504.9634094238281,0.0013494581770403524
2018-07-20,505.64483642578125,-0.014892476720037462
2018-07-23,498.1145324707031,0.0015303068204521875
2018-07-24,498.8768005371094,0.004907997977634748
2018-07-25,501.3252868652344,0.01025187937222305
2018-07-26,506.4648132324219,0.004355670117069721
2018-07-27,508.6708068847656,-0.014644898571374965
2018-07-30,501.22137451171875,0.004424129485457229
2018-07-31,503.4388427734375,-0.009543493710614803
2018-08-01,498.63427734375,-0.013202443588591128
2018-08-02,492.05108642578125,-0.004013575191040619
2018-08-03,490.0762023925781,-0.003464327415898638
2018-08-06,488.37841796875,0.007851375076359801
2018-08-07,492.2128601074219,0.002557655914430468
2018-08-08,493.4717712402344,-0.00835549205282371
2018-08-09,489.34857177734375,-0.0019117586345945847
2018-08-10,488.4130554199219,-0.010782964273581386
2018-08-13,483.1465148925781,-0.0012189433318942067
2018-08-14,482.5575866699219,-0.006414250748160599
2018-08-16,479.46234130859375,0.0007947923438718085
2018-08-17,479.8434143066406,0.009073992325758784
2018-08-20,484.197509765625,-7.140973532138162e-05
2018-08-21,484.1629333496094,-0.007705112325198327
2018-08-23,480.4324035644531,-0.004831920402515233
2018-08-24,478.1109924316406,0.005121231020542183
2018-08-27,480.55950927734375,0.006921583791273278
2018-08-28,483.8857421875,-0.007804947638643034
2018-08-29,480.1090393066406,-0.005965721415035485
2018-08-30,477.2448425292969,-0.00237166828054014
2018-08-31,476.11297607421875,0.006719260675573269
2018-09-03,479.3121032714844,-0.011204246197607737
2018-09-04,473.9417724609375,-0.002900105626973737
2018-09-05,472.5672912597656,0.0031038899689603827
2018-09-06,474.0340881347656,0.0023144695257864
2018-09-07,475.1312255859375,-0.007681176175886817
2018-09-10,471.4816589355469,-0.01996432120084579
2018-09-11,462.06884765625,0.005723901187445701
2018-09-12,464.71368408203125,0.008822846833850262
2018-09-14,468.81378173828125,-0.018427310346443737
2018-09-17,460.1748046875,-0.0015059346078999392
2018-09-18,459.4818115234375,-0.014000650890324984
2018-09-19,453.04876708984375,0.004537738097371236
2018-09-21,455.1045837402344,-0.022611413351973142
2018-09-24,444.81402587890625,0.013865232641856684
2018-09-25,450.9814758300781,0.008092497909527596
2018-09-26,454.63104248046875,0.004039309004621572
2018-09-27,456.4674377441406,0.01513044437498845
2018-09-28,463.3739929199219,0.01465564802155761
2018-10-01,470.1650390625,-0.0021125030896315122
2018-10-03,469.17181396484375,-0.036137272826496925
2018-10-04,452.21722412109375,0.0038565272264869943
2018-10-05,453.9612121582031,-0.010329267762260619
2018-10-08,449.2721252441406,-0.0022622312063600436
2018-10-09,448.2557678222656,0.0136814346242915
2018-10-10,454.3885498046875,-0.015047210754708495
2018-10-11,447.55126953125,0.0228638778727559
2018-10-12,457.7840270996094,0.01322001215012647
2018-10-15,463.8359375,-0.007619263297737988
2018-10-16,460.3018493652344,-0.009108031726219878
2018-10-17,456.1094055175781,-0.003469069857986118
2018-10-19,454.5271301269531,0.015830191396570825
2018-10-22,461.7223815917969,-0.0070288152740972665
2018-10-23,458.4770202636719,0.0037281902368808684
2018-10-24,460.1863098144531,-0.011770506555804472
2018-10-25,454.7696838378906,-0.003860382033343046
2018-10-26,453.01409912109375,-0.017795034156393053
2018-10-29,444.95269775390625,-0.007034329409521534
2018-10-30,441.82275390625,-0.0005227368423379453
2018-10-31,441.591796875,0.00023545135894198488
2018-11-01,441.6957702636719,0.01948003269702725
2018-11-02,450.3000183105469,0.003359983181785653
2018-11-05,451.8130187988281,-0.004831337826272208
2018-11-06,449.6301574707031,0.0058564571400336884
2018-11-07,452.2633972167969,-0.0064096824194334046
2018-11-09,449.3645324707031,-0.012516658147012971
2018-11-12,443.739990234375,0.0034875759191310696
2018-11-13,445.2875671386719,0.015562206299516657
2018-11-14,452.21722412109375,0.00888775425228916
2018-11-15,456.2364196777344,0.014758505962058077
2018-11-16,462.96978759765625,0.004789594922914642
2018-11-19,465.1872253417969,-0.0007199249766536298
2018-11-20,464.8523254394531,0.0031304569551993122
2018-11-21,466.3075256347656,-0.006563431264404063
2018-11-22,463.2469482421875,0.022089140769539384
2018-11-26,473.47967529296875,0.006927562017152278
2018-11-27,476.7597351074219,0.012233538335152394
2018-11-28,482.5921936035156,0.02000710654974358
2018-11-29,492.2474670410156,-0.0012200274458128435
2018-11-30,491.64691162109375,-0.007117812806054502
2018-12-03,488.1474609375,-0.013130972886570946
2018-12-04,481.73760986328125,0.006544834785270348
2018-12-05,484.8905029296875,-0.0010241116875865375
2018-12-06,484.3939208984375,0.005030864469759866
2018-12-07,486.8308410644531,-0.008943817049557157
2018-12-10,482.4767150878906,-0.013979622888263488
2018-12-11,475.73187255859375,0.012502644529893248
2018-12-12,481.6797790527344,0.007672860637153001
2018-12-13,485.3756408691406,-0.002665109232194207
2018-12-14,484.0820617675781,0.016462135839334868
2018-12-17,492.05108642578125,0.0024645347513851945
2018-12-18,493.2637634277344,-0.005619222895965281
2018-12-19,490.49200439453125,0.0065929620402425115
2018-12-20,493.7257995605469,-0.01230436346421504
2018-12-21,487.65081787109375,-0.014447027918921829
2018-12-24,480.605712890625,0.02004192402470628
2018-12-26,490.23797607421875,-0.008151583547879815
2018-12-27,486.24176025390625,0.008479668515430472
2018-12-28,490.36492919921875,-0.0005652130240714204
2018-12-31,490.0877685546875,0.012442964143410506
2019-01-01,496.1859130859375,-0.009124535181087134
2019-01-02,491.658447265625,-0.007845734974051943
2019-01-03,487.801025390625,0.002675256114388569
2019-01-04,489.10601806640625,0.0015113221879092809
2019-01-07,489.84521484375,-0.008322966538178211
2019-01-08,485.76824951171875,0.0065621479145105965
2019-01-09,488.9559326171875,-0.003921082044884505
2019-01-10,487.0386962890625,0.0016125410137446394
2019-01-11,487.8240661621094,-0.004853419317174423
2019-01-14,485.4564514160156,0.00963524167972496
2019-01-15,490.1339416503906,-0.000801209959037319
2019-01-16,489.7412414550781,0.005706998218638848
2019-01-17,492.53619384765625,-0.0009613724800373591
2019-01-18,492.06268310546875,0.008402800561402302
2019-01-21,496.1973876953125,-0.005725858451322563
2019-01-22,493.3562316894531,-0.014256573413194085
2019-01-23,486.3226623535156,-0.0014961889945926954
2019-01-24,485.59503173828125,-0.0029730433262288303
2019-01-25,484.1513366699219,-0.005653568233466633
2019-01-28,481.4141540527344,-0.012738907608054517
2019-01-29,475.2814636230469,-0.011129622705706832
2019-01-30,469.99176025390625,0.02223919837357946
2019-01-31,480.4440002441406,0.005048151298952197
2019-02-01,482.8693542480469,0.00691242681462656
2019-02-04,486.2071533203125,0.004347090353047145
2019-02-05,488.32073974609375,0.004067921006888575
2019-02-06,490.30718994140625,-0.0025440693383067536
2019-02-07,489.059814453125,0.00255055813505356
2019-02-08,490.30718994140625,0.008008957334897815
2019-02-11,494.2340393066406,-0.00465030665830779
2019-02-12,491.9356994628906,-0.009156346044842278
2019-02-14,487.4313659667969,-0.004525689745858319
2019-02-15,485.22540283203125,-0.005117527405576916
2019-02-18,482.74224853515625,-0.002799001523406286
2019-02-19,481.39105224609375,0.011660099623296727
2019-02-20,487.0041198730469,0.003580865978771497
2019-02-21,488.7480163574219,-0.011555328827848599
2019-02-22,483.1003723144531,0.016232799605665926
2019-02-25,490.94244384765625,-0.006940113016545735
2019-02-26,487.5352478027344,-0.008717506214964033
2019-02-27,483.28515625,-0.007025952041286421
2019-02-28,479.8896179199219,0.0027918560119117863
2019-03-01,481.2294006347656,0.011399889339317681
2019-03-05,486.7153625488281,-0.0013526503651805077
2019-03-06,486.0570068359375,0.010573854048655074
2019-03-07,491.1965026855469,0.000799352515764129
2019-03-08,491.5891418457031,0.00011751637795276437
2019-03-11,491.64691162109375,0.01999107899139707
2019-03-12,501.4754638671875,0.025587335419137824
2019-03-13,514.306884765625,-0.0008085299494303699
2019-03-14,513.8910522460938,0.01269812274729265
2019-03-15,520.41650390625,0.0037505406670776953
2019-03-18,522.3683471679688,0.0027857740676706655
2019-03-19,523.8235473632812,0.013780181943704006
2019-03-20,531.0419311523438,-0.00993909494194134
2019-03-22,525.7638549804688,0.0022626816567923314
2019-03-25,526.9534912109375,0.013172248073400672
2019-03-26,533.8946533203125,-0.00514854246953067
2019-03-27,531.1458740234375,0.0014570870623309418
2019-03-28,531.9197998046875,0.0039082159051766485
2019-04-01,533.9986572265625,-0.007331895155510915
2019-04-02,530.0834350585938,-0.0009151529547822834
2019-04-03,529.5983276367188,-0.003838450402843696
2019-04-04,527.5654907226562,0.009479347399409477
2019-04-05,532.5664672851562,-0.007026590472208771
2019-04-08,528.8243408203125,-0.0009387993755495261
2019-04-09,528.327880859375,-0.021816577488954603
2019-04-10,516.8015747070312,0.009006201167152117
2019-04-11,521.4559936523438,0.0034331222380432624
2019-04-12,523.2462158203125,0.0103959399342064
2019-04-15,528.6858520507812,0.00709998592701977
2019-04-16,532.4395141601562,-0.004945842196854899
2019-04-18,529.80615234375,-0.010877794704910348
2019-04-22,524.0430297851562,-0.010314327373848409
2019-04-23,518.6378784179688,0.015343230599893065
2019-04-24,526.595458984375,-0.007149960476323991
2019-04-25,522.830322265625,0.007731566420563496
2019-04-26,526.8726196289062,0.016002143581748562
2019-04-30,535.3037109375,0.01654835984974934
2019-05-02,544.162109375,0.005157392385799486
2019-05-03,546.9685668945312,-0.01668107454383083
2019-05-06,537.8445434570312,-0.0026195962458203104
2019-05-07,536.4356079101562,-0.006502019977105422
2019-05-08,532.9476928710938,-0.007086499198620255
2019-05-09,529.1709594726562,0.002444539101033927
2019-05-10,530.4645385742188,-0.004049990731931241
2019-05-13,528.316162109375,0.00030626395863553313
2019-05-14,528.4779663085938,-0.0005244507097754703
2019-05-15,528.2008056640625,0.010473718523667852
2019-05-16,533.7330322265625,0.022266332840919834
2019-05-17,545.6173095703125,0.029740606578029682
2019-05-20,561.8442993164062,-0.011778704277349394
2019-05-21,555.2265014648438,0.0008528244616174963
2019-05-22,555.7000122070312,-0.030614122175092184
2019-05-23,538.687744140625,0.017687794730485207
2019-05-24,548.2159423828125,0.01474721024452319
2019-05-27,556.3005981445312,0.0032594471908222733
2019-05-28,558.1138305664062,0.0002895844626999988
2019-05-29,558.2754516601562,0.009371598873265219
2019-05-30,563.5073852539062,-0.0058207387919096965
2019-05-31,560.2273559570312,0.013090867889089752
2019-06-03,567.5612182617188,-0.001953452028799485
2019-06-04,566.4525146484375,-0.011805393481868598
2019-06-06,559.7653198242188,0.010027591824184334
2019-06-07,565.37841796875,-0.003043777717323226
2019-06-10,563.6575317382812,0.003360380900198301
2019-06-11,565.5516357421875,-0.00872005368444928
2019-06-12,560.6199951171875,0.007272135015488956
2019-06-13,564.6968994140625,-0.0039266130090442886
2019-06-14,562.4795532226562,-0.005379644333859845
2019-06-17,559.45361328125,-0.001961360178955318
2019-06-18,558.3563232421875,0.004591877447909898
2019-06-19,560.9202270507812,0.0053868737470916805
2019-06-20,563.9418334960938,-0.005007563620290534
2019-06-21,561.1178588867188,0.001553295831608903
2019-06-24,561.9894409179688,0.004445984229392241
2019-06-25,564.488037109375,0.01614022143094096
2019-06-26,573.5989990234375,-0.0022690305842424374
2019-06-27,572.2974853515625,-0.007533710260584914
2019-06-28,567.9859619140625,0.01710498800651039
2019-07-01,577.7013549804688,0.003801983696033906
2019-07-02,579.8977661132812,-0.0021443956954209087
2019-07-03,578.6542358398438,-0.002349833677384172
2019-07-04,577.2944946289062,-0.004589680297699572
2019-07-05,574.6448974609375,-0.025400473415668756
2019-07-08,560.0486450195312,-0.01263710329640777
2019-07-09,552.9712524414062,0.004035262714819243
2019-07-10,555.20263671875,0.0077027936203613034
2019-07-11,559.479248046875,-0.005504495277809163
2019-07-12,556.3995971679688,0.0003551976617945929
2019-07-15,556.5972290039062,-0.001482462064750889
2019-07-16,555.7720947265625,0.0026135076989644013
2019-07-17,557.224609375,0.006027448396243917
2019-07-18,560.583251953125,-0.015029839091452724
2019-07-19,552.1577758789062,-0.03300129894778703
2019-07-22,533.9358520507812,-0.0146914639394925
2019-07-23,526.091552734375,0.007687235105952928
2019-07-24,530.1357421875,0.0022578376705553183
2019-07-25,531.3327026367188,-0.0038276440191123973
2019-07-26,529.2989501953125,-0.014490718094509303
2019-07-29,521.6290283203125,0.003542322646924889
2019-07-30,523.476806640625,-0.00026642122489872744
2019-07-31,523.3373413085938,-0.011061001761181188
2019-08-01,517.5487060546875,-0.0033530207731147232
2019-08-02,515.8133544921875,-0.015851217228176395
2019-08-05,507.6370849609375,0.004520010878757974
2019-08-06,509.9316101074219,-0.002329701194636158
2019-08-07,508.7436218261719,0.022504469119152937
2019-08-08,520.192626953125,0.021874995600056124
2019-08-09,531.5718383789062,-0.027015687761768437
2019-08-13,517.2110595703125,0.004098307455310923
2019-08-14,519.3307495117188,-0.0007850774176829667
2019-08-16,518.9230346679688,-0.009359288687943557
2019-08-19,514.0662841796875,0.006230600981043333
2019-08-20,517.2692260742188,0.002364146809788137
2019-08-21,518.4921264648438,-0.023249450410389727
2019-08-22,506.4374694824219,-0.005243645609388392
2019-08-23,503.7818908691406,0.04320973108370674
2019-08-26,525.5501708984375,0.0016843165888054124
2019-08-27,526.4353637695312,-0.00550879483721789
2019-08-28,523.5353393554688,-0.009143463506063432
2019-08-29,518.7484130859375,0.00044910246572205104
2019-08-30,518.9813842773438,-0.007630491435307918
2019-09-03,515.0213012695312,0.01664448752676706
2019-09-04,523.5935668945312,-0.005605721335184888
2019-09-05,520.658447265625,0.0048095837180328616
2019-09-06,523.16259765625,0.0016475537059108536
2019-09-09,524.0245361328125,0.0007555658777271823
2019-09-11,524.4204711914062,0.008683902256781062
2019-09-12,528.9744873046875,-0.005900849664198127
2019-09-13,525.8530883789062,-0.00589177022038101
2019-09-16,522.7548828125,-0.014615608788326573
2019-09-17,515.114501953125,-0.010672201976483331
2019-09-18,509.6170959472656,0.006559322570818482
2019-09-19,512.9598388671875,0.08950536711177826
2019-09-20,558.8724975585938,0.04805774915424088
2019-09-23,585.7306518554688,-0.0027441979257052385
2019-09-24,584.123291015625,-0.01124586166584951
2019-09-25,577.5543212890625,0.002258669611578057
2019-09-26,578.8588256835938,0.0013684066350323487
2019-09-27,579.6509399414062,-0.01346267100529941
2019-09-30,571.8472900390625,0.0173940079490702
2019-10-01,581.7940063476562,-0.020219546285278
2019-10-03,570.0303955078125,-0.027665332744857274
2019-10-04,554.2603149414062,-0.0023534850398100327
2019-10-07,552.9558715820312,0.03475429291861731
2019-10-09,572.1734619140625,-0.022472902525897398
2019-10-10,559.3150634765625,-0.0014575802356615597
2019-10-11,558.4998168945312,0.004671349345131359
2019-10-14,561.1087646484375,0.015484913532884947
2019-10-15,569.7974853515625,-0.0015944406989102378
2019-10-16,568.8889770507812,-0.0009007929359637901
2019-10-17,568.3765258789062,0.007377032544443107
2019-10-18,572.5694580078125,0.00838078929510333
2019-10-22,577.3680419921875,0.0018559985318615801
2019-10-23,578.4396362304688,-0.004429810423064673
2019-10-24,575.8772583007812,-0.005743932835147847
2019-10-25,572.5694580078125,0.007078899449503018
2019-10-27,576.6226196289062,0.003878110186046113
2019-10-29,578.8588256835938,0.004708339488421753
2019-10-30,581.5842895507812,-0.014419105611408578
2019-10-31,573.1983642578125,0.007884120613138812
2019-11-01,577.717529296875,-0.0025805772734245336
2019-11-04,576.2266845703125,0.002142275025108775
2019-11-05,577.4611206054688,0.013836412442793433
2019-11-06,585.4511108398438,0.0056100736121473815
2019-11-07,588.7355346679688,-0.0064097041596052895
2019-11-08,584.9619140625,0.007287446097752781
2019-11-11,589.2247924804688,-0.005692956567938223
2019-11-13,585.870361328125,0.013001489754034257
2019-11-14,593.487548828125,0.003140059853759425
2019-11-15,595.3511352539062,-0.012403230474400173
2019-11-18,587.9668579101562,0.007804843412642981
2019-11-19,592.5558471679688,0.0011399365603210754
2019-11-20,593.2313232421875,0.007853283017998258
2019-11-21,597.89013671875,-0.014493204865089537
2019-11-22,589.2247924804688,0.005020582960658437
2019-11-25,592.1830444335938,0.0031076050106331188
2019-11-26,594.0233154296875,0.0026273884205030296
2019-11-27,595.5840454101562,-0.01024713034337088
2019-11-28,589.4810180664062,0.007626482221009923
2019-11-29,593.9766845703125,-0.00721589228783337
2019-12-02,589.6906127929688,-0.008176895263888317
2019-12-03,584.8687744140625,-0.0029870106830270915
2019-12-04,583.1217651367188,-0.004833749517342056
2019-12-05,580.3031005859375,0.00036128664745560535
2019-12-06,580.5127563476562,-0.0024878245161638057
2019-12-09,579.0685424804688,0.005269693392087493
2019-12-10,582.1200561523438,-0.000600264955378571
2019-12-11,581.7706298828125,0.011891860134519039
2019-12-12,588.68896484375,0.00019782106524779408
2019-12-13,588.805419921875,-0.005143056050240791
2019-12-16,585.7771606445312,0.010935700842303442
2019-12-17,592.1830444335938,0.016717742042707817
2019-12-18,602.0830078125,-0.0027468116061913905
2019-12-19,600.42919921875,0.006129648469234583
2019-12-20,604.109619140625,0.004395754502142468
2019-12-23,606.76513671875,-0.010173278182600942
2019-12-24,600.5923461914062,-0.014505739522088446
2019-12-26,591.8803100585938,0.003581178272411556
2019-12-27,593.9999389648438,0.00560804225606093
2019-12-30,597.3311157226562,-0.007838414545985106
2019-12-31,592.6489868164062,0.005109701264505606
2020-01-01,595.67724609375,0.00637394493367327
2020-01-02,599.4740600585938,-0.014260547193925999
2020-01-03,590.9252319335938,-0.02164150808343024
2020-01-06,578.13671875,0.01583466635811437
2020-01-07,587.2913208007812,-0.002617805672123552
2020-01-08,585.75390625,0.011214659760058199
2020-01-09,592.3229370117188,0.008887726555777187
2020-01-10,597.5873413085938,0.002572600537786629
2020-01-13,599.1246948242188,0.0027216625327943778
2020-01-14,600.7553100585938,-0.004071311190187776
2020-01-15,598.3094482421875,0.002647535342806595
2020-01-16,599.8934936523438,-0.007377916917421512
2020-01-17,595.467529296875,-0.018190390871799744
2020-01-20,584.6357421875,-0.008407010909236678
2020-01-21,579.720703125,-0.002812654767078704
2020-01-22,578.0901489257812,0.0032234840170368706
2020-01-23,579.95361328125,-0.00024089766742863006
2020-01-24,579.8139038085938,-0.025189819731651797
2020-01-27,565.20849609375,0.008242861844918625
2020-01-28,569.867431640625,0.010341546506541732
2020-01-29,575.7607421875,-0.00792959891719347
2020-01-30,571.1951904296875,0.00020366594425458295
2020-01-31,571.3115234375,-0.027317943055230276
2020-02-03,555.7044677734375,0.031019602924303946
2020-02-04,572.9421997070312,0.012074994527055072
2020-02-05,579.8604736328125,-0.00389655883089135
2020-02-06,577.6010131835938,0.0019355592035221747
2020-02-07,578.718994140625,-0.0015292564691766763
2020-02-10,577.833984375,0.00024167570838029562
2020-02-11,577.9736328125,0.006770987336211398
2020-02-12,581.8870849609375,-0.006084770577611587
2020-02-13,578.346435546875,-0.017762305569615
2020-02-14,568.0736694335938,-0.0018040640919259054
2020-02-17,567.048828125,-0.0032043388707294618
2020-02-18,565.2318115234375,0.011497978891144678
2020-02-19,571.7308349609375,-0.008230067390195495
2020-02-20,567.0254516601562,-0.005874827572659003
2020-02-24,563.6942749023438,-0.007975363071915376
2020-02-25,559.1986083984375,-0.00087470843961579
2020-02-26,558.70947265625,0.00016670497458126654
2020-02-27,558.8026123046875,-0.01817502240748703
2020-02-28,548.6463623046875,0.0016557974827517974
2020-03-02,549.5548095703125,0.001865079444409945
2020-03-03,550.5797729492188,-0.02788120964905272
2020-03-04,535.2289428710938,0.002176141447939761
2020-03-05,536.3936767578125,-0.014287674690161012
2020-03-06,528.7298583984375,-0.02431917956390095
2020-03-09,515.87158203125,0.005870062138844556
2020-03-11,518.8997802734375,-0.08304895729701534
2020-03-12,475.8056945800781,0.04748858025754399
2020-03-13,498.4010314941406,-0.06571332088915938
2020-03-16,465.6494445800781,-0.02441219102840464
2020-03-17,454.28192138671875,-0.10070758186768558
2020-03-18,408.53228759765625,0.021268062401236465
2020-03-19,417.2209777832031,-0.014181256083368177
2020-03-20,411.30426025390625,-0.12606893888816262
2020-03-23,359.4515686035156,-0.004989935483345143
2020-03-24,357.6579284667969,0.11599562618096737
2020-03-25,399.1446838378906,0.05176542889982416
2020-03-26,419.80657958984375,0.0037178085669160588
2020-03-27,421.3673400878906,-0.08049088294544249
2020-03-30,387.45111083984375,0.03637343043059715
2020-03-31,401.5440368652344,-0.03741736362361625
2020-04-01,386.5193176269531,-0.01904414879358951
2020-04-03,379.15838623046875,0.10106274320358022
2020-04-07,417.4771728515625,-0.00803463945475591
2020-04-08,414.1228942871094,0.04066808062120075
2020-04-09,430.9644775390625,-0.03210635948109897
2020-04-13,417.1277770996094,-0.035796030315962124
2020-04-15,402.1962585449219,0.019054846182615437
2020-04-16,409.86004638671875,0.03472574762696934
2020-04-17,424.0927429199219,0.037954413686558386
2020-04-20,440.1889343261719,-0.024554026241201288
2020-04-21,429.3805236816406,0.00754068549399034
2020-04-22,432.61834716796875,0.02837612314526816
2020-04-23,444.8943786621094,-0.01769726358335766
2020-04-24,437.0209655761719,-0.00890141779821274
2020-04-27,433.130859375,0.001828599112566165
2020-04-28,433.9228820800781,0.049065866035670425
2020-04-29,455.21368408203125,0.025278883529999963
2020-04-30,466.7209777832031,-0.07865838280583404
2020-05-04,430.00946044921875,-0.012513564055342097
2020-05-05,424.6285095214844,0.038345428747137644
2020-05-06,440.91107177734375,-0.02261192623860253
2020-05-07,430.94122314453125,0.004378347211637212
2020-05-08,432.8280334472656,-0.014261883792669017
2020-05-11,426.65509033203125,-0.015560167013885073
2020-05-12,420.0162658691406,0.02895017856814608
2020-05-13,432.1758117675781,-0.036597934249650965
2020-05-14,416.35906982421875,-0.006210102076821267
2020-05-15,413.7734375,-0.05798557188508957
2020-05-18,389.7805480957031,-0.007171518992346693
2020-05-19,386.9852294921875,0.03184240468137012
2020-05-20,399.3077697753906,0.0028584929806731996
2020-05-21,400.4491882324219,-0.024082300767136244
2020-05-22,390.8054504394531,0.01615308490694889
2020-05-26,397.1181640625,0.060124256422614986
2020-05-27,420.9945983886719,0.046035523641604126
2020-05-28,440.37530517578125,0.006770860980755744
2020-05-29,443.3570251464844,0.037828807325038794
2020-06-01,460.1286926269531,0.013516965050631491
2020-06-02,466.3482360839844,0.021228823544385822
2020-06-03,476.2482604980469,-0.020102715013863848
2020-06-04,466.67437744140625,0.031596157621384124
2020-06-05,481.41949462890625,-0.01688674481402841
2020-06-08,473.2898864746094,-0.028152213042394125
2020-06-09,459.9657287597656,0.0046083649473662724
2020-06-10,462.0854187011719,-0.023441026601191517
2020-06-11,451.253662109375,0.014608755988497757
2020-06-12,457.8459167480469,-0.03347745188447804
2020-06-15,442.5184020996094,0.04269097157928203
2020-06-16,461.4099426269531,-0.011258190674666713
2020-06-17,456.2153015136719,0.04156245026928751
2020-06-18,475.1767272949219,0.013137780062426607
2020-06-19,481.41949462890625,-0.004451430394910916
2020-06-22,479.2764892578125,0.013171403734826725
2020-06-23,485.5892333984375,-0.009402211743896993
2020-06-24,481.02362060546875,-0.003632111340929778
2020-06-25,479.2764892578125,0.02692593638737173
2020-06-26,492.18145751953125,0.018552807133916938
2020-06-29,501.31280517578125,-0.009479261543391515
2020-06-30,496.56072998046875,0.017591585479760585
2020-07-01,505.2960205078125,0.00442571783006418
2020-07-02,507.5323181152344,-0.014182223978265851
2020-07-03,500.3343811035156,0.027049842216725573
2020-07-06,513.8683471679688,0.0019491119069356966
2020-07-07,514.8699340820312,0.004705280424257552
2020-07-08,517.2925415039062,0.013148882502503456
2020-07-09,524.0943603515625,-0.017645300987729762
2020-07-10,514.8465576171875,-0.022486421854205574
2020-07-13,503.2695007324219,-0.01981046180265944
2020-07-14,493.29949951171875,-0.005382865769907985
2020-07-15,490.6441345214844,0.008925619752464087
2020-07-16,495.0234375,0.03378635303726152
2020-07-17,511.74847412109375,0.03149900524623628
2020-07-20,527.8680419921875,0.004854201667555014
2020-07-21,530.430419921875,-0.010715520221223684
2020-07-22,524.74658203125,0.003595834484837912
2020-07-23,526.6334838867188,-0.009996450079812313
2020-07-24,521.3690185546875,-0.03538569510343459
2020-07-27,502.9200134277344,0.006623489056191145
2020-07-28,506.2510986328125,-0.020291779362940243
2020-07-29,495.9783630371094,-0.01310344144390374
2020-07-30,489.4793395996094,-0.016989375880768542
2020-07-31,481.16339111328125,-0.029821976129277505
2020-08-03,466.81414794921875,0.039570972988316466
2020-08-04,485.28643798828125,-0.013536335924349996
2020-08-05,478.7174377441406,0.012797345099289537
2020-08-06,484.84375,0.00302680873348371
2020-08-07,486.311279296875,0.006514470129738381
2020-08-10,489.4793395996094,0.01522863369186811
2020-08-11,496.9334411621094,-0.002765741917515996
2020-08-12,495.5590515136719,-0.004371406952584644
2020-08-13,493.39276123046875,-0.023228522614574643
2020-08-14,481.9319763183594,-0.0016431792735880357
2020-08-17,481.14007568359375,0.022996831535815332
2020-08-18,492.20477294921875,0.009559684351355235
2020-08-19,496.91009521484375,-0.007125209193778681
2020-08-20,493.3695068359375,0.025165197270542894
2020-08-21,505.7852478027344,0.028922734877112388
2020-08-24,520.4139404296875,0.0023720272253602293
2020-08-25,521.6483764648438,-0.0011162219933875672
2020-08-26,521.0661010742188,-0.005677423617046817
2020-08-27,518.1077880859375,0.002158168798486626
2020-08-28,519.2259521484375,0.0012111205386435842
2020-08-31,519.8547973632812,0.010261466631272143
2020-09-01,525.1892700195312,0.006076445886963322
2020-09-02,528.3805541992188,-0.0028656621524324466
2020-09-03,526.8663940429688,-0.010257433262215732
2020-09-04,521.4620971679688,-0.007861993168013393
2020-09-07,517.3623657226562,0.0017559206579629283
2020-09-08,518.2708129882812,-0.014337710062323428
2020-09-09,510.8399963378906,-0.005426303101013441
2020-09-10,508.0680236816406,-0.010911937160466123
2020-09-11,502.5240173339844,-0.019190661496557904
2020-09-14,492.8802490234375,0.011862643724420696
2020-09-15,498.72711181640625,0.021625365845300726
2020-09-16,509.51226806640625,-0.009189493005922866
2020-09-17,504.8301086425781,-0.024270787938271865
2020-09-18,492.5774841308594,-0.007566487342401507
2020-09-21,488.85040283203125,-0.013246871615273492
2020-09-22,482.3746643066406,0.011444756138521361
2020-09-23,487.89532470703125,-0.016089779459440234
2020-09-24,480.0451965332031,0.01319881773318854
2020-09-25,486.3812255859375,0.009769954836758465
2020-09-28,491.1331481933594,0.00792104813318173
2020-09-29,495.0234375,0.015104869462462256
2020-09-30,502.5007019042969,0.02628413082688308
2020-10-01,515.70849609375,0.006685115383777918
2020-10-05,519.1560668945312,0.026697146071064326
2020-10-06,533.0160522460938,0.0158639678412813
2020-10-07,541.4718017578125,0.025424861753525985
2020-10-08,555.2386474609375,0.03503110355797445
2020-10-09,574.6892700195312,-0.016132401712924627
2020-10-12,565.4181518554688,-0.012524327191044793
2020-10-13,558.336669921875,0.010889189823813039
2020-10-14,564.41650390625,-0.03487412678158186
2020-10-15,544.7329711914062,0.025743019113368737
2020-10-16,558.7560424804688,0.0035018234977404195
2020-10-19,560.7127075195312,0.016949689426592807
2020-10-20,570.2166137695312,0.01858756432615105
2020-10-21,580.8155517578125,-0.010748331088361818
2020-10-22,574.57275390625,0.0020270241560262914
2020-10-23,575.7374267578125,-0.02014887920786035
2020-10-26,564.136962890625,0.01833358217513692
2020-10-27,574.4796142578125,-0.01905766874190018
2020-10-28,563.5313720703125,-0.018518562644144865
2020-10-29,553.0955810546875,-0.0030744043369185237
2020-10-30,551.3951416015625,0.026783644736396495
2020-11-02,566.1635131835938,0.026907975540811035
2020-11-03,581.3978271484375,0.007572628853002916
2020-11-04,585.800537109375,0.00938427690806054
2020-11-05,591.2978515625,0.030294831945749667
2020-11-06,609.2111206054688,0.025159610732653936
2020-11-09,624.5386352539062,0.03961078299889542
2020-11-10,649.277099609375,-0.0026551652434968487
2020-11-11,647.5531616210938,-0.013129917109280576
2020-11-12,639.0508422851562,-0.009404396798573966
2020-11-13,633.0409545898438,0.008021891788101643
2020-11-14,638.119140625,0.02829092150087087
2020-11-17,656.172119140625,0.0001773834022713583
2020-11-18,656.2885131835938,-0.02438426465113519
2020-11-19,640.285400390625,0.02131913297025978
2020-11-20,653.9357299804688,-0.006447401984845502
2020-11-23,649.7195434570312,0.03126358324866918
2020-11-24,670.0321044921875,-0.024614207975619196
2020-11-25,653.539794921875,0.01700176211355009
2020-11-26,664.651123046875,0.00995330976843678
2020-11-27,671.2666015625,-0.005239937472449663
2020-12-01,667.7492065429688,-0.018384240507410943
2020-12-02,655.47314453125,-0.021144915595768476
2020-12-03,641.6132202148438,0.006099299375363243
2020-12-04,645.526611328125,-0.009634742104711824
2020-12-07,639.30712890625,0.0029512885119618026
2020-12-08,641.1939086914062,0.022451479588296186
2020-12-09,655.5896606445312,-0.015171981553983693
2020-12-10,645.64306640625,-0.002200749162240556
2020-12-11,644.22216796875,-0.007701704681108423
2020-12-14,639.2605590820312,0.01395607737325455
2020-12-15,648.18212890625,0.013943744411391013
2020-12-16,657.22021484375,0.02204581099223102
2020-12-17,671.7091674804688,-0.02111931151611457
2020-12-18,657.5231323242188,-0.027420576097765714
2020-12-21,639.4934692382812,0.0003277511603241301
2020-12-22,639.7030639648438,0.0018570933112105337
2020-12-23,640.8910522460938,0.015592704973230065
2020-12-24,650.88427734375,0.011273350332442922
2020-12-28,658.221923828125,0.010156609028599606
2020-12-29,664.9072265625,0.0037136583610555274
2020-12-30,667.37646484375,0.002652845688464911
2020-12-31,669.1469116210938,-0.007832675973655001
2021-01-01,663.9057006835938,-0.006350764256744079
2021-01-04,659.6893920898438,0.007556564363981222
2021-01-05,664.6743774414062,-0.004310642078415805
2021-01-06,661.8092041015625,-0.003026906925540196
2021-01-07,659.8059692382812,0.010873743011385217
2021-01-08,666.9805297851562,0.013830036743870622
2021-01-11,676.2048950195312,0.020359075835858276
2021-01-12,689.9718017578125,-0.006988457161034467
2021-01-13,685.1499633789062,-0.0012921476884275584
2021-01-14,684.2646484375,-0.0014296683112431374
2021-01-15,683.286376953125,0.01121611467441963
2021-01-18,690.9501953125,0.013990866857093609
2021-01-19,700.6171875,-0.007879666644364902
2021-01-20,695.0965576171875,-0.011528158938406308
2021-01-21,687.0833740234375,-0.021189243410468683
2021-01-22,672.5245971679688,0.013369704418230155
2021-01-25,681.5160522460938,-0.036401530759695655
2021-01-27,656.7078247070312,-0.027064359211454114
2021-01-28,638.9344482421875,0.013890313825489553
2021-01-29,647.8094482421875,0.06202816922640619
2021-02-01,687.9918823242188,0.05674615436274766
2021-02-02,727.0327758789062,0.009131438362518285
2021-02-03,733.671630859375,0.0027304243193031486
2021-02-04,735.6748657226562,0.011715549695655803
2021-02-05,744.293701171875,0.004788549074714599
2021-02-08,747.8577880859375,0.004111270946262291
2021-02-09,750.9324340820312,-0.018674130477595474
2021-02-10,736.909423828125,-0.005942755404304445
2021-02-11,732.5301513671875,0.006105514068170281
2021-02-12,737.0026245117188,0.021903261526597273
2021-02-15,753.1453857421875,0.006216766370593874
2021-02-16,757.8275146484375,-0.024682500652773776
2021-02-17,739.1224365234375,-0.020296153968750175
2021-02-18,724.12109375,-0.009779501011463299
2021-02-19,717.03955078125,0.005782613107142787
2021-02-22,721.1859130859375,-0.012177056189493607
2021-02-23,712.4039916992188,0.050551031110534606
2021-02-24,748.416748046875,-3.1153003655193245e-05
2021-02-25,748.3934326171875,-0.044820700723016915
2021-02-26,714.8499145507812,0.015967160802318858
2021-03-01,726.2640380859375,0.005965740294862298
2021-03-02,730.5967407226562,0.011892551914992833
2021-03-03,739.285400390625,-0.02193024170498259
2021-03-04,723.0726928710938,-0.014206931259123201
2021-03-05,712.800048828125,-0.006862772633098202
2021-03-08,707.9082641601562,0.028298892715001633
2021-03-09,727.9412841796875,-0.004320094846892553
2021-03-10,724.7965087890625,-0.0024426811606773624
2021-03-12,723.0260620117188,-0.015013263060736026
2021-03-15,712.1710815429688,-0.01079377121308489
2021-03-16,704.4840698242188,-0.011110122474207174
2021-03-17,696.6571655273438,-0.002908875926480259
2021-03-18,694.6306762695312,0.0043595242490683805
2021-03-19,697.658935546875,-0.01893163555151489
2021-03-22,684.4511108398438,0.021100589287703198
2021-03-23,698.8934326171875,-0.014231830975829363
2021-03-24,688.9468994140625,-0.010447738451019206
2021-03-25,681.7489624023438,0.019100205689013494
2021-03-26,694.7705078125,0.041842482553113625
2021-03-30,723.8414306640625,-0.03864970439527471
2021-03-31,695.8651733398438,-0.004619572486932122
2021-04-01,692.6505737304688,-0.024987251492216478
2021-04-05,675.3431396484375,-0.006450081167143962
2021-04-06,670.9871215820312,0.004825599381741208
2021-04-07,674.2250366210938,-0.009950298298022409
2021-04-08,667.5162963867188,-0.007712278062616762
2021-04-09,662.3682250976562,-0.03847371248021492
2021-04-12,636.8844604492188,0.02435897865921599
2021-04-13,652.3983154296875,0.0212447611511537
2021-04-15,666.2583618164062,-0.0010138350419756081
2021-04-16,665.5828857421875,-0.011374325877059
2021-04-19,658.0123291015625,-0.014868367815076944
2021-04-20,648.228759765625,0.022351604149679183
2021-04-22,662.7177124023438,-0.005869975475151112
2021-04-23,658.8275756835938,-0.006611865171312292
2021-04-26,654.4714965820312,0.024131526091777156
2021-04-27,670.264892578125,0.02648234049256848
2021-04-28,688.0150756835938,-0.0029115260681383814
2021-04-29,686.0119018554688,-0.04088288046062771
2021-04-30,657.9657592773438,0.0015222477764840203
2021-05-03,658.9673461914062,-0.018452425554491114
2021-05-04,646.8078002929688,0.010263936121836403
2021-05-05,653.4465942382812,-0.0012119294205931164
2021-05-06,652.6546630859375,0.009886380873487033
2021-05-07,659.1070556640625,0.0036050268501806038
2021-05-10,661.483154296875,-0.011480160992974553
2021-05-11,653.8892211914062,-0.00288556648307281
2021-05-12,652.0023803710938,-0.009038974081403195
2021-05-14,646.1089477539062,0.03850461120312598
2021-05-17,670.9871215820312,0.02530806289889087
2021-05-18,687.968505859375,-0.012527861872537849
2021-05-19,679.3497314453125,-0.017418767552050407
2021-05-20,667.5162963867188,0.04501687775171548
2021-05-21,697.5657958984375,0.008448393802457987
2021-05-24,703.4591064453125,-0.02053043545107125
2021-05-25,689.0167846679688,-0.001284630295855571
2021-05-26,688.1316528320312,0.003791261029794324
2021-05-27,690.7405395507812,0.014028867660626165
2021-05-28,700.4308471679688,0.008247748599908622
2021-05-31,706.2078247070312,-0.002737736084039155
2021-06-01,704.2744140625,-0.005093669792575195
2021-06-02,700.6870727539062,0.011004039439873825
2021-06-03,708.3974609375,-0.012889975034429346
2021-06-04,699.2662353515625,-0.0007329285773015615
2021-06-07,698.7537231445312,-0.011201234480229139
2021-06-08,690.9268188476562,-0.0018542165316787207
2021-06-09,689.6456909179688,0.0005066750566746769
2021-06-10,689.9951171875,0.0035783661569162017
2021-06-11,692.4641723632812,-0.004641996845751506
2021-06-14,689.249755859375,0.00729986926030235
2021-06-15,694.2811889648438,-0.00379126237362426
2021-06-16,691.6489868164062,-0.012461285440307557
2021-06-17,683.0301513671875,0.009344579271874709
2021-06-18,689.4127807617188,0.006014339188934459
2021-06-21,693.5591430664062,-0.003291393245590468
2021-06-22,691.2763671875,0.001145607155016437
2021-06-23,692.0682983398438,0.013968351455840189
2021-06-24,701.7353515625,0.005875588141563082
2021-06-25,705.8584594726562,-0.004455162806744739
2021-06-28,702.7137451171875,0.00013323765236994412
2021-06-29,702.807373046875,-0.0027629668819143527
2021-06-30,700.8655395507812,-0.007443885869009126
2021-07-01,695.6483764648438,-0.004270935484728566
2021-07-02,692.6773071289062,0.010166074461453123
2021-07-05,699.7191162109375,0.026246231964939915
2021-07-06,718.0841064453125,0.0031278128769096636
2021-07-07,720.3301391601562,-0.012374290251331854
2021-07-08,711.4165649414062,-0.012134594399773047
2021-07-09,702.7838134765625,-0.009986616769769308
2021-07-12,695.765380859375,0.00998656071975601
2021-07-13,702.7136840820312,-0.0017977530432081723
2021-07-14,701.4503784179688,0.014374861377744796
2021-07-15,711.5336303710938,0.001084941910401982
2021-07-16,712.3056030273438,-0.033730591414272704
2021-07-19,688.2791137695312,-0.018932823376207608
2021-07-20,675.248046875,0.003845700509361505
2021-07-22,677.8448486328125,-0.004107039468530416
2021-07-23,675.0609130859375,-0.0056836233854041796
2021-07-26,671.22412109375,0.003624877879515598
2021-07-27,673.6572265625,-0.015593085202768808
2021-07-28,663.15283203125,0.0006703116106843154
2021-07-29,663.5973510742188,0.005781807275114348
2021-07-30,667.4341430664062,-0.002663864472671418
2021-08-02,665.6561889648438,0.00847002199042346
2021-08-03,671.2943115234375,0.021328390107511197
2021-08-04,685.6119384765625,0.013341949562123201
2021-08-05,694.7593383789062,0.005253213647760768
2021-08-06,698.4090576171875,0.007536922557144221
2021-08-09,703.6729125976562,0.002493543009063126
2021-08-10,705.4275512695312,-0.008423716605127751
2021-08-11,699.4852294921875,0.0043144346349845986
2021-08-12,702.5031127929688,0.016517908069906717
2021-08-13,714.1069946289062,0.0028830089481739485
2021-08-16,716.165771484375,-0.010420789421203613
2021-08-17,708.7027587890625,-0.001089447891922668
2021-08-18,707.9306640625,0.00115685019471079
2021-08-20,708.7496337890625,0.006502583413895424
2021-08-23,713.3583374023438,0.02246505567451762
2021-08-24,729.3839721679688,-0.0009302752156925553
2021-08-25,728.7054443359375,-0.0016693874166500144
2021-08-26,727.4889526367188,-0.004084090019958575
2021-08-27,724.517822265625,0.012786992965755362
2021-08-30,733.7822265625,0.008385092754390921
2021-08-31,739.93505859375,-0.0014544139549831359
2021-09-01,738.85888671875,0.0062694003302972146
2021-09-02,743.4910888671875,-0.008149830257020652
2021-09-03,737.4317626953125,-0.006567080077754861
2021-09-06,732.5889892578125,0.002267399321721486
2021-09-07,734.2500610351562,0.004556376903550596
2021-09-08,737.5955810546875,-0.004947965066100624
2021-09-09,733.9459838867188,-0.008319521103210992
2021-09-13,727.8399047851562,-0.00450006872158315
2021-09-14,724.5645751953125,-0.0011301237795531272
2021-09-15,723.7457275390625,0.008501456840827037
2021-09-16,729.8986206054688,0.014231277938437703
2021-09-17,740.2860107421875,-0.014094910595781385
2021-09-20,729.8517456054688,-0.0050646054559286835
2021-09-21,726.1553344726562,-0.011759362122372163
2021-09-22,717.6162109375,0.023668194665770415
2021-09-23,734.6008911132812,0.020095796663609278
2021-09-24,749.36328125,0.014704459384790258
2021-09-27,760.3822631835938,-0.006184328384505999
2021-09-28,755.6798095703125,-0.013126503405444079
2021-09-29,745.7603759765625,0.0006900989300029359
2021-09-30,746.2750244140625,-0.007680561905361705
2021-10-01,740.543212890625,0.0019272137449251048
2021-10-04,741.9703979492188,0.006117003139816557
2021-10-05,746.509033203125,0.012191021947535186
2021-10-06,755.6097412109375,-0.0027247370942115046
2021-10-07,753.5509033203125,-0.0048743019904621265
2021-10-08,749.8778686523438,0.019436677473276598
2021-10-11,764.4530029296875,-0.0025708199046403646
2021-10-12,762.4877319335938,0.006013880698483964
2021-10-13,767.0732421875,0.02927880043234543
2021-10-14,789.5322265625,-0.010133741547420416
2021-10-18,781.5313110351562,0.011015877173602195
2021-10-19,790.1405639648438,-0.008793755870209252
2021-10-20,783.1922607421875,0.001463782773794664
2021-10-21,784.3386840820312,0.002654583188884896
2021-10-22,786.4207763671875,-0.01413061581945374
2021-10-25,775.3081665039062,-0.0025647406300842723
2021-10-26,773.3197021484375,-0.006020329800861424
2021-10-27,768.6640625,-0.029949041559523937
2021-10-28,745.643310546875,-0.006745646504516034
2021-10-29,740.6134643554688,0.01418328723639295
2021-11-01,751.1177978515625,0.000903276155638455
2021-11-02,751.7962646484375,-0.015745979477861827
2021-11-03,739.95849609375,0.007904083645949855
2021-11-04,745.8071899414062,0.003952352445576901
2021-11-08,748.7548828125,-0.017497146956209852
2021-11-09,735.65380859375,-0.010812620841765597
2021-11-10,727.699462890625,-0.004468645671071858
2021-11-11,724.4476318359375,0.0030354652950665972
2021-11-12,726.6466674804688,0.002736746138027213
2021-11-15,728.6353149414062,-0.005940042859915562
2021-11-16,724.3071899414062,-0.011111102684416285
2021-11-17,716.2593383789062,0.005618058433295436
2021-11-18,720.2833251953125,-0.015623006015868635
2021-11-22,709.0303344726562,0.0001320506685473788
2021-11-23,709.1239624023438,0.00164955470630046
2021-11-24,710.293701171875,0.005203888273824786
2021-11-25,713.989990234375,-0.023624441486296943
2021-11-26,697.1223754882812,0.007617811537436792
2021-11-29,702.4329223632812,-0.005129006754130638
2021-11-30,698.8301391601562,0.0074319412683359065
2021-12-01,704.0238037109375,0.014023219970721534
2021-12-02,713.896484375,-0.007996080872194056
2021-12-03,708.1881103515625,-0.006441721651227805
2021-12-06,703.6261596679688,0.014562970785319651
2021-12-07,713.873046875,0.01841794048202061
2021-12-08,727.0211181640625,-0.017344646532758135
2021-12-09,714.4111938476562,-0.002816253311750394
2021-12-10,712.3992309570312,-0.007487438473214758
2021-12-13,707.065185546875,-0.005757234027786606
2021-12-14,702.9944458007812,-0.0016306847252280932
2021-12-15,701.8480834960938,6.66140305671803e-05
2021-12-16,701.8948364257812,-0.018031982170194416
2021-12-17,689.23828125,-0.03217813978860273
2021-12-20,667.0598754882812,0.011328004872126263
2021-12-21,674.6163330078125,0.0023581111732164928
2021-12-22,676.2071533203125,-0.0007609907700872887
2021-12-23,675.6925659179688,-0.0036009060798892767
2021-12-24,673.2594604492188,0.00827011346441564
2021-12-27,678.827392578125,0.006892971961285799
2021-12-28,683.5065307617188,-0.00475774989505362
2021-12-29,680.2545776367188,0.005261953232087002
2021-12-30,683.8340454101562,0.012247569760522659
2021-12-31,692.2093505859375,0.027207010077806792
2022-01-03,711.0422973632812,0.005856537115880078
2022-01-04,715.20654296875,0.02374802269066989
2022-01-05,732.1912841796875,-0.01603979986365711
2022-01-06,720.4470825195312,0.007014178902481127
2022-01-07,725.5004272460938,0.0055463299468585525
2022-01-10,729.5242919921875,0.004329377739902052
2022-01-11,732.6826782226562,-0.005907146563561172
2022-01-12,728.3546142578125,-0.018405123384340527
2022-01-13,714.9491577148438,0.011224010940326767
2022-01-14,722.9737548828125,-0.015305944128263915
2022-01-17,711.907958984375,0.00509357933452792
2022-01-18,715.5341186523438,-0.0070623392998786505
2022-01-19,710.4807739257812,-0.006223263107643762
2022-01-20,706.0592651367188,0.008349703818483212
2022-01-21,711.9546508789062,-0.022969112271976955
2022-01-24,695.6016845703125,0.0009417607038084697
2022-01-25,696.2567749023438,-0.008803704168960813
2022-01-27,690.1271362304688,-0.007932401070730899
2022-01-28,684.6527709960938,0.015342659777696221
2022-01-31,695.1571655273438,0.007605895102092308
2022-02-01,700.4444580078125,0.0228456018351908
2022-02-02,716.446533203125,-0.01035136383075519
2022-02-03,709.0303344726562,0.00570830764844521
2022-02-04,713.0776977539062,-0.03664689017821954
2022-02-07,686.9456176757812,-0.0042911911300633765
2022-02-08,683.997802734375,0.02445527732715136
2022-02-09,700.7251586914062,0.018362586679309345
2022-02-10,713.59228515625,-0.004098021331059742
2022-02-11,710.66796875,-0.029726328250820333
2022-02-14,689.5424194335938,0.0299246830903539
2022-02-15,710.1767578125,-0.0013507757614260596
2022-02-16,709.2174682617188,-0.006102504694780575
2022-02-17,704.8894653320312,0.0038830507712892537
2022-02-18,707.6265869140625,0.00644683335527052
2022-02-21,712.1885375976562,-0.007489653551781328
2022-02-22,706.8544921875,-0.00648685997466214
2022-02-23,702.2692260742188,-0.0543008117779461
2022-02-24,664.1354370117188,0.025855983648854775
2022-02-25,681.3073120117188,-0.020499905980171707
2022-02-28,667.340576171875,-0.036459268895785435
2022-03-02,643.0098266601562,-0.0023649575090747277
2022-03-03,641.4891357421875,-0.00328215807983101
2022-03-04,639.3836669921875,-0.030515971210220427
2022-03-07,619.8722534179688,0.002264477101044049
2022-03-08,621.2759399414062,0.03264795065519799
2022-03-09,641.559326171875,0.015716788053399267
2022-03-10,651.642578125,0.0029438453307597534
2022-03-11,653.5609130859375,0.03275363277089105
2022-03-14,674.9674072265625,-0.012859236367207427
2022-03-15,666.287841796875,0.016959252358365262
2022-03-16,677.5875854492188,0.0220280058856408
2022-03-17,692.5134887695312,0.004357957476467167
2022-03-21,695.5314331054688,0.005146378154982312
2022-03-22,699.1109008789062,-0.009972208527624704
2022-03-23,692.1392211914062,-0.02474230840557534
2022-03-24,675.0140991210938,-0.008144813236775073
2022-03-25,669.5162353515625,0.0013279724585422148
2022-03-28,670.4053344726562,0.013260747232249681
2022-03-29,679.29541015625,0.017323301444727157
2022-03-30,691.0630493164062,-0.004468761285726486
2022-03-31,687.974853515625,0.024246037449275892
2022-04-01,704.655517578125,0.10013273191098948
2022-04-04,775.214599609375,-0.0293034092437231
2022-04-05,752.4981689453125,-0.035691012926507004
2022-04-06,725.6407470703125,-0.02198799249518335
2022-04-07,709.6853637695312,-0.0013845642458364393
2022-04-08,708.7027587890625,-0.01221395964271621
2022-04-11,700.0466918945312,-0.0017712092830024506
2022-04-12,698.8067626953125,-0.019116186649780542
2022-04-13,685.4482421875,-0.04744192184345608
2022-04-18,652.9292602539062,-0.03815970564593363
2022-04-19,628.013671875,0.009015123949207338
2022-04-20,633.67529296875,0.01480456430160415
2022-04-21,643.0565795898438,-0.013642672406060874
2022-04-22,634.2835693359375,0.007487416886400755
2022-04-25,639.03271484375,0.004612837242567114
2022-04-26,641.98046875,0.0003645107607683773
2022-04-27,642.2144775390625,-0.000874354996872273
2022-04-28,641.6529541015625,0.009661897325195179
2022-04-29,647.8525390625,0.013794541310609976
2022-05-02,656.7893676757812,-0.03398165031214584
2022-05-04,634.4705810546875,-0.0022492185309980206
2022-05-05,633.0435180664062,-0.026128000146551478
2022-05-06,616.5033569335938,0.0017076880414612639
2022-05-09,617.55615234375,0.016062399437045016
2022-05-10,627.4755859375,0.005629946228610017
2022-05-11,631.0082397460938,-0.022541410748760038
2022-05-12,616.784423828125,-0.008979064254384439
2022-05-13,611.2462768554688,0.010647791402582873
2022-05-16,617.7546997070312,0.006819484427533107
2022-05-17,621.9674682617188,-7.615073724409616e-05
2022-05-18,621.9201049804688,-0.02043527189993577
2022-05-19,609.2109985351562,0.02633922010060208
2022-05-20,625.2571411132812,-0.012831537181040686
2022-05-23,617.234130859375,0.01146452147009458
2022-05-24,624.3104248046875,0.007468200755091026
2022-05-25,628.972900390625,0.0285219190668069
2022-05-26,646.9124145507812,0.01854833086816665
2022-05-27,658.9115600585938,0.00682444257187198
2022-05-30,663.4082641601562,-0.008990199075725402
2022-05-31,657.444091796875,0.004247943938317622
2022-06-01,660.2368774414062,-0.006989993178532883
2022-06-02,655.621826171875,-0.0034654637791308174
2022-06-03,653.3497924804688,-0.0013402795819283941
2022-06-06,652.47412109375,-0.011498450534212057
2022-06-07,644.9716796875,0.0035227821594636666
2022-06-08,647.2437744140625,0.0075325038318847515
2022-06-09,652.119140625,-0.019307546011351207
2022-06-10,639.5283203125,-0.01813336702922841
2022-06-13,627.9315185546875,-0.011005605543529695
2022-06-14,621.020751953125,-0.0034680766332206847
2022-06-15,618.8670043945312,-0.020000656836020925
2022-06-16,606.4892578125,0.006594832097513104
2022-06-17,610.4889526367188,0.025121145230208697
2022-06-20,625.8251342773438,0.01089148028106246
2022-06-21,632.6412963867188,-0.00471375598818935
2022-06-22,629.6591796875,0.003683575253849769
2022-06-23,631.9785766601562,0.013968542843448173
2022-06-24,640.806396484375,0.0018096057404477506
2022-06-27,641.9660034179688,-0.00763131976690179
2022-06-28,637.0669555664062,-0.0014489775290641438
2022-06-29,636.1438598632812,0.0030136489224694696
2022-06-30,638.0609741210938,0.004265547961539218
2022-07-01,640.7826538085938,0.0014035227420690077
2022-07-04,641.6820068359375,-0.002249908164101977
2022-07-05,640.23828125,0.01378833487898179
2022-07-06,649.0661010742188,0.01790338977679684
2022-07-07,660.6865844726562,0.0009312969638204383
2022-07-08,661.3018798828125,0.006477756334467566
2022-07-11,665.5856323242188,-0.010205177371204188
2022-07-12,658.793212890625,-0.02439281993850473
2022-07-13,642.723388671875,-0.005007986416444621
2022-07-14,639.504638671875,0.008141811269785526
2022-07-15,644.7113647460938,-0.010645699293691746
2022-07-18,637.8479614257812,0.0003711783769984045
2022-07-19,638.084716796875,0.012610695230133251
2022-07-20,646.1314086914062,-0.003150039338887578
2022-07-21,644.0960693359375,0.023332609991405073
2022-07-22,659.12451171875,0.002944413124950529
2022-07-25,661.0652465820312,-0.002040644294057703
2022-07-26,659.7162475585938,0.007641187622186463
2022-07-27,664.7572631835938,0.008864989873186957
2022-07-28,670.6503295898438,0.012245522020288613
2022-07-29,678.86279296875,0.008332128566917785
2022-08-01,684.5191650390625,-0.010994669537542134
2022-08-02,676.9931030273438,0.002342169096152036
2022-08-03,678.5787353515625,-0.001185662602985471
2022-08-04,677.774169921875,-0.00338713901165022
2022-08-05,675.4784545898438,0.024526162779402894
2022-08-08,692.0453491210938,0.002906741129381496
2022-08-10,694.0569458007812,0.013230615079248276
2022-08-11,703.23974609375,-0.0003701652855263582
2022-08-12,702.9794311523438,0.01144672746918518
2022-08-16,711.0262451171875,0.005159125912682194
2022-08-17,714.6945190429688,0.001192188772331626
2022-08-18,715.5465698242188,-0.012337170208764126
2022-08-19,706.71875,-0.015203715730709666
2022-08-22,695.9739990234375,-0.003094492792057535
2022-08-23,693.8203125,0.004809566738731341
2022-08-24,697.1572875976562,-0.0054315161888336405
2022-08-25,693.3706665039062,0.0001705077866249738
2022-08-26,693.4888916015625,-0.017541441642679123
2022-08-29,681.3240966796875,0.03244414893950576
2022-08-30,703.4290771484375,-0.009386999476441726
2022-09-01,696.8259887695312,0.009068480415303837
2022-09-02,703.1451416015625,0.006428722093898331
2022-09-05,707.6654663085938,-0.0038125331464153867
2022-09-06,704.9674682617188,-0.00473360301439274
2022-09-07,701.6304321289062,0.010321853404889447
2022-09-08,708.87255859375,0.0006674606394534432
2022-09-09,709.345703125,-0.0033696669741316576
2022-09-12,706.9554443359375,0.013089542231651485
2022-09-13,716.2091674804688,0.010276988856070757
2022-09-14,723.5696411132812,-0.005200690174960498
2022-09-15,719.8065795898438,-0.018379656060965366
2022-09-16,706.5767822265625,0.006598595747922875
2022-09-19,711.2391967773438,0.012045712400721387
2022-09-20,719.8065795898438,-0.0015453675392771427
2022-09-21,718.6942138671875,-0.021305916576745187
2022-09-22,703.3817749023438,-0.026817029579562446
2022-09-23,684.5191650390625,-0.013484067372366071
2022-09-26,675.2890625,-0.00897212348299914
2022-09-27,669.2302856445312,-0.01718702133187966
2022-09-28,657.7282104492188,-0.005181594769000153
2022-09-29,654.3201293945312,0.028212803257645414
2022-09-30,672.7803344726562,-0.005733916135715722
2022-10-03,668.9226684570312,0.02816308836731607
2022-10-04,687.7615966796875,-0.011011790080585504
2022-10-06,680.1881103515625,-0.004314530551402407
2022-10-07,677.25341796875,-0.011042778917315199
2022-10-10,669.774658203125,-0.010141350304020857
2022-10-11,662.9822387695312,0.0065327779077379855
2022-10-12,667.3133544921875,-0.011491081069858189
2022-10-13,659.6452026367188,0.03257745664242484
2022-10-14,681.134765625,0.005246819989619844
2022-10-17,684.7085571289062,-0.0018665988011514756
2022-10-18,683.4304809570312,0.01025048393254635
2022-10-19,690.4359741210938,-0.006752855768728416
2022-10-20,685.7735595703125,-0.007040407044892727
2022-10-21,680.9454345703125,0.015605546846219509
2022-10-24,691.5719604492188,-0.006947134404139521
2022-10-25,686.7675170898438,0.002412282475318328
2022-10-27,688.4241943359375,0.002956519210415065
2022-10-28,690.4595336914062,0.026050765662622988
2022-10-31,708.446533203125,0.01105763084047573
2022-11-01,716.2802734375,0.0006276662608337702
2022-11-02,716.7298583984375,-0.00439167422158504
2022-11-03,713.5822143554688,-0.006898615735026259
2022-11-04,708.6594848632812,0.0077815445214779455
2022-11-07,714.1739501953125,-0.00029834990538435413
2022-11-09,713.9608764648438,0.010872803543652498
2022-11-10,721.7236328125,0.056665020397945964
2022-11-11,762.6201171875,0.0024205331383504447
2022-11-14,764.466064453125,0.0024457461597642283
2022-11-15,766.3357543945312,0.008585699898332688
2022-11-16,772.915283203125,-0.009033087681360574
2022-11-17,765.9334716796875,-0.0026263334272049743
2022-11-18,763.921875,-0.010254715208320553
2022-11-21,756.0880737304688,-0.0014712925603017624
2022-11-22,754.9756469726562,0.002601960092068145
2022-11-23,756.9400634765625,0.01625865022118722
2022-11-24,769.2468872070312,-0.004614966777460094
2022-11-25,765.6968383789062,-0.010756404632632943
2022-11-28,757.460693359375,-0.0014996491605799855
2022-11-29,756.3247680664062,0.006633835352506168
2022-11-30,761.3421020507812,0.006869983547153069
2022-12-01,766.572509765625,-0.007656739220371689
2022-12-02,760.7030639648438,0.003640110182174805
2022-12-05,763.4721069335938,-0.0011159408947049032
2022-12-06,762.6201171875,-0.0004344218316018056
2022-12-07,762.288818359375,0.005619512320106601
2022-12-08,766.572509765625,0.007131798943972756
2022-12-09,772.03955078125,0.007786485295075529
2022-12-12,778.051025390625,0.0027680530622733457
2022-12-13,780.2047119140625,0.008463198495111568
2022-12-14,786.8077392578125,-0.018318511948359872
2022-12-15,772.3945922851562,0.004810621771955237
2022-12-16,776.1102905273438,0.0031104632028002843
2022-12-19,778.5243530273438,-0.006900794435712121
2022-12-20,773.1519165039062,-0.009673158199748788
2022-12-21,765.673095703125,-0.003430986637637856
2022-12-22,763.0460815429688,-0.008932591581000682
2022-12-23,756.2301025390625,0.019904078054739704
2022-12-26,771.2821655273438,0.0010126863156458832
2022-12-27,772.063232421875,-0.0007970285586352821
2022-12-28,771.4478759765625,0.007056030024205295
2022-12-29,776.8912353515625,-0.008011809010050275
2022-12-30,770.6669311523438,0.0003376995894464052
2023-01-02,770.9271850585938,0.006538899811422416
2023-01-03,775.9682006835938,-0.017872785723291873
2023-01-04,762.0994873046875,-0.0064284374524976595
2023-01-05,757.2003784179688,-0.0033131626698144068
2023-01-06,754.691650390625,0.0019443798348677266
2023-01-09,756.1590576171875,-0.018278524906549465
2023-01-10,742.3375854492188,0.014410490510183838
2023-01-11,753.0350341796875,0.005342880851787468
2023-01-12,757.0584106445312,0.000781544457294503
2023-01-13,757.6500854492188,-0.009589845246311235
2023-01-16,750.3843383789062,0.014886739762346668
2023-01-17,761.5551147460938,0.01765186896319637
2023-01-18,774.9979858398438,0.004153000334631063
2023-01-19,778.216552734375,0.010248778460114627
2023-01-20,786.1923217773438,0.007315284751348461
2023-01-23,791.9435424804688,0.013388229841182486
2023-01-24,802.5462646484375,-0.027632007439699624
2023-01-25,780.3703002929688,-0.019925326854371206
2023-01-27,764.8211669921875,-0.0010211614075045228
2023-01-30,764.0401611328125,-0.006597921047346578
2023-01-31,758.9990844726562,0.014998422653446752
2023-02-01,770.3828735351562,-0.014868935100613934
2023-02-02,758.9281005859375,0.03458391391924809
2023-02-03,785.1748046875,-0.004250210504975649
2023-02-06,781.837646484375,0.0014831812446076675
2023-02-07,782.9972534179688,-0.00012090148072740892
2023-02-08,782.902587890625,-0.0020856662890279543
2023-02-09,781.2697143554688,0.003968259238458227
2023-02-10,784.3699951171875,0.0007543312574049832
2023-02-13,784.961669921875,0.009256336225115458
2023-02-14,792.2275390625,-0.0020313784682973735
2023-02-15,790.6182250976562,-0.003622190129624503
2023-02-16,787.7544555664062,-0.005017290032695798
2023-02-17,783.8020629882812,-0.009390730109525847
2023-02-20,776.4415893554688,0.0037492476153424548
2023-02-21,779.3526611328125,-0.019617330025090585
2023-02-22,764.0638427734375,-0.006783602597835392
2023-02-23,758.8807373046875,-0.008919450047138788
2023-02-24,752.1119384765625,0.002486000927401477
2023-02-27,753.981689453125,0.004206185326662615
2023-02-28,757.153076171875,-0.0009689488178985517
2023-03-01,756.41943359375,-0.008510570655980376
2023-03-02,749.9818725585938,0.01984935671052601
2023-03-03,764.8685302734375,0.007054881872283536
2023-03-06,770.2645874023438,0.001997145011317425
2023-03-08,771.8029174804688,9.189243776641653e-05
2023-03-09,771.8738403320312,-0.025786428544261053
2023-03-10,751.969970703125,-0.012652151623876007
2023-03-13,742.4559326171875,-0.002677732182061132
2023-03-14,740.4678344726562,-0.014351014789613314
2023-03-15,729.8413696289062,0.006485433135628327
2023-03-16,734.57470703125,0.013370865236780771
2023-03-17,744.3966064453125,-0.006931014708358996
2023-03-20,739.2371826171875,0.011333374395685825
2023-03-21,747.615234375,-0.002310896104540716
2023-03-22,745.8875732421875,-0.008027660130556336
2023-03-23,739.8998413085938,-0.0015992550723162857
2023-03-24,738.716552734375,0.004356971402112997
2023-03-27,741.9351196289062,0.008134427290859225
2023-03-28,747.9703369140625,0.0048094020063735865
2023-03-29,751.567626953125,0.01369833755681893
2023-03-31,761.8628540039062,0.0006211965829221455
2023-04-03,762.3361206054688,0.026823131732574224
2023-04-05,782.7843627929688,0.007619098709183536
2023-04-06,788.7484741210938,-0.004740980224571145
2023-04-10,785.009033203125,0.0029244444776181933
2023-04-11,787.3047485351562,0.012986230697544787
2023-04-12,797.5288696289062,0.004480927988546268
2023-04-13,801.1025390625,-0.015244112423186351
2023-04-17,788.8904418945312,-0.004230037474910464
2023-04-18,785.5534057617188,0.0036754573848567507
2023-04-19,788.440673828125,0.0037222247854358237
2023-04-20,791.3754272460938,0.0016150061372546265
2023-04-21,792.6535034179688,0.008091501894033515
2023-04-24,799.0672607421875,-0.014216786264625192
2023-04-25,787.7070922851562,0.004596927906715953
2023-04-26,791.328125,0.005503072860104652
2023-04-27,795.682861328125,0.003926140117093135
2023-04-28,798.8068237304688,-0.00020729464745050663
2023-05-02,798.6412353515625,0.0034968449984249528
2023-05-03,801.4339599609375,0.020464721818968634
2023-05-04,817.8350830078125,-0.05912133444681522
2023-05-05,769.4835815429688,0.011564485395232582
2023-05-08,778.3822631835938,3.0424178125709744e-05
2023-05-09,778.4059448242188,0.004621511607529438
2023-05-10,782.0033569335938,0.000665764255608936
2023-05-11,782.5239868164062,0.008831457889022065
2023-05-12,789.434814453125,0.004796700195606851
2023-05-15,793.2214965820312,-0.0057340098110661986
2023-05-16,788.6731567382812,-0.005372468361361182
2023-05-17,784.43603515625,0.0039977591385131905
2023-05-18,787.572021484375,0.0011551057923460117
2023-05-19,788.4817504882812,-0.0035521193081077262
2023-05-22,785.6809692382812,-0.0023461466244922846
2023-05-23,783.837646484375,-0.013071003261385217
2023-05-24,773.5921020507812,-0.0038372222471628747
2023-05-25,770.6236572265625,0.0038520032396902604
2023-05-26,773.5921020507812,0.012192007389936865
2023-05-29,783.0237426757812,0.0007642804099223799
2023-05-30,783.6221923828125,-0.015824061096984754
2023-05-31,771.2221069335938,-0.004252315838699228
2023-06-01,767.942626953125,0.0015584997327922068
2023-06-02,769.1394653320312,-0.0013071375726585455
2023-06-05,768.1340942382812,-0.003116460890406292
2023-06-06,765.740234375,0.005189509104497114
2023-06-07,769.7140502929688,0.0006218383244145365
2023-06-08,770.1926879882812,0.001181170657803099
2023-06-09,771.1024169921875,-0.006084578899901549
2023-06-12,766.4105834960938,0.0016865666613921082
2023-06-13,767.7031860351562,-0.001091345724603232
2023-06-14,766.8653564453125,-0.012299032132414345
2023-06-15,757.4336547851562,0.013084263371677451
2023-06-16,767.3441162109375,0.0008735169421083544
2023-06-19,768.014404296875,0.0020883486389893235
2023-06-20,769.6182861328125,0.017480494353985687
2023-06-21,783.0715942382812,0.004891251609041358
2023-06-22,786.9017944335938,-6.088764569500693e-05
2023-06-23,786.8538818359375,-0.004837255641448102
2023-06-26,783.0476684570312,0.014093118389381099
2023-06-27,794.083251953125,0.010581264325232542
2023-06-28,802.4856567382812,0.015064202145965933
2023-06-30,814.574462890625,0.010814710758019652
2023-07-03,823.3838500976562,0.0048841684345390934
2023-07-04,827.4053955078125,-0.031766990921503924
2023-07-05,801.1212158203125,0.0010158796913199986
2023-07-06,801.93505859375,-0.008716404351534979
2023-07-07,794.945068359375,-0.0023789999984644705
2023-07-10,793.0538940429688,-0.004859776832767726
2023-07-11,789.1998291015625,-0.009372672608804922
2023-07-12,781.8029174804688,0.004990842808983764
2023-07-13,785.7047729492188,0.00207185791456177
2023-07-14,787.3326416015625,0.02091822899490814
2023-07-17,803.80224609375,-0.000833972689615492
2023-07-18,803.1318969726562,0.004530603116020826
2023-07-19,806.7705688476562,0.002166115945759106
2023-07-20,808.5181274414062,-0.007698032749288708
2023-07-21,802.2941284179688,0.0015813873591103977
2023-07-24,803.5628662109375,0.010843659380137982
2023-07-25,812.2764282226562,-0.0034775945334116765
2023-07-26,809.45166015625,-0.01038021555632096
2023-07-27,801.0493774414062,-0.017721124321711468
2023-07-28,786.8538818359375,0.004685143611286913
2023-07-31,790.5404052734375,0.006692060523397769
2023-08-01,795.8307495117188,-0.01308470175876153
2023-08-02,785.4175415039062,-0.007223264708005717
2023-08-03,779.7442626953125,0.014459665621161966
2023-08-04,791.0191040039062,-0.000574997471075922
2023-08-07,790.5642700195312,-0.000817441742413938
2023-08-08,789.9180297851562,0.0003636218373070932
2023-08-09,790.2052612304688,-0.00887622296391144
2023-08-10,783.1912231445312,-0.010422539931054131
2023-08-11,775.0283813476562,-0.004880192375767534
2023-08-14,771.24609375,-0.0029177524450589853
2023-08-16,768.9957885742188,-0.0055408954850960646
2023-08-17,764.73486328125,-0.004100749787539937
2023-08-18,761.598876953125,-0.0007857005701858988
2023-08-21,761.00048828125,-0.0042781526683173254
2023-08-22,757.7448120117188,0.0024641376231173684
2023-08-23,759.6119995117188,-0.0046009463835192665
2023-08-24,756.1170654296875,-0.011270947517730945
2023-08-25,747.5949096679688,0.010406744610300223
2023-08-28,755.3749389648438,0.007954468234365075
2023-08-29,761.383544921875,-0.0072943958992209845
2023-08-30,755.8297119140625,-0.004592315234593358
2023-08-31,752.3587036132812,0.002068121536719758
2023-09-01,753.9146728515625,0.006255192420939526
2023-09-04,758.6305541992188,-0.006089994829196588
2023-09-05,754.010498046875,0.01308012136922776
2023-09-06,763.873046875,0.0096207872350762
2023-09-07,771.2221069335938,0.007790939688911758
2023-09-08,777.2306518554688,0.005174433748880158
2023-09-11,781.2523803710938,0.0031253811023543854
2023-09-12,783.694091796875,0.0042763093335194124
2023-09-13,787.04541015625,-0.000608300054160682
2023-09-14,786.566650390625,0.011473559467337413
2023-09-15,795.5913696289062,-0.019677990795375133
2023-09-18,779.9357299804688,-0.04011553185526873
2023-09-20,748.648193359375,-0.006618863491912319
2023-09-21,743.6929931640625,-0.015257291418574792
2023-09-22,732.3462524414062,0.0008825077855956209
2023-09-25,732.9925537109375,0.0043436155995120185
2023-09-26,736.1763916015625,-0.007023745111932045
2023-09-27,731.0056762695312,-0.0020631559506268937
2023-09-28,729.4974975585938,0.0017064802155473124
2023-09-29,730.7423706054688,-0.011957001734727912
2023-10-03,722.0048828125,0.014256769277172898
2023-10-04,732.29833984375,0.004053517026538556
2023-10-05,735.2667236328125,-0.001106950420076691
2023-10-06,734.4528198242188,-0.011603324946866111
2023-10-09,725.9307250976562,0.005671934660254285
2023-10-10,730.0481567382812,0.009673099710068689
2023-10-11,737.1099853515625,0.0066575527809082935
2023-10-12,742.017333984375,-0.009097645085073824
2023-10-13,735.2667236328125,-0.0040045290749846085
2023-10-16,732.3223266601562,0.00758361407287933
2023-10-17,737.8759765625,-0.013917692913437918
2023-10-18,727.6064453125,-0.003158432306269665
2023-10-19,725.308349609375,0.005181659336024547
2023-10-20,729.066650390625,-0.010999471914172165
2023-10-23,721.0473022460938,-0.006341060531814158
2023-10-25,716.47509765625,-0.02211823972750715
2023-10-26,700.6279296875,0.003929144893740633
2023-10-27,703.3807983398438,0.010856640609306023
2023-10-30,711.0171508789062,-0.005790903405825443
2023-10-31,706.8997192382812,-0.0013545337552004488
2023-11-01,705.9421997070312,0.0015260902994831405
2023-11-02,707.01953125,0.004739978425056801
2023-11-03,710.3707885742188,0.007245215644510639
2023-11-06,715.517578125,-0.004851130764716327
2023-11-07,712.0465087890625,0.0028913516603992218
2023-11-08,714.1052856445312,-0.003955674496732953
2023-11-09,711.280517578125,0.003937660572423063
2023-11-10,714.081298828125,-0.0018102470633807322
2023-11-13,712.7886352539062,0.010478211394798098
2023-11-15,720.2573852539062,0.002625607623007342
2023-11-16,722.1484985351562,-0.002154723407434611
2023-11-17,720.5924682617188,6.649056126240005e-05
2023-11-20,720.640380859375,0.008470588394721368
2023-11-21,726.74462890625,-0.0035573240041306686
2023-11-22,724.1593627929688,0.0057849269092067335
2023-11-23,728.3485717773438,0.0070991479865984974
2023-11-24,733.5192260742188,-0.0022518761265932774
2023-11-28,731.867431640625,0.019952353931926403
2023-11-29,746.4699096679688,-0.00022452685217688728
2023-11-30,746.3023071289062,-0.00218108207154466
2023-12-01,744.674560546875,0.03471770747170577
2023-12-04,770.5279541015625,0.008885224007927572
2023-12-05,777.374267578125,0.002525183527656738
2023-12-06,779.3372802734375,0.0016278917869390064
2023-12-07,780.60595703125,0.013953143247464661
2023-12-08,791.4978637695312,-0.001330670244937826
2023-12-11,790.4446411132812,-0.00993340486130223
2023-12-12,782.5928344726562,-0.0022634532628721393
2023-12-13,780.8214721679688,0.011803192985777589
2023-12-14,790.0376586914062,0.0038784834058342987
2023-12-15,793.101806640625,-0.0005131528114894479
2023-12-18,792.69482421875,-0.0016910860217107526
2023-12-19,791.3543090820312,0.002480419456206695
2023-12-20,793.3171997070312,0.017924004915019998
2023-12-21,807.53662109375,-0.00939702267759479
2023-12-22,799.9481811523438,0.006942512069148865
2023-12-26,805.5018310546875,0.012392722716437987
2023-12-27,815.4841918945312,0.0011447588121542562
2023-12-28,816.417724609375,0.002345735571300356
2023-12-29,818.3328247070312,-0.006523332163595685
2024-01-01,812.9945678710938,0.0005888843352037654
2024-01-02,813.4733276367188,-0.015419854235614872
2024-01-03,800.9296875,0.01072979459904988
2024-01-04,809.5234985351562,-0.005115721031214604
2024-01-05,805.3822021484375,-0.011146172198728266
2024-01-08,796.4052734375,-0.0077849964255890525
2024-01-09,790.2052612304688,0.003302071110967697
2024-01-10,792.8145751953125,-0.0041970136743026965
2024-01-11,789.4871215820312,-0.0047302051332679396
2024-01-12,785.752685546875,0.019254341307271883
2024-01-15,800.8818359375,0.0037960170856587983
2024-01-16,803.9219970703125,-0.08435831477426414
2024-01-17,736.1044921875,-0.033398240314366
2024-01-18,711.5198974609375,-0.01042964288698256
2024-01-19,704.0989990234375,-0.029442808304260493
2024-01-23,683.3683471679688,0.020002131059821737
2024-01-24,697.0371704101562,-0.014424018653870885
2024-01-25,686.9830932617188,0.013763988567043084
2024-01-29,696.438720703125,-0.007115055564845263
2024-01-30,691.4835205078125,0.01263577004900407
2024-01-31,700.220947265625,0.002598231236304205
2024-02-01,702.040283203125,-0.013775765877706458
2024-02-02,692.369140625,-0.00089899518467218
2024-02-05,691.7467041015625,-0.0005189887959478057
2024-02-06,691.3876953125,-0.009798550384826687
2024-02-07,684.6130981445312,-0.018811770056097576
2024-02-08,671.7343139648438,0.000391888017976072
2024-02-09,671.99755859375,-0.009689184603680623
2024-02-12,665.4864501953125,0.0032013155613928035
2024-02-13,667.6168823242188,-0.00745796739601956
2024-02-14,662.6378173828125,0.021675454822285056
2024-02-15,677.0007934570312,0.004137042787938361
2024-02-16,679.8015747070312,-0.001972010983429584
2024-02-19,678.4609985351562,0.026250764107825786
2024-02-20,696.2711181640625,-0.010417431865793136
2024-02-21,689.0177612304688,-0.013618992942338704
2024-02-22,679.634033203125,0.0007395517104253901
2024-02-23,680.1366577148438,0.0011967666122933984
2024-02-26,680.9506225585938,-0.0015115587546311593
2024-02-27,679.9213256835938,-0.007569683956605844
2024-02-28,674.7745361328125,-0.004257245213380556
2024-02-29,671.90185546875,0.019488410710327697
2024-03-01,684.9961547851562,0.0013628291317000496
2024-03-04,685.9296875,0.005688685947448091
2024-03-05,689.8317260742188,0.0012145419791167456
2024-03-06,690.6695556640625,0.0024262256836158347
2024-03-07,692.3452758789062,-0.012654776329993234
2024-03-11,683.5838012695312,0.022237020056631085
2024-03-12,698.78466796875,0.0005824146414918907
2024-03-13,699.191650390625,-0.0033895343010850176
2024-03-14,696.8217163085938,-0.0019237562569377475
2024-03-15,695.481201171875,-0.004543490325907618
2024-03-18,692.3212890625,0.0022821139254969314
2024-03-19,693.9012451171875,-0.01262631193685071
2024-03-20,685.1398315429688,0.010272124715075215
2024-03-21,692.1776733398438,-0.002005883442723122
2024-03-22,690.7892456054688,-0.012094037661256829
2024-03-26,682.434814453125,0.010733733225579245
2024-03-27,689.7598876953125,0.004997599333016245
2024-03-28,693.20703125,0.01560879925730152
2024-04-01,704.0271606445312,0.006562413278587531
2024-04-02,708.6472778320312,0.0014526534956316173
2024-04-03,709.6766967773438,0.030560550247808127
2024-04-04,731.3648071289062,0.014368988041991715
2024-04-05,741.873779296875,-0.0019039297861102034
2024-04-08,740.4613037109375,0.001260992054052057
2024-04-09,741.39501953125,-0.007878395813424421
2024-04-10,735.5540161132812,-0.011325733112820813
2024-04-12,727.2233276367188,-0.01596481426041685
2024-04-15,715.6133422851562,0.009734397112944215
2024-04-16,722.5794067382812,-0.00964055214992876
2024-04-18,715.6133422851562,0.024486530851476562
2024-04-19,733.13623046875,-0.01247308458483487
2024-04-22,723.9917602539062,-0.0030419290161484147
2024-04-23,721.7894287109375,0.0027194782119566163
2024-04-24,723.7523193359375,-0.0006283543928895519
2024-04-25,723.2975463867188,-0.0006287494703812735
2024-04-26,722.8427734375,0.013048067998665314
2024-04-29,732.2744750976562,-0.00614582017964449
2024-04-30,727.7740478515625,0.00799280433752525
2024-05-02,733.5910034179688,-0.008255821644699624
2024-05-03,727.5346069335938,0.002007143164551195
2024-05-06,728.994873046875,-0.01083637004209359
2024-05-07,721.09521484375,-0.015602622692396984
2024-05-08,709.84423828125,-0.02370764520440427
2024-05-09,693.0155029296875,0.00693283975520953
2024-05-10,697.820068359375,0.012066123191257994
2024-05-13,706.2400512695312,0.003916848593604971
2024-05-14,709.0062866210938,-0.01536677714591983
2024-05-15,698.1111450195312,0.015119970504954061
2024-05-16,708.6665649414062,0.0026365124242591076
2024-05-17,710.5349731445312,-0.0036198379834736505
2024-05-21,707.9629516601562,0.00027415530208174665
2024-05-22,708.1570434570312,0.022889141038807015
2024-05-23,724.3661499023438,0.016481357665961927
2024-05-24,736.3046875,0.006920644688955591
2024-05-27,741.400390625,0.0018328648540426595
2024-05-28,742.75927734375,-0.014505026062158644
2024-05-29,731.9855346679688,0.004342587096262562
2024-05-30,735.1642456054688,0.011024222554699481
2024-05-31,743.2688598632812,0.026541674437006613
2024-06-03,762.9964599609375,-0.056640327834704185
2024-06-04,719.7800903320312,0.046286584690063304
2024-06-05,753.0962524414062,0.005090880916502893
2024-06-06,756.93017578125,0.008751652213627503
2024-06-07,763.5545654296875,-0.007658785181035688
2024-06-10,757.7066650390625,0.002241775711910865
2024-06-11,759.4052734375,0.0059751990339891314
2024-06-12,763.94287109375,0.004192645832201469
2024-06-13,767.1458129882812,0.010216711590982808
2024-06-14,774.9835205078125,0.006825765731850675
2024-06-18,780.2733764648438,0.031129382910621395
2024-06-19,804.5628051757812,0.006936678673735708
2024-06-20,810.143798828125,-0.0021564940878732175
2024-06-21,808.396728515625,0.003992292204048509
2024-06-24,811.6240844726562,0.023289831157372154
2024-06-25,830.5266723632812,-0.005755713328143508
2024-06-26,825.7463989257812,-0.0031442759121885766
2024-06-27,823.1500244140625,-0.007281212531948689
2024-06-28,817.156494140625,0.012709388172890135
2024-07-01,827.5420532226562,0.014895582820719344
2024-07-02,839.8687744140625,0.02198662685196151
2024-07-03,858.3346557617188,-0.02346420080274736
2024-07-04,838.1945190429688,-0.04576909350840774
2024-07-05,799.8311157226562,-0.007736237042838878
2024-07-08,793.6434326171875,0.0007032963179265384
2024-07-09,794.2015991210938,-0.006354959680527461
2024-07-10,789.1544799804688,-0.0025829291093619755
2024-07-11,787.1161499023438,0.0004932494765281792
2024-07-12,787.50439453125,-0.00036985160673086437
2024-07-15,787.213134765625,-0.0014486303759585484
2024-07-16,786.07275390625,-0.0030560564564870996
2024-07-18,783.6704711914062,-0.004644516594173864
2024-07-19,780.0307006835938,0.02193125943513552
2024-07-22,797.1377563476562,-0.014702872559254954
2024-07-23,785.4175415039062,-0.008866763167512448
2024-07-24,778.4534301757812,0.007824022569540068
2024-07-25,784.5440673828125,0.0009587699364477231
2024-07-26,785.2962646484375,-0.008095648987968107
2024-07-29,778.9387817382812,0.006541774795796318
2024-07-30,784.034423828125,0.00012385544644799573
2024-07-31,784.1315307617188,0.014265820028954046
2024-08-01,795.3178100585938,0.012417571192849586
2024-08-02,805.1937255859375,-0.026157922193062122
2024-08-05,784.1315307617188,-0.00900514516341333
2024-08-06,777.0703125,0.01392700950082948
2024-08-07,787.892578125,0.011826399166090296
2024-08-08,797.2105102539062,0.004565556306447949
2024-08-09,800.8502197265625,0.005999330850315454
2024-08-12,805.65478515625,-0.03427509165257059
2024-08-13,778.0408935546875,0.002869364487972481
2024-08-14,780.2733764648438,0.015113815324923063
2024-08-16,792.0662841796875,-0.00033697525524356564
2024-08-19,791.7993774414062,0.0037693362618103077
2024-08-20,794.783935546875,-0.0072661564429945535
2024-08-21,789.0089111328125,0.0033828875444974482
2024-08-22,791.6780395507812,-0.003831359433338788
2024-08-23,788.6448364257812,0.009168915755763951
2024-08-26,795.8758544921875,-0.0013413724162418816
2024-08-27,794.8082885742188,-0.0003970161891222457
2024-08-28,794.4927368164062,0.0008857668786028672
2024-08-29,795.1964721679688,-0.001006946387300589
2024-08-30,794.395751953125,-0.006078654637820757
2024-09-02,789.56689453125,0.006392417470762801
2024-09-03,794.6141357421875,0.0027177290225530726
2024-09-04,796.773681640625,0.0022231686933233963
2024-09-05,798.5450439453125,-0.005165721165553583
2024-09-06,794.4199829101562,0.005833996694934118
2024-09-09,799.0546264648438,0.0023381970469711355
2024-09-10,800.9229736328125,-0.0039080735863668
2024-09-11,797.7929077148438,0.013808542687387071
2024-09-12,808.8092651367188,-0.00039006813627795456
2024-09-13,808.4937744140625,0.003001276878889403
2024-09-16,810.9202880859375,-0.0012866060650673639
2024-09-17,809.876953125,0.015580045676305998
2024-09-18,822.494873046875,0.008083553902282103
2024-09-19,829.1435546875,0.019139563602785792
2024-09-20,845.0130004882812,0.010682360381700118
2024-09-23,854.0397338867188,0.004688053753033605
2024-09-24,858.0435180664062,0.006249668787258189
2024-09-25,863.406005859375,0.00244513589806461
2024-09-26,865.5171508789062,-0.017269891971677165
2024-09-27,850.5697631835938,-0.01175359606077464
2024-09-30,840.572509765625,-0.0033775197975013382
2024-10-01,837.7334594726562,-0.025605400197079464
2024-10-03,816.282958984375,-0.014476767574050475
2024-10-04,804.4658203125,-0.024040072325749895
2024-10-07,785.1264038085938,0.02055255365350872
2024-10-08,801.2627563476562,-0.010841575519110469
2024-10-09,792.5758056640625,0.017910122026293607
2024-10-10,806.7709350585938,-0.006857472707004431
2024-10-11,801.238525390625,0.022471162046794557
2024-10-14,819.2432861328125,-0.002369531953926307
2024-10-15,817.3020629882812,0.009322605571025377
2024-10-16,824.9214477539062,-0.015678354199355926
2024-10-17,811.988037109375,0.005199715686236228
2024-10-18,816.2101440429688,0.02785619781426263
2024-10-21,838.9466552734375,-0.00818519665846551
2024-10-22,832.0797119140625,0.012393864383192454
2024-10-23,842.3923950195312,0.007978984124992206
2024-10-24,849.1138305664062,-0.003572126587339297
2024-10-25,846.0806884765625,-0.005277089775018173
2024-10-28,841.6158447265625,0.010177580242386908
2024-10-29,850.1814575195312,-0.009846674362155472
2024-10-30,841.8099975585938,0.0006341983503013182
2024-10-31,842.3438720703125,0.0009218197977793885
2024-11-01,843.120361328125,-0.013354077015226395
2024-11-04,831.8612670898438,0.025523553630931728
2024-11-05,853.0933227539062,-0.001479064190870738
2024-11-06,851.83154296875,-0.0049565045676509545
2024-11-07,847.6094360351562,0.004523147267709859
2024-11-08,851.4432983398438,0.00675424247674572
2024-11-11,857.1941528320312,-0.02723210442636781
2024-11-12,833.8509521484375,-0.02144678590998239
2024-11-13,815.967529296875,0.006780258410395756
2024-11-14,821.5,0.007295762919392823
2024-11-18,827.4934692382812,0.021787694374535205
2024-11-19,845.5226440429688,-0.0006027556544796475
2024-11-21,845.0130004882812,0.0025269610528741993
2024-11-22,847.1483154296875,0.02291479672655239
2024-11-25,866.560546875,-2.79622204341079e-05
2024-11-26,866.5363159179688,0.014981336985099514
2024-11-27,879.5181884765625,-0.01056674012940717
2024-11-28,870.2245483398438,0.0016174351102442586
2024-11-29,871.632080078125,0.00481603997529545
2024-12-02,875.8298950195312,0.011968768182130773
2024-12-03,886.3125,0.01850730896534092
2024-12-04,902.7157592773438,0.0030375058442828617
2024-12-05,905.457763671875,-0.005306228100804722
2024-12-06,900.6531982421875,0.007624606761233332
2024-12-09,907.5203247070312,-0.0010161537440817048
2024-12-10,906.59814453125,-0.0026764367998716176
2024-12-11,904.1716918945312,-0.0020664982713252122
2024-12-12,902.30322265625,0.006723178043169797
2024-12-13,908.3695678710938,-0.00349942587806662
2024-12-16,905.1907958984375,-0.01712946287032946
2024-12-17,889.6853637695312,-0.012300600860076782
2024-12-18,878.74169921875,-0.009499070103680562
2024-12-19,870.3944702148438,-0.012266503456425215
2024-12-20,859.7177734375,0.01665259084160753
2024-12-23,874.0343017578125,-0.001610315179043198
2024-12-24,872.6268310546875,-0.004087676970981113
2024-12-26,869.059814453125,0.004188240535847543
2024-12-27,872.6996459960938,-0.0113165114397078
2024-12-30,862.82373046875,-0.0028405184195470223
2024-12-31,860.3728637695312,0.005584282852247879
2025-01-01,865.1774291992188,0.00617027065903808
2025-01-02,870.5158081054688,-0.024836265035988347
2025-01-03,848.8954467773438,-0.022124410145508033
2025-01-06,830.1141357421875,0.00169544115365583
2025-01-07,831.5215454101562,-0.011147380558615416
2025-01-08,822.2522583007812,-0.015640693684079388
2025-01-09,809.3916625976562,-0.0066254819651471175
2025-01-10,804.029052734375,-0.01563308933311025
2025-01-13,791.4595947265625,0.0096575425181884
2025-01-14,799.1031494140625,-0.0021558897891663653
2025-01-15,797.38037109375,0.005477607644661653
2025-01-16,801.7481079101562,-0.00926122659371409
2025-01-17,794.3229370117188,0.008859024386233205
2025-01-20,801.35986328125,-0.005359618202701144
2025-01-21,797.0648803710938,0.014399678507978075
2025-01-22,808.5423583984375,-0.000690185774186447
2025-01-23,807.9843139648438,-0.00906963770625735
2025-01-24,800.6561889648438,-0.01212270117490144
2025-01-27,790.9500732421875,0.024911092169212168
2025-01-28,810.6535034179688,0.004130631309269717
2025-01-29,814.0020141601562,0.008466020110509342
2025-01-30,820.8933715820312,0.004286101872654546
2025-01-31,824.4118041992188,-0.004591637785077429
2025-02-01,820.6264038085938,-0.0076583789402612235
2025-02-03,814.3417358398438,0.025566146449135907
2025-02-04,835.1613159179688,0.009820450253057
2025-02-05,843.3629760742188,0.003481414615891243
2025-02-06,846.299072265625,-0.006365173963728266
2025-02-07,840.9122314453125,-0.009811064498901345
2025-02-10,832.6619873046875,-0.008363671494921565
2025-02-11,825.6978759765625,0.0031738806410355203
2025-02-12,828.3185424804688,-0.005331595924920607
2025-02-13,823.9022827148438,-0.0016788140292314235
2025-02-14,822.5191040039062,0.01327552455066372
2025-02-17,833.4384765625,0.003319136882338647
2025-02-18,836.2047729492188,0.002408473517411469
2025-02-19,838.21875,-0.02321679680218469
2025-02-20,818.7579956054688,0.00320070824690033
2025-02-21,821.3786010742188,-0.009098889114868336
2025-02-24,813.9049682617188,0.003130404238644191
2025-02-25,816.4528198242188,0.010907347315639804
2025-02-27,825.358154296875,0.01863936909491537
2025-02-28,840.7423095703125,-0.017807618912381695
2025-03-03,825.7706909179688,0.004966063972997592
2025-03-04,829.8715209960938,-0.011695925787411077
2025-03-05,820.1654052734375,0.0007100231514729494
2025-03-06,820.7477416992188,-0.0011530340561120012
2025-03-07,819.8013916015625,-0.001035913298955804
2025-03-10,818.9521484375,-0.0011851498973893815
2025-03-11,817.9815673828125,0.015218019058619747
2025-03-12,830.4296264648438,-0.0026590210807055925
2025-03-13,828.2214965820312,0.00222659785884316
2025-03-17,830.0656127929688,0.0
2025-03-18,830.0656127929688,0.01970301758225035
2025-03-19,846.42041015625,0.014133437055984244
2025-03-20,858.3832397460938,0.000904523977991456
2025-03-21,859.15966796875,0.016748088583559806
2025-03-24,873.5489501953125,0.011916664815102784
2025-03-25,883.958740234375,-0.008180266495797062
2025-03-26,876.7277221679688,0.010406558422902057
2025-03-27,885.8514404296875,0.001561273795473106
2025-03-28,887.2344970703125,-0.03301060437727232
2025-04-01,857.9463500976562,0.01643243138646744
2025-04-02,872.0444946289062,-0.0011408512444062158
2025-04-03,871.0496215820312,0.012508060771296181
2025-04-04,881.9447631835938,-0.03279599423742208
2025-04-07,853.0205078125,0.006514290898725017
2025-04-08,858.5773315429688,-0.002345785303134007
2025-04-09,856.5632934570312,0.023654381134639912
2025-04-11,876.8247680664062,0.03218483328956068
2025-04-15,905.0452270507812,0.007024491948179223
2025-04-16,911.4027099609375,0.015282182622484042
2025-04-17,925.3309326171875,0.010699165245330988
2025-04-21,935.231201171875,0.01795445331631984
2025-04-22,952.0227661132812,-0.019269017622261853
2025-04-23,933.67822265625,-0.003690434913577345
2025-04-24,930.2325439453125,-0.0029215408770987272
2025-04-25,927.5148315429688,0.004709074904107213
2025-04-28,931.882568359375,-0.005936809911262553
2025-04-29,926.3501586914062,0.00848693916403298
2025-04-30,934.2120361328125,-0.0016104005388690723
2025-05-02,932.7075805664062,0.0077527826000634015
2025-05-05,939.9386596679688,-0.002633254447821476
2025-05-06,937.4635620117188,0.0071957223858245545
2025-05-07,944.2092895507812,-0.008788988957606492
2025-05-08,935.91064453125,-0.02011926469092129
2025-05-09,917.080810546875,0.03571992376668609
2025-05-12,949.8388671875,-0.017678330000462705
2025-05-13,933.0473022460938,-0.006241493206634363
2025-05-14,927.2236938476562,0.012142736728829595
2025-05-15,938.4827270507812,0.0004654626032958298
2025-05-16,938.9195556640625,0.002067507416179337
2025-05-19,940.8607788085938,-0.012276239156466584
2025-05-20,929.310546875,0.006214441990134656
2025-05-21,935.085693359375,-0.003581162530276516
2025-05-22,931.7369995117188,0.007135792229040261
2025-05-23,938.3856811523438,0.003413311811998554
2025-05-26,941.5886840820312,-0.00716419775757926
2025-05-27,934.8429565429688,-0.001453533638011928
2025-05-28,933.484130859375,0.0020794805666251026
2025-05-29,935.42529296875,0.009027269201477672
2025-05-30,943.86962890625,-0.00658132635298192
2025-06-02,937.65771484375,-0.0038818339414775638
2025-06-03,934.0178833007812,0.008625200280024448
2025-06-04,942.073974609375,0.004327195311416787
2025-06-05,946.1505126953125,0.014926140501737573
2025-06-06,960.2728881835938,0.00010112431037945235
2025-06-09,960.3699951171875,-0.00687245300228756
2025-06-10,953.7698974609375,-0.0075815761441124785
2025-06-11,946.538818359375,-0.003588965038381242
2025-06-12,943.1417236328125,-0.01327577260643853
2025-06-13,930.6207885742188,0.009282435811056589
2025-06-16,939.2592163085938,-0.0029967204119509816
2025-06-17,936.4445190429688,0.0022284203172229233
2025-06-18,938.5313110351562,0.0007239431986829636
2025-06-19,939.2107543945312,0.015191419251939342
2025-06-20,953.4786987304688,-0.008296485775162177
2025-06-23,945.5681762695312,0.006415555606764212
2025-06-24,951.634521484375,0.009842427771912687
2025-06-25,961.0009155273438,0.02100801401635133
2025-06-26,981.1896362304688,0.007550661052185825
2025-06-27,988.5982666015625,-0.006650411176158055
2025-06-30,982.023681640625,0.005296008397041696
2025-07-01,987.2244873046875,-0.012971503743565704
2025-07-02,974.418701171875,0.0005538408190579602
2025-07-03,974.9583740234375,0.001107193704058096
2025-07-04,976.037841796875,-0.0009551381479699916
2025-07-07,975.1055908203125,0.007044384340888499
2025-07-08,981.974609375,0.0048964886598470425
2025-07-09,986.7828369140625,-0.0024860444906277257
2025-07-10,984.3296508789062,-0.011215174409386575
2025-07-11,973.2902221679688,-0.00035286990087468606
2025-07-14,972.94677734375,0.006303589038414659
2025-07-15,979.079833984375,0.0004008417302299172
2025-07-16,979.4722900390625,-0.004708719780823101
2025-07-17,974.8602294921875,-0.014847255622456923
2025-07-18,960.38623046875,0.022019047004099512
2025-07-21,981.5330200195312,0.0032991454681567944
2025-07-22,984.771240234375,0.00856965313813407
2025-07-23,993.2103881835938,-0.004989442785946707
2025-07-24,988.2548217773438,-0.0022894633978292056
2025-07-25,985.9922485351562,0.001945526375720652
2025-07-28,987.9105224609375,0.006522271262082935
2025-07-29,994.3539428710938,0.002077587109102108
2025-07-30,996.4197998046875,-0.0037516518796359977
2025-07-31,992.6815795898438,-0.002972929019413595
2025-08-01,989.7304077148438,-0.010038762947834123
2025-08-04,979.7947387695312,-0.007228948535774382
2025-08-05,972.7118530273438,0.0038936654662875547
2025-08-06,976.499267578125,0.00508739190862606
2025-08-07,981.4671020507812,-0.010774760784228898
2025-08-08,970.8920288085938,0.01099339634295271
2025-08-11,981.5654296875,-0.01287827459922819
2025-08-12,968.924560546875,0.005279416637375078
2025-08-13,974.0399169921875,0.005453712621415141
2025-08-14,979.35205078125,0.0062779420585099555
2025-08-18,985.5003662109375,-0.006238775388107243
2025-08-19,979.35205078125,-0.001456464608844854
2025-08-20,977.9256591796875,0.0015088937729046403
2025-08-21,979.4012451171875,-0.013358792659587615
2025-08-22,966.317626953125,-0.0002544822092365173
2025-08-25,966.0717163085938,-0.008808058620231485
2025-08-26,957.5625,-0.016026371585568855
2025-08-28,942.2162475585938,-0.006473164848890711
2025-08-29,936.1171264648438,-0.0010508991029281045
2025-09-01,935.1333618164062,-0.006416915096540965
2025-09-02,929.1326904296875,0.010534648106045319
2025-09-03,938.9207763671875,0.007124489331857609
2025-09-04,945.610107421875,0.0022367054380347806
2025-09-05,947.7251586914062,0.0026987552237063284
2025-09-08,950.2828369140625,-0.0008798649970191974
2025-09-09,949.4467163085938,0.0007770767501502629
2025-09-10,950.1845092773438,0.0019670059198386713
2025-09-11,952.0535278320312,-0.0005165899549602893
2025-09-12,951.5617065429688,-0.00025849262112609406
2025-09-15,951.3157348632812,-0.00020678340679602947
2025-09-16,951.1190185546875,-0.00036199393523794754
2025-09-17,950.7747192382812,0.010760524816156192
2025-09-18,961.0055541992188,-0.010236508275741407
2025-09-19,951.168212890625,-0.002792426048868313
2025-09-22,948.5121459960938,-0.007259905344918827
2025-09-23,941.6260375976562,-0.006424978193304343
2025-09-24,935.5761108398438,-0.0012618342628776258
2025-09-25,934.3955688476562,-0.005053387398649578
2025-09-26,929.6737060546875,0.005555229482790303
2025-09-29,934.8382568359375,0.000736661837417385
2025-09-30,935.5269165039062,0.014984205365028425
2025-10-01,949.5450439453125,-0.00010355236683690094
2025-10-03,949.4467163085938,0.00859965793966011
2025-10-06,957.6116333007812,0.009296849251305472
2025-10-07,966.514404296875,-0.0038676704279507756
2025-10-08,962.7762451171875,-0.0016348924815232646
2025-10-09,961.2022094726562,0.003889109053228923
2025-10-10,964.9404296875,-0.0039759426940012554
2025-10-13,961.1038818359375,0.00015355572961639474
2025-10-14,961.25146484375,0.0011257119752032807
2025-10-15,962.3335571289062,0.016457924155284243
2025-10-16,978.1715698242188,0.008246599680788558
2025-10-17,986.2381591796875,0.00039898441231578374
2025-10-20,986.6316528320312,0.0047360425532414485
2025-10-21,991.3043823242188,0.0010915842847574186
2025-10-23,992.386474609375,-0.01392744811264468
2025-10-24,978.5650634765625,0.008243283616533814
2025-10-27,986.6316528320312,0.0005982069997889639
2025-10-28,987.2218627929688,0.004284793179051949
2025-10-29,991.451904296875,-0.00962438441689173
2025-10-30,981.9097900390625,-0.010870166544315829
2025-10-31,971.2362670898438,0.005418867341157929
2025-11-03,976.499267578125,-0.007454795197989084
2025-11-04,969.2196655273438,-0.0006089537613914731
2025-11-06,968.6294555664062,-0.0023867007140820906
2025-11-07,966.317626953125,0.0022396834592501857
2025-11-10,968.4818725585938,0.007313327082023147
2025-11-11,975.564697265625,-0.0022183916416598226
2025-11-12,973.4005126953125,-0.0028802007299384424
2025-11-13,970.596923828125,0.0029898266032626353
2025-11-14,973.4988403320312,0.007023032569990706
2025-11-17,980.3357543945312,-0.00411416613346649
2025-11-18,976.302490234375,0.002166326784506456
2025-11-19,978.41748046875,0.014327410084544301
2025-11-20,992.4356689453125,-0.010705245599864077
2025-11-21,981.8114013671875,0.0011021386425635882
2025-11-24,982.8934936523438,-0.009357957943524453
2025-11-25,973.6956176757812,0.014245319807291823
2025-11-26,987.5662231445312,0.005578208294847675
2025-11-27,993.0750732421875,-0.0018821130851079948
2025-11-28,991.2059936523438,-0.005458524762346428
2025-12-01,985.7954711914062,-0.012274202782653676
2025-12-02,973.6956176757812,0.01081023547315052
2025-12-03,984.2214965820312,-0.0032983193993855187
2025-12-04,980.9752197265625,0.006117109077992566
2025-12-05,986.9759521484375,-0.00019937400026992513
2025-12-08,986.7791748046875,-0.005981423099213901
2025-12-09,980.8768310546875,-0.007321218272822949
2025-12-10,973.6956176757812,0.010608204874447358
2025-12-11,984.0247802734375,0.001199645558421114
2025-12-12,985.2052612304688,-0.005391967575958834
2025-12-15,979.89306640625,-0.001807024642456856
2025-12-16,978.1223754882812,-0.010359015914392256
2025-12-17,967.989990234375,-0.0043699227745961355
2025-12-18,963.7599487304688,0.005920174882679152
2025-12-19,969.465576171875,0.002232410988758149
2025-12-22,971.6298217773438,0.009010763931792232
2025-12-23,980.3849487304688,0.0006020808426916435
2025-12-24,980.9752197265625,-0.005114327770677218
2025-12-26,975.9581909179688,-0.00040318699715369277
2025-12-29,975.564697265625,-0.0008066366810288716
2025-12-30,974.7777709960938,0.00030274077769254504
2025-12-31,975.0728759765625,-5.045195815567283e-05
2026-01-01,975.023681640625,0.010543238508079034
2026-01-02,985.3035888671875,-0.02406144154441614
2026-01-05,961.5957641601562,-0.015652197094406572
2026-01-06,946.544677734375,-0.013666586966833316
2026-01-07,933.608642578125,-0.002476163429401379
2026-01-08,931.296875,-0.008133504186030871
2026-01-09,923.72216796875,-0.0021831917297068237
2026-01-12,921.7055053710938,0.0004269190647672172
2026-01-13,922.0989990234375,-0.012695339519595006
2026-01-14,910.3926391601562,0.0
2026-01-15,910.3926391601562,0.006105106955523132
2026-01-16,915.95068359375,-0.003436744182823248
2026-01-19,912.8027954101562,0.003556383560383569
2026-01-20,916.049072265625,-0.011651693421642073
2026-01-21,905.3755493164062,-0.0017927454649970809
2026-01-22,903.75244140625,-0.0028301326122368575
2026-01-23,901.1947021484375,0.011243416433832643
2026-01-27,911.3272094726562,0.006800464932957384
2026-01-28,917.524658203125,0.0030020507261359075
2026-01-29,920.2791137695312,-0.006680924664804744
2026-01-30,914.1307983398438,-0.0012376212007129128
2026-02-02,912.9994506835938,0.02219595265139751
2026-02-03,933.2643432617188,0.0046378811875502635
2026-02-04,937.5927124023438,-0.0035672904482948464
2026-02-05,934.248046875,-0.009055499806620904
2026-02-06,925.7879638671875,-0.004090951344630334
2026-02-09,922.0006103515625,-0.005174678926825216
2026-02-10,917.2295532226562,-0.005684298040796065
2026-02-11,912.0157470703125,-0.007011091743491349
2026-02-12,905.6215209960938,-0.01814034153399624
2026-02-13,889.1932373046875,0.024228299578640033
2026-02-16,910.7368774414062,-0.00010796492286002657
2026-02-17,910.6385498046875,-0.001080234977414718
2026-02-18,909.6548461914062,-0.009841057154273192
2026-02-19,900.702880859375,-0.004095718973815776
2026-02-20,897.0138549804688,0.012885907866915458
2026-02-23,908.5726928710938,-0.014183610096832222
2026-02-24,895.6858520507812,-0.0031850946754928833
2026-02-25,892.8330078125,-0.009916273908654127
2026-02-26,883.9794311523438,-0.012074263837782429
2026-02-27,873.3060302734375,-0.009405834929033241
2026-03-02,865.0918579101562,-0.0122242200588204
2026-03-04,854.5167846679688,0.010475984155599027
2026-03-05,863.4686889648438,-0.023583044150976562
2026-03-06,843.10546875,-0.01907700037065352
2026-03-09,827.0215454101562,0.010407957360046627
2026-03-10,835.629150390625,-0.018247092896708117
2026-03-11,820.38134765625,-0.0014389417316761355
2026-03-12,819.2008666992188,-0.01891320432964705
2026-03-13,803.7071533203125,0.028886147550208685
2026-03-16,826.9231567382812,0.0056506682863521895
2026-03-17,831.5958251953125,-0.0027207607032612158
2026-03-18,829.333251953125,-0.053199650627666184
2026-03-19,785.2130126953125,-0.022237509259669497
2026-03-20,767.7518310546875,-0.04651157983808685
2026-03-23,732.04248046875,0.027884110635976178
2026-03-24,752.454833984375,0.022748052841367272
2026-03-25,769.5717163085938,-0.03336317260600907
2026-03-27,743.8963623046875,-0.03259723212950971
2026-03-30,719.6473999023438,0.014626523965534544
2026-04-01,730.17333984375,0.011653777095683715
2026-04-02,738.6826171875,0.026767855041769595
2026-04-06,758.45556640625,0.0012969825219191211
2026-04-07,759.4392700195312,0.05712439300525385
2026-04-08,802.82177734375,-0.022546206951919445
2026-04-09,784.72119140625,0.015795366089045526
2026-04-10,797.1161499023438,-0.019252139613693764
2026-04-13,781.7699584960938,0.01912672339401622
2026-04-15,796.72265625,-0.01784172280484997
2026-04-16,782.5077514648438,0.005594352903883548
2026-04-17,786.8853759765625,-0.005563230230687499
2026-04-20,782.5077514648438,0.020491541469136454
2026-04-21,798.5425415039062,-0.014598051977781523
2026-04-22,786.8853759765625,-0.01944000812886426
2026-04-23,771.5883178710938,0.0006374932238164543
2026-04-24,772.0802001953125,0.006306917078756191
2026-04-27,776.9496459960938,-0.009179512571661053
2026-04-28,769.817626953125,-0.004536462160496746
2026-04-29,766.3253784179688,-0.009370971627915337
2026-04-30,759.1441650390625,0.0
2026-05-01,759.1441650390625,0.009978036340457797
2026-05-04,766.7189331054688,-0.009109672141757286
2026-05-05,759.734375,0.031399749089936924
2026-05-06,783.58984375,-0.0006277293256695682
2026-05-07,783.0979614257812,-0.019094287675940236
2026-05-08,768.145263671875,-0.022027220345781418
2026-05-11,751.2251586914062,-0.017285402840883424
2026-05-12,738.2399291992188,-0.001132669214373161
2026-05-13,737.4037475585938,0.026614222277917543
2026-05-14,757.0291748046875,-0.0026639166161285255
2026-05-15,755.0125122070312,0.0014983680439768499
2026-05-18,756.143798828125,-0.008066086243387116
2026-05-19,750.044677734375,-0.003869072903534665
2026-05-20,747.1427001953125,-0.0004608213615903134
2026-05-21,746.7984008789062,0.010077033756975995
2026-05-22,754.3239135742188,0.026147593265809732
2026-05-25,774.0476684570312,-0.01010353495589067
2026-05-26,766.22705078125,-0.025998210590779114
2026-05-27,746.3065185546875,0.0
2026-05-28,746.3065185546875,-0.01858566838678044
2026-05-29,732.4359130859375,-0.0024847023765377507
2026-06-01,730.6160278320312,0.007472758041013217
2026-06-02,736.0757446289062,0.007216830370820881
2026-06-03,741.3878784179688,0.0007297335723297493
2026-06-04,741.9288940429688,-0.009480276968216628
2026-06-05,734.8952026367188,-0.011244112901075853
2026-06-08,726.6319580078125,-0.0004062111669768109
2026-06-09,726.3367919921875,0.011512144817837466
2026-06-10,734.698486328125,-0.003012635723958046
2026-06-11,732.485107421875,0.03740260424183384
2026-06-12,759.8819580078125,0.006343421388081083
2026-06-15,764.7022094726562,0.009712599233722363
2026-06-16,772.1294555664062,0.002802798830629616
2026-06-17,774.2935791015625,0.015118840210480489
2026-06-18,786.0,-0.00788805624304234
2026-06-19,779.7999877929688,0.008463755737895706
2026-06-22,786.4000244140625,-0.014941505131252697
2026-06-23,774.6500244140625,0.02394628181545566
2026-06-24,793.2000122070312,0.003908189029538711
2026-06-25,796.2999877929688,0.0
2026-06-26,796.2999877929688,0.0032651471316733627
2026-06-29,798.9000244140625,-0.0011891503041673301
2026-06-30,797.9500122070312,-0.0022557651048719096
2026-07-01,796.1500244140625,-0.0003140111691687375
2026-07-02,795.9000244140625,0.0064706159328209445
2026-07-03,801.0499877929688,0.03595279724342504
2026-07-06,829.8499755859375,-0.0006627556897623732
2026-07-07,829.2999877929688,-0.022910889038555315
2026-07-08,810.2999877929688,0.008947303602641066
2026-07-09,817.5499877929688,0.009051464160667821
2026-07-10,824.9500122070312,-0.008485362623697035
2026-07-13,817.9500122070312,-0.010452946592541479
2026-07-14,809.4000244140625,0.007474657289945563
2026-07-15,815.4500122070312,-0.008768194625089043
2026-07-16,808.2999877929688,0.013979943045431487
2026-07-17,819.5999755859375,-0.051244511043297525
2026-07-20,777.5999755859375,-0.020768986478860052
2026-07-21,761.4500122070312,-0.010900239884311769
2026-07-22,753.1500244140625,-0.007833797016275179
2026-07-23,747.25,-0.005955185288767151
2026-07-24,742.7999877929688,-0.0043753366362545565
2026-07-27,739.5499877929688,-0.0056114710937809065
2026-07-28,735.4000244140625,0.017405476431915146
2026-07-29,748.2000122070312,0.007685110807521545
2026-07-30,753.9500122070312,-0.007692801510793101
2026-07-31,748.1500244140625,0.006482624377023738
2026-08-03,753.0,-0.014608233731739695
2026-08-04,742.0,-0.009433962264150941
2026-08-05,735.0,-0.0009523975605867374
2026-08-06,734.2999877929688,-0.0044940594414106805
2026-08-07,731.0,0.0
2026-08-10,731.0,-0.002735978112175075
2026-08-11,729.0,0.0
2026-08-12,729.0,-0.005486968449931462
2026-08-13,725.0,0.0027586206896552667
2026-08-14,727.0,0.0027510316368637433
2026-08-17,729.0,-0.008230452674897082
2026-08-18,723.0,-0.004149377593360981
2026-08-19,720.0,0.007013871934678839
2026-08-20,725.0499877929688,0.002620542646785129
2026-08-21,726.9500122070312,0.00281998453613741
2026-08-24,729.0,-0.002057613168724326
2026-08-25,727.5,-0.0004123543545961894
2026-08-26,727.2000122070312,-0.022277244135165297
2026-08-27,711.0,0.013080151607550938
2026-08-28,720.2999877929688,-0.015687891134903986
2026-08-31,709.0,0.004090302417577574
2026-09-01,711.9000244140625,-0.015592128445605535
2026-09-02,700.7999877929688,0.008347655141258237
2026-09-03,706.6500244140625,0.007712376683767896
2026-09-04,712.0999755859375,-0.0022468412312764974
2026-09-07,710.5,-0.010555946516537684
2026-09-08,703.0,-0.02261738892469778
2026-09-09,687.0999755859375,0.009751146041473424
2026-09-10,693.7999877929688,0.02082734572105993
2026-09-11,708.25,
