ds,y,next_return
2002-07-01,17.835771560668945,0.06439972020347162
2002-07-02,18.984390258789062,0.05030568792945611
2002-07-03,19.93941307067871,-0.02491899029988054
2002-07-04,19.442543029785156,0.010288819572330965
2002-07-05,19.6425838470459,-0.015440403147255033
2002-07-08,19.33929443359375,-0.005672448754161952
2002-07-09,19.22959327697754,-0.0036911894598656847
2002-07-10,19.158613204956055,-0.007409928747009187
2002-07-11,19.01664924621582,0.0
2002-07-12,19.01664924621582,-0.01560881270096759
2002-07-15,18.71982192993164,-0.008617589059865871
2002-07-16,18.558502197265625,0.006953751284686449
2002-07-17,18.68755340576172,0.0010360637131723305
2002-07-18,18.7069149017334,0.0041392518677205725
2002-07-19,18.784347534179688,-0.007213957829529383
2002-07-22,18.64883804321289,0.0048440468911756795
2002-07-23,18.739173889160156,-0.024793164673124646
2002-07-24,18.27457046508789,-0.013065045091720795
2002-07-25,18.035812377929688,-0.017531165529464987
2002-07-26,17.719623565673828,0.03277480127954391
2002-07-29,18.30038070678711,-0.027150803519037092
2002-07-30,17.803510665893555,0.01920974844354073
2002-07-31,18.145511627197266,0.029516347025282164
2002-08-01,18.681100845336914,-0.02832480641501156
2002-08-02,18.151962280273438,-0.025239848117907804
2002-08-05,17.693809509277344,-0.005470508110038019
2002-08-06,17.597015380859375,0.0033007063589649555
2002-08-07,17.65509796142578,-0.007675590696814116
2002-08-08,17.51958465576172,-0.0007368288575625437
2002-08-09,17.506675720214844,-0.00958322347562901
2002-08-12,17.338905334472656,-0.0003723634795579356
2002-08-13,17.332448959350586,-0.014892274238640146
2002-08-14,17.074329376220703,0.0
2002-08-15,17.074329376220703,0.014361475026547499
2002-08-16,17.319541931152344,0.01266768482719094
2002-08-19,17.5389404296875,-0.006622401325176219
2002-08-20,17.42279052734375,0.0022222197894590234
2002-08-21,17.46150779724121,-0.0066519866663157234
2002-08-22,17.345354080200195,0.03683037567458225
2002-08-23,17.984189987182617,0.0
2002-08-26,17.984189987182617,0.002870431795030104
2002-08-27,18.035812377929688,-0.0035778493140834478
2002-08-28,17.971282958984375,-0.0025135510789070503
2002-08-29,17.926111221313477,0.03383751248211797
2002-08-30,18.532686233520508,-0.009401052749122285
2002-09-02,18.35845947265625,-0.013005448243762152
2002-09-03,18.119699478149414,-0.007122781078324647
2002-09-04,17.990636825561523,0.005380356276720066
2002-09-05,18.087432861328125,0.019622010869106754
2002-09-06,18.442344665527344,-0.01084671789515057
2002-09-09,18.242305755615234,0.0
2002-09-10,18.242305755615234,0.01874778732655935
2002-09-11,18.584308624267578,0.0
2002-09-12,18.584308624267578,-0.00486127717572582
2002-09-13,18.49396514892578,-0.0038379095073062253
2002-09-16,18.42298698425293,0.007005212056671484
2002-09-17,18.552043914794922,0.004173806013068937
2002-09-18,18.62947654724121,0.012469885210834475
2002-09-19,18.861783981323242,-0.03626420731626545
2002-09-20,18.177776336669922,-0.020234324093767464
2002-09-23,17.809961318969727,0.005797024465413747
2002-09-24,17.913206100463867,-0.012968288204909917
2002-09-25,17.6809024810791,-0.012043730855345047
2002-09-26,17.467958450317383,0.01957886891161742
2002-09-27,17.809961318969727,0.01666657920617065
2002-09-30,18.106792449951172,0.0324304600337042
2002-10-01,18.69400405883789,0.0
2002-10-02,18.69400405883789,-0.01898502220478193
2002-10-03,18.33909797668457,0.008796804233066169
2002-10-04,18.500423431396484,-0.0010466464939095088
2002-10-07,18.481060028076172,-0.032821337300831255
2002-10-08,17.874486923217773,-0.012996273013822224
2002-10-09,17.64218521118164,-0.01170430763063346
2002-10-10,17.43569564819336,0.020725111433505417
2002-10-11,17.79705238342285,0.005076209590601177
2002-10-14,17.887393951416016,0.0
2002-10-15,17.887393951416016,-0.00649318106158725
2002-10-16,17.77124786376953,-0.007262441758578597
2002-10-17,17.64218521118164,-0.05230428691619282
2002-10-18,16.719423294067383,0.011192598319399005
2002-10-21,16.906557083129883,-0.03015239897088251
2002-10-22,16.39678382873535,0.023218963415577498
2002-10-23,16.77750015258789,-0.04961522204596003
2002-10-24,15.945080757141113,0.02387690540262577
2002-10-25,16.3257999420166,0.03992080772753215
2002-10-28,16.9775390625,0.026225913143514523
2002-10-29,17.42279052734375,-0.01925927466676014
2002-10-30,17.08724021911621,0.018881894395742282
2002-10-31,17.409879684448242,-0.025574314749318816
2002-11-01,16.96463394165039,0.0003802412181930226
2002-11-04,16.971084594726562,-0.010266094655988933
2002-11-05,16.796857833862305,0.0
2002-11-06,16.796857833862305,-0.04341142699659828
2002-11-07,16.06768226623535,-0.028513870870134017
2002-11-08,15.609530448913574,0.0004134342234214383
2002-11-11,15.615983963012695,-0.0322316722552185
2002-11-12,15.112654685974121,-0.055935068648387376
2002-11-13,14.267327308654785,0.07146089968187308
2002-11-14,15.286883354187012,0.013508004231459037
2002-11-15,15.493378639221191,0.022906952086930943
2002-11-18,15.848284721374512,0.0
2002-11-19,15.848284721374512,-0.01954401490757296
2002-11-20,15.538545608520508,0.0024919375062679716
2002-11-21,15.577266693115234,0.07166522141493292
2002-11-22,16.693614959716797,0.06455359768708946
2002-11-25,17.77124786376953,-0.008714693989171907
2002-11-26,17.616376876831055,-0.01208795313583555
2002-11-27,17.403430938720703,-0.011494441832403446
2002-11-28,17.203388214111328,-0.0011252249285716998
2002-11-29,17.184030532836914,0.004882022416412335
2002-12-02,17.26792335510254,-0.020179789503681822
2002-12-03,16.91946029663086,0.006102583006695195
2002-12-04,17.02271270751953,0.022744140935756052
2002-12-05,17.409879684448242,-0.001482395904989553
2002-12-06,17.384071350097656,0.009279963485790299
2002-12-09,17.545394897460938,-0.016550021524453062
2002-12-10,17.25501823425293,0.025429777532971265
2002-12-11,17.693809509277344,0.0339168700087058
2002-12-12,18.293928146362305,0.05467358030262259
2002-12-13,19.29412269592285,-0.01505000604507245
2002-12-16,19.003746032714844,-0.027504366967379568
2002-12-17,18.481060028076172,-0.004539188089910273
2002-12-18,18.397171020507812,-0.012627034437913354
2002-12-19,18.16486930847168,-0.006038878271430903
2002-12-20,18.055173873901367,0.0175125772347271
2002-12-23,18.371366500854492,-0.0007025622289796862
2002-12-24,18.35845947265625,0.0
2002-12-25,18.35845947265625,-0.013005448243762152
2002-12-26,18.119699478149414,0.021367501124480714
2002-12-27,18.506872177124023,-0.002440602741583975
2002-12-30,18.46170425415039,-0.017825761293488673
2002-12-31,18.132610321044922,-0.0007120234024178274
2003-01-01,18.119699478149414,-0.010327432559844363
2003-01-02,17.93256950378418,-0.015832979767451683
2003-01-03,17.648643493652344,-0.025959983451803392
2003-01-06,17.19048500061035,-0.004129143498138421
2003-01-07,17.119503021240234,0.003392326932611267
2003-01-08,17.17757797241211,0.006761715914216371
2003-01-09,17.29372787475586,0.03619442336041434
2003-01-10,17.91966438293457,0.01944520873458555
2003-01-13,18.268115997314453,-0.007064704313767045
2003-01-14,18.139057159423828,0.011028181647071644
2003-01-15,18.33909797668457,0.015129949976957713
2003-01-16,18.616567611694336,0.002079926085322148
2003-01-17,18.655288696289062,-0.00588012527472348
2003-01-20,18.54559326171875,0.04175329766892322
2003-01-21,19.31993293762207,0.0016703179883048591
2003-01-22,19.352203369140625,-0.04168053074039668
2003-01-23,18.54559326171875,0.028879286229105627
2003-01-24,19.0811767578125,-0.009469082066110968
2003-01-27,18.900495529174805,0.015705140916570937
2003-01-28,19.197330474853516,0.004033808481529455
2003-01-29,19.274768829345703,0.0040174043320835295
2003-01-30,19.352203369140625,-0.0003335262476483747
2003-01-31,19.345748901367188,-0.015677019946475967
2003-02-03,19.042465209960938,0.0016943557001105614
2003-02-04,19.074729919433594,-0.02334257806391027
2003-02-05,18.62947654724121,0.019397348946388115
2003-02-06,18.9908390045166,-0.02378516349192683
2003-02-07,18.539138793945312,-0.01461895288897519
2003-02-10,18.268115997314453,0.014835837295466225
2003-02-11,18.539138793945312,0.014618644242173406
2003-02-12,18.810155868530273,0.0
2003-02-13,18.810155868530273,0.012693041398856852
2003-02-14,19.048913955688477,-0.004403673252250884
2003-02-17,18.965028762817383,0.006124324747813548
2003-02-18,19.0811767578125,0.014203872998407086
2003-02-19,19.352203369140625,-0.0036682959253027114
2003-02-20,19.281213760375977,0.002342982808530625
2003-02-21,19.32638931274414,-0.0006678447789381092
2003-02-24,19.3134822845459,-0.005345736205052631
2003-02-25,19.210237503051758,0.0010075759824783592
2003-02-26,19.22959327697754,0.006376114689325307
2003-02-27,19.352203369140625,-0.004334855621770162
2003-02-28,19.268314361572266,0.0030140130621751915
2003-03-03,19.32638931274414,0.0006677460875270658
2003-03-04,19.33929443359375,-0.023022853513436692
2003-03-05,18.8940486907959,-0.02117510907363196
2003-03-06,18.49396514892578,-0.01570126082850909
2003-03-07,18.20358657836914,0.0056717772840138014
2003-03-10,18.306833267211914,0.0031725184263933226
2003-03-11,18.364912033081055,-0.007730277489657489
2003-03-12,18.222946166992188,-0.02089234830970499
2003-03-13,17.842226028442383,0.0
2003-03-14,17.842226028442383,-0.02350802531197671
2003-03-17,17.42279052734375,0.0
2003-03-18,17.42279052734375,0.01925938414110795
2003-03-19,17.758342742919922,0.01235434970848992
2003-03-20,17.97773551940918,0.0021536232889654006
2003-03-21,18.01645278930664,-0.019340638865274706
2003-03-24,17.66800308227539,-0.008400407551579225
2003-03-25,17.51958465576172,-0.004419993319766724
2003-03-26,17.442148208618164,-0.016648206082883532
2003-03-27,17.15176773071289,0.010534262792875726
2003-03-28,17.332448959350586,-0.004095323144270635
2003-03-31,17.26146697998047,0.005233713223675718
2003-04-01,17.351808547973633,-0.0078096411645375285
2003-04-02,17.216297149658203,0.010869572442655961
2003-04-03,17.403430938720703,0.011123349345327549
2003-04-04,17.597015380859375,0.018701798761400434
2003-04-07,17.926111221313477,-0.014038811739601642
2003-04-08,17.674449920654297,-0.033588834276407686
2003-04-09,17.080785751342773,0.015867115282419242
2003-04-10,17.351808547973633,-0.02528836710051119
2003-04-11,16.913009643554688,0.022128975623663116
2003-04-15,17.287277221679688,0.004852644317125732
2003-04-16,17.371166229248047,-0.008915295469862472
2003-04-17,17.216297149658203,0.0
2003-04-18,17.216297149658203,-0.005622238485811115
2003-04-21,17.119503021240234,-0.0018845641771256805
2003-04-22,17.08724021911621,-0.014728136596702468
2003-04-23,16.8355770111084,-0.0019163466807663454
2003-04-24,16.803314208984375,0.014208647302723643
2003-04-25,17.04206657409668,-0.014767064755027759
2003-04-28,16.7904052734375,-0.0007686009145965178
2003-04-29,16.77750015258789,-0.06807714021510547
2003-04-30,15.635335922241211,0.0
2003-05-01,15.635335922241211,0.004539965567210924
2003-05-02,15.706319808959961,-0.007395166877463333
2003-05-05,15.590168952941895,0.0
2003-05-06,15.590168952941895,0.002897144311626798
2003-05-07,15.635335922241211,0.03219196188458828
2003-05-08,16.138668060302734,-0.0015995159142023763
2003-05-09,16.11285400390625,0.019623508009682045
2003-05-12,16.429044723510742,-0.009033788735911541
2003-05-13,16.280628204345703,0.009512358509598196
2003-05-14,16.435495376586914,0.028661241766647194
2003-05-15,16.906557083129883,0.03358790510502985
2003-05-16,17.47441291809082,0.019571746278635116
2003-05-19,17.816417694091797,-0.012314614362974874
2003-05-20,17.597015380859375,0.01796842889325534
2003-05-21,17.913206100463867,-0.05259368426029043
2003-05-22,16.971084594726562,0.0
2003-05-23,16.971084594726562,0.04790870396694169
2003-05-26,17.784147262573242,-0.012336530990136763
2003-05-27,17.56475257873535,0.009919221317345572
2003-05-28,17.738981246948242,-0.005456685162416153
2003-05-29,17.64218521118164,0.009144301161154722
2003-05-30,17.803510665893555,-0.0018121595638903587
2003-06-02,17.77124786376953,-0.002178539337564289
2003-06-03,17.732532501220703,0.030203440825887773
2003-06-04,18.268115997314453,-0.0014128573358639374
2003-06-05,18.242305755615234,0.002829817208341634
2003-06-06,18.293928146362305,-0.009171032000189316
2003-06-09,18.12615394592285,-0.02634372706394872
2003-06-10,17.648643493652344,0.005118679706368923
2003-06-11,17.738981246948242,0.0032736455192206027
2003-06-12,17.79705238342285,0.035170689356014195
2003-06-13,18.42298698425293,-0.00910688955767558
2003-06-16,18.255210876464844,0.017674141896322437
2003-06-17,18.577856063842773,-0.007294243095099073
2003-06-18,18.442344665527344,0.005248471936374566
2003-06-19,18.539138793945312,-0.009049627113510428
2003-06-20,18.371366500854492,-0.011942727318125734
2003-06-23,18.151962280273438,-0.0021329523111414117
2003-06-24,18.113245010375977,0.007837682646458122
2003-06-25,18.255210876464844,0.0007069280621812002
2003-06-26,18.268115997314453,0.04026852224435906
2003-06-27,19.003746032714844,0.019694410643075422
2003-06-30,19.378013610839844,-0.01232078632552669
2003-07-01,19.13926124572754,-0.021578187619992417
2003-07-02,18.72627067565918,0.004479546105254695
2003-07-03,18.810155868530273,0.020240441560224642
2003-07-04,19.190881729125977,0.00941475313592366
2003-07-07,19.371559143066406,-0.013657466575347055
2003-07-08,19.106992721557617,0.01654832954948038
2003-07-09,19.423181533813477,-0.002657772139811443
2003-07-10,19.371559143066406,0.02931379572591375
2003-07-11,19.93941307067871,0.03624595190642421
2003-07-14,20.66213607788086,-0.0018737347582505892
2003-07-15,20.62342071533203,0.021276542615234817
2003-07-16,21.06221580505371,-0.019914120384142753
2003-07-17,20.642780303955078,-0.01125350441966666
2003-07-18,20.410476684570312,-0.027505735929684083
2003-07-21,19.849071502685547,-0.02373198624338524
2003-07-22,19.378013610839844,-0.0009990491807796431
2003-07-23,19.358654022216797,0.03166645483378017
2003-07-24,19.9716739654541,0.031664108627054155
2003-07-25,20.60405921936035,-0.003758125116119393
2003-07-28,20.526626586914062,0.001886011568256185
2003-07-29,20.565340042114258,0.016630339687934592
2003-07-30,20.9073486328125,-0.01759252771890496
2003-07-31,20.539535522460938,0.02167740526373274
2003-08-01,20.984779357910156,-0.0006446969787862189
2003-08-04,20.971250534057617,-0.02096776027230618
2003-08-05,20.531530380249023,-0.03031287754536116
2003-08-06,19.909160614013672,0.01732895937147383
2003-08-07,20.254165649414062,0.025718296309187316
2003-08-08,20.775068283081055,0.0032562993481801694
2003-08-11,20.84271812438965,0.032132253900152064
2003-08-12,21.512441635131836,-0.0012577673963745095
2003-08-13,21.485383987426758,-0.019836071264053734
2003-08-14,21.0591983795166,0.0
2003-08-15,21.0591983795166,0.011885335544468578
2003-08-18,21.309494018554688,-0.0006350520823263928
2003-08-19,21.295961380004883,-0.004764708110912674
2003-08-20,21.19449234008789,0.1385253335622747
2003-08-21,24.13046646118164,0.008690717817927851
2003-08-22,24.340177536010742,-0.03251786284790148
2003-08-25,23.548686981201172,0.04538932897596637
2003-08-26,24.61754608154297,0.007419566481987161
2003-08-27,24.80019760131836,0.002182204794390241
2003-08-28,24.85431671142578,-0.02177468493924406
2003-08-29,24.313121795654297,0.02587644007512946
2003-09-01,24.942258834838867,0.0176294476523422
2003-09-02,25.381977081298828,-0.0210554736716968
2003-09-03,24.84754753112793,-0.01116250671380059
2003-09-04,24.570186614990234,0.007158829777142328
2003-09-05,24.74608039855957,-0.004647422594277084
2003-09-08,24.631074905395508,-0.0041197861787454215
2003-09-09,24.529600143432617,0.009100992762765214
2003-09-10,24.752843856811523,0.01257172059065681
2003-09-11,25.064029693603516,-0.005938084297952062
2003-09-12,24.915197372436523,-0.0057020200740441895
2003-09-15,24.773130416870117,0.0008195096261969237
2003-09-16,24.793432235717773,0.02264676416056477
2003-09-17,25.354923248291016,-0.01734282023054956
2003-09-18,24.915197372436523,0.014119014396597906
2003-09-19,25.26697540283203,-0.0016064560798334515
2003-09-22,25.22638511657715,0.031375655522943635
2003-09-23,26.017879486083984,0.019240866156405634
2003-09-24,26.51848602294922,-0.02602039627358177
2003-09-25,25.82846450805664,0.06940791285845038
2003-09-26,27.621164321899414,-0.006122662482922148
2003-09-29,27.452049255371094,0.007885273032729012
2003-09-30,27.668516159057617,-0.0004887541395028894
2003-10-01,27.654993057250977,0.0
2003-10-02,27.654993057250977,0.02739720264199752
2003-10-03,28.412662506103516,0.013571450532604556
2003-10-06,28.798263549804688,0.0648344242082568
2003-10-07,30.665382385253906,-0.01610412867877653
2003-10-08,30.17154312133789,0.019058160600782248
2003-10-09,30.746557235717773,-0.016501498661511627
2003-10-10,30.239192962646484,0.02035802091150729
2003-10-13,30.85480308532715,-0.004165903485379596
2003-10-14,30.72626495361328,-0.011889074536053812
2003-10-15,30.360958099365234,0.0037880658273341528
2003-10-16,30.475967407226562,-0.019090091840224144
2003-10-17,29.89417839050293,-0.015387644571206116
2003-10-20,29.43417739868164,-0.025511687219000878
2003-10-21,28.68326187133789,0.022877468116388133
2003-10-22,29.339462280273438,0.007378076972484271
2003-10-23,29.555931091308594,0.02609310123633346
2003-10-24,30.327136993408203,0.029667511396430424
2003-10-27,31.22686767578125,-0.013648164363855297
2003-10-28,30.800678253173828,-0.0021963131267406233
2003-10-29,30.733030319213867,0.010785666369535152
2003-10-30,31.06450653076172,0.07578418969827494
2003-10-31,33.418704986572266,0.051214352401508956
2003-11-03,35.13022232055664,-0.006354530920624102
2003-11-04,34.906986236572266,-0.05116288371425137
2003-11-05,33.12104415893555,-0.017769571215975888
2003-11-06,32.53249740600586,0.010605169977858209
2003-11-07,32.87751007080078,-0.010288047699393954
2003-11-10,32.53926467895508,0.03222460375900371
2003-11-11,33.58782958984375,0.003222656427459114
2003-11-12,33.69607162475586,-0.0012049961831598344
2003-11-13,33.65546798706055,-0.01266296397005906
2003-11-14,33.22929000854492,-0.009772170574681605
2003-11-17,32.90456771850586,-0.027960515828506227
2003-11-18,31.984539031982422,-0.03680219164881138
2003-11-19,30.807437896728516,-0.0015370261336542512
2003-11-20,30.760086059570312,0.020453156491936797
2003-11-21,31.38922691345215,0.01896549157364391
2003-11-24,31.984539031982422,0.020516413810870215
2003-11-25,32.6407470703125,0.0
2003-11-26,32.6407470703125,0.04227952863388351
2003-11-27,34.020782470703125,-0.005368709706645047
2003-11-28,33.838134765625,0.02159120424816563
2003-12-01,34.56874084472656,0.03483374729695066
2003-12-02,35.77289962768555,0.08812377427993434
2003-12-03,38.92534255981445,-0.0643029308475217
2003-12-04,36.42232894897461,-0.033432395308075735
2003-12-05,35.20464324951172,0.0024980804417877867
2003-12-08,35.29258728027344,0.025110195487551445
2003-12-09,36.17879104614258,0.02299913338738202
2003-12-10,37.01087188720703,0.039846723075993795
2003-12-11,38.485633850097656,-0.01371067933103498
2003-12-12,37.957969665527344,-0.017465635236341925
2003-12-15,37.29500961303711,0.025394452074291696
2003-12-16,38.242095947265625,0.00017675923317606035
2003-12-17,38.24885559082031,-0.010081474398177304
2003-12-18,37.863250732421875,-0.0007144135220112924
2003-12-19,37.83620071411133,0.006973006996095155
2003-12-22,38.100032806396484,-0.0012430295478585984
2003-12-23,38.05267333984375,0.008888873294784716
2003-12-24,38.39091873168945,0.0
2003-12-25,38.39091873168945,0.00863428461332627
2003-12-26,38.72239685058594,0.05590520354760642
2003-12-29,40.88718032836914,-0.011251007503128574
2003-12-30,40.42715835571289,-0.011211355782843047
2003-12-31,39.973915100097656,0.024708075887958758
2004-01-01,40.96159362792969,0.012551411662461653
2004-01-02,41.4757194519043,0.02169331727218049
2004-01-05,42.375465393066406,-0.002554446272278299
2004-01-06,42.26721954345703,-0.026728554205928456
2004-01-07,41.13747787475586,-0.005426864737693826
2004-01-08,40.91423034667969,0.005621691271763707
2004-01-09,41.14423751831055,0.003124039528209277
2004-01-12,41.27277374267578,0.014260204576774571
2004-01-13,41.861331939697266,-0.0043635248904722035
2004-01-14,41.67866897583008,-0.02694344118831249
2004-01-15,40.555702209472656,-0.05487905018269412
2004-01-16,38.33004379272461,0.05930070996281733
2004-01-19,40.60304260253906,-0.013662075468223733
2004-01-20,40.04832077026367,-0.004053940652251953
2004-01-21,39.88596725463867,-0.016621290228729935
2004-01-22,39.2230110168457,0.013107662975097245
2004-01-23,39.73713302612305,0.0
2004-01-26,39.73713302612305,0.04017730502241035
2004-01-27,41.33366394042969,-0.03878897743427734
2004-01-28,39.73037338256836,-0.020432298209163813
2004-01-29,38.9185905456543,0.025725438688919855
2004-01-30,39.9197883605957,0.0
2004-02-02,39.9197883605957,0.0008473221438138889
2004-02-03,39.95361328125,0.024043308890925763
2004-02-04,40.91423034667969,0.013723565137775395
2004-02-05,41.4757194519043,0.04811622525628856
2004-02-06,43.47137451171875,0.03330212289483114
2004-02-09,44.919063568115234,0.048945913140114206
2004-02-10,47.11766815185547,-0.08657556818080614
2004-02-11,43.038429260253906,0.0023574164977142598
2004-02-12,43.139888763427734,-0.023365213638187998
2004-02-13,42.13191604614258,-0.005940806160170675
2004-02-16,41.88161849975586,0.020190518001842683
2004-02-17,42.727230072021484,0.004908538199487333
2004-02-18,42.93695831298828,-0.020797347753567008
2004-02-19,42.043983459472656,-0.04521330793104217
2004-02-20,40.143035888671875,-0.04954493172075258
2004-02-23,38.154151916503906,-0.02553189489738028
2004-02-24,37.18000411987305,-0.0012737886311158242
2004-02-25,37.13264465332031,-0.02441252915010117
2004-02-26,36.22614288330078,0.011951603891384499
2004-02-27,36.65910339355469,0.03967507058299069
2004-03-01,38.113555908203125,0.0
2004-03-02,38.113555908203125,-0.01579693811779115
2004-03-03,37.511478424072266,0.04201981225432605
2004-03-04,39.087703704833984,0.011422805617508303
2004-03-05,39.53419494628906,0.04140972699585044
2004-03-08,41.171295166015625,-0.006900799124750501
2004-03-09,40.88718032836914,-0.042852388651253404
2004-03-10,39.135066986083984,-0.03163361657343
2004-03-11,37.8970832824707,0.006783335596491913
2004-03-12,38.154151916503906,-0.013298197279272062
2004-03-15,37.64677047729492,0.016891692315486928
2004-03-16,38.28268814086914,0.016963748073479
2004-03-17,38.932106018066406,-0.020156444098846316
2004-03-18,38.14737319946289,-0.015250639868281346
2004-03-19,37.56560134887695,-0.0041419241668805284
2004-03-22,37.41000747680664,-0.01211556174898476
2004-03-23,36.956764221191406,0.012264148801083063
2004-03-24,37.41000747680664,-0.025135801054145146
2004-03-25,36.46967697143555,0.05750348812020367
2004-03-26,38.566810607910156,0.05192057256249183
2004-03-29,40.56922149658203,-0.007837345784824423
2004-03-30,40.25126647949219,-0.00403350080196152
2004-03-31,40.08891296386719,0.015693494418344223
2004-04-01,40.718048095703125,-0.006977614373329111
2004-04-02,40.43393325805664,-0.010038574413749002
2004-04-05,40.02803421020508,-0.015041299961717769
2004-04-06,39.425960540771484,-0.006691836766090198
2004-04-07,39.16212844848633,0.010191389792265193
2004-04-08,39.56124496459961,0.0
2004-04-09,39.56124496459961,-0.0025648114122585053
2004-04-12,39.45977783203125,0.0
2004-04-13,39.45977783203125,0.0
2004-04-14,39.45977783203125,-0.00891480242347753
2004-04-15,39.108001708984375,-0.004843284112022617
2004-04-16,38.9185905456543,0.04206502961349301
2004-04-19,40.555702209472656,0.025020801521224767
2004-04-20,41.570438385009766,-0.03189583682994934
2004-04-21,40.24451446533203,0.005210686248099172
2004-04-22,40.45421600341797,0.0680603083689224
2004-04-23,43.207542419433594,-0.02207609027882862
2004-04-27,42.25368881225586,0.0169708061652043
2004-04-28,42.970767974853516,0.003621101246221725
2004-04-29,43.12636947631836,-0.011764904643557617
2004-04-30,42.61899185180664,-0.0006351415324651333
2004-05-03,42.591922760009766,-0.025095168324986483
2004-05-04,41.5230712890625,-0.016291741754542732
2004-05-05,40.846588134765625,0.006459284207757987
2004-05-06,41.11042785644531,-0.003455647344883239
2004-05-07,40.96836471557617,-0.013044979003429491
2004-05-10,40.43393325805664,-0.05303677631227022
2004-05-11,38.28944778442383,0.0056535844275216185
2004-05-12,38.50592041015625,0.0005271398251016635
2004-05-13,38.52621841430664,-0.07041277729199613
2004-05-14,35.813480377197266,-0.10559112528385095
2004-05-17,32.03189468383789,0.08278772971532944
2004-05-18,34.68374252319336,0.03062218059894617
2004-05-19,35.74583435058594,-0.0052990452220764706
2004-05-20,35.55641555786133,0.016552369776269504
2004-05-21,36.14495849609375,0.0005615722079908014
2004-05-24,36.16525650024414,-0.03273464862894959
2004-05-25,34.98139953613281,0.01527737126620643
2004-05-26,35.51582336425781,0.009333681336503918
2004-05-27,35.84731674194336,-0.07133421920391048
2004-05-28,33.29017639160156,-0.06360512764099635
2004-05-31,31.17275047302246,0.02756074448929202
2004-06-01,32.03189468383789,0.10475196466725079
2004-06-02,35.387298583984375,0.014337414440340535
2004-06-03,35.89466094970703,0.011496593361864482
2004-06-04,36.30732727050781,0.0
2004-06-07,36.30732727050781,0.006893752597778358
2004-06-08,36.557621002197266,0.007772429735246389
2004-06-09,36.84176254272461,-0.01744426061005111
2004-06-10,36.1990852355957,-0.029527346011164246
2004-06-11,35.13022232055664,-0.03196583147440868
2004-06-14,34.00725555419922,0.004972967418891638
2004-06-15,34.17637252807617,0.0186068269344426
2004-06-16,34.812286376953125,0.02137547568265563
2004-06-17,35.55641555786133,-0.015791391840767277
2004-06-18,34.994930267333984,-0.010052093422171282
2004-06-21,34.643157958984375,-0.014450592721727773
2004-06-22,34.14254379272461,0.004755502715395155
2004-06-23,34.304908752441406,0.0023665530724157335
2004-06-24,34.38609313964844,-0.013968215157839192
2004-06-25,33.90578079223633,0.009177789376180634
2004-06-28,34.21696090698242,-0.016211896602488562
2004-06-29,33.66223907470703,-0.017282738203839076
2004-06-30,33.08046340942383,0.013496666510990352
2004-07-01,33.526939392089844,-0.011904694178534125
2004-07-02,33.127811431884766,-0.03879923175926281
2004-07-05,31.842477798461914,0.026343742050212615
2004-07-06,32.68132781982422,0.01738756613293413
2004-07-07,33.249576568603516,-0.02970488093575885
2004-07-08,32.26190185546875,0.024743463134176746
2004-07-09,33.06017303466797,-0.012482279520075301
2004-07-12,32.64750671386719,-0.01844176002191078
2004-07-13,32.04542922973633,-0.010344541889505177
2004-07-14,31.71393394470215,0.017278459106399913
2004-07-15,32.26190185546875,0.028308091127343227
2004-07-16,33.175174713134766,0.03181090055932878
2004-07-19,34.230506896972656,0.033991870569227256
2004-07-20,35.394065856933594,0.0042047383034597985
2004-07-21,35.54288864135742,-0.000761482201762198
2004-07-22,35.51582336425781,-0.004380865840481363
2004-07-23,35.360233306884766,-0.015305077214206264
2004-07-26,34.81904220581055,0.005245626918699342
2004-07-27,35.00168991088867,-0.000772820351800596
2004-07-28,34.974639892578125,0.023597594867235117
2004-07-29,35.799957275390625,0.010960021924945496
2004-07-30,36.192325592041016,0.03140161564551458
2004-08-02,37.32882308959961,-0.008698560639605835
2004-08-03,37.00411605834961,-0.00914105975141044
2004-08-04,36.66585922241211,0.02988950486046482
2004-08-05,37.761783599853516,-0.02346816984500999
2004-08-06,36.87558364868164,0.016694299292841386
2004-08-09,37.49119567871094,-0.006857180417114583
2004-08-10,37.23411178588867,0.007994611861302126
2004-08-11,37.53178405761719,-0.0014420557445816717
2004-08-12,37.4776611328125,-0.006678783259558951
2004-08-13,37.22735595703125,0.0009087063661090689
2004-08-16,37.26118469238281,0.006172938091663749
2004-08-17,37.49119567871094,-0.016059475226727682
2004-08-18,36.88910675048828,0.004217984670109143
2004-08-19,37.04470443725586,-0.021731024471408733
2004-08-20,36.23968505859375,-0.0016803129594729072
2004-08-23,36.17879104614258,-0.008975171269076654
2004-08-24,35.85408020019531,0.006792473868307614
2004-08-25,36.097618103027344,0.02679890695899534
2004-08-26,37.06499481201172,-0.018981479289685077
2004-08-27,36.361446380615234,0.011348902400194705
2004-08-30,36.77410888671875,-0.007358316998806624
2004-08-31,36.50351333618164,0.004076839627901174
2004-09-01,36.6523323059082,-0.0036068191414635464
2004-09-02,36.52013397216797,0.0019054614523748015
2004-09-03,36.5897216796875,0.005894633068995736
2004-09-06,36.80540466308594,-0.00567124874434044
2004-09-07,36.59667205810547,0.009125460541498542
2004-09-08,36.930633544921875,0.0069706637975841534
2004-09-09,37.18806457519531,0.006361100249183682
2004-09-10,37.42462158203125,-0.013757308391705303
2004-09-13,36.909759521484375,0.009613699182857705
2004-09-14,37.26459884643555,-0.011202319737618871
2004-09-15,36.84714889526367,0.004720444911975097
2004-09-16,37.02108383178711,0.03439185850793236
2004-09-17,38.294307708740234,0.013808367940503441
2004-09-20,38.823089599609375,0.03566310708993803
2004-09-21,40.2076416015625,0.02214921701616057
2004-09-22,41.098209381103516,-0.022515769726672907
2004-09-23,40.1728515625,0.012296563920558112
2004-09-24,40.666839599609375,0.010436216907016682
2004-09-27,41.09124755859375,-0.012529632864406226
2004-09-28,40.57638931274414,-0.009259220087287079
2004-09-29,40.20068359375,-0.009172767548068173
2004-09-30,39.831932067871094,0.010655063705131695
2004-10-01,40.256343841552734,0.007431849209307062
2004-10-04,40.55552291870117,0.022473549312051144
2004-10-05,41.466949462890625,-0.007214788315183629
2004-10-06,41.16777420043945,-0.004056010604264193
2004-10-07,41.000797271728516,0.0057697569796670845
2004-10-08,41.237361907958984,-0.03425029141655778
2004-10-11,39.82497024536133,0.010831736810692272
2004-10-12,40.256343841552734,0.0
2004-10-14,40.256343841552734,-0.006394699344515642
2004-10-15,39.99891662597656,0.02383029630700606
2004-10-18,40.95210266113281,0.008154928931973116
2004-10-19,41.28606414794922,-0.021907818740532825
2004-10-20,40.38157653808594,0.0013783574732462167
2004-10-21,40.43723678588867,0.0
2004-10-22,40.43723678588867,-0.01806595783037568
2004-10-25,39.70669937133789,0.005432000179077967
2004-10-26,39.922386169433594,0.011153500473082056
2004-10-27,40.36766052246094,0.016718452033331666
2004-10-28,41.042545318603516,0.013900567679862696
2004-10-29,41.613059997558594,-0.00919557699997453
2004-11-01,41.230403900146484,0.0015188323273320758
2004-11-02,41.293025970458984,0.03706793682126985
2004-11-03,42.823673248291016,0.004386703722413676
2004-11-04,43.01152801513672,0.03170511885628069
2004-11-05,44.375213623046875,-0.007996426623716468
2004-11-08,44.02037048339844,0.003477134020053896
2004-11-09,44.17343521118164,-0.0012599525674059642
2004-11-10,44.11777877807617,-0.004100314296038299
2004-11-11,43.93688201904297,-0.0023752820636597782
2004-11-12,43.83251953125,0.0
2004-11-15,43.83251953125,0.014761673016297383
2004-11-16,44.47956085205078,0.047239248545246415
2004-11-17,46.58074188232422,-0.012098326883065225
2004-11-18,46.01719284057617,-0.014968419061353155
2004-11-19,45.32838821411133,-0.008902623297242673
2004-11-22,44.92484664916992,0.007433866254941135
2004-11-23,45.258811950683594,0.004150846832765787
2004-11-24,45.44667434692383,-0.02571957212164644
2004-11-25,44.27780532836914,0.0
2004-11-26,44.27780532836914,0.05625380745558717
2004-11-29,46.76860046386719,0.010860100090472224
2004-11-30,47.276512145996094,0.0
2004-12-01,47.276512145996094,0.01324462485800737
2004-12-02,47.902671813964844,0.028177493458437786
2004-12-03,49.25244903564453,0.009323353600438233
2004-12-06,49.711647033691406,0.02141347078373279
2004-12-07,50.776145935058594,-0.01863528650941626
2004-12-08,49.829917907714844,0.01675522219365888
2004-12-09,50.66482925415039,-0.011947613372333965
2004-12-10,50.059505462646484,0.0022240682037422133
2004-12-13,50.170841217041016,0.0073497650734850595
2004-12-14,50.53958511352539,0.004543180214073184
2004-12-15,50.769195556640625,0.0031518900219702495
2004-12-16,50.92921447753906,-0.016529960628541174
2004-12-17,50.08735656738281,0.0109737168795363
2004-12-20,50.637001037597656,0.005770749332576708
2004-12-21,50.92921447753906,-0.013797987055146121
2004-12-22,50.22649383544922,0.009558371069041893
2004-12-23,50.70657730102539,0.018935145392958708
2004-12-24,51.66671371459961,0.007271643138988981
2004-12-27,52.042415618896484,-0.0018717097106146774
2004-12-28,51.94500732421875,-0.006696887554093811
2004-12-29,51.597137451171875,-0.02036133693334552
2004-12-30,50.54655075073242,0.022298596842754703
2004-12-31,51.673667907714844,0.0
2005-01-03,51.673667907714844,0.0068668535565854505
2005-01-04,52.02850341796875,-0.03249536621560589
2005-01-05,50.33781814575195,-0.023082268035096387
2005-01-06,49.175907135009766,0.01499708831681601
2005-01-07,49.91340255737305,-0.027320801507187964
2005-01-10,48.54972839355469,0.005302733868572496
2005-01-11,48.80717468261719,-0.01610855220067864
2005-01-12,48.02096176147461,0.025934337839569332
2005-01-13,49.266353607177734,-0.008190785217577323
2005-01-14,48.862823486328125,0.002705421210052572
2005-01-17,48.995018005371094,-0.003124321167883193
2005-01-18,48.841941833496094,0.001709516260320676
2005-01-19,48.925437927246094,-0.015358297642744767
2005-01-20,48.17402648925781,-0.02209702600428931
2005-01-24,47.10952377319336,0.0147689631279182
2005-01-25,47.80528259277344,-0.01761038338418497
2005-01-27,46.96341323852539,0.031259399487149064
2005-01-28,48.431461334228516,0.03691953153496885
2005-01-31,50.21952819824219,0.0024941609212725258
2005-02-01,50.344783782958984,0.011746847888738365
2005-02-02,50.93617630004883,0.009834629371794135
2005-02-03,51.43711471557617,-0.010685830415477549
2005-02-04,50.88746643066406,-0.012578632853577632
2005-02-07,50.247371673583984,0.004708000206801621
2005-02-08,50.48393630981445,0.010060479545923151
2005-02-09,50.99182891845703,0.022513387618441127
2005-02-10,52.139827728271484,0.0005337959955495908
2005-02-11,52.167659759521484,0.015737483820446263
2005-02-14,52.9886474609375,0.006171198826030899
2005-02-15,53.315650939941406,-0.01970524838409493
2005-02-16,52.265052795410156,0.0013315115645096132
2005-02-17,52.33464431762695,0.015022581834686966
2005-02-18,53.120845794677734,-0.013883496031076081
2005-02-21,52.38334274291992,-0.004781612322593887
2005-02-22,52.13286590576172,-0.0024022564087854414
2005-02-23,52.00762939453125,-0.01163869436786824
2005-02-24,51.40232849121094,-0.004737431587171659
2005-02-25,51.1588134765625,0.03603973342432343
2005-02-28,53.0025634765625,-0.02270944985801371
2005-03-01,51.79890441894531,0.046340051957570294
2005-03-02,54.19926834106445,0.019255049949630454
2005-03-03,55.24287796020508,0.0017632733534973521
2005-03-04,55.34028625488281,0.004023402571040169
2005-03-07,55.56294250488281,-0.0008766610836077326
2005-03-08,55.51423263549805,-0.021180640901362624
2005-03-09,54.33840560913086,0.003969114507247573
2005-03-10,54.554080963134766,-0.003953422918986593
2005-03-11,54.33840560913086,-0.016133118728670293
2005-03-14,53.46175765991211,-0.0041645620281420825
2005-03-15,53.239112854003906,0.04796151763280765
2005-03-16,55.79254150390625,0.0011220674867766789
2005-03-17,55.85514450073242,0.029023518567122597
2005-03-18,57.47625732421875,-0.01113674761678729
2005-03-21,56.836158752441406,-0.03231717982197502
2005-03-22,54.99937438964844,-0.012650026814158832
2005-03-23,54.30363082885742,0.00025605233611414313
2005-03-24,54.317535400390625,0.01921368723793826
2005-03-28,55.361175537109375,-0.020108319667047958
2005-03-29,54.247955322265625,-0.017570841422437145
2005-03-30,53.29477310180664,0.025587605097880273
2005-03-31,54.6584587097168,0.03373219888602952
2005-04-01,56.5022087097168,0.030291765673320148
2005-04-04,58.21376037597656,0.016971390242502382
2005-04-05,59.20172882080078,-0.0004699286272942249
2005-04-06,59.17390823364258,-0.03891843037219045
2005-04-07,56.87095260620117,-0.011622054953123961
2005-04-08,56.20999526977539,-0.023270401794679096
2005-04-11,54.9019660949707,0.03510347707973627
2005-04-12,56.82921600341797,0.008814737138023387
2005-04-13,57.33015060424805,-0.02160192244800052
2005-04-15,56.09170913696289,-0.0404366671755948
2005-04-18,53.82354736328125,-0.00775603989363205
2005-04-19,53.406089782714844,-0.014330269114061212
2005-04-20,52.64076614379883,0.013613647663484718
2005-04-21,53.357398986816406,0.033902844304292135
2005-04-22,55.16636657714844,0.029385614193572218
2005-04-25,56.7874641418457,-0.00833124363139126
2005-04-26,56.314353942871094,-0.051396141702574116
2005-04-27,53.420013427734375,-0.012373126714185445
2005-04-28,52.75904083251953,-0.050639363850791486
2005-04-29,50.08735656738281,0.0011111111111110628
2005-05-02,50.143009185791016,0.0058276768662994805
2005-05-03,50.43522644042969,0.013380916176724655
2005-05-04,51.1100959777832,0.025592458094199966
2005-05-05,52.418128967285156,0.002654445809206818
2005-05-06,52.55727005004883,0.01217906811308489
2005-05-09,53.19736862182617,0.025503373126466222
2005-05-10,54.554080963134766,0.002933496025634419
2005-05-11,54.714115142822266,-0.0038148983994048535
2005-05-12,54.50538635253906,0.0012765025272496455
2005-05-13,54.5749626159668,0.01504337294540048
2005-05-16,55.39595413208008,-0.00401894624444199
2005-05-17,55.17332077026367,-0.014754183935884901
2005-05-18,54.359283447265625,0.007807530687805375
2005-05-19,54.783695220947266,0.009525237311016177
2005-05-20,55.30552291870117,0.012831622213557381
2005-05-23,56.01518249511719,-0.008073525249583824
2005-05-24,55.56294250488281,-0.0047585072993071575
2005-05-25,55.298545837402344,0.006542688274747022
2005-05-26,55.66034698486328,-0.002375090003951752
2005-05-27,55.52814865112305,-0.023430633912806975
2005-05-30,54.227088928222656,0.006030049581767782
2005-05-31,54.554080963134766,0.018747677176985666
2005-06-01,55.57684326171875,-0.018152002973958137
2005-06-02,54.56801223754883,0.0021676127325349626
2005-06-03,54.68629455566406,0.0017810799959039336
2005-06-06,54.783695220947266,0.029590946226911052
2005-06-07,56.4047966003418,0.035154721175768344
2005-06-08,58.387691497802734,-0.014180010522682585
2005-06-09,57.55975341796875,-0.012208607838958163
2005-06-10,56.85702896118164,0.03707796364496119
2005-06-13,58.965171813964844,0.024070659904151803
2005-06-14,60.38450241088867,-0.0011519046636850883
2005-06-15,60.314945220947266,-0.037836214971905036
2005-06-16,58.03285598754883,-0.002517589437693424
2005-06-17,57.88675308227539,-0.02608176193675449
2005-06-20,56.3769645690918,0.032210553395679575
2005-06-21,58.19289779663086,0.00597787507098535
2005-06-22,58.540767669677734,-0.005467118020976103
2005-06-23,58.22071838378906,-0.00011951085465200517
2005-06-24,58.21376037597656,-0.0014343016704424505
2005-06-27,58.13026428222656,0.00023939364110647787
2005-06-28,58.14418029785156,-0.002153699071810622
2005-06-29,58.01895523071289,0.02110528142577839
2005-06-30,59.24346160888672,-0.010569390787748212
2005-07-01,58.61729431152344,0.01899119702681973
2005-07-04,59.730506896972656,0.006522993941624922
2005-07-05,60.1201286315918,-0.00023166051094369866
2005-07-06,60.106201171875,-0.02303515759865149
2005-07-07,58.72164535522461,0.005332046385470912
2005-07-08,59.034751892089844,0.06623436910968139
2005-07-11,62.944881439208984,0.0347077198236696
2005-07-12,65.12955474853516,-0.009080248120430179
2005-07-13,64.53816223144531,-0.038378519533768585
2005-07-14,62.061283111572266,-0.010538083088486139
2005-07-15,61.40727615356445,0.005325220628308092
2005-07-18,61.734283447265625,-0.006649273397864142
2005-07-19,61.323795318603516,-0.0002271756720484408
2005-07-20,61.30986404418945,-0.004085362549171689
2005-07-21,61.059391021728516,0.0364633342773335
2005-07-22,63.28582000732422,0.08487210185317684
2005-07-25,68.65702056884766,0.03212430074275918
2005-07-26,70.86257934570312,0.037211485664452315
2005-07-27,73.49948120117188,0.10000006228121139
2005-07-28,80.84943389892578,-0.08015213977941316
2005-07-29,74.36917877197266,0.007390858803143274
2005-08-01,74.91883087158203,-0.03343258557922135
2005-08-02,72.41410064697266,0.004323886491236717
2005-08-03,72.72721099853516,-0.0016532911981860243
2005-08-04,72.60697174072266,-0.025618644029505533
2005-08-05,70.74687957763672,-0.04408679668303506
2005-08-08,67.62787628173828,0.009412326388595016
2005-08-09,68.26441192626953,0.023725704670316095
2005-08-10,69.884033203125,0.02611060891893313
2005-08-11,71.70874786376953,0.01144088701266277
2005-08-12,72.52915954589844,-0.015602098007877152
2005-08-16,71.39755249023438,-0.0016839740890896016
2005-08-17,71.2773208618164,0.007342711947098346
2005-08-18,71.80068969726562,-0.018518424067001993
2005-08-19,70.47105407714844,-0.013348263496962498
2005-08-22,69.53038787841797,-0.02258158704785551
2005-08-23,67.96028137207031,0.01623507329060625
2005-08-24,69.0636215209961,-0.0076806939932549945
2005-08-25,68.53316497802734,-0.0059853415073441996
2005-08-26,68.12297058105469,-0.028343443072213814
2005-08-29,66.19213104248047,0.01955339683849644
2005-08-30,67.48641204833984,0.009851248855501815
2005-08-31,68.15123748779297,0.004255031418765043
2005-09-01,68.44122314453125,-0.0048569079343393495
2005-09-02,68.10881042480469,0.0062305383191381125
2005-09-05,68.53316497802734,0.007223711058682358
2005-09-06,69.02822875976562,0.035348666639845705
2005-09-08,71.4682846069336,0.016427451064537912
2005-09-09,72.64232635498047,0.005646873482033854
2005-09-12,73.05252838134766,0.003969549900100677
2005-09-13,73.34251403808594,0.016875425848967396
2005-09-14,74.5802001953125,0.011190260098435045
2005-09-15,75.4147720336914,0.024383584232907873
2005-09-16,77.25365447998047,0.016936355885678545
2005-09-19,78.56204986572266,0.04843383474381846
2005-09-20,82.36711120605469,-0.009960520643622295
2005-09-21,81.54669189453125,-0.005810924800589201
2005-09-22,81.07283020019531,0.002442506750653939
2005-09-23,81.2708511352539,0.002262415191113476
2005-09-26,81.45471954345703,0.025180507384816586
2005-09-27,83.50579071044922,0.015329999595258936
2005-09-28,84.78593444824219,-0.0007509181537905807
2005-09-29,84.7222671508789,0.004591382202716154
2005-09-30,85.11125946044922,-0.01379420015036259
2005-10-03,83.93721771240234,-0.005139877323922515
2005-10-04,83.50579071044922,-0.04785317787015053
2005-10-05,79.50977325439453,-0.049101353403371184
2005-10-06,75.6057357788086,-0.008512789618756011
2005-10-07,74.96212005615234,0.0027360620674810043
2005-10-10,75.16722106933594,0.013455310719771685
2005-10-11,76.17861938476562,-0.023953107517323158
2005-10-13,74.3539047241211,-0.036907091988632956
2005-10-14,71.6097183227539,-0.011654342853617883
2005-10-17,70.77515411376953,-0.007394702457495073
2005-10-18,70.25179290771484,0.0019130014922823513
2005-10-19,70.38618469238281,-0.0014068373226061581
2005-10-20,70.28716278076172,0.01942040963328906
2005-10-21,71.65216827392578,-0.017668461569831706
2005-10-24,70.38618469238281,0.012761366181143874
2005-10-25,71.28440856933594,0.013592496941688292
2005-10-26,72.25334167480469,-0.06049349604398546
2005-10-27,67.88248443603516,0.011669129720023319
2005-10-28,68.67461395263672,0.026982601105460136
2005-10-31,70.52763366699219,0.0017047449654365998
2005-11-02,70.64786529541016,0.0
2005-11-04,70.64786529541016,0.00020021691245442064
2005-11-07,70.6620101928711,0.010309214904083097
2005-11-08,71.3904800415039,0.0015849669343472872
2005-11-09,71.50363159179688,-0.003659575993659514
2005-11-10,71.24195861816406,0.022734092496476066
2005-11-11,72.86157989501953,0.022908105904087206
2005-11-14,74.53070068359375,0.011766845929649383
2005-11-16,75.4076919555664,0.02307271963307378
2005-11-17,77.14755249023438,-0.012376427577689753
2005-11-18,76.19274139404297,-0.03016781761005971
2005-11-21,73.89417266845703,-0.004690021338177419
2005-11-22,73.547607421875,0.015289887004524383
2005-11-23,74.6721420288086,0.02074263235884155
2005-11-24,76.22103881835938,0.010856374351330134
2005-11-25,77.04852294921875,-0.010464105807917345
2005-11-28,76.24227905273438,-0.0038963386005002043
2005-11-29,75.9452133178711,0.0021418903666770017
2005-11-30,76.10787963867188,0.004646431717673094
2005-12-01,76.46150970458984,0.006752469551124962
2005-12-02,76.97781372070312,-0.021040303138785132
2005-12-05,75.3581771850586,-0.005349412144779353
2005-12-06,74.9550552368164,0.023683829899285636
2005-12-07,76.73027801513672,-0.004148176165690742
2005-12-08,76.4119873046875,0.016845836122351576
2005-12-09,77.69921112060547,0.022483278249592953
2005-12-12,79.4461441040039,0.001335424916439898
2005-12-13,79.55223846435547,0.01635818917891707
2005-12-14,80.85356903076172,-0.016007716435707975
2005-12-15,79.55928802490234,0.04284840949770308
2005-12-16,82.96827697753906,-0.00289825540068811
2005-12-19,82.72781372070312,-0.016756430238027198
2005-12-20,81.34159088134766,8.704130381875785e-05
2005-12-21,81.34867095947266,-0.002695419559311074
2005-12-22,81.12940216064453,0.013076519356733707
2005-12-23,82.19029235839844,-0.03700182848617717
2005-12-26,79.14910125732422,0.03333018129247356
2005-12-27,81.78715515136719,-0.0030264908433820237
2005-12-28,81.53962707519531,-0.004510476757936033
2005-12-29,81.17184448242188,0.019517440717276457
2005-12-30,82.75611114501953,0.020425354122965977
2006-01-02,84.4464340209961,0.01591290576744253
2006-01-03,85.79022216796875,0.011871374735253015
2006-01-04,86.80867004394531,-0.014909670135467956
2006-01-05,85.5143814086914,-0.007277932069838511
2006-01-06,84.89201354980469,-0.014913139844230705
2006-01-09,83.62600708007812,-0.010064202007329937
2006-01-10,82.78437805175781,-0.012729577058247066
2006-01-12,81.7305679321289,0.010730365927414942
2006-01-13,82.6075668334961,-0.018321891983025917
2006-01-16,81.09403991699219,-0.015523995409608138
2006-01-17,79.83513641357422,-0.00930194910222526
2006-01-18,79.09251403808594,0.01859973565648998
2006-01-19,80.56361389160156,0.017469734272987036
2006-01-20,81.97103881835938,-0.01518562546095037
2006-01-23,80.72625732421875,0.004205576209021622
2006-01-24,81.06575775146484,0.041790414355117766
2006-01-25,84.45352935791016,0.03768492378106214
2006-01-27,87.63615417480469,-0.007909097224725103
2006-01-30,86.94303131103516,-0.008785168777576513
2006-01-31,86.1792221069336,-0.03126787463847913
2006-02-01,83.48458099365234,-0.017367069344630948
2006-02-02,82.03469848632812,-0.015518506848484437
2006-02-03,80.76164245605469,0.06532966041571608
2006-02-06,86.03777313232422,0.0337033058816405
2006-02-07,88.93753051757812,-0.015348084706302223
2006-02-08,87.572509765625,-0.024713232895730908
2006-02-10,85.40830993652344,0.009440323126125305
2006-02-13,86.21459197998047,-0.021329043896902378
2006-02-14,84.37571716308594,0.0030174620549918707
2006-02-15,84.63031768798828,-0.0008355972167193304
2006-02-16,84.55960083007812,-0.018233671340444735
2006-02-17,83.01776885986328,0.008263806593051148
2006-02-20,83.70381164550781,0.002704255659303767
2006-02-21,83.93016815185547,0.0016007788457212957
2006-02-22,84.06452178955078,-0.009927753356739455
2006-02-23,83.22994995117188,0.009177553891626111
2006-02-24,83.9937973022461,0.00471531400683145
2006-02-27,84.38985443115234,0.031260682097435266
2006-02-28,87.02793884277344,0.0021128391645566236
2006-03-01,87.2118148803711,0.006244495792022908
2006-03-02,87.75640869140625,-0.013862140866503725
2006-03-03,86.5399169921875,0.0025334656914950404
2006-03-06,86.75916290283203,-0.020298377630005415
2006-03-07,84.99809265136719,-0.015559826117708897
2006-03-08,83.675537109375,0.01724254890804855
2006-03-09,85.11831665039062,0.020939122466035354
2006-03-10,86.90061950683594,-0.014893894227671067
2006-03-13,85.60633087158203,0.0028088533288748163
2006-03-14,85.84678649902344,0.006426439130083228
2006-03-16,86.39847564697266,-0.007612927848584916
2006-03-17,85.74073028564453,0.0001647949419698591
2006-03-20,85.7548599243164,-0.013278397688411103
2006-03-21,84.61617279052734,-0.00911069533147757
2006-03-22,83.84526062011719,-0.0004214830415861792
2006-03-23,83.80992126464844,0.010379481943506574
2006-03-24,84.67982482910156,0.0005012093714529264
2006-03-27,84.7222671508789,-0.010601981122076332
2006-03-28,83.82404327392578,0.009956507631529554
2006-03-29,84.65863800048828,-0.016374533778007017
2006-03-30,83.27239227294922,0.000594428842112471
2006-03-31,83.32189178466797,0.02537997999664321
2006-04-03,85.43659973144531,0.016142205286387767
2006-04-04,86.81573486328125,0.01327906782181243
2006-04-05,87.96856689453125,-0.03569698954468847
2006-04-07,84.82835388183594,-0.0037515440312657633
2006-04-10,84.51011657714844,-0.024939807220605736
2006-04-12,82.40245056152344,-0.0329583745576888
2006-04-13,79.68659973144531,0.030797873980270563
2006-04-17,82.14077758789062,0.009988244862049855
2006-04-18,82.96121978759766,0.0026425678457568935
2006-04-19,83.18045043945312,0.0010202127413683204
2006-04-20,83.26531219482422,0.005011659144504854
2006-04-21,83.68260955810547,-0.03811697316858076
2006-04-24,80.49288177490234,-0.016255270079332806
2006-04-25,79.1844482421875,0.013754973569361839
2006-04-26,80.27362823486328,-0.0023790051441673343
2006-04-27,80.08265686035156,0.018811530673664256
2006-04-28,81.5891342163086,0.07827641742123737
2006-05-02,87.97563934326172,0.043653087989629524
2006-05-03,91.81604766845703,0.016638479679235818
2006-05-04,93.3437271118164,-0.032883796798773735
2006-05-05,90.27423095703125,-0.005719031028637911
2006-05-08,89.75794982910156,0.007248940351833877
2006-05-09,90.40859985351562,0.03379483404101058
2006-05-10,93.46394348144531,0.002724458891738779
2006-05-11,93.71858215332031,-0.03999712794375587
2006-05-12,89.97010803222656,-0.026334396206693644
2006-05-15,87.60079956054688,-0.0011303768015570315
2006-05-16,87.50177764892578,0.012043473935422488
2006-05-17,88.55560302734375,-0.05159332687754803
2006-05-18,83.98672485351562,-0.06450509923959247
2006-05-19,78.56915283203125,-0.0041409113966923705
2006-05-22,78.24380493164062,0.043749388137492407
2006-05-23,81.66692352294922,-0.014635966453315219
2006-05-24,80.47164916992188,-0.017489793867408454
2006-05-25,79.06421661376953,0.008587387660358603
2006-05-26,79.74317169189453,0.009844914374598668
2006-05-29,80.52823638916016,0.0010539083999738796
2006-05-30,80.61310577392578,-0.05685217877024118
2006-05-31,76.03007507324219,-0.0059534907430840445
2006-06-01,75.57743072509766,0.03303393823089551
2006-06-02,78.07405090332031,-0.02509292681301345
2006-06-05,76.11494445800781,0.008548456388378423
2006-06-06,76.76560974121094,-0.017412651505860466
2006-06-07,75.42891693115234,-0.06451002106989256
2006-06-08,70.56299591064453,0.0030066495956841965
2006-06-09,70.77515411376953,-0.05226299045096172
2006-06-12,67.07623291015625,-0.03068342194604623
2006-06-13,65.01810455322266,-0.01838359841226056
2006-06-14,63.822837829589844,0.0694811847915704
2006-06-15,68.25732421875,0.05004669917948945
2006-06-16,71.67337799072266,-0.011249180759588695
2006-06-19,70.86711120605469,-0.021057858079941094
2006-06-20,69.37480163574219,0.008053804348662874
2006-06-21,69.93353271484375,0.03610442480347631
2006-06-22,72.45844268798828,-0.00819898511920214
2006-06-23,71.8643569946289,-0.03405204468859768
2006-06-26,69.41722869873047,0.01599610052254974
2006-06-27,70.52763366699219,-0.019454581132944182
2006-06-28,69.15554809570312,-0.020147487587645507
2006-06-29,67.76223754882812,0.018474212011801328
2006-06-30,69.01409149169922,0.0024595904293864823
2006-07-03,69.183837890625,0.002555672302268608
2006-07-04,69.36064910888672,0.019475783223826815
2006-07-05,70.71150207519531,-0.011904558960016187
2006-07-06,69.86971282958984,0.02759784026207579
2006-07-07,71.79796600341797,-0.01192546401687522
2006-07-10,70.94174194335938,-0.010243291481313754
2006-07-11,70.2150650024414,0.0007172482614525855
2006-07-12,70.26542663574219,0.01525728487930822
2006-07-13,71.33748626708984,-0.019869316079927257
2006-07-14,69.92005920410156,-0.017801941871308236
2006-07-17,68.67534637451172,-0.009743134829357403
2006-07-18,68.00623321533203,-0.010262277908207329
2006-07-19,67.30833435058594,0.051950763513747944
2006-07-20,70.8050537109375,-0.014835958174937769
2006-07-21,69.75459289550781,0.0620937136397155
2006-07-24,74.0859146118164,0.05351096622460294
2006-07-25,78.05032348632812,-0.003503153209337251
2006-07-26,77.77690124511719,0.005735516472124669
2006-07-27,78.22299194335938,-0.0019315616232919997
2006-07-28,78.0718994140625,0.02082733967618622
2006-07-31,79.69792938232422,-0.007582877049543635
2006-08-01,79.09358978271484,-0.003002231609956829
2006-08-02,78.85613250732422,0.017518475292407576
2006-08-03,80.2375717163086,-0.019010071314747856
2006-08-04,78.71224975585938,0.03811699789434342
2006-08-07,81.7125244140625,0.048780492359450145
2006-08-08,85.69850158691406,-0.008815176154849724
2006-08-09,84.94305419921875,0.015161686331965019
2006-08-10,86.2309341430664,-0.024614019902391204
2006-08-11,84.10844421386719,-0.013259300259736206
2006-08-14,82.99322509765625,0.02418706302063378
2006-08-16,85.0005874633789,0.001354522319280349
2006-08-17,85.11572265625,-0.005325606509978931
2006-08-18,84.66242980957031,0.010708150781922887
2006-08-21,85.56900787353516,0.0008407856093881616
2006-08-22,85.64095306396484,-0.00764525598854926
2006-08-23,84.9862060546875,-0.002454999016097248
2006-08-24,84.7775650024414,-0.000339633899134828
2006-08-25,84.74877166748047,-0.002037325429496084
2006-08-28,84.57611083984375,0.01284535918798868
2006-08-29,85.66252136230469,-0.0023517188076407347
2006-08-30,85.46106719970703,0.005977653277184025
2006-08-31,85.971923828125,0.020336225404028463
2006-09-01,87.72026824951172,0.0215715861064385
2006-09-04,89.61253356933594,-0.015415436499537583
2006-09-05,88.23111724853516,-0.004403686447701838
2006-09-06,87.84257507324219,-0.005487635514624278
2006-09-07,87.36052703857422,-0.0011529608395915991
2006-09-08,87.25980377197266,-0.015913609809013796
2006-09-11,85.87118530273438,0.013405674904676035
2006-09-12,87.02234649658203,0.044646535439125
2006-09-13,90.9075927734375,0.029442303431514105
2006-09-14,93.58412170410156,-0.005766061662815125
2006-09-15,93.04450988769531,-0.004562491339039743
2006-09-18,92.6199951171875,0.004816189408007654
2006-09-19,93.06607055664062,0.006880845254885193
2006-09-20,93.7064437866211,0.018734534135366188
2006-09-21,95.46199035644531,-0.012812815836841462
2006-09-22,94.23885345458984,0.005726082459829529
2006-09-25,94.77847290039062,0.029757935487028542
2006-09-26,97.59888458251953,0.014743817090679956
2006-09-27,99.0378646850586,0.029858199129795704
2006-09-28,101.99495697021484,-0.012979662992981478
2006-09-29,100.67109680175781,-0.0026445298663252403
2006-10-03,100.40486907958984,-0.0038694503690540616
2006-10-04,100.016357421875,0.0155384586749725
2006-10-05,101.5704574584961,-0.004816855169776035
2006-10-06,101.08120727539062,-0.005480901229957258
2006-10-09,100.52719116210938,-0.004437436913245718
2006-10-10,100.08110809326172,-0.012221380196162035
2006-10-11,98.85797882080078,0.004949175046168097
2006-10-12,99.34724426269531,0.0065179184007668756
2006-10-13,99.99478149414062,0.036551971553691276
2006-10-16,103.64978790283203,0.008329858449231287
2006-10-17,104.51317596435547,0.025127400300947178
2006-10-18,107.13932037353516,-0.003760673048747165
2006-10-19,106.73640441894531,-0.0003371656952453339
2006-10-20,106.7004165649414,-0.02825338957946044
2006-10-23,103.6857681274414,0.053847519639189656
2006-10-26,109.26898956298828,-0.0010535462489627
2006-10-27,109.15386962890625,0.038692414966195576
2006-10-30,113.3772964477539,-0.013643806446702711
2006-10-31,111.83039855957031,0.0012866157441815407
2006-11-01,111.97428131103516,0.001863430678832101
2006-11-02,112.18293762207031,-0.008786427568691635
2006-11-03,111.19725036621094,-0.006599932513866702
2006-11-06,110.4633560180664,0.004038359093211152
2006-11-07,110.9094467163086,0.018553396019281188
2006-11-08,112.96719360351562,0.01948937639344428
2006-11-09,115.16885375976562,0.038233139976570296
2006-11-10,119.5721206665039,0.01209451654889504
2006-11-13,121.0182876586914,0.01890612402171743
2006-11-14,123.3062744140625,0.02754102215072396
2006-11-15,126.70225524902344,0.007779736375691515
2006-11-16,127.6879653930664,-0.012171196327125045
2006-11-17,126.13385009765625,-0.01979335877637267
2006-11-20,123.63723754882812,0.015305102379580049
2006-11-21,125.5295181274414,0.008826440484507536
2006-11-22,126.63749694824219,-0.004602066556095297
2006-11-23,126.05470275878906,-0.00359569845303076
2006-11-24,125.60144805908203,0.011685595061311727
2006-11-27,127.06917572021484,-0.02463018931432326
2006-11-28,123.93943786621094,-0.003076948646936639
2006-11-29,123.5580825805664,0.016071745578343455
2006-11-30,125.54387664794922,0.006533280154882748
2006-12-01,126.36408996582031,-0.008483411675590524
2006-12-04,125.2920913696289,-0.008212072802292747
2006-12-05,124.26318359375,0.005674132385821151
2006-12-06,124.96826934814453,0.012321059770970866
2006-12-07,126.50801086425781,0.0013648212983286
2006-12-08,126.68067169189453,-0.06758681446703318
2006-12-11,118.11872863769531,-0.020588348138212642
2006-12-12,115.68685913085938,0.03352177506385812
2006-12-13,119.56488800048828,0.04747872410548282
2006-12-14,125.2416763305664,0.0005171885387365016
2006-12-15,125.30644989013672,0.01877580762543385
2006-12-18,127.6591796875,-0.021360350225285485
2006-12-19,124.93233489990234,-0.015894895741597415
2006-12-20,122.94654846191406,-0.00017604879970956056
2006-12-21,122.9249038696289,0.0032193990906039804
2006-12-22,123.32064819335938,0.01866983207748829
2006-12-26,125.6230239868164,0.024341385383799707
2006-12-27,128.6808624267578,0.010008384688711791
2006-12-28,129.96875,-0.012954069863548967
2006-12-29,128.28512573242188,0.006674323510037938
2007-01-02,129.14134216308594,-0.0032313227994352767
2007-01-03,128.7240447998047,-0.004527350982253653
2007-01-04,128.14126586914062,0.022009877271202072
2007-01-05,130.96163940429688,-0.004175608101038564
2007-01-08,130.414794921875,0.006675781900823408
2007-01-09,131.28541564941406,-0.03123848998613543
2007-01-10,127.18425750732422,0.009617406290650443
2007-01-11,128.40744018554688,0.0895949168836323
2007-01-12,139.91209411621094,-0.01486169196073106
2007-01-15,137.832763671875,0.00229679858580889
2007-01-16,138.1493377685547,0.02791537875721173
2007-01-17,142.00582885742188,-0.01580799385891185
2007-01-18,139.76100158691406,0.014568894805836674
2007-01-19,141.7971649169922,-0.008321263978131932
2007-01-22,140.6172332763672,-0.013201141425888241
2007-01-23,138.76092529296875,0.010629397759097436
2007-01-24,140.23587036132812,0.017341497707741294
2007-01-25,142.6677703857422,-0.035806254094306045
2007-01-29,137.5593719482422,-0.015534507638358841
2007-01-31,135.42245483398438,0.012167035528604542
2007-02-01,137.0701446533203,-0.008031366702701326
2007-02-02,135.9692840576172,0.002010687380812781
2007-02-05,136.24267578125,0.01172419586058604
2007-02-06,137.8400115966797,0.026359378768964215
2007-02-07,141.473388671875,0.016833664092497536
2007-02-08,143.8549041748047,-0.0035512467283821403
2007-02-09,143.3440399169922,-0.03011561927339168
2007-02-12,139.0271453857422,-0.010609263261825985
2007-02-13,137.5521697998047,-0.04341481320508389
2007-02-14,131.5803680419922,0.03849534241784225
2007-02-15,136.64559936523438,0.03222449600824362
2007-02-19,141.04893493652344,-0.010967371259147929
2007-02-20,139.5019989013672,-0.0001548826933137626
2007-02-21,139.4803924560547,-0.02383145277419163
2007-02-22,136.1563720703125,-0.04142900753366752
2007-02-23,130.5155487060547,-0.0033076645996296117
2007-02-26,130.08384704589844,-0.031194550258499043
2007-02-27,126.02593994140625,-0.05286590672551306
2007-02-28,119.36346435546875,0.031163599742489945
2007-03-01,123.08325958251953,-0.014555715760883992
2007-03-02,121.29169464111328,-0.02532924852866203
2007-03-05,118.21946716308594,0.032073481558427375
2007-03-06,122.01117706298828,-0.022703435895726765
2007-03-07,119.24110412597656,0.04145332093770815
2007-03-08,124.18404388427734,-0.005098650855121067
2007-03-09,123.55087280273438,0.011763387316090057
2007-03-12,125.0042495727539,0.010245562330430946
2007-03-13,126.28498840332031,-0.054922583553613236
2007-03-14,119.34909057617188,-0.006631518978958639
2007-03-15,118.55762481689453,-0.016870978214669208
2007-03-16,116.55744171142578,0.015493849516577285
2007-03-19,118.36336517333984,0.001762909833833426
2007-03-20,118.57202911376953,0.056492521654800676
2007-03-21,125.27046203613281,0.033369692651093574
2007-03-22,129.45069885253906,-0.008892837908450302
2007-03-23,128.2995147705078,-0.017832989246140407
2007-03-26,126.01155090332031,-0.020383812974424598
2007-03-28,123.44295501708984,-0.0029722653054728987
2007-03-29,123.0760498046875,-0.0022800273546252914
2007-03-30,122.7954330444336,-0.05788956264360401
2007-04-02,115.68685913085938,0.004913307834939484
2007-04-03,116.25526428222656,0.016153108616001832
2007-04-04,118.13314819335938,0.021560198988010093
2007-04-05,120.68012237548828,0.023370718466586782
2007-04-09,123.50050354003906,-0.0005824262215846643
2007-04-10,123.42857360839844,0.0020403596729638984
2007-04-11,123.68041229248047,-0.011925700752431712
2007-04-12,122.20543670654297,0.028495769464188747
2007-04-13,125.68777465820312,0.01694442711088917
2007-04-16,127.8174819946289,0.006473413913312465
2007-04-17,128.6448974609375,0.005536912433257157
2007-04-18,129.35719299316406,0.006897155346595962
2007-04-19,130.2493896484375,0.012760156250732235
2007-04-20,131.91139221191406,0.0009272470790733234
2007-04-23,132.03370666503906,0.03547456182918185
2007-04-24,136.71754455566406,0.01347221699834189
2007-04-25,138.55943298339844,-0.0015055121169442742
2007-04-26,138.350830078125,-0.027354703230189625
2007-04-27,134.5662841796875,-0.07410587853228556
2007-04-30,124.59413146972656,0.00467760248394411
2007-05-03,125.17693328857422,-0.016151271719820892
2007-05-04,123.15516662597656,-0.014137855114366715
2007-05-07,121.41401672363281,-0.004681858929301064
2007-05-08,120.84557342529297,0.011372160092972816
2007-05-09,122.2198486328125,-0.007535082024519912
2007-05-10,121.29891204833984,0.006524480229470164
2007-05-11,122.09032440185547,0.02587088379198832
2007-05-14,125.24890899658203,0.018899377917202864
2007-05-15,127.61603546142578,0.03580062018705332
2007-05-16,132.1847686767578,0.021173489912859056
2007-05-17,134.98358154296875,0.013965185833961558
2007-05-18,136.86865234375,-0.008568618514699922
2007-05-21,135.6958770751953,-0.015323235838665683
2007-05-22,133.6165771484375,-0.011523410199463346
2007-05-23,132.0768585205078,-0.007136264527705105
2007-05-24,131.1343231201172,0.0015361846419004177
2007-05-25,131.3357696533203,0.01106617339092364
2007-05-28,132.78915405273438,-0.0023842656165433684
2007-05-29,132.47254943847656,-0.007549309635727752
2007-05-30,131.47247314453125,0.006019837097182235
2007-05-31,132.263916015625,0.012294117429898943
2007-06-01,133.88998413085938,0.0031166043315409286
2007-06-04,134.30726623535156,0.006107161801784944
2007-06-05,135.12750244140625,-0.02965756806112574
2007-06-06,131.1199493408203,-0.002304645937654226
2007-06-07,130.81776428222656,-0.006215012632864947
2007-06-08,130.00473022460938,-0.0016604479582722487
2007-06-11,129.7888641357422,0.019291679848781662
2007-06-12,132.29270935058594,-0.005873746458306739
2007-06-13,131.51565551757812,0.002101749504873629
2007-06-14,131.7920684814453,0.0031460700175116596
2007-06-15,132.20669555664062,0.011059984317252303
2007-06-18,133.6688995361328,0.028734635635907058
2007-06-19,137.50982666015625,0.0031742671089289853
2007-06-20,137.94631958007812,0.0018984674435453819
2007-06-21,138.2082061767578,0.004842335392337915
2007-06-22,138.87745666503906,-0.0020428561398797562
2007-06-25,138.59375,-0.007033451944757574
2007-06-26,137.61895751953125,-0.008299039050466361
2007-06-27,136.4768524169922,0.005116977616758778
2007-06-28,137.17520141601562,0.01336386532729894
2007-06-29,139.00839233398438,-0.005494918032319052
2007-07-02,138.2445526123047,0.017364910245535548
2007-07-03,140.64515686035156,0.019913052827388755
2007-07-04,143.44583129882812,0.017952175895284528
2007-07-05,146.02099609375,-0.02206939618994752
2007-07-06,142.79840087890625,-0.01100365488421351
2007-07-09,141.2270965576172,-0.006953734007141055
2007-07-10,140.2450408935547,-0.010788807736702655
2007-07-11,138.73196411132812,0.0147867264383017
2007-07-12,140.78335571289062,0.005012259415341447
2007-07-13,141.48899841308594,-0.0016451655588715086
2007-07-16,141.2562255859375,0.0028837570246749156
2007-07-17,141.66357421875,0.009910638272204952
2007-07-18,143.0675506591797,0.006355857861631842
2007-07-19,143.97686767578125,-0.003789556817810902
2007-07-20,143.43125915527344,-0.01597600232597951
2007-07-23,141.13980102539062,-0.0004640131428587102
2007-07-24,141.07431030273438,-0.011601711804925419
2007-07-25,139.43760681152344,-0.014451341147359353
2007-07-26,137.42254638671875,-0.03192016898723582
2007-07-27,133.03599548339844,0.009405129029768089
2007-07-30,134.28721618652344,0.004821577322667192
2007-07-31,134.9346923828125,-0.039301465100394894
2007-08-01,129.63156127929688,0.011672485802540544
2007-08-02,131.14468383789062,0.0156420853879915
2007-08-03,133.19606018066406,-0.031239972519620185
2007-08-06,129.03501892089844,-0.01916770167679327
2007-08-07,126.56171417236328,0.01620904884814034
2007-08-08,128.6131591796875,0.006447661776444402
2007-08-09,129.44241333007812,-0.02877349160181053
2007-08-10,125.71790313720703,0.011283281073050988
2007-08-13,127.13641357421875,0.0054927309274157565
2007-08-14,127.8347396850586,-0.052922209977526835
2007-08-16,121.06944274902344,-0.008952527895279339
2007-08-17,119.98556518554688,0.05777863293797303
2007-08-20,126.91816711425781,-0.04963608368602457
2007-08-21,120.61844635009766,0.020565664081819035
2007-08-22,123.09904479980469,-0.024997028169728153
2007-08-23,120.02193450927734,0.01072833735339529
2007-08-24,121.3095703125,0.05966621485095103
2007-08-27,128.5476531982422,-0.02337141947550825
2007-08-28,125.5433120727539,-0.006721821224678126
2007-08-29,124.69943237304688,0.018609199708968127
2007-08-30,127.01998901367188,0.017582206102507048
2007-08-31,129.25328063964844,0.021949550352312608
2007-09-03,132.09033203125,0.0007710815426529294
2007-09-04,132.1921844482422,0.007483943561304995
2007-09-05,133.18150329589844,0.006008008768835449
2007-09-06,133.98165893554688,-0.0009228275627853888
2007-09-07,133.85801696777344,-0.009944920039500649
2007-09-10,132.5268096923828,-0.010264381895937258
2007-09-11,131.16650390625,-0.017969369464949758
2007-09-12,128.8095245361328,-0.0014683129303580955
2007-09-13,128.62039184570312,0.025168146313095274
2007-09-14,131.85752868652344,-0.012302846235252018
2007-09-17,130.2353057861328,0.032843899562524204
2007-09-18,134.5127410888672,0.05299856717093787
2007-09-19,141.6417236328125,-0.006624952922834826
2007-09-20,140.70335388183594,-0.0010859834499765686
2007-09-21,140.55055236816406,0.031313126817029024
2007-09-24,144.95162963867188,-0.003261943986820448
2007-09-25,144.4788055419922,0.027138436951837264
2007-09-26,148.3997344970703,0.008088303716251799
2007-09-27,149.60003662109375,0.03321182743537765
2007-09-28,154.5685272216797,-0.004329797924007006
2007-10-01,153.89927673339844,0.027179015388050454
2007-10-03,158.0821075439453,-0.017072280117053307
2007-10-04,155.38328552246094,-0.029587951683945346
2007-10-05,150.7858123779297,-0.01466610820450609
2007-10-08,148.57437133789062,0.02394204768013042
2007-10-09,152.1315460205078,0.023813117891678726
2007-10-10,155.7542724609375,0.019335955715751307
2007-10-11,158.76593017578125,-0.03321882300658041
2007-10-12,153.49191284179688,0.04023681297783144
2007-10-15,159.66793823242188,0.056676807468808876
2007-10-16,168.7174072265625,-0.03669183790561403
2007-10-17,162.52685546875,-0.07215116191735138
2007-10-18,150.80035400390625,-0.013217338476787854
2007-10-19,148.8071746826172,0.037690365492927924
2007-10-22,154.415771484375,0.03830029312855432
2007-10-23,160.32994079589844,-0.0019056124631604554
2007-10-24,160.0244140625,0.04068545372715349
2007-10-25,166.5350799560547,0.03743507332708873
2007-10-26,172.7693328857422,0.044757874310086265
2007-10-29,180.5021209716797,-0.0003626561545412299
2007-10-30,180.43666076660156,0.011167603952846994
2007-10-31,182.4517059326172,0.03528556751166989
2007-11-01,188.88961791992188,0.027035229625488766
2007-11-02,193.9962921142578,-0.04765977221024087
2007-11-05,184.75047302246094,-0.022089549329618485
2007-11-06,180.66941833496094,-0.033016419867958335
2007-11-07,174.70436096191406,-0.026440629114562575
2007-11-08,170.08506774902344,-0.02027309440152436
2007-11-12,166.6369171142578,0.024752129370260167
2007-11-13,170.76153564453125,0.08933308003518525
2007-11-14,186.0161895751953,-0.0288608820600722
2007-11-15,180.64759826660156,-0.017396264406190354
2007-11-16,177.5050048828125,-0.02651533125510186
2007-11-19,172.79840087890625,-0.02294340879557233
2007-11-20,168.8338165283203,-0.04653350978648929
2007-11-21,160.97738647460938,0.035157302299358095
2007-11-22,166.6369171142578,-0.005194897001726151
2007-11-23,165.77125549316406,0.015271191924510097
2007-11-26,168.3027801513672,-0.021179085087966842
2007-11-27,164.73828125,-0.008301649604012029
2007-11-28,163.3706817626953,0.03459771445084514
2007-11-29,169.02293395996094,0.01433210734916135
2007-11-30,171.4453887939453,-0.013917244319408106
2007-12-03,169.05934143066406,-0.019191075243380262
2007-12-04,165.81491088867188,0.021365168881568808
2007-12-05,169.35757446289062,0.03148494758725495
2007-12-06,174.68978881835938,0.0390605906291408
2007-12-07,181.51327514648438,0.019116813585869252
2007-12-10,184.9832305908203,0.03370155441765088
2007-12-11,191.2174530029297,-0.018565027509995335
2007-12-12,187.66749572753906,-0.036475716638871725
2007-12-13,180.8221893310547,-0.02888519111186716
2007-12-14,175.59910583496094,-0.0337214003781523
2007-12-17,169.6776580810547,-0.024008823744974706
2007-12-18,165.60389709472656,0.022095607147763596
2007-12-19,169.2630157470703,-0.005071207765815378
2007-12-20,168.40464782714844,0.041857400041154014
2007-12-24,175.45362854003906,0.010738417061869399
2007-12-26,177.3377227783203,0.02325855134290511
2007-12-27,181.46234130859375,-0.016476269214507955
2007-12-28,178.47251892089844,0.009782432591294299
2007-12-31,180.21841430664062,-0.008032736833781029
2008-01-01,178.77076721191406,0.031332662622084895
2008-01-02,184.37213134765625,-0.03022276233773502
2008-01-03,178.79989624023438,0.04666597825706642
2008-01-04,187.14376831054688,0.05927831311017817
2008-01-07,198.23733520507812,-0.01658653590812953
2008-01-08,194.9492645263672,-0.023881366870183163
2008-01-09,190.29360961914062,0.0368514937196307
2008-01-10,197.30621337890625,0.05814250780702612
2008-01-11,208.77809143066406,-0.01742154803650009
2008-01-14,205.14085388183594,-0.040992967106564304
2008-01-15,196.7315216064453,0.011906463640688036
2008-01-16,199.0738983154297,-0.03376443978453392
2008-01-17,192.35227966308594,-0.06209829145631374
2008-01-18,180.40753173828125,-0.053870918740360096
2008-01-21,170.68881225585938,-0.04112687509017754
2008-01-22,163.66891479492188,0.02355669842626562
2008-01-23,167.5244140625,-0.01702204596461565
2008-01-24,164.6728057861328,0.11437012074780961
2008-01-25,183.50645446777344,0.010029453000383493
2008-01-28,185.346923828125,-0.04199542006451684
2008-01-29,177.56320190429688,-0.02707999513954973
2008-01-30,172.75479125976562,-0.03402408021863934
2008-01-31,166.87696838378906,0.04459482232304102
2008-02-01,174.31881713867188,0.011768132058397551
2008-02-04,176.37022399902344,-0.017282025269671486
2008-02-05,173.3221893310547,-0.032947369727709064
2008-02-06,167.61167907714844,-0.03988511551491325
2008-02-07,160.9264678955078,-0.02911152226473357
2008-02-08,156.2416534423828,-0.037293984356390864
2008-02-11,150.41477966308594,0.032306803807789386
2008-02-12,155.27420043945312,0.032372777256401086
2008-02-13,160.3008575439453,0.05450157094247121
2008-02-14,169.03750610351562,0.025003154889645662
2008-02-15,173.26397705078125,0.01587041441025061
2008-02-18,176.0137481689453,0.008596442361782364
2008-02-19,177.52684020996094,-0.042533954697617005
2008-02-20,169.97592163085938,-0.023110734714227976
2008-02-21,166.0476531982422,-0.036361734992486294
2008-02-22,160.00987243652344,0.006637545157268887
2008-02-25,161.0719451904297,0.009710107350210162
2008-02-26,162.63597106933594,-0.000805084312433535
2008-02-27,162.50503540039062,-0.009937905695154847
2008-02-28,160.89007568359375,-0.01568944959888441
2008-02-29,158.3657989501953,-0.05870468261753614
2008-03-03,149.06898498535156,-0.052215262270859375
2008-03-04,141.28530883789062,-0.011275830048878555
2008-03-05,139.69219970703125,-0.06952060914477409
2008-03-07,129.980712890625,-0.02412132725145144
2008-03-10,126.84540557861328,-0.01743390320188143
2008-03-11,124.63399505615234,0.02760763066809324
2008-03-12,128.07484436035156,-0.048563217808800685
2008-03-13,121.85511779785156,0.047041991651031845
2008-03-14,127.5874252319336,-0.1334168184573482
2008-03-17,110.56511688232422,0.010855858246116679
2008-03-18,111.76539611816406,0.0
2008-03-19,111.76539611816406,0.0442592055846438
2008-03-24,116.71204376220703,0.09554971109673427
2008-03-25,127.86384582519531,-0.03971103925744224
2008-03-26,122.78623962402344,-0.011138175990090149
2008-03-27,121.41862487792969,0.0011386412787970368
2008-03-28,121.55687713623047,-0.07911425952018314
2008-03-31,111.93999481201172,-0.015141902042086541
2008-04-01,110.24501037597656,0.035367806054989126
2008-04-02,114.14413452148438,0.0028044060931349257
2008-04-03,114.46424102783203,-0.02821751593691868
2008-04-04,111.23434448242188,0.061147109393411725
2008-04-07,118.03600311279297,0.0033279222090831784
2008-04-08,118.42881774902344,0.027764045202955057
2008-04-09,121.71688079833984,-0.04261275223420313
2008-04-10,116.53018951416016,-0.016105898678427044
2008-04-11,114.65336608886719,0.024998392983265783
2008-04-15,117.51951599121094,0.010399312676493855
2008-04-16,118.74163818359375,0.02524052115100628
2008-04-17,121.73873901367188,0.032865082279742275
2008-04-21,125.73969268798828,0.02088526070064023
2008-04-22,128.3657989501953,-0.019891398371082558
2008-04-23,125.81242370605469,0.01624748961310174
2008-04-24,127.85655975341797,0.041932306844054246
2008-04-25,133.21788024902344,-0.021623796026077113
2008-04-28,130.3372039794922,0.0074231609129666865
2008-04-29,131.30471801757812,-0.02537429173523964
2008-04-30,127.97295379638672,0.06542783627984594
2008-05-02,136.345947265625,-0.003521432549111636
2008-05-05,135.86581420898438,-0.00540795691693563
2008-05-06,135.1310577392578,-0.01055109960547429
2008-05-07,133.7052764892578,-0.028454749661312784
2008-05-08,129.90072631835938,-0.021280194672398278
2008-05-09,127.13641357421875,0.0076671757073800695
2008-05-12,128.11119079589844,0.009141848486671211
2008-05-13,129.28236389160156,0.00883454513458548
2008-05-14,130.4245147705078,0.035584435731566444
2008-05-15,135.0655975341797,0.015619105977760839
2008-05-16,137.17520141601562,-0.016598712735182986
2008-05-20,134.8982696533203,-0.01687865419600021
2008-05-21,132.62136840820312,-0.03400792546810816
2008-05-22,128.11119079589844,-0.021009850647250805
2008-05-23,125.41959381103516,-0.04843093529368003
2008-05-26,119.34540557861328,-0.012129702015126309
2008-05-27,117.89778137207031,0.012463843819537024
2008-05-28,119.36724090576172,-0.02949608592212183
2008-05-29,115.84637451171875,-0.009607344890246505
2008-05-30,114.7333984375,-0.029863144433001088
2008-06-02,111.30709838867188,-0.00588207312181499
2008-06-03,110.65238189697266,-0.003944377567539403
2008-06-04,110.21592712402344,0.027258960854955605
2008-06-05,113.22029876708984,-0.011308077871370892
2008-06-06,111.93999481201172,-0.02482463603444851
2008-06-09,109.16112518310547,-0.02578968766142664
2008-06-10,106.34589385986328,0.014022844874681972
2008-06-11,107.83716583251953,0.0027657282043078713
2008-06-12,108.13541412353516,0.02966700238649178
2008-06-13,111.34346771240234,0.04200969836188273
2008-06-16,116.0209732055664,0.029092790269493074
2008-06-17,119.39634704589844,-0.04106509861837282
2008-06-18,114.49332427978516,-0.042378793337904175
2008-06-19,109.6412353515625,-0.02740170132746067
2008-06-20,106.63687896728516,-0.01671332748424581
2008-06-23,104.85462188720703,-0.02435135724111137
2008-06-24,102.30126953125,-0.007039688468018723
2008-06-25,101.58110046386719,-0.0009312447134456336
2008-06-26,101.48650360107422,-0.06508483398672937
2008-06-27,94.88127136230469,-0.03365773907595182
2008-06-30,91.68778228759766,-0.0652175486808999
2008-07-01,85.7081298828125,0.0542352208522463
2008-07-02,90.35652923583984,-0.07914010820207462
2008-07-03,83.20570373535156,0.05542925331136117
2008-07-04,87.81773376464844,0.002568015175085314
2008-07-07,88.04325103759766,-0.017846959338405854
2008-07-08,86.4719467163086,0.046016821346577697
2008-07-09,90.45111083984375,0.01015215752747567
2008-07-10,91.369384765625,-0.04101138212794153
2008-07-11,87.62220001220703,-0.02146712481356905
2008-07-14,85.74120330810547,-0.08593893135340835
2008-07-15,78.37269592285156,-0.017764478363812564
2008-07-16,76.9804458618164,0.06176067130354368
2008-07-17,81.73480987548828,0.11887274931871072
2008-07-18,91.45085144042969,0.04129887543187638
2008-07-21,95.22766876220703,0.02916249822439787
2008-07-22,98.00474548339844,0.11636715477376902
2008-07-23,109.4092788696289,-0.011506996307588557
2008-07-24,108.15030670166016,-0.10058885496410452
2008-07-25,97.27159118652344,0.010125665296321085
2008-07-28,98.25653076171875,-0.0839615550662024
2008-07-29,90.00675964355469,0.04673365224067805
2008-07-30,94.21310424804688,0.0018865953501179256
2008-07-31,94.3908462524414,0.008002588426104573
2008-08-01,95.1462173461914,-0.003035521194963864
2008-08-04,94.8573989868164,0.08376904354640957
2008-08-05,102.80351257324219,0.018081195654481075
2008-08-06,104.66232299804688,0.0018396594330201133
2008-08-07,104.85486602783203,0.033406174844219594
2008-08-08,108.357666015625,0.054059677288529784
2008-08-11,114.21544647216797,-0.03955125722030883
2008-08-12,109.69808197021484,-0.04043761080463559
2008-08-13,105.26215362548828,-0.05241292604342662
2008-08-14,99.74505615234375,-0.012547400201808445
2008-08-18,98.49351501464844,0.01909774804175024
2008-08-19,100.37451934814453,0.0016231780861608591
2008-08-20,100.53744506835938,-0.051709091549293595
2008-08-21,95.3387451171875,0.0013206372476841644
2008-08-22,95.46465301513672,0.01954831166915194
2008-08-25,97.33082580566406,0.014304307494678037
2008-08-26,98.72307586669922,-0.024904343804799334
2008-08-27,96.26444244384766,-0.02677123405586801
2008-08-28,93.68732452392578,0.062208499578779275
2008-08-29,99.51547241210938,-0.0102693317198842
2008-09-01,98.49351501464844,0.0737594910882029
2008-09-02,105.75834655761719,0.0036410440718404047
2008-09-04,106.14341735839844,-0.041721899049986244
2008-09-05,101.71491241455078,0.04907179182802368
2008-09-08,106.70624542236328,-0.011590066523425535
2008-09-09,105.46951293945312,-0.01558770552875055
2008-09-10,103.82548522949219,-0.020542136032368874
2008-09-11,101.69268798828125,-0.049227837753648696
2008-09-12,96.68657684326172,-0.039828601228937055
2008-09-15,92.83568572998047,-0.049138411159814765
2008-09-16,88.27388763427734,-0.060318999570881715
2008-09-17,82.94929504394531,0.030533105599259702
2008-09-18,85.48199462890625,0.08723921610068142
2008-09-19,92.93937683105469,0.013147207913477121
2008-09-22,94.16127014160156,-0.05756979513537053
2008-09-23,88.74042510986328,0.0015856237240878812
2008-09-24,88.88113403320312,-0.006498894232601526
2008-09-25,88.30350494384766,-0.060046999697687564
2008-09-26,83.00114440917969,-0.11973599717477301
2008-09-29,73.06291961669922,0.08564775680642511
2008-09-30,79.32059478759766,0.028662243023249045
2008-10-01,81.59410095214844,-0.08449810008731429
2008-10-03,74.69955444335938,-0.02835363424852566
2008-10-06,72.58155059814453,-0.01020275697176476
2008-10-07,71.84101867675781,-0.06452959566269123
2008-10-08,67.20514678955078,-0.1985673162469932
2008-10-10,53.86040115356445,0.16911852040143116
2008-10-13,62.96919250488281,0.0573916659336442
2008-10-14,66.58309936523438,-0.07874536791953413
2008-10-15,61.339988708496094,0.0048288205593189915
2008-10-16,61.63618850708008,-0.05983398356570857
2008-10-17,57.94824981689453,0.05137383937868645
2008-10-20,60.92527389526367,0.047890968709604964
2008-10-21,63.84304428100586,-0.0796890142256208
2008-10-22,58.755455017089844,-0.07789271664981867
2008-10-23,54.1788330078125,-0.14379430157288886
2008-10-24,46.38822555541992,0.009259156466545626
2008-10-27,46.81774139404297,0.09253393019956824
2008-10-29,51.14997100830078,0.15462591409222304
2008-10-31,59.05908203125,0.08012532502294278
2008-11-03,63.79121017456055,0.0629209789000833
2008-11-04,67.80501556396484,-0.015181484581605398
2008-11-05,66.775634765625,-0.03870451313100287
2008-11-06,64.19111633300781,-0.002538135018086085
2008-11-07,64.02819061279297,0.09148740220652196
2008-11-10,69.8859634399414,-0.07947430228055541
2008-11-11,64.33182525634766,-0.08529997446662463
2008-11-12,58.844322204589844,-0.0035237979043525325
2008-11-14,58.636966705322266,-0.023869894398851232
2008-11-17,57.237308502197266,-0.06792593141073056
2008-11-18,53.34941101074219,-0.03317593392113449
2008-11-19,51.57949447631836,-0.0717876410140923
2008-11-20,47.87672424316406,0.033410923274082016
2008-11-21,49.4763298034668,-0.03442611031692322
2008-11-24,47.77305221557617,-0.004495337894547813
2008-11-25,47.55829620361328,0.09265017218889815
2008-11-26,51.96458053588867,0.0
2008-11-27,51.96458053588867,0.002280174506282151
2008-11-28,52.08306884765625,-0.07422151948427869
2008-12-01,48.217384338378906,-0.00660424633173462
2008-12-02,47.89894485473633,0.03525049056574314
2008-12-03,49.587406158447266,0.08721635696048646
2008-12-04,53.91223907470703,-0.015384599055952908
2008-12-05,53.082820892333984,0.03236607247122825
2008-12-08,54.8009033203125,0.0812162808595569
2008-12-10,59.25162887573242,0.015123168842744006
2008-12-11,60.147701263427734,0.012065812670340126
2008-12-12,60.87343215942383,0.018734703609971648
2008-12-15,62.013877868652344,0.005493288065880675
2008-12-16,62.35453796386719,0.02565314977460975
2008-12-17,63.95412826538086,0.09309867093073976
2008-12-18,69.90817260742188,0.0016948590222158888
2008-12-19,70.02665710449219,-0.05731830377269398
2008-12-22,66.01284790039062,-0.042292829441327284
2008-12-23,63.220977783203125,0.0330328848126471
2008-12-24,65.3093490600586,-0.05352071855103846
2008-12-26,61.81394577026367,0.06625109424095244
2008-12-29,65.90918731689453,0.030561941758676436
2008-12-30,67.92350006103516,-0.022896102368798243
2008-12-31,66.36831665039062,0.051662668518827726
2009-01-02,69.79708099365234,0.06079570042683757
2009-01-05,74.04044342041016,0.04710968343045363
2009-01-06,77.5284652709961,-0.10621846834191273
2009-01-07,69.29351043701172,-0.024046184070160015
2009-01-09,67.62726593017578,-0.040735596778038397
2009-01-12,64.87242889404297,-0.02865302537622494
2009-01-13,63.01363754272461,0.036784429136357266
2009-01-14,65.33155822753906,-0.07356584700608582
2009-01-15,60.525386810302734,0.03695080291537445
2009-01-16,62.76184844970703,-0.02631273445322646
2009-01-19,61.11041259765625,-0.039505602092619774
2009-01-20,58.69620895385742,-0.06800387265523133
2009-01-21,54.70463943481445,0.023554908467930735
2009-01-22,55.993202209472656,-0.03756127590408742
2009-01-23,53.8900260925293,0.047409465045773924
2009-01-27,56.444923400878906,0.070716317924445
2009-01-28,60.436500549316406,0.005023838188896068
2009-01-29,60.7401237487793,0.014996427418309866
2009-01-30,61.65100860595703,-0.074834782688327
2009-02-02,57.03736877441406,0.017917196918887823
2009-02-03,58.05931854248047,-0.005867251970479215
2009-02-04,57.71866989135742,0.002181208508345689
2009-02-05,57.844566345214844,0.04237633185668366
2009-02-06,60.295806884765625,0.05219824089103353
2009-02-09,63.44314193725586,0.0008171369553404695
2009-02-10,63.4949836730957,0.015162366642517133
2009-02-11,64.45771789550781,-0.03170980240281174
2009-02-12,62.41377639770508,0.03084950508810458
2009-02-13,64.3392105102539,-0.05847159557214576
2009-02-16,60.57719421386719,-0.05696807067630194
2009-02-17,57.12622833251953,-0.04200156818248291
2009-02-18,54.726837158203125,-0.0216507908095126
2009-02-19,53.54195785522461,-0.07095440819743759
2009-02-20,49.742919921875,0.00029785714636298977
2009-02-24,49.75773620605469,0.013841403185539836
2009-02-25,50.44645309448242,-0.04624206995716573
2009-02-26,48.113704681396484,0.008311609891570537
2009-02-27,48.513607025146484,-0.07067634326766215
2009-03-02,45.084842681884766,-0.028909388757040633
2009-03-03,43.78146743774414,-0.036197458074806566
2009-03-04,42.19668960571289,-0.052123520185897054
2009-03-05,39.997249603271484,-0.0033326533167878925
2009-03-06,39.86395263671875,-0.02303538646917691
2009-03-09,38.94567108154297,0.08062355243328345
2009-03-12,42.085609436035156,0.08622196802353765
2009-03-13,45.71431350708008,0.045844896577719174
2009-03-16,47.810081481933594,0.0018586743642408088
2009-03-17,47.89894485473633,0.0347867437703786
2009-03-18,49.56519317626953,0.009711604931126328
2009-03-19,50.04655075073242,-0.04394780768606621
2009-03-20,47.84711456298828,0.0735179146913687
2009-03-23,51.3647346496582,0.02494244875791285
2009-03-24,52.645896911621094,0.0284147172273852
2009-03-25,54.141815185546875,0.025987969239943842
2009-03-26,55.548851013183594,0.027063210188741804
2009-03-27,57.052181243896484,-0.12227405836912242
2009-03-30,50.07617950439453,-0.015675960622129503
2009-03-31,49.29118728637695,0.04972940602593101
2009-04-01,51.742408752441406,0.03248932723344411
2009-04-02,53.423484802246094,0.03909045612434614
2009-04-06,55.51183319091797,0.004269007608114661
2009-04-08,55.74881362915039,0.056854363117777806
2009-04-09,58.91837692260742,0.047259716496475646
2009-04-13,61.702842712402344,0.06313014566279018
2009-04-15,65.59815216064453,-0.03465779166304672
2009-04-16,63.32466506958008,0.031107552381507197
2009-04-17,65.29454040527344,-0.03221047999564397
2009-04-20,63.19137191772461,-0.0653932611536725
2009-04-21,59.05908203125,0.0032602410647111224
2009-04-22,59.25162887573242,0.06086743895477209
2009-04-23,62.858123779296875,0.022855488691506443
2009-04-24,64.2947769165039,0.07705602483373863
2009-04-27,69.24907684326172,-0.060635049520113005
2009-04-28,65.05015563964844,0.09107469704749582
2009-04-29,70.97457885742188,0.003755974020669184
2009-04-30,71.24115753173828,0.1016631360050273
2009-05-04,78.48375701904297,0.07397650418396062
2009-05-05,84.28971099853516,-0.05183634245445401
2009-05-06,79.92044067382812,0.017976423086160986
2009-05-07,81.35712432861328,-0.05197530562028485
2009-05-08,77.1285629272461,0.004992880385027876
2009-05-11,77.51365661621094,0.066399077940958
2009-05-12,82.66049194335938,-0.012452932656826232
2009-05-13,81.6311264038086,-0.02703448881752557
2009-05-14,79.42427062988281,0.07170169384200142
2009-05-15,85.11912536621094,0.2303809519882789
2009-05-18,104.72895050048828,0.06936793988912249
2009-05-19,111.99378204345703,-0.06248766541122097
2009-05-20,104.99555206298828,-0.05057122243410228
2009-05-21,99.68579864501953,0.04397889578744607
2009-05-22,104.06986999511719,0.0028461995128383766
2009-05-25,104.36607360839844,-0.05484971274471895
2009-05-26,98.6416244506836,0.06644146504547277
2009-05-27,105.19551849365234,0.028229382151547577
2009-05-28,108.16512298583984,0.013487715923469645
2009-05-29,109.6240234375,-0.02377907721259631
2009-06-01,107.01726531982422,0.013493936358444314
2009-06-02,108.46134948730469,-0.01754752977684826
2009-06-03,106.55812072753906,0.019528830756052162
2009-06-04,108.63907623291016,0.028970596734824605
2009-06-05,111.78641510009766,-0.039880579322961185
2009-06-08,107.32830810546875,0.01821565317972995
2009-06-09,109.28336334228516,0.01334949363616511
2009-06-10,110.74224090576172,0.01846077703197757
2009-06-11,112.78662872314453,-0.01046250638141255
2009-06-12,111.60659790039062,-0.010371056499299258
2009-06-15,110.4491195678711,-0.0004762106398332744
2009-06-16,110.39652252197266,-0.01627192405638378
2009-06-17,108.60015869140625,-0.02657631771955904
2009-06-18,105.7139663696289,0.01535737836386053
2009-06-19,107.33745574951172,0.023737830901912726
2009-06-22,109.88541412353516,-0.04623811550187007
2009-06-23,104.80451965332031,-0.011187646038731458
2009-06-24,103.63200378417969,0.015375844403704653
2009-06-25,105.22543334960938,0.08021427906452017
2009-06-26,113.666015625,-0.009852714701788723
2009-06-29,112.54609680175781,-0.03539443270111897
2009-06-30,108.56259155273438,0.010592630135838776
2009-07-01,109.71255493164062,0.005000819179424187
2009-07-02,110.2612075805664,0.029243731575847143
2009-07-03,113.48565673828125,-0.0996756122707464
2009-07-06,102.17390441894531,0.022289122170037423
2009-07-07,104.4512710571289,-0.06008478641278703
2009-07-08,98.17533874511719,-0.027101567465063425
2009-07-09,95.51463317871094,-0.010308568518320627
2009-07-10,94.53001403808594,0.006519890901207859
2009-07-13,95.1463394165039,0.07354449968450849
2009-07-14,102.14382934570312,0.024871386705124454
2009-07-15,104.68428802490234,-0.003661857337478036
2009-07-16,104.30094909667969,0.07062055891718888
2009-07-17,111.66674041748047,0.05640423593725297
2009-07-20,117.96521759033203,-0.01535512659248317
2009-07-21,116.15384674072266,-0.017018339563744433
2009-07-22,114.1771011352539,0.02132836757482459
2009-07-23,116.61231231689453,-0.010570306378135053
2009-07-24,115.37968444824219,-0.012572334964794818
2009-07-27,113.92909240722656,-0.023156163626201876
2009-07-28,111.29093170166016,-0.010265628079556444
2009-07-29,110.1484603881836,0.03336776017308951
2009-07-30,113.82386779785156,0.0017167230082306695
2009-07-31,114.01927185058594,0.020105543531253156
2009-08-03,116.31169128417969,-0.013182635905346296
2009-08-04,114.77839660644531,0.012900291234502204
2009-08-05,116.25907135009766,-0.009374268496589733
2009-08-06,115.16922760009766,-0.03661153508329429
2009-08-07,110.95270538330078,-0.026283603156560087
2009-08-10,108.03646850585938,-0.002226325011532082
2009-08-11,107.79594421386719,-0.009691960453053095
2009-08-12,106.75119018554688,0.06625385253327387
2009-08-13,113.82386779785156,-0.01631027616772618
2009-08-14,111.96736907958984,-0.05356768941931356
2009-08-17,105.96953582763672,0.021419923152790288
2009-08-18,108.23939514160156,-0.004860946740974259
2009-08-19,107.71324920654297,0.004186797019533062
2009-08-20,108.16422271728516,0.03592517362790004
2009-08-21,112.05004119873047,0.03025242766836178
2009-08-24,115.43982696533203,-0.011394012885791782
2009-08-25,114.12450408935547,0.003556165657220056
2009-08-26,114.53034973144531,-0.01489702513808877
2009-08-27,112.82418823242188,0.017387571026742377
2009-08-28,114.78592681884766,-0.01630431350925321
2009-08-31,112.91442108154297,-0.008453762483429772
2009-09-01,111.95986938476562,-0.011681041872859121
2009-09-02,110.65206146240234,-0.0002038144607187098
2009-09-03,110.62950897216797,0.010802575454481378
2009-09-04,111.82459259033203,0.06042454724759838
2009-09-07,118.58154296875,0.0013946078935991313
2009-09-08,118.74691772460938,0.0037339707882015905
2009-09-09,119.19031524658203,0.029890517613907486
2009-09-10,122.75297546386719,0.02271633672639961
2009-09-11,125.54147338867188,-0.012632655953471073
2009-09-14,123.95555114746094,0.024011728368542373
2009-09-15,126.93193817138672,0.02380391246784397
2009-09-16,129.9534149169922,0.007518821711928858
2009-09-17,130.93051147460938,-0.03272119330653045
2009-09-18,126.64630889892578,0.011276109901423359
2009-09-22,128.0743865966797,-0.007981132504825461
2009-09-23,127.05220794677734,0.01804282919334521
2009-09-24,129.34458923339844,-0.0249287254384859
2009-09-25,126.12019348144531,0.032598492053573125
2009-09-29,130.2315216064453,0.047613473834874576
2009-09-30,136.4322967529297,0.020934375114288084
2009-10-01,139.28842163085938,-0.015324800408746064
2009-10-05,137.1538543701172,0.028276862195813157
2009-10-06,141.03213500976562,-0.02110415569852997
2009-10-07,138.05577087402344,0.004954008362196394
2009-10-08,138.7397003173828,-0.02291550842485157
2009-10-09,135.56040954589844,0.020404010001252804
2009-10-12,138.32638549804688,0.0008693534221153598
2009-10-13,138.44664001464844,0.0
2009-10-14,138.44664001464844,0.016232240768704553
2009-10-15,140.69393920898438,0.024734185216058302
2009-10-16,144.17388916015625,-0.015274782030739065
2009-10-20,141.97166442871094,-0.01625277897048183
2009-10-21,139.6642303466797,-0.04057681413869829
2009-10-22,133.99710083007812,0.013798457098075367
2009-10-23,135.84605407714844,-0.014219335542149825
2009-10-26,133.91441345214844,-0.0633105501631398
2009-10-27,125.43621826171875,-0.029959535741238996
2009-10-28,121.67820739746094,-0.0465749169551245
2009-10-29,116.01105499267578,0.02468367171186836
2009-10-30,118.8746337890625,-0.005690149935152378
2009-11-03,118.1982192993164,0.05271513393242411
2009-11-04,124.4290542602539,0.020417047715195702
2009-11-05,126.96952819824219,0.004617131800879193
2009-11-06,127.5557632446289,0.04708029893434351
2009-11-09,133.56112670898438,0.009060486490327646
2009-11-10,134.77125549316406,0.03117498827324816
2009-11-11,138.97274780273438,-0.03450524050041959
2009-11-12,134.17745971679688,0.01831748935060107
2009-11-13,136.63525390625,0.011386641484620874
2009-11-16,138.19107055664062,0.0013597983324664664
2009-11-17,138.3789825439453,-0.016349122072864097
2009-11-18,136.11660766601562,-0.021038080887049615
2009-11-19,133.2529754638672,0.01190158970702293
2009-11-20,134.83889770507812,0.022574908886721756
2009-11-23,137.88287353515625,-0.008612271493661283
2009-11-24,136.6953887939453,-0.008247837883906262
2009-11-25,135.5679473876953,-0.04030589624879333
2009-11-26,130.103759765625,-0.016869153507660828
2009-11-27,127.90901947021484,0.019920024054458807
2009-11-30,130.45697021484375,0.022296642614158202
2009-12-01,133.36572265625,0.007157227431324742
2009-12-02,134.32025146484375,-0.010407696995005655
2009-12-03,132.9222869873047,-0.014475740699180784
2009-12-04,130.99813842773438,-0.012335683220241922
2009-12-07,129.38218688964844,0.013651656154461067
2009-12-08,131.14846801757812,-0.0196573660846735
2009-12-09,128.5704345703125,0.024143626056136736
2009-12-10,131.67459106445312,-0.013071437196402136
2009-12-11,129.9534149169922,-0.01596300976900833
2009-12-14,127.87896728515625,-0.02944643129026825
2009-12-15,124.11338806152344,-0.0036939867062458775
2009-12-16,123.65491485595703,0.0038900653189655188
2009-12-17,124.13594055175781,-0.019920106920727543
2009-12-18,121.66313934326172,0.00191520077187457
2009-12-21,121.89614868164062,0.018251290028047595
2009-12-22,124.12091064453125,0.04468940994700521
2009-12-23,129.6678009033203,0.002666538321368206
2009-12-24,130.01356506347656,0.017689428957150533
2009-12-29,132.3134307861328,-0.000454257513844869
2009-12-30,132.25332641601562,-0.0031824014572382486
2009-12-31,131.8324432373047,0.003078553818151031
2010-01-04,132.23829650878906,0.009491864470575928
2010-01-05,133.4934844970703,0.0076573140774400805
2010-01-06,134.51568603515625,-0.009442784512036617
2010-01-07,133.2454833984375,-0.014045547282892978
2010-01-08,131.3739776611328,-0.005206554216307668
2010-01-11,130.68997192382812,-0.030653371470389934
2010-01-12,126.68388366699219,-0.0024916424315751806
2010-01-13,126.36823272705078,-0.0063639349969151215
2010-01-14,125.56403350830078,0.008559764718877982
2010-01-15,126.63883209228516,0.024808231676918924
2010-01-18,129.780517578125,0.0024906834518163556
2010-01-19,130.103759765625,0.014384599506478635
2010-01-20,131.97525024414062,-0.028760233688243764
2010-01-21,128.1796112060547,-0.014072876949956625
2010-01-22,126.3757553100586,-0.011775971767756466
2010-01-25,124.88755798339844,-0.052359110630644246
2010-01-27,118.34855651855469,0.000952606151732871
2010-01-28,118.46129608154297,0.05367651192999223
2010-01-29,124.81988525390625,0.006563656909932325
2010-02-01,125.63916015625,-0.020100649899537082
2010-02-02,123.11373138427734,0.02496975384716249
2010-02-03,126.18785095214844,-0.012687235930725183
2010-02-04,124.58687591552734,-0.0369809253005432
2010-02-05,119.97953796386719,0.009021072038981615
2010-02-08,121.06188201904297,0.00875350071651293
2010-02-09,122.12159729003906,-0.015509359130495337
2010-02-10,120.22756958007812,0.032820766587208894
2010-02-11,124.17353057861328,-0.010531791834353044
2010-02-15,122.86576080322266,0.01847399269050598
2010-02-16,125.13558197021484,0.010210970510440509
2010-02-17,126.41333770751953,-0.0010702959440105353
2010-02-18,126.27803802490234,-0.007737660268561486
2010-02-19,125.30094146728516,-0.002339156005332632
2010-02-22,125.00784301757812,0.019420046154330572
2010-02-23,127.43550109863281,-0.007785262559460104
2010-02-24,126.4433822631836,0.01242350068215603
2010-02-25,128.01425170898438,0.024130876274294888
2010-02-26,131.1033477783203,0.028664841167743482
2010-03-02,134.8614044189453,0.01248399433509495
2010-03-03,136.54501342773438,-0.010953651593419989
2010-03-04,135.04934692382812,0.00372867628997553
2010-03-05,135.5529022216797,0.02439699243380633
2010-03-08,138.8599853515625,0.0015154398830459215
2010-03-09,139.07041931152344,-0.00794448700966055
2010-03-10,137.965576171875,0.014218878017791425
2010-03-11,139.9272918701172,0.0062307837005979305
2010-03-12,140.7991485595703,-0.013772549250803068
2010-03-15,138.8599853515625,0.007307209146747207
2010-03-16,139.87466430664062,0.019398208278416096
2010-03-17,142.58798217773438,0.015919062102512926
2010-03-18,144.85784912109375,-0.007367852458401658
2010-03-19,143.79055786132812,-0.02226762192817111
2010-03-22,140.58868408203125,-0.010425218318098617
2010-03-23,139.12301635742188,0.009022473761089334
2010-03-25,140.3782501220703,0.014616902118506747
2010-03-26,142.43014526367188,0.0053826199323741
2010-03-29,143.19679260253906,0.007558171440384065
2010-03-30,144.2790985107422,-0.007605646464085569
2010-03-31,143.1817626953125,0.00015729637792061268
2010-04-01,143.20428466796875,0.03432528122428091
2010-04-05,148.11981201171875,0.012635080425005052
2010-04-06,149.99131774902344,-0.010472814842900191
2010-04-07,148.4204864501953,-0.026586620485386625
2010-04-08,144.4744873046875,0.01789638667213045
2010-04-09,147.06005859375,-0.013952873540319821
2010-04-12,145.00814819335938,-0.023272554853316585
2010-04-13,141.63343811035156,-0.02568441220505424
2010-04-15,137.99566650390625,0.004847360876386153
2010-04-16,138.66458129882812,-0.0028731704858596663
2010-04-19,138.26617431640625,0.01435129536103208
2010-04-20,140.25047302246094,0.020257184526280225
2010-04-21,143.091552734375,-0.00845681134544607
2010-04-22,141.88145446777344,0.03586391682905221
2010-04-23,146.96987915039062,-0.017950505294016095
2010-04-26,144.33169555664062,-0.01374776110850684
2010-04-27,142.3474578857422,-0.029040668641679868
2010-04-28,138.21359252929688,0.030018107818024387
2010-04-29,142.3625030517578,0.005173706083118734
2010-04-30,143.0990447998047,-0.01580942658239548
2010-05-03,140.83673095703125,-0.023161632940680854
2010-05-04,137.57472229003906,-0.012620094925775538
2010-05-05,135.83851623535156,-0.0008852755458047534
2010-05-06,135.71826171875,-0.029074481653241002
2010-05-07,131.77232360839844,0.05190502222658133
2010-05-10,138.61196899414062,-0.005964834720633028
2010-05-11,137.78517150878906,-0.002018297234883004
2010-05-12,137.507080078125,0.013391644428820237
2010-05-13,139.34852600097656,-0.017206314478920848
2010-05-14,136.9508514404297,-0.010921080295493879
2010-05-17,135.4552001953125,-0.013206315690817538
2010-05-18,133.6663360595703,-0.07281827981575706
2010-05-19,123.9329833984375,0.008733485741077018
2010-05-20,125.01535034179688,0.003787498751984364
2010-05-21,125.48884582519531,-0.003234299651132422
2010-05-24,125.08297729492188,-0.02734055445128103
2010-05-25,121.66313934326172,0.04744544474629153
2010-05-26,127.43550109863281,0.010675422819520053
2010-05-27,128.79592895507812,0.009278655857226203
2010-05-28,129.99098205566406,0.004105133776628023
2010-05-31,130.5246124267578,-0.03495304744728844
2010-06-01,125.9623794555664,0.005191173109908576
2010-06-02,126.61627197265625,0.014009407654251849
2010-06-03,128.3900909423828,0.013757026388689697
2010-06-04,130.15635681152344,-0.02760310844395264
2010-06-07,126.56363677978516,-0.02903951299144991
2010-06-08,122.88829040527344,0.008623527321360402
2010-06-09,123.9480209350586,0.020306454804733365
2010-06-10,126.4649658203125,0.020445322929224963
2010-06-11,129.0505828857422,0.009042432248267396
2010-06-14,130.21751403808594,0.007555951621379897
2010-06-15,131.20143127441406,0.01935809812434086
2010-06-16,133.74124145507812,0.008098013135625859
2010-06-17,134.82427978515625,-0.016462038035076176
2010-06-18,132.60479736328125,0.03508566015694581
2010-06-21,137.25732421875,-0.009113096445075297
2010-06-22,136.00648498535156,0.009869721958852384
2010-06-23,137.3488311767578,-0.016325876737930844
2010-06-24,135.1064910888672,-0.03291166059939654
2010-06-25,130.659912109375,0.01587762970796902
2010-06-28,132.73448181152344,-0.025110798657345446
2010-06-29,129.4014129638672,0.01579621178166124
2010-06-30,131.44546508789062,-0.023500158455425302
2010-07-01,128.35647583007812,-0.0016634628987026723
2010-07-02,128.14295959472656,0.0006544433260533555
2010-07-05,128.22682189941406,0.02165140531777765
2010-07-06,131.00311279296875,-0.014671734172585604
2010-07-07,129.08106994628906,0.01902639850288268
2010-07-08,131.53701782226562,0.015771871639515878
2010-07-09,133.61160278320312,0.020036384940334884
2010-07-12,136.2886962890625,0.006715655584485836
2010-07-13,137.20396423339844,-0.009116863043758028
2010-07-14,135.95309448242188,-0.010547012050296845
2010-07-15,134.51919555664062,0.02330336836493352
2010-07-16,137.65394592285156,-0.0026045058527667253
2010-07-19,137.29542541503906,-0.014665596330122321
2010-07-20,135.2819061279297,0.01775941014016169
2010-07-21,137.68443298339844,0.006758512723800125
2010-07-22,138.61497497558594,0.004566904708148911
2010-07-23,139.24801635742188,0.004217512671276236
2010-07-26,139.83529663085938,0.008181578713622573
2010-07-27,140.9793701171875,-0.016609078857704906
2010-07-28,138.63783264160156,0.021840748977879576
2010-07-29,141.66578674316406,-0.02562716974596324
2010-07-30,138.03529357910156,0.03829153659940476
2010-08-02,143.3208770751953,0.023894465869527926
2010-08-03,146.74545288085938,0.007536255694278182
2010-08-04,147.8513641357422,-0.014289463524090329
2010-08-05,145.7386474609375,-0.005861401920275844
2010-08-06,144.88441467285156,0.03190156653742515
2010-08-09,149.50645446777344,0.008978516654580826
2010-08-10,150.8488006591797,-0.01724089970622167
2010-08-11,148.24803161621094,-0.008797928029640634
2010-08-12,146.94375610351562,0.013599019574654703
2010-08-13,148.94204711914062,-0.019766283723519518
2010-08-16,145.99801635742188,0.0018807235607056771
2010-08-17,146.27259826660156,0.009385548127339494
2010-08-18,147.64544677734375,0.04659608445227681
2010-08-19,154.525146484375,-0.018756566630064753
2010-08-20,151.6267852783203,0.017605491710637855
2010-08-23,154.29624938964844,-0.009688429314240743
2010-08-24,152.80136108398438,-0.01737059853265277
2010-08-25,150.14710998535156,-0.0007618870693729685
2010-08-26,150.03271484375,-0.02653657079998828
2010-08-27,146.05136108398438,0.010914555547638649
2010-08-30,147.64544677734375,0.010125162100567131
2010-08-31,149.140380859375,0.01769448204963675
2010-09-01,151.7793426513672,0.008944596522513226
2010-09-02,153.13694763183594,-0.002888406646364361
2010-09-03,152.6946258544922,0.03841133127377394
2010-09-06,158.55982971191406,-0.0008176972118324466
2010-09-07,158.43017578125,-0.0105911847194613
2010-09-08,156.75221252441406,0.021992982905627567
2010-09-09,160.1996612548828,0.04551519714787666
2010-09-13,167.49118041992188,0.001958056254055096
2010-09-14,167.8191375732422,0.0034086502376071692
2010-09-15,168.39117431640625,-0.00031724358906981553
2010-09-16,168.33775329589844,0.00965076449511404
2010-09-17,169.96234130859375,0.012161166360166398
2010-09-20,172.02928161621094,-0.0005320153402782468
2010-09-21,171.93775939941406,-0.0009314780567074576
2010-09-22,171.77760314941406,-0.022955391003264713
2010-09-23,167.83438110351562,0.012588104182906568
2010-09-24,169.9470977783203,0.0008974960882692784
2010-09-27,170.09962463378906,-0.003945854412890082
2010-09-28,169.42843627929688,-0.007877941529560228
2010-09-29,168.09368896484375,0.009982400445598838
2010-09-30,169.77166748046875,0.019991990045798325
2010-10-01,173.16574096679688,0.018454803636398953
2010-10-04,176.36148071289062,-0.007308600966981715
2010-10-05,175.07252502441406,0.0012633401353530083
2010-10-06,175.293701171875,-0.01005070661264651
2010-10-07,173.53187561035156,-0.010021380363391397
2010-10-08,171.7928466796875,0.005682936517241499
2010-10-11,172.76913452148438,0.005385866388615046
2010-10-12,173.69964599609375,0.017563894662311785
2010-10-13,176.75048828125,-0.016397778913490924
2010-10-14,173.8521728515625,-0.013205248290791283
2010-10-15,171.55641174316406,-0.00755786582746909
2010-10-18,170.2598114013672,0.0030461150941998305
2010-10-19,170.7784423828125,-0.0050466684822271235
2010-10-20,169.9165802001953,0.014094638186013864
2010-10-21,172.31149291992188,0.0019920114099438724
2010-10-22,172.6547393798828,0.009055774225965818
2010-10-25,174.21826171875,-0.009587681019285421
2010-10-26,172.54791259765625,-0.021570997780352097
2010-10-27,168.8258819580078,-0.015992609660026136
2010-10-28,166.12591552734375,0.06790332672375365
2010-10-29,177.4064178466797,0.05932934113401389
2010-11-01,187.93182373046875,-0.0005277559007169641
2010-11-02,187.8326416015625,0.0059286097255843995
2010-11-03,188.94622802734375,0.02212071925690351
2010-11-04,193.1258544921875,-0.008490841527678317
2010-11-08,191.48605346679688,0.011033186896725944
2010-11-09,193.5987548828125,-0.010991837125881365
2010-11-10,191.4707489013672,-0.014419806080970599
2010-11-11,188.70977783203125,-0.029625744828047917
2010-11-12,183.11911010742188,0.018951171471058847
2010-11-15,186.5894317626953,-0.01708631394733129
2010-11-16,183.40130615234375,-0.03152281963108272
2010-11-18,177.61997985839844,-0.013483523864905145
2010-11-19,175.22503662109375,0.027291913614154728
2010-11-22,180.00726318359375,-0.019575558305040763
2010-11-23,176.4835205078125,-0.027529425842450217
2010-11-24,171.62503051757812,-0.007865754331272679
2010-11-25,170.2750701904297,0.007077243448804893
2010-11-26,171.4801483154297,0.026820315100662295
2010-11-29,176.0792999267578,-0.010569318533081073
2010-11-30,174.21826171875,0.022195795111533467
2010-12-01,178.08517456054688,0.020300762831602093
2010-12-02,181.700439453125,-0.008143319740139376
2010-12-03,180.22079467773438,-0.02560403693183022
2010-12-06,175.60641479492188,-0.03535443499272106
2010-12-07,169.39794921875,-0.005493140487768278
2010-12-08,168.46742248535156,-0.041742080945912696
2010-12-09,161.43524169921875,0.05556086965562734
2010-12-10,170.40472412109375,0.002954159355366359
2010-12-13,170.9081268310547,-0.0008034365908718977
2010-12-14,170.77081298828125,-0.0364446270411225
2010-12-15,164.54713439941406,0.0250764088707085
2010-12-16,168.6733856201172,-0.005155063980780472
2010-12-20,167.80386352539062,0.03481688146994588
2010-12-21,173.64627075195312,-0.005798288623930836
2010-12-22,172.63941955566406,-0.001855296096542225
2010-12-23,172.31912231445312,-0.010180016020393312
2010-12-24,170.56491088867188,0.0066179155712997595
2010-12-27,171.69369506835938,-0.012171930653411156
2010-12-28,169.60385131835938,0.015829464592406195
2010-12-29,172.28858947753906,0.006551971662649425
2010-12-30,173.41741943359375,0.007256875532112295
2010-12-31,174.67588806152344,-0.00021838716882782716
2011-01-03,174.6377410888672,-0.035637649399622995
2011-01-04,168.4140625,-0.03142975599573228
2011-01-05,163.120849609375,-0.014869010077184108
2011-01-06,160.69540405273438,-0.004034436663009622
2011-01-07,160.04708862304688,-0.03354916260568608
2011-01-10,154.67764282226562,0.008826418665804248
2011-01-11,156.0428924560547,0.045456834532725754
2011-01-12,163.1361083984375,-0.04062859404778918
2011-01-13,156.50811767578125,-0.016374122592014984
2011-01-14,153.9454345703125,-0.007976633487191132
2011-01-17,152.71746826171875,0.010288063376580503
2011-01-18,154.28863525390625,0.011666564472390784
2011-01-19,156.08865356445312,0.026679796109772003
2011-01-20,160.25306701660156,0.014278144547717586
2011-01-21,162.5411834716797,0.017221071244808206
2011-01-24,165.34031677246094,-0.042439267893304544
2011-01-25,158.32339477539062,-0.022690022881910132
2011-01-27,154.7310333251953,0.004042028497148964
2011-01-28,155.35646057128906,0.0030927842139438777
2011-01-31,155.83694458007812,-0.026233020298778165
2011-02-01,151.74887084960938,0.016686452125658224
2011-02-02,154.28102111816406,0.015424053163690443
2011-02-03,156.66065979003906,-0.030184827708192308
2011-02-04,151.931884765625,-0.017319359389889044
2011-02-07,149.30052185058594,-0.0277903173765931
2011-02-08,145.1514129638672,0.005779886830610481
2011-02-09,145.99037170410156,0.0029255954325133615
2011-02-10,146.41748046875,0.04240238458896228
2011-02-11,152.6259307861328,0.033681703151404285
2011-02-14,157.76663208007812,0.01928913822222067
2011-02-15,160.809814453125,-0.0034147047794290675
2011-02-16,160.2606964111328,0.0060916827773807025
2011-02-17,161.23695373535156,-0.029139216368209042
2011-02-18,156.53863525390625,0.011157904012470743
2011-02-21,158.2852783203125,-0.010167270391224337
2011-02-22,156.6759490966797,-0.020445825661782324
2011-02-23,153.4725799560547,-0.05441828820680572
2011-02-24,145.12086486816406,0.03668490904030541
2011-02-25,150.44461059570312,-0.015614930435888574
2011-02-28,148.09542846679688,0.05701193395718063
2011-03-01,156.53863525390625,-0.00648021681822919
2011-03-03,155.52423095703125,-0.0031386019985800706
2011-03-04,155.03610229492188,-0.006100322761422139
2011-03-07,154.09033203125,0.010345236661733814
2011-03-08,155.68443298339844,0.014354202981789133
2011-03-09,157.91915893554688,-0.019995284746250785
2011-03-10,154.7615203857422,-0.007539992059118594
2011-03-11,153.59461975097656,0.012116161203229447
2011-03-14,155.45559692382812,-0.022078363649248756
2011-03-15,152.0233917236328,0.03095541957471659
2011-03-16,156.72933959960938,-0.015183109161017172
2011-03-17,154.34970092773438,-0.009191374551157372
2011-03-18,152.93101501464844,0.0010474446113024616
2011-03-21,153.09120178222656,0.0005479924469138364
2011-03-22,153.1750946044922,0.03659805968690688
2011-03-23,158.781005859375,0.01172069001040943
2011-03-24,160.64202880859375,0.036083958754676626
2011-03-25,166.43862915039062,0.008890032217542698
2011-03-28,167.91827392578125,-0.0011809508162518023
2011-03-29,167.719970703125,0.008731227646761708
2011-03-30,169.1843719482422,0.00640152702998753
2011-03-31,170.2674102783203,-0.011915156365311375
2011-04-01,168.2386474609375,0.014779123080573386
2011-04-04,170.72506713867188,-0.0071033668262392435
2011-04-05,169.51234436035156,-0.009673727835972534
2011-04-06,167.87252807617188,0.003180055725963582
2011-04-07,168.4063720703125,-0.005162875067502237
2011-04-08,167.5369110107422,0.0020942286304934665
2011-04-11,167.8877716064453,0.023850979028497754
2011-04-13,171.89205932617188,-0.02231898502971741
2011-04-15,168.05560302734375,-0.015975478522551767
2011-04-18,165.37083435058594,0.005488412116803287
2011-04-19,166.27845764160156,0.02045777709462726
2011-04-20,169.68014526367188,0.005528698423169942
2011-04-21,170.61825561523438,-0.00522991354218405
2011-04-25,169.72593688964844,0.007908904295982788
2011-04-26,171.0682830810547,-0.013018757875543518
2011-04-27,168.8411865234375,0.009621898467769618
2011-04-28,170.46575927734375,-0.0027293207696199584
2011-04-29,170.00050354003906,-0.014491677836216743
2011-05-02,167.5369110107422,-0.02777006910663038
2011-05-03,162.8843994140625,-0.009505477952169938
2011-05-04,161.3361053466797,-0.026142869181240425
2011-05-05,157.11831665039062,0.0522329717295662
2011-05-06,165.3250732421875,-0.0007382730962540718
2011-05-09,165.20301818847656,-0.006278526002044038
2011-05-10,164.16578674316406,0.00046445834091235483
2011-05-11,164.24203491210938,-0.02280131322067014
2011-05-12,160.49710083007812,0.019864259923953798
2011-05-13,163.6852569580078,-0.014258697710518686
2011-05-16,161.351318359375,-0.017017075329666564
2011-05-17,158.6055908203125,-0.007213323820496775
2011-05-18,157.46151733398438,-0.002082776534057529
2011-05-19,157.13356018066406,0.012717343964621985
2011-05-20,159.1318817138672,-0.034796685009023554
2011-05-23,153.59461975097656,0.011818326229038778
2011-05-24,155.40985107421875,-0.0098644665555222
2011-05-25,153.87681579589844,0.017348059209055133
2011-05-26,156.54627990722656,0.040828148422078936
2011-05-27,162.93777465820312,0.008940663720502062
2011-05-30,164.39454650878906,0.007794585382022046
2011-05-31,165.67593383789062,-0.0012889425034938728
2011-06-01,165.46238708496094,-0.020360589512311345
2011-06-02,162.09347534179688,-0.0014303925516790938
2011-06-03,161.8616180419922,0.010168307870377591
2011-06-06,163.50747680664062,-0.0017959753354587216
2011-06-07,163.2138214111328,-0.006722273636288745
2011-06-08,162.1166534423828,-0.0010009904487533472
2011-06-09,161.95437622070312,-0.011545583587922237
2011-06-10,160.0845184326172,0.003571626354372359
2011-06-13,160.65628051757812,0.015342437910601081
2011-06-14,163.1211395263672,-0.023115987220946987
2011-06-15,159.35043334960938,-0.0025699044066037624
2011-06-16,158.94091796875,0.0035974206708835332
2011-06-17,159.5126953125,-0.007120647908363531
2011-06-20,158.37686157226562,-0.010586753397551663
2011-06-21,156.70016479492188,0.004832171998213841
2011-06-22,157.45736694335938,0.011090571042547515
2011-06-23,159.2036590576172,0.03290608747474866
2011-06-24,164.4424285888672,0.014378162029726749
2011-06-27,166.8068084716797,0.003613203290092404
2011-06-28,167.40951538085938,0.00364640632192037
2011-06-29,168.01995849609375,0.006805973760179995
2011-06-30,169.1634979248047,0.00018265789151095113
2011-07-01,169.19439697265625,0.004475518572509163
2011-07-04,169.95162963867188,-0.0022275194268245313
2011-07-05,169.57305908203125,-0.019912643951214504
2011-07-06,166.1964111328125,0.01338955519761198
2011-07-07,168.4217071533203,-0.02720543302331968
2011-07-08,163.8397216796875,-0.005847877512246913
2011-07-11,162.88160705566406,-0.006973463852399608
2011-07-12,161.74575805664062,0.007022434545861156
2011-07-13,162.88160705566406,0.014279024177840993
2011-07-14,165.2073974609375,-0.00785764741436068
2011-07-15,163.9092559814453,-0.012303717097359446
2011-07-18,161.89256286621094,0.013554743915313638
2011-07-19,164.08697509765625,-0.015492573466532655
2011-07-20,161.5448455810547,-0.004161139842880912
2011-07-21,160.8726348876953,0.02598438065099251
2011-07-22,165.0528106689453,0.006366980709169745
2011-07-25,166.10369873046875,-0.032841951861567575
2011-07-26,160.64852905273438,-0.014092639411899088
2011-07-27,158.3845672607422,-0.007268862457226244
2011-07-28,157.23329162597656,0.018968811602686708
2011-07-29,160.2158203125,0.008295218699142293
2011-08-01,161.5448455810547,-0.02262387193051707
2011-08-02,157.89007568359375,-0.019330592828169624
2011-08-03,154.8379669189453,-0.008782985221623463
2011-08-04,153.47802734375,-0.026833762562714192
2011-08-05,149.35963439941406,-0.0161404792779396
2011-08-08,146.9488983154297,-0.011305295093901657
2011-08-09,145.28759765625,0.025049235588088026
2011-08-10,148.92694091796875,-0.02194665287442432
2011-08-11,145.6584930419922,-0.002758468972200001
2011-08-12,145.25669860839844,-0.0046280583006977905
2011-08-16,144.58444213867188,-0.027575788724715555
2011-08-17,140.597412109375,-0.050560591748033956
2011-08-18,133.4887237548828,-0.036640418951439435
2011-08-19,128.59764099121094,0.022652360795109017
2011-08-22,131.51068115234375,0.001351250376507629
2011-08-23,131.68838500976562,-0.01167637853940695
2011-08-24,130.15074157714844,-0.009914463338608681
2011-08-25,128.86036682128906,-0.01631007864660161
2011-08-26,126.7586441040039,0.0460835165216138
2011-08-29,132.60012817382812,0.01771444734353489
2011-08-30,134.94906616210938,0.01591787085106744
2011-09-02,137.09716796875,-0.004452408512153894
2011-09-05,136.48675537109375,0.006850016478855414
2011-09-06,137.42169189453125,0.009108636532613401
2011-09-07,138.6734161376953,0.024071035302094534
2011-09-08,142.0114288330078,-0.024103723049049508
2011-09-09,138.5884246826172,-0.03841418212610559
2011-09-12,133.26466369628906,-0.011538268209804525
2011-09-13,131.72702026367188,0.013667425704245062
2011-09-14,133.5273895263672,0.014061489562557927
2011-09-15,135.4049835205078,0.00878790511636307
2011-09-16,136.59490966796875,-0.027604691928537095
2011-09-19,132.82424926757812,0.026585079215188934
2011-09-20,136.3553924560547,0.021363250343798823
2011-09-21,139.2683868408203,-0.04310901620044849
2011-09-22,133.26466369628906,-0.021569145394591205
2011-09-23,130.3902587890625,0.016948117177530975
2011-09-26,132.60012817382812,0.032632373319377184
2011-09-27,136.92718505859375,-0.019524920712396088
2011-09-28,134.25369262695312,0.025266154834090004
2011-09-29,137.64576721191406,-0.01717739084530967
2011-09-30,135.2813720703125,-0.041466872701843016
2011-10-03,129.6716766357422,-0.04546541411361493
2011-10-04,123.7761001586914,-0.0270926622180393
2011-10-05,120.42267608642578,0.05800434755586359
2011-10-07,127.40771484375,0.022075040911198718
2011-10-10,130.22024536132812,-0.012045069939304764
2011-10-11,128.6517333984375,0.032672701308929186
2011-10-12,132.85513305664062,0.023438478043697808
2011-10-13,135.96905517578125,0.011990526624342301
2011-10-14,137.59939575195312,0.009490099153732334
2011-10-17,138.9052276611328,-0.024865177908697467
2011-10-18,135.45132446289062,0.031546238128507875
2011-10-19,139.72430419921875,-0.028866966066948718
2011-10-20,135.69088745117188,-0.008541784788720697
2011-10-21,134.53184509277344,-0.002412132731610117
2011-10-24,134.20733642578125,0.011457223379643944
2011-10-25,135.74497985839844,0.06255694155572122
2011-10-28,144.2367706298828,-0.002357104070043081
2011-10-31,143.89678955078125,-0.038822979252249645
2011-11-01,138.31028747558594,-0.011173390827733831
2011-11-02,136.764892578125,-0.007852929993270141
2011-11-03,135.69088745117188,0.007117797890794586
2011-11-04,136.65670776367188,-0.003392276003820527
2011-11-08,136.19313049316406,-0.021729297893362975
2011-11-09,133.23374938964844,-0.04772935841019876
2011-11-11,126.87458801269531,0.0
2011-11-14,126.87458801269531,-0.03794174112278348
2011-11-15,122.06074523925781,-0.0012659742207296043
2011-11-16,121.90621948242188,-0.013500648246405178
2011-11-17,120.26040649414062,-0.01040870222572532
2011-11-18,119.00865173339844,-0.04999351869149116
2011-11-21,113.05899047851562,0.01893106814906509
2011-11-22,115.1993179321289,-0.02515251428781462
2011-11-23,112.30176544189453,0.0046785864061544835
2011-11-24,112.82717895507812,-0.016298966141492288
2011-11-25,110.98821258544922,0.04406821348103218
2011-11-28,115.87926483154297,-0.021204097013489243
2011-11-29,113.42214965820312,-0.02929350804777575
2011-11-30,110.09961700439453,0.06975931012848258
2011-12-01,117.78009033203125,0.033523642683948696
2011-12-02,121.72850799560547,-0.010346658791281715
2011-12-05,120.46902465820312,-0.01500862944895398
2011-12-07,118.66094970703125,-0.03067003627823295
2011-12-08,115.02161407470703,-0.01766768397132601
2011-12-09,112.98944854736328,-0.03289339126722779
2011-12-12,109.27284240722656,-0.0009192458637078404
2011-12-13,109.17239379882812,-0.002901929662675884
2011-12-14,108.85558319091797,-0.008233926755541576
2011-12-15,107.95927429199219,-0.03235037671625429
2011-12-16,104.46675109863281,-0.02781072729006906
2011-12-19,101.56145477294922,-0.005781910465875395
2011-12-20,100.97423553466797,0.0749158191281456
2011-12-21,108.53880310058594,0.03673375368803833
2011-12-22,112.52584075927734,-0.008789484999885078
2011-12-23,111.53679656982422,0.010876474612313558
2011-12-26,112.74992370605469,-0.004797149994607008
2011-12-27,112.20904541015625,-0.03959513346420562
2011-12-28,107.76611328125,-0.01634775492172813
2011-12-29,106.00437927246094,-0.0018950345201446117
2011-12-30,105.80349731445312,0.017381176468552306
2012-01-02,107.64248657226562,0.04199273707491069
2012-01-03,112.16268920898438,0.02383564055312326
2012-01-04,114.8361587524414,0.006728628227644418
2012-01-05,115.60884857177734,0.004812156047716565
2012-01-06,116.16517639160156,-0.0051883613308338905
2012-01-09,115.56246948242188,0.035704816609277934
2012-01-10,119.68860626220703,0.007295147670247415
2012-01-11,120.56175231933594,0.0016022381594542612
2012-01-12,120.75492095947266,0.010301884892260027
2012-01-13,121.9989242553711,0.0027236553276812625
2012-01-16,122.33120727539062,-0.007642977546239327
2012-01-17,121.39623260498047,-0.020240582260277695
2012-01-18,118.93910217285156,0.03579530591768121
2012-01-19,123.19656372070312,0.05676155371503655
2012-01-20,130.18939208984375,0.01697403169117262
2012-01-23,132.39923095703125,0.03653348724362426
2012-01-24,137.23623657226562,-0.009008536216823959
2012-01-25,135.99993896484375,0.00897699646758876
2012-01-27,137.22080993652344,-0.040261192631567355
2012-01-30,131.69613647460938,0.05861284848585968
2012-01-31,139.41522216796875,-0.013578730038232512
2012-02-01,137.5221405029297,0.013990334253484393
2012-02-02,139.4461212158203,0.015459459897156469
2012-02-03,141.6018829345703,0.0128235701190762
2012-02-06,143.417724609375,0.010452042680176188
2012-02-07,144.91673278808594,-0.018448683583891512
2012-02-08,142.2432098388672,0.021022519615050417
2012-02-09,145.2335205078125,-0.009948913766134604
2012-02-10,143.78860473632812,0.00451369102005339
2012-02-13,144.4376220703125,0.009683004108235638
2012-02-14,145.83621215820312,0.03968413569960916
2012-02-15,151.62359619140625,-0.01258724636210995
2012-02-16,149.71507263183594,0.013212352932363558
2012-02-17,151.6931610107422,0.009881844169657539
2012-02-21,153.19216918945312,-0.033894969143199116
2012-02-22,147.99972534179688,-0.014357309952976016
2012-02-23,145.87484741210938,-0.01303026112614003
2012-02-24,143.97406005859375,-0.047442823282833224
2012-02-27,137.14352416992188,0.02631122189785806
2012-02-28,140.75193786621094,-0.004940527316975918
2012-02-29,140.05654907226562,-0.025157249149284633
2012-03-01,136.53311157226562,0.02173173977076459
2012-03-02,139.50021362304688,-0.035836879310054415
2012-03-05,134.50096130371094,-0.01964716713246295
2012-03-06,131.8583984375,0.008086469527413875
2012-03-07,132.92466735839844,0.06283812924080312
2012-03-09,141.27740478515625,0.01613413292239252
2012-03-12,143.55679321289062,0.0009686294992696798
2012-03-13,143.6958465576172,0.025864448128227746
2012-03-14,147.41246032714844,-0.02484539878227765
2012-03-15,143.74993896484375,-0.013437718001748422
2012-03-16,141.81826782226562,-0.010679130924849733
2012-03-19,140.30377197265625,0.0007710755949896786
2012-03-20,140.41195678710938,0.028010208173450346
2012-03-21,144.3449249267578,-0.03682883413150129
2012-03-22,139.02886962890625,0.012115926033727353
2012-03-23,140.7133331298828,-0.041787987124841
2012-03-26,134.8332061767578,0.0061891517489700565
2012-03-27,135.66770935058594,-0.021129961256845187
2012-03-28,132.80105590820312,-0.0041892396518541375
2012-03-29,132.24472045898438,0.040256773268995794
2012-03-30,137.56846618652344,0.0002809547403319623
2012-04-02,137.60711669921875,0.019933867215481627
2012-04-03,140.35015869140625,-0.019764539810228077
2012-04-04,137.57620239257812,-0.026059998265343443
2012-04-09,133.990966796875,-0.0037483350855551656
2012-04-10,133.4887237548828,0.0010421433059639718
2012-04-11,133.62783813476562,0.016942177354690946
2012-04-12,135.89178466796875,-0.01631913300584653
2012-04-13,133.6741485595703,0.009942504219808246
2012-04-16,135.00320434570312,0.013564402429141476
2012-04-17,136.83444213867188,-0.004743307616255965
2012-04-18,136.18539428710938,-0.0038581313754573188
2012-04-19,135.65997314453125,-0.01913782763211347
2012-04-20,133.06373596191406,-0.01991740119362906
2012-04-23,130.4134521484375,0.0046212747356431105
2012-04-24,131.01612854003906,-0.011087464840682348
2012-04-25,129.56349182128906,0.0036378205675537956
2012-04-26,130.03482055664062,0.023055606208992607
2012-04-27,133.03285217285156,0.024975336760322264
2012-04-30,136.3553924560547,-0.00034007793256785046
2012-05-02,136.30902099609375,-0.027776210581085148
2012-05-03,132.5228729248047,-0.028219742524455027
2012-05-04,128.78311157226562,0.017879413691819668
2012-05-07,131.08567810058594,-0.021337982320918658
2012-05-08,128.28857421875,-0.00987776419205666
2012-05-09,127.02136993408203,-0.009489610302634843
2012-05-10,125.81598663330078,-0.0011669428686140737
2012-05-11,125.6691665649414,-0.015371082624152765
2012-05-14,123.73749542236328,0.02016953333784266
2012-05-15,126.23322296142578,-0.027483552918862397
2012-05-16,122.76388549804688,-0.008748542966002915
2012-05-17,121.68988037109375,0.022540873632676206
2012-05-18,124.43287658691406,0.0073273726144973406
2012-05-21,125.34464263916016,-0.012698874130791626
2012-05-22,123.7529067993164,-0.009365532259374088
2012-05-23,122.5938949584961,0.03441320779927248
2012-05-24,126.812744140625,-0.007311811137315272
2012-05-25,125.88551330566406,0.024306327017116214
2012-05-28,128.94532775878906,0.005153504009970389
2012-05-29,129.60984802246094,-0.02557507195279174
2012-05-30,126.2950668334961,-0.021854749864184786
2012-05-31,123.53491973876953,-0.00197882048810738
2012-06-01,123.29046630859375,0.0091467610499254
2012-06-04,124.41817474365234,0.004056417630917464
2012-06-05,124.92286682128906,0.020642559587245257
2012-06-06,127.50159454345703,0.026781592433985146
2012-06-07,130.91629028320312,-0.0010844164093741782
2012-06-08,130.77432250976562,-0.002894721919307175
2012-06-11,130.39576721191406,0.014877685250813455
2012-06-12,132.33575439453125,0.012275913216052592
2012-06-13,133.96029663085938,-0.035909674000725755
2012-06-14,129.1498260498047,0.03278960458593683
2012-06-15,133.3845977783203,-0.03446836827530486
2012-06-18,128.78704833984375,0.012552800956566301
2012-06-19,130.4036865234375,0.007498593516414909
2012-06-20,131.38153076171875,0.01998822329743022
2012-06-21,134.0076141357422,0.002412801259985553
2012-06-22,134.33094787597656,-0.005635818337520471
2012-06-25,133.57388305664062,-0.0033062985198136774
2012-06-26,133.1322479248047,0.009951569950790606
2012-06-27,134.45712280273438,0.0052200565107034524
2012-06-28,135.15899658203125,0.0496526217630151
2012-06-29,141.8699951171875,-0.005669855162497961
2012-07-02,141.06561279296875,0.008050189099345406
2012-07-03,142.2012176513672,0.001330894094073054
2012-07-04,142.39047241210938,0.01999324453352669
2012-07-05,145.23731994628906,0.015474866081273353
2012-07-06,147.48484802246094,-0.00545368936969759
2012-07-09,146.68051147460938,0.01387080257330453
2012-07-10,148.715087890625,-0.006734527700665072
2012-07-11,147.71356201171875,-0.009289549071355041
2012-07-12,146.34136962890625,-0.0019397061381173364
2012-07-13,146.05751037597656,-0.006425286185524959
2012-07-16,145.11904907226562,0.003043260927213076
2012-07-17,145.56068420410156,0.01766147262975437
2012-07-18,148.13150024414062,0.012404168708808339
2012-07-19,149.9689483642578,-0.016511291552562368
2012-07-20,147.49276733398438,-0.02368611245544472
2012-07-23,143.99923706054688,0.0036690164619894716
2012-07-24,144.52757263183594,0.0017463493317344536
2012-07-25,144.77996826171875,-0.012201237313322677
2012-07-26,143.0134735107422,0.02371099119330733
2012-07-27,146.4044647216797,0.03905203286417813
2012-07-30,152.12185668945312,-0.0032139159420703223
2012-07-31,151.63294982910156,-0.001872418154536537
2012-08-01,151.34902954101562,-0.0007294221786685595
2012-08-02,151.23863220214844,-0.01976234856720549
2012-08-03,148.2498016357422,0.014947663570063163
2012-08-06,150.46578979492188,0.021278731835123743
2012-08-07,153.66751098632812,-0.01647324520090554
2012-08-08,151.1361083984375,-0.005844204095445726
2012-08-09,150.25283813476562,0.0022044344605498534
2012-08-10,150.5840606689453,-0.006074775777948793
2012-08-13,149.66929626464844,0.021971658503697755
2012-08-14,152.95777893066406,-0.013817305469810637
2012-08-16,150.8443145751953,0.006012098445304925
2012-08-17,151.75120544433594,0.013563372037895371
2012-08-21,153.80946350097656,-0.0013843175688391662
2012-08-22,153.59654235839844,0.0
2012-08-23,153.59654235839844,-0.02002363774739835
2012-08-24,150.52098083496094,-0.02001359819709847
2012-08-27,147.50851440429688,-0.013793045662626624
2012-08-28,145.4739227294922,-0.0064509571702888735
2012-08-29,144.5354766845703,0.003873830970103631
2012-08-30,145.0953826904297,-0.019348676108066787
2012-08-31,142.28797912597656,0.0007203228745140677
2012-09-03,142.39047241210938,0.010910549865394303
2012-09-04,143.94403076171875,-0.03615862844776008
2012-09-05,138.7392120361328,0.01909867050693803
2012-09-06,141.38894653320312,0.04618216619652826
2012-09-07,147.91859436035156,-0.0037852307093682036
2012-09-10,147.3586883544922,0.012308617554452894
2012-09-11,149.17247009277344,0.0034891998060180285
2012-09-12,149.69296264648438,0.010905093617122885
2012-09-13,151.32537841796875,0.05060187995474563
2012-09-14,158.98272705078125,0.05223209469692747
2012-09-17,167.28672790527344,-0.010936667535322186
2012-09-18,165.45716857910156,-0.025260893699310727
2012-09-20,161.27757263183594,0.04200260618135965
2012-09-21,168.05165100097656,0.005114935551884692
2012-09-24,168.91122436523438,-0.0037816517530723237
2012-09-25,168.2724609375,-0.001312216718607595
2012-09-26,168.05165100097656,-0.009525912583297158
2012-09-27,166.4508056640625,0.0032690960826951
2012-09-28,166.9949493408203,-0.007697515236635755
2012-10-01,165.70950317382812,0.0022367531011686648
2012-10-03,166.0801544189453,0.028869844616463025
2012-10-04,170.87486267089844,-0.01541426920052813
2012-10-05,168.24095153808594,-0.01359343266303814
2012-10-08,165.9539794921875,0.011357066410689232
2012-10-09,167.83872985839844,-0.009349988303991474
2012-10-10,166.26943969726562,0.0035570617495275236
2012-10-11,166.86087036132812,-0.0124767338058418
2012-10-12,164.77899169921875,0.008279504055762388
2012-10-15,166.14328002929688,-0.009635605562854921
2012-10-16,164.54238891601562,0.0060387909249821625
2012-10-17,165.53602600097656,0.01467290294231427
2012-10-18,167.9649200439453,-0.007183394170779178
2012-10-19,166.75836181640625,0.017308226540891036
2012-10-22,169.6446533203125,0.003579294956066903
2012-10-23,170.25186157226562,0.007133417090696481
2012-10-25,171.46633911132812,-0.017200876587069813
2012-10-29,168.5169677734375,-0.02180754890832315
2012-10-30,164.84202575683594,0.0048319522003295035
2012-10-31,165.63853454589844,0.006808479591557504
2012-11-01,166.7662811279297,0.02109002538613325
2012-11-02,170.28338623046875,-0.0018523808721602197
2012-11-05,169.96795654296875,0.002830141251205287
2012-11-06,170.44898986816406,0.011335436185074155
2012-11-07,172.381103515625,-0.015508311463545588
2012-11-08,169.707763671875,-0.015613333899180404
2012-11-09,167.0580596923828,-0.0007553672404626566
2012-11-12,166.93186950683594,-0.0035431292022786165
2012-11-15,166.3404083251953,-0.02593290607483434
2012-11-16,162.02671813964844,-0.005986580318673385
2012-11-19,161.05673217773438,0.0028889587451044196
2012-11-20,161.5220184326172,0.01987113134968399
2012-11-21,164.7316436767578,-0.011345652816873275
2012-11-22,162.86265563964844,-0.007263125122559777
2012-11-23,161.6797637939453,-0.006633732373397261
2012-11-26,160.6072235107422,0.015516236435988429
2012-11-27,163.0992431640625,0.04607866947981032
2012-11-29,170.61463928222656,0.016732160844602495
2012-11-30,173.46939086914062,0.0022274726019022584
2012-12-03,173.8557891845703,0.01546778062796017
2012-12-04,176.54495239257812,0.0004019861625490506
2012-12-05,176.6159210205078,0.014199070887446652
2012-12-06,179.1237030029297,-0.003522005313717491
2012-12-07,178.49282836914062,-0.009057245924970259
2012-12-10,176.8761749267578,0.0010699844725867713
2012-12-11,177.0654296875,-0.008417670904227403
2012-12-12,175.574951171875,0.007231403522189206
2012-12-13,176.8446044921875,0.013199578797979727
2012-12-14,179.1788787841797,0.007085954153345231
2012-12-17,180.4485321044922,0.004239009798429283
2012-12-18,181.2134552001953,-0.00887748026377555
2012-12-19,179.604736328125,0.0007902756840447722
2012-12-20,179.74667358398438,-0.013819837522935252
2012-12-21,177.26260375976562,-0.0021356481773994185
2012-12-24,176.884033203125,0.024208800483632498
2012-12-26,181.1661834716797,-0.010621071991888775
2012-12-27,179.24200439453125,0.004487688736442674
2012-12-28,180.04638671875,-0.0028911345546259737
2012-12-31,179.52584838867188,0.017746688894543894
2013-01-01,182.7118377685547,0.013423189835682692
2013-01-02,185.16441345214844,-0.0016609895314643186
2013-01-03,184.8568572998047,0.008830536652794096
2013-01-04,186.48924255371094,-0.00021142619487102277
2013-01-07,186.44981384277344,-0.0021993301511763486
2013-01-08,186.0397491455078,0.000763022500838817
2013-01-09,186.18170166015625,-0.0008048941762083262
2013-01-10,186.03184509277344,-0.013522468370705143
2013-01-11,183.5162353515625,0.01856377193828518
2013-01-14,186.92298889160156,0.016200571664836128
2013-01-15,189.9512481689453,-0.020343017252078432
2013-01-16,186.08706665039062,-0.014705132311341629
2013-01-17,183.3506317138672,0.011784721240319262
2013-01-18,185.51136779785156,0.0011479170397163951
2013-01-21,185.7243194580078,-0.006284204028893736
2013-01-22,184.55718994140625,0.009272153939516192
2013-01-23,186.2684326171875,-0.01397132598165951
2013-01-24,183.666015625,0.007256535326520375
2013-01-25,184.99879455566406,0.014749159132143808
2013-01-28,187.7273712158203,0.009199618854122349
2013-01-29,189.4543914794922,0.009573711773672944
2013-01-30,191.26817321777344,-0.017770153229956787
2013-01-31,187.8693084716797,-0.016790496388014442
2013-02-01,184.7148895263672,0.009050863349021832
2013-02-04,186.38671875,-0.013285343314471287
2013-02-05,183.91050720214844,-0.009261945750346445
2013-02-06,182.20713806152344,-0.009002500350260068
2013-02-07,180.5668182373047,-0.012840103883619114
2013-02-08,178.24832153320312,-0.006592115758672468
2013-02-11,177.0732879638672,0.00547787852740389
2013-02-12,178.04327392578125,0.012180753162172486
2013-02-13,180.21197509765625,-0.014353315882006057
2013-02-14,177.62533569335938,-0.003862431398933497
2013-02-15,176.93927001953125,0.00013358178913702723
2013-02-18,176.96290588378906,0.00837788267256534
2013-02-19,178.4454803466797,-0.00870589621554485
2013-02-20,176.89195251464844,-0.03740358986891079
2013-02-21,170.2755584716797,0.011994968447051502
2013-02-22,172.31800842285156,0.0012357176322781438
2013-02-25,172.53094482421875,-0.027333450782825675
2013-02-26,167.81507873535156,0.017998115827079886
2013-02-27,170.83543395996094,-0.03946812177453629
2013-02-28,164.09288024902344,0.015330587500026693
2013-03-01,166.6085205078125,0.002177242744111574
2013-03-04,166.9712677001953,0.033013821450037284
2013-03-05,172.48362731933594,0.01348774983330947
2013-03-06,174.81004333496094,0.00793961358202111
2013-03-07,176.19796752929688,0.019827215169593515
2013-03-08,179.6914825439453,-0.006451368562568338
2013-03-11,178.5322265625,-0.007818440024724205
2013-03-12,177.13638305664062,-0.03330074314249265
2013-03-13,171.23760986328125,0.022980641633729038
2013-03-14,175.17276000976562,-0.038850893744857395
2013-03-15,168.3671417236328,-0.015082323366571782
2013-03-18,165.82777404785156,-0.017880710425187907
2013-03-19,162.86265563964844,-0.030069705276694836
2013-03-20,157.96542358398438,0.03374756168170112
2013-03-21,163.29637145996094,-0.00676073752514883
2013-03-22,162.19236755371094,-0.015316142272419064
2013-03-25,159.7082061767578,0.008196806672477575
2013-03-26,161.01730346679688,0.02380257438334099
2013-03-28,164.8499298095703,0.006075286906546573
2013-04-01,165.8514404296875,-0.004421744298589436
2013-04-02,165.1180877685547,-0.014805687993886818
2013-04-03,162.67340087890625,-0.021912089750983132
2013-04-04,159.10888671875,-0.010557034570591206
2013-04-05,157.42916870117188,-0.009066635599040751
2013-04-08,156.00181579589844,0.0009603144056453683
2013-04-09,156.15162658691406,0.014393143808411502
2013-04-10,158.39913940429688,0.035746412190297505
2013-04-11,164.06134033203125,0.0049508348459308404
2013-04-12,164.8735809326172,0.0016741083306994753
2013-04-15,165.14959716796875,0.030369545396925268
2013-04-16,170.1651153564453,0.017378947754476126
2013-04-17,173.12240600585938,0.022775929312738308
2013-04-18,177.0654296875,0.022981413562032982
2013-04-22,181.1346435546875,0.011188845945190096
2013-04-23,183.1613311767578,0.013820700201380154
2013-04-25,185.6927490234375,-0.02790166612432987
2013-04-26,180.51161193847656,0.007601684833883127
2013-04-29,181.88380432128906,0.009061625074025192
2013-04-30,183.53196716308594,0.00691813593188062
2013-05-02,184.80166625976562,-0.03563217138041752
2013-05-03,178.21678161621094,0.011239325953809276
2013-05-06,180.21981811523438,0.018641023205202334
2013-05-07,183.5792999267578,-0.0051547441441742725
2013-05-08,182.63299560546875,-0.004577227439202303
2013-05-09,181.7970428466797,0.011018149609236971
2013-05-10,183.80010986328125,-0.01420170679166799
2013-05-13,181.18983459472656,-0.001175127418457933
2013-05-14,180.97691345214844,0.03817165258505484
2013-05-15,187.88510131835938,0.013640928568098731
2013-05-16,190.44802856445312,0.019006262377613936
2013-05-17,194.06773376464844,-0.01678234793731892
2013-05-20,190.81082153320312,0.0009918450076442653
2013-05-21,191.0000762939453,-0.0007431266971901218
2013-05-22,190.85813903808594,-0.031237090843446058
2013-05-23,184.8962860107422,0.027168617462396627
2013-05-24,189.91966247558594,0.012664528193498947
2013-05-27,192.3249053955078,0.010292041425857379
2013-05-28,194.3043212890625,-0.013839877216205387
2013-05-29,191.61517333984375,-0.010126303464044195
2013-05-30,189.67481994628906,-0.02396856964011751
2013-05-31,185.1285858154297,-0.008055577924147572
2013-06-03,183.63726806640625,-0.006069289427073965
2013-06-04,182.52272033691406,-0.003338541854329913
2013-06-05,181.91336059570312,0.017806680392696617
2013-06-06,185.1526336669922,-0.01117258767662832
2013-06-07,183.08399963378906,-0.020933787819955252
2013-06-10,179.25135803222656,-0.03694761154728743
2013-06-11,172.62844848632812,0.004412740385762781
2013-06-12,173.3902130126953,-0.011468498458326537
2013-06-13,171.4016876220703,0.031154953435779786
2013-06-14,176.74169921875,-0.0006348990377575969
2013-06-17,176.62948608398438,-0.009532991406917435
2013-06-18,174.9456787109375,-0.0038956009643060785
2013-06-19,174.26416015625,-0.037314930525395584
2013-06-20,167.76150512695312,-0.001242630578535353
2013-06-21,167.55303955078125,0.004115472559448552
2013-06-24,168.2425994873047,-0.015536624654553521
2013-06-25,165.62867736816406,-0.006486718446054529
2013-06-26,164.55429077148438,0.004288020563359751
2013-06-27,165.25990295410156,0.03900817628186681
2013-06-28,171.70639038085938,-0.002661613176989097
2013-07-01,171.24937438964844,0.010487927513848971
2013-07-02,173.04542541503906,-0.013993309939725918
2013-07-03,170.6239471435547,-0.0002820601768321884
2013-07-04,170.57582092285156,-0.011422276892888106
2013-07-05,168.62745666503906,-0.022443055571768067
2013-07-08,164.8429412841797,0.006225871035541841
2013-07-09,165.86923217773438,0.0040606578999902165
2013-07-10,166.5427703857422,0.01867984076663931
2013-07-11,169.6537628173828,0.0023157048536264213
2013-07-12,170.046630859375,0.0006128761785528791
2013-07-15,170.15084838867188,-0.054285505720291116
2013-07-16,160.91412353515625,-0.023120488905965964
2013-07-17,157.19371032714844,0.004284668564772831
2013-07-18,157.8672332763672,-0.02554729674413858
2013-07-19,153.8341522216797,0.01579291139617167
2013-07-22,156.26364135742188,0.015598345222594734
2013-07-23,158.7010955810547,-0.03824574172634654
2013-07-24,152.63145446777344,-0.017808115782943945
2013-07-25,149.9133758544922,-0.0035302776475224507
2013-07-26,149.38414001464844,-0.0031665859553776654
2013-07-29,148.91110229492188,-0.002746274786510683
2013-07-30,148.5021514892578,-0.018357547190846257
2013-07-31,145.77601623535156,0.005665207911131009
2013-08-01,146.60186767578125,-0.029643202847715933
2013-08-02,142.25611877441406,0.01730352700453519
2013-08-05,144.7176513671875,-0.040002041286280265
2013-08-06,138.92864990234375,0.0021930123226929776
2013-08-07,139.2333221435547,0.007831627998218016
2013-08-08,140.32374572753906,-0.009142306484040241
2013-08-12,139.04086303710938,0.029410189568206624
2013-08-13,143.1300811767578,0.015013262548569273
2013-08-14,145.2789306640625,-0.052265623358890845
2013-08-16,137.6858367919922,-0.05037270406130567
2013-08-19,130.75022888183594,0.01845814261825418
2013-08-20,133.16363525390625,-0.001023259736551263
2013-08-21,133.02737426757812,0.0018683008487416775
2013-08-22,133.27590942382812,0.02641071994889166
2013-08-23,136.7958221435547,-0.026493100820062288
2013-08-26,133.1716766357422,-0.03353602888511875
2013-08-27,128.70562744140625,-0.007787392120217396
2013-08-28,127.7033462524414,0.013624952974707893
2013-08-29,129.44329833984375,-0.004274214576676094
2013-08-30,128.89002990722656,0.028429121704115934
2013-09-02,132.55426025390625,-0.05208070011129173
2013-09-03,125.65074157714844,0.04364752976053499
2013-09-04,131.1350860595703,0.09287672696134974
2013-09-05,143.31448364257812,0.07239579662313367
2013-09-06,153.68984985351562,0.01168610528485381
2013-09-10,155.4858856201172,0.00015476073764242315
2013-09-11,155.50994873046875,-0.019128783790413606
2013-09-12,152.5352325439453,-0.009724455909734475
2013-09-13,151.05191040039062,0.02972552306022891
2013-09-16,155.54200744628906,-0.007732203761948275
2013-09-17,154.33932495117188,0.011065488114326172
2013-09-18,156.0471649169922,0.06489557195683804
2013-09-19,166.17393493652344,-0.04728588317665827
2013-09-20,158.31625366210938,-0.04451754889009729
2013-09-23,151.26840209960938,0.001643108617458644
2013-09-24,151.51695251464844,-0.010213281919149497
2013-09-25,149.96946716308594,0.011655204474299463
2013-09-26,151.71739196777344,-0.024098982284032178
2013-09-27,148.0611572265625,-0.042943581465178626
2013-09-30,141.702880859375,0.03066803494051662
2013-10-01,146.0486297607422,0.029755910367956107
2013-10-03,150.39443969726562,-0.007730526315789521
2013-10-04,149.2318115234375,-0.01547394002651925
2013-10-07,146.922607421875,0.02281165097749227
2013-10-08,150.27415466308594,0.014192708293669476
2013-10-09,152.40695190429688,-0.0024724318096398523
2013-10-10,152.03013610839844,0.05168472316859818
2013-10-11,159.8877716064453,0.00010039695927011039
2013-10-14,159.90382385253906,-0.02266462852035178
2013-10-15,156.2796630859375,-0.009902026412173304
2013-10-17,154.732177734375,0.04554891027370567
2013-10-18,161.78005981445312,0.0013876079965908783
2013-10-21,162.00454711914062,-9.880259542838221e-05
2013-10-22,161.98854064941406,0.015443081114396184
2013-10-23,164.49014282226562,-0.004728281731416928
2013-10-24,163.71238708496094,0.0012734579140474267
2013-10-25,163.92086791992188,-0.007043748146418838
2013-10-28,162.76625061035156,0.05876864351143407
2013-10-29,172.33180236816406,0.022658529085118895
2013-10-30,176.23658752441406,0.01997256931935243
2013-10-31,179.75648498535156,0.011151374374698708
2013-11-01,181.76101684570312,-0.033040852459181536
2013-11-05,175.75547790527344,-0.014233423633030928
2013-11-06,173.25387573242188,-0.026795771776248922
2013-11-07,168.6114044189453,-0.0014741020389196224
2013-11-08,168.36285400390625,-0.01209634589192432
2013-11-11,166.32627868652344,-0.023573076813341642
2013-11-12,162.40545654296875,0.0021229110536440388
2013-11-13,162.75022888183594,0.03665395055821774
2013-11-14,168.71566772460938,0.02048268283749133
2013-11-18,172.17141723632812,0.010571257346837726
2013-11-19,173.99148559570312,-0.033041192152108434
2013-11-20,168.2425994873047,-0.01801468844354137
2013-11-21,165.21176147460938,-0.00941507398231034
2013-11-22,163.65628051757812,0.05296167650221739
2013-11-25,172.32379150390625,-0.028708595772473422
2013-11-26,167.37661743164062,-0.001053951639473194
2013-11-27,167.20021057128906,-0.004363716141980611
2013-11-28,166.47059631347656,0.02942890792760311
2013-11-29,171.36964416503906,0.018387426596364165
2013-12-02,174.52069091796875,-0.0026645943986511877
2013-12-03,174.0556640625,-0.0176430746550863
2013-12-04,170.9847869873047,0.0652752328087085
2013-12-05,182.14585876464844,0.0070872257114806825
2013-12-06,183.436767578125,0.05052907605838497
2013-12-09,192.70565795898438,-0.036073901363812166
2013-12-10,185.75401306152344,0.0
2013-12-11,185.75401306152344,-0.02222995299244468
2013-12-12,181.6247100830078,-0.04202745586663881
2013-12-13,173.99148559570312,0.011567078902148253
2013-12-16,176.00405883789062,0.0006832485420822376
2013-12-17,176.1243133544922,-0.0022762866534002946
2013-12-18,175.72340393066406,-0.029476193077079493
2013-12-19,170.5437469482422,0.022755173572293508
2013-12-20,174.42449951171875,0.009515458026552848
2013-12-23,176.084228515625,0.0007286052789567954
2013-12-24,176.2125244140625,0.0007279882067123822
2013-12-26,176.34080505371094,0.009639454130000003
2013-12-27,178.04063415527344,-0.012204502355187885
2013-12-30,175.86773681640625,0.0018693059699446124
2013-12-31,176.1964874267578,-0.0009558150525152964
2014-01-01,176.028076171875,-0.020133014614201472
2014-01-02,172.48410034179688,-0.008181322617520803
2014-01-03,171.0729522705078,-0.024371898089424193
2014-01-06,166.90357971191406,0.008839211376138634
2014-01-07,168.37887573242188,0.004095287686914251
2014-01-08,169.0684356689453,-0.0032722720409051886
2014-01-09,168.51519775390625,-0.025075037496110952
2014-01-10,164.2896728515625,0.029673012294731738
2014-01-13,169.16464233398438,-0.017489758148155565
2014-01-14,166.20599365234375,0.021129814745517894
2014-01-15,169.7178955078125,0.0005194813601672177
2014-01-16,169.80606079101562,-0.022995198775027204
2014-01-17,165.90133666992188,0.009134321329665296
2014-01-20,167.41673278808594,0.0326149082062297
2014-01-21,172.87701416015625,0.009183411199692681
2014-01-22,174.46461486816406,-0.007813035013210512
2014-01-23,173.1015167236328,-0.019686045452810497
2014-01-24,169.69383239746094,-0.045737926842372434
2014-01-27,161.93238830566406,0.008764180697657498
2014-01-28,163.35159301757812,-0.016934148248408998
2014-01-29,160.5853729248047,-0.026812590464782682
2014-01-30,156.2796630859375,0.013493336811839729
2014-01-31,158.38839721679688,-0.024501206245540752
2014-02-03,154.5076904296875,0.005344951952514165
2014-02-04,155.33352661132812,-0.002477520000612965
2014-02-05,154.9486846923828,-0.008486499426818117
2014-02-06,153.6337127685547,0.002505130088883867
2014-02-07,154.01858520507812,0.00010392557304195194
2014-02-10,154.0345916748047,0.008640875000037074
2014-02-11,155.36558532714844,0.031325945618554396
2014-02-12,160.23255920410156,-0.015612416378210092
2014-02-13,157.73094177246094,0.004930708020804753
2014-02-14,158.5086669921875,0.02094180760460307
2014-02-17,161.828125,0.028390370039586665
2014-02-18,166.4224853515625,-0.006648595757602904
2014-02-19,165.31600952148438,-0.022359206767489814
2014-02-20,161.6196746826172,0.0173143514194376
2014-02-21,164.4180145263672,0.010630795488830502
2014-02-24,166.16590881347656,-0.004921739502540379
2014-02-25,165.34808349609375,0.005188509827936727
2014-02-26,166.20599365234375,0.007139698999566235
2014-02-28,167.3926544189453,-0.013459681164823545
2014-03-03,165.1396026611328,0.03816267992806521
2014-03-04,171.4417724609375,0.028341768420542923
2014-03-05,176.3007354736328,0.03142631000658214
2014-03-06,181.84121704101562,0.05992298827252762
2014-03-07,192.73768615722656,-0.00690564684100714
2014-03-10,191.40670776367188,0.0038120125669343086
2014-03-11,192.1363525390625,0.01126752800700892
2014-03-12,194.30125427246094,0.006891305271426118
2014-03-13,195.64024353027344,-0.004098435133731426
2014-03-14,194.8384246826172,-0.00864191372010703
2014-03-18,193.15464782714844,0.004524519055568943
2014-03-19,194.02857971191406,-0.007603498529434538
2014-03-20,192.55328369140625,-0.000999273169428272
2014-03-21,192.36087036132812,0.03555489593435546
2014-03-24,199.2002410888672,0.008331962827122341
2014-03-25,200.85997009277344,0.003153554445268103
2014-03-26,201.49339294433594,0.001989690172813141
2014-03-27,201.89430236816406,0.00015871402340428276
2014-03-28,201.9263458251953,-0.011237134396976711
2014-03-31,199.6572723388672,-0.01694707093507941
2014-04-01,196.27366638183594,0.015605235205404355
2014-04-02,199.33656311035156,-0.007481635592186953
2014-04-03,197.84519958496094,-0.0026746911514538008
2014-04-04,197.31602478027344,-0.01731070720406136
2014-04-07,193.9003448486328,0.04188888206000052
2014-04-09,202.02261352539062,-0.009882736491931832
2014-04-10,200.0260772705078,-0.00905895372376142
2014-04-11,198.21405029296875,-0.01343001577502223
2014-04-15,195.55203247070312,0.002542194736486536
2014-04-16,196.04916381835938,0.03296395049982581
2014-04-17,202.51171875,0.015164022867117932
2014-04-21,205.58261108398438,0.006162222069489465
2014-04-22,206.84945678710938,0.007481215448175815
2014-04-23,208.39694213867188,0.0
2014-04-24,208.39694213867188,-0.022353795005850996
2014-04-25,203.7384796142578,0.003935379961586882
2014-04-28,204.54026794433594,-0.009956842913381947
2014-04-29,202.50369262695312,-0.015362796148857383
2014-04-30,199.39266967773438,0.007238395891821847
2014-05-02,200.83595275878906,3.973564777659533e-05
2014-05-05,200.84393310546875,0.018483939382980763
2014-05-06,204.5563201904297,-0.0038806328871161533
2014-05-07,203.76251220703125,0.014441379145081035
2014-05-08,206.7051239013672,0.06951139940591844
2014-05-09,221.073486328125,0.014579999602437166
2014-05-12,224.29673767089844,0.0015014104890971325
2014-05-13,224.6334991455078,0.006139286262800248
2014-05-14,226.01258850097656,-0.01014625949933301
2014-05-15,223.7194061279297,0.05031914839198115
2014-05-16,234.97677612304688,0.0021155317486261094
2014-05-19,235.473876953125,-0.012598677969229644
2014-05-20,232.50721740722656,-0.006448721920844114
2014-05-21,231.00784301757812,0.007601327139312053
2014-05-22,232.76380920410156,0.006407000100757676
2014-05-23,234.255126953125,-0.004278425215396675
2014-05-26,233.2528839111328,-0.005121787181480375
2014-05-27,232.05821228027344,0.006288397543241064
2014-05-28,233.51748657226562,-0.013219329418924786
2014-05-29,230.4305419921875,-0.013152935311839253
2014-05-30,227.3997039794922,0.03254474457834178
2014-06-02,234.8003692626953,-0.0039953529651945985
2014-06-03,233.8622589111328,0.023722209466451982
2014-06-04,239.4099884033203,0.01158083573502644
2014-06-05,242.18255615234375,0.01582195856316626
2014-06-06,246.0143585205078,0.003969534566489852
2014-06-09,246.9909210205078,-0.007338202857551157
2014-06-10,245.17845153808594,-0.007662303028718842
2014-06-11,243.29981994628906,-0.00714341397125362
2014-06-12,241.56182861328125,-0.021275919721033376
2014-06-13,236.42237854003906,-0.01008152933840889
2014-06-16,234.03887939453125,0.025142306949054172
2014-06-17,239.92315673828125,-0.019316881803942643
2014-06-18,235.28858947753906,-0.006859070758883701
2014-06-19,233.6747283935547,-0.010554320927756322
2014-06-20,231.2084503173828,0.012420807502298237
2014-06-23,234.0802459716797,0.017748688242889887
2014-06-24,238.23486328125,-0.013061969030856435
2014-06-25,235.123046875,-0.012566013265992715
2014-06-26,232.16848754882812,-0.012832858616740439
2014-06-27,229.18910217285156,0.024193654159079925
2014-06-30,234.73402404785156,0.014032475903285935
2014-07-01,238.02792358398438,0.009700502545034073
2014-07-02,240.3369140625,0.0014121259218626836
2014-07-03,240.67630004882812,0.006051938754433106
2014-07-04,242.1328582763672,-0.00786146370347296
2014-07-07,240.22933959960938,-0.027663753114743894
2014-07-08,233.5836944580078,-0.0057752930287224835
2014-07-09,232.23468017578125,-0.010013908260671056
2014-07-10,229.9091033935547,-0.023326107763137482
2014-07-11,224.5462188720703,-0.009103714692602738
2014-07-14,222.50201416015625,0.037455839063956775
2014-07-15,230.8360137939453,0.04750487322605412
2014-07-16,241.80184936523438,-0.007016591313562137
2014-07-17,240.105224609375,0.020577627606711335
2014-07-18,245.0460205078125,0.0014521148321449129
2014-07-21,245.40185546875,0.00043867132394059816
2014-07-22,245.50950622558594,0.015337814333644673
2014-07-23,249.27508544921875,0.00026578533506449453
2014-07-24,249.34133911132812,-0.02041315639091612
2014-07-25,244.25149536132812,-0.01670441410794321
2014-07-28,240.17141723632812,0.025809736469300848
2014-07-30,246.37017822265625,-0.011555596404732915
2014-07-31,243.52322387695312,0.002990562759398241
2014-08-01,244.25149536132812,0.010673340469259385
2014-08-04,246.8584747314453,-0.003251738134913973
2014-08-05,246.05575561523438,-0.026537951357817557
2014-08-06,239.52593994140625,-0.0015550812571524242
2014-08-07,239.15345764160156,-0.005329110062737175
2014-08-08,237.8789825439453,0.0026093615906515044
2014-08-11,238.49969482421875,0.015545686984191454
2014-08-12,242.20733642578125,-0.0075856312172012386
2014-08-13,240.3700408935547,0.018902562075748586
2014-08-14,244.9136505126953,0.034501320537515534
2014-08-18,253.36349487304688,0.007970282629394587
2014-08-19,255.38287353515625,-9.721109901006386e-05
2014-08-20,255.35804748535156,0.001425861562597719
2014-08-21,255.72215270996094,-0.0034951951508821466
2014-08-22,254.82835388183594,-0.016400953963403686
2014-08-25,250.64892578125,-0.004127287275801694
2014-08-26,249.6144256591797,0.021385399637661395
2014-08-27,254.95252990722656,0.01071180901248936
2014-08-28,257.68353271484375,0.02665751120292903
2014-09-01,264.552734375,-0.004504742489904068
2014-09-02,263.3609924316406,-0.006473489054745429
2014-09-03,261.6561279296875,-0.0057883486113982086
2014-09-04,260.1415710449219,-0.0156523940504808
2014-09-05,256.0697326660156,0.013412875125448531
2014-09-08,259.5043640136719,-0.014064603744437965
2014-09-09,255.8545379638672,0.01575310077128722
2014-09-10,259.8850402832031,-0.002706814877042496
2014-09-11,259.18157958984375,-0.0009259540541221023
2014-09-12,258.94158935546875,-0.007063525530589421
2014-09-15,257.112548828125,-0.01776805493703071
2014-09-16,252.54415893554688,0.002621575574835555
2014-09-17,253.2062225341797,0.023043037586258697
2014-09-18,259.0408630371094,0.004600830017868152
2014-09-19,260.232666015625,0.004229472761848374
2014-09-22,261.33331298828125,-0.02555646900694475
2014-09-23,254.65455627441406,-0.014364636050687385
2014-09-24,250.9965362548828,-0.03369813285165957
2014-09-25,242.53842163085938,0.008632841602119079
2014-09-26,244.63221740722656,-0.013160001514450514
2014-09-29,241.41285705566406,-0.017106820941199752
2014-09-30,237.28305053710938,-0.003278398197572252
2014-10-01,236.50514221191406,0.0005598853802752934
2014-10-07,236.63755798339844,0.013220100051075878
2014-10-08,239.76593017578125,0.027510452928410922
2014-10-09,246.36199951171875,-0.019786653684785604
2014-10-10,241.48731994628906,0.012988849504613098
2014-10-13,244.62396240234375,0.00010142420542935682
2014-10-14,244.64877319335938,0.0
2014-10-15,244.64877319335938,-0.01183991918819971
2014-10-16,241.7521514892578,0.03057070392853989
2014-10-17,249.14268493652344,0.021060258215811478
2014-10-20,254.3896942138672,0.0294098082359171
2014-10-21,261.8712463378906,-0.0070158514214606615
2014-10-22,260.03399658203125,0.0013049253391175242
2014-10-27,260.3733215332031,0.017926929165827277
2014-10-28,265.041015625,0.0028726989852689844
2014-10-29,265.8023986816406,0.005106309400672471
2014-10-30,267.15966796875,0.007806460102751878
2014-10-31,269.2452392578125,0.011711136409695566
2014-11-03,272.3984069824219,0.015586126341047501
2014-11-05,276.64404296875,0.00798758134518951
2014-11-07,278.853759765625,-0.010506288385856877
2014-11-10,275.9240417480469,0.011127714835150293
2014-11-11,278.99444580078125,0.013289411939720663
2014-11-12,282.7021179199219,-0.009046067811990244
2014-11-13,280.144775390625,-0.00011808556715497964
2014-11-14,280.1116943359375,-0.01090219747894583
2014-11-17,277.057861328125,0.004391080065807351
2014-11-18,278.2744445800781,0.0010112412166172202
2014-11-19,278.55584716796875,0.0030006404667628495
2014-11-20,279.3916931152344,0.02532673839857913
2014-11-21,286.4677734375,0.02461431668729097
2014-11-24,293.51898193359375,-0.020329318997757362
2014-11-25,287.55194091796875,-0.015455767480866522
2014-11-26,283.10760498046875,0.00748377416089685
2014-11-27,285.226318359375,0.018105889220713767
2014-11-28,290.3905944824219,0.002137350574361818
2014-12-01,291.0112609863281,0.00702464393079727
2014-12-02,293.0555114746094,0.013329594162895253
2014-12-03,296.9618225097656,0.009419531397324654
2014-12-04,299.7590637207031,-0.006626008334941091
2014-12-05,297.7728576660156,-0.016676127841568023
2014-12-08,292.8071594238281,-0.00960967533655277
2014-12-09,289.9933776855469,0.004708654130390677
2014-12-10,291.3588562011719,-0.011645870270246439
2014-12-11,287.9657287597656,-0.004742233014390251
2014-12-12,286.6001281738281,-0.003032057391761933
2014-12-15,285.73114013671875,-0.04214341848059322
2014-12-16,273.689453125,0.004989710374012413
2014-12-17,275.0550842285156,0.040318739421535854
2014-12-18,286.14495849609375,0.02964571256467563
2014-12-19,294.6279296875,0.008988677456670313
2014-12-22,297.2762451171875,-0.017260388611280764
2014-12-23,292.1451416015625,0.0002831919567216623
2014-12-24,292.2278747558594,-0.0060888352764589815
2014-12-26,290.44854736328125,-0.005128912064175428
2014-12-29,288.9588623046875,0.00315030600075783
2014-12-30,289.8691711425781,0.008137131672139919
2014-12-31,292.2278747558594,-0.0022656252692355716
2015-01-01,291.5657958984375,0.02838499112625592
2015-01-02,299.8418884277344,0.0020701828630995678
2015-01-05,300.4626159667969,-0.04241861736850083
2015-01-06,287.7174072265625,-0.027038826363046664
2015-01-07,279.9378662109375,0.027199159620992175
2015-01-08,287.55194091796875,-0.01611748132290125
2015-01-09,282.9173278808594,0.01374857277845587
2015-01-12,286.8070373535156,-0.01630341389471246
2015-01-13,282.131103515625,-0.011733748179531323
2015-01-14,278.8206481933594,0.047343618571657586
2015-01-15,292.0210266113281,0.002833750220113007
2015-01-16,292.8485412597656,0.01964128823274458
2015-01-19,298.6004638671875,0.019262734885850508
2015-01-20,304.3523254394531,0.0019035363120307736
2015-01-21,304.9316711425781,0.0036641309383376175
2015-01-22,306.0489807128906,0.002433536920808388
2015-01-23,306.79376220703125,0.034529431858174364
2015-01-27,317.3871765136719,0.0014339225912567422
2015-01-28,317.84228515625,-0.00976413376941998
2015-01-29,314.73883056640625,-0.051538479886578226
2015-01-30,298.5176696777344,-0.024535498327664107
2015-02-02,291.1933898925781,-0.014921254581801713
2015-02-03,286.8484191894531,-0.005626074464577635
2015-02-04,285.2345886230469,-0.02625851823455605
2015-02-05,277.7447509765625,-0.018623381246744897
2015-02-06,272.57220458984375,-0.028237460374045287
2015-02-09,264.8754577636719,0.034369963312145035
2015-02-10,273.9792175292969,0.011025367043483447
2015-02-11,276.99993896484375,0.013295421018176823
2015-02-12,280.6827697753906,0.013858135978018993
2015-02-13,284.572509765625,-0.016867791858161674
2015-02-16,279.77239990234375,0.012868060520211388
2015-02-18,283.3725280761719,-0.011244136185348585
2015-02-19,280.1862487792969,-0.022448838886400146
2015-02-20,273.8963928222656,-0.005892120556160396
2015-02-23,272.2825622558594,-0.008966555725606673
2015-02-24,269.84112548828125,-0.010887844749141395
2015-02-25,266.90313720703125,-0.003720951185940957
2015-02-26,265.9100036621094,0.04341733978214313
2015-02-27,277.4551086425781,0.041163269721477436
2015-03-02,288.8760681152344,-0.0011457981081759439
2015-03-03,288.5450744628906,0.0020076054635382867
2015-03-04,289.1243591308594,-0.004579995391611247
2015-03-05,287.8001708984375,-0.042990631808925706
2015-03-09,275.4274597167969,0.0025541796437467124
2015-03-10,276.1309509277344,-0.002997151164660483
2015-03-11,275.3033447265625,0.016684254983294844
2015-03-12,279.8965759277344,-0.023654846875442614
2015-03-13,273.2756652832031,0.0037859460794709143
2015-03-16,274.3102722167969,0.010257660843475236
2015-03-17,277.1240539550781,-0.0001491057892359926
2015-03-18,277.0827331542969,-0.01373982358176662
2015-03-19,273.2756652832031,-0.035130278556605554
2015-03-20,263.6754150390625,-0.015065538471937145
2015-03-23,259.7030029296875,-0.006055031123574417
2015-03-24,258.1304931640625,0.016030889929797842
2015-03-25,262.2685546875,-0.028242325822991243
2015-03-26,254.86148071289062,0.02143187031577476
2015-03-27,260.3236389160156,0.01319334582607734
2015-03-30,263.7581787109375,-0.010040579310383158
2015-03-31,261.1098937988281,0.02424705608862232
2015-04-01,267.4410400390625,-0.005879380722879413
2015-04-06,265.86865234375,-0.011984640926796963
2015-04-07,262.68231201171875,-0.0072462926255412174
2015-04-08,260.7788391113281,0.01745517747329761
2015-04-09,265.3307800292969,-0.007174536961264244
2015-04-10,263.4271545410156,-0.0043981792823686305
2015-04-13,262.2685546875,-0.005995683508152605
2015-04-15,260.6960754394531,-0.007936562751207576
2015-04-16,258.6270446777344,-0.007680044027563948
2015-04-17,256.6407775878906,0.003386009212085428
2015-04-20,257.509765625,-0.0009637263453297074
2015-04-21,257.2615966796875,0.006755439060833979
2015-04-22,258.99951171875,-0.003515183878770256
2015-04-23,258.0890808105469,-0.011543901233797116
2015-04-24,255.10972595214844,-0.019302499552750874
2015-04-27,250.1854705810547,0.08121068628590056
2015-04-28,270.5032043457031,0.010096403943704368
2015-04-29,273.23431396484375,0.0030288131515583405
2015-04-30,274.0618896484375,-0.005586462163408079
2015-05-04,272.5308532714844,-0.0025813268570978876
2015-05-05,271.8273620605469,-0.04962682600073942
2015-05-06,258.3374328613281,-0.02418719886273224
2015-05-07,252.08897399902344,0.04070921547084927
2015-05-08,262.351318359375,0.020504661773642185
2015-05-11,267.7307434082031,-0.04729533257775764
2015-05-12,255.06832885742188,0.03066206959757145
2015-05-13,262.8892517089844,-0.008500114053809016
2015-05-14,260.6546630859375,-0.00825511185168426
2015-05-15,258.5029296875,0.012485975059216337
2015-05-18,261.7305908203125,-0.0028460699306047665
2015-05-19,260.9856872558594,0.0107818319011308
2015-05-20,263.7995910644531,-0.01631374154995524
2015-05-21,259.49603271484375,0.0001595876171298638
2015-05-22,259.5374450683594,-0.004623657317406327
2015-05-25,258.3374328613281,-0.007848839029339083
2015-05-26,256.3097839355469,0.011139621937002797
2015-05-27,259.16497802734375,0.004311190419388433
2015-05-28,260.28228759765625,0.008744121478309719
2015-05-29,262.5582275390625,-0.002521878284997281
2015-06-01,261.8960876464844,-0.03776271698362965
2015-06-02,252.0061798095703,-0.028735288723419905
2015-06-03,244.76470947265625,-0.002235909456451912
2015-06-04,244.21743774414062,-0.020682367810027746
2015-06-05,239.16644287109375,-0.0033441342267697127
2015-06-08,238.36663818359375,0.013950303157244548
2015-06-09,241.69192504882812,0.01880890092516685
2015-06-10,246.23788452148438,-0.013675150330479835
2015-06-11,242.87054443359375,0.025822899679859512
2015-06-12,249.1421661376953,0.010981712701805701
2015-06-15,251.878173828125,0.009525605000712423
2015-06-16,254.2774658203125,-0.0023175852035557387
2015-06-17,253.6881561279297,0.00663689068982154
2015-06-18,255.37185668945312,0.003955772120661782
2015-06-19,256.3820495605469,0.034477040996999664
2015-06-22,265.2213439941406,-0.004919815533094729
2015-06-23,263.91650390625,0.013556519784422294
2015-06-24,267.4942932128906,-0.009284044624838561
2015-06-25,265.0108642578125,-0.009847330846271873
2015-06-26,262.4012145996094,-0.0016042588571801852
2015-06-29,261.9802551269531,-0.01028275269265122
2015-06-30,259.286376953125,0.013636412855672742
2015-07-01,262.8221130371094,0.0025624248518518744
2015-07-02,263.4955749511719,0.00495215377226188
2015-07-03,264.8004455566406,0.0019073454234830312
2015-07-06,265.3055114746094,-0.008091418780240112
2015-07-07,263.1588134765625,-0.016154698239212673
2015-07-08,258.9075622558594,0.0063402571676201
2015-07-09,260.5491027832031,0.01179349455056422
2015-07-10,263.62188720703125,0.01037824068961224
2015-07-13,266.3578186035156,-0.009323542483266278
2015-07-14,263.8744201660156,0.00382819355085684
2015-07-15,264.88458251953125,0.007786525353645546
2015-07-16,266.9471130371094,0.001103537619452366
2015-07-17,267.24169921875,-0.005197342096175617
2015-07-20,265.8527526855469,-0.013774838967920755
2015-07-21,262.190673828125,0.017177863982203778
2015-07-22,266.6945495605469,-0.01231061006995382
2015-07-23,263.411376953125,-0.03930961190361215
2015-07-24,253.05677795410156,-0.03160344925622249
2015-07-27,245.05931091308594,-0.020955084825494463
2015-07-28,239.924072265625,0.014912491134381867
2015-07-29,243.50193786621094,0.006049952052691765
2015-07-30,244.97511291503906,0.03917522164396958
2015-07-31,254.5720672607422,0.03472222929835134
2015-08-03,263.411376953125,0.0036753904088575595
2015-08-04,264.3795166015625,-0.008597527838481667
2015-08-05,262.10650634765625,-0.0009633581589589824
2015-08-06,261.85400390625,-0.002893444059693051
2015-08-07,261.0963439941406,-0.0017733404008249964
2015-08-10,260.6333312988281,-0.023740423934008992
2015-08-11,254.44578552246094,-0.03507036939954333
2015-08-12,245.52227783203125,0.0008572734750860178
2015-08-13,245.73275756835938,0.03665644954633973
2015-08-14,254.74044799804688,0.0009910947625799693
2015-08-17,254.992919921875,-0.005942176799103027
2015-08-18,253.4777069091797,0.01129183480652296
2015-08-19,256.3399353027344,-0.020525439635265208
2015-08-20,251.0784454345703,-0.005867571876372879
2015-08-21,249.605224609375,-0.0895447205205877
2015-08-24,227.25439453125,0.05019443585000127
2015-08-25,238.6613006591797,-0.019223949097069593
2015-08-26,234.0732879638672,0.01582453766818448
2015-08-27,237.7773895263672,0.004425533782725477
2015-08-28,238.82968139648438,-0.02044417235893159
2015-08-31,233.94700622558594,-0.025008950263407437
2015-09-01,228.0962371826172,-0.022513339953834866
2015-09-02,222.96102905273438,0.007551409549455768
2015-09-03,224.6446990966797,-0.03410156622786564
2015-09-04,216.9839630126953,-0.033559651260971934
2015-09-07,209.70205688476562,0.04696917725736549
2015-09-08,219.5515899658203,0.014378672238511081
2015-09-09,222.7084503173828,0.010773104797730637
2015-09-10,225.1077117919922,0.0005608480477994338
2015-09-11,225.2339630126953,0.01812764816424539
2015-09-14,229.31692504882812,-0.014317250527896452
2015-09-15,226.0337371826172,0.01620106516103359
2015-09-16,229.6957244873047,0.018325170249603673
2015-09-18,233.90493774414062,0.005218473978475302
2015-09-21,235.1255645751953,-0.031328189952112395
2015-09-22,227.75950622558594,0.010349281379554043
2015-09-23,230.1166534423828,-0.01847452991112941
2015-09-24,225.8653564453125,-0.0007454240932092127
2015-09-28,225.69699096679688,0.003356978348997286
2015-09-29,226.45465087890625,0.005018620124396467
2015-09-30,227.5911407470703,-0.012021524311797482
2015-10-01,224.8551483154297,0.051853382986429164
2015-10-05,236.5146484375,0.006406617091469169
2015-10-06,238.0299072265625,0.000884257523689147
2015-10-07,238.24038696289062,-0.01607768032965695
2015-10-08,234.4100341796875,0.027473497451162343
2015-10-09,240.85009765625,0.005243040702589408
2015-10-12,242.11288452148438,-0.0005217081119371914
2015-10-13,241.986572265625,-0.01582878234664442
2015-10-14,238.15621948242188,0.012195115700438519
2015-10-15,241.06056213378906,0.010825891267614018
2015-10-16,243.67025756835938,-0.007773351333011935
2015-10-19,241.776123046875,-0.0034817835739133773
2015-10-20,240.93431091308594,-0.012229295603491619
2015-10-21,237.98785400390625,0.012557406109418023
2015-10-23,240.9763641357422,-0.0031441887407333002
2015-10-26,240.21868896484375,-0.005782262713800113
2015-10-27,238.82968139648438,-0.04406060283126534
2015-10-28,228.30670166015625,0.0009216492535777387
2015-10-29,228.51712036132812,0.02044591321451028
2015-10-30,233.18936157226562,0.009205879901046377
2015-11-02,235.33607482910156,-0.00035784253177972847
2015-11-03,235.25186157226562,-0.02182855470542311
2015-11-04,230.1166534423828,-0.012072469029585364
2015-11-05,227.3385772705078,-0.010923922305201672
2015-11-06,224.8551483154297,-0.01478850553948885
2015-11-09,221.52987670898438,-0.0013300563390099551
2015-11-10,221.2352294921875,-0.003995414263951003
2015-11-13,220.35130310058594,0.021012408954179884
2015-11-16,224.98141479492188,0.002245194135637618
2015-11-17,225.48654174804688,-0.027627568045065276
2015-11-18,219.25689697265625,0.022845290141009666
2015-11-19,224.26588439941406,-0.0054431066422298
2015-11-20,223.04518127441406,0.003774382864252468
2015-11-23,223.8870391845703,-0.009776208964413446
2015-11-24,221.69827270507812,0.0024681300810545093
2015-11-26,222.24545288085938,0.022916664092015093
2015-11-27,227.3385772705078,0.012960588061060596
2015-11-30,230.28501892089844,0.0012794892962537663
2015-12-01,230.5796661376953,-0.012778542953606364
2015-12-02,227.63319396972656,-0.017011605110519912
2015-12-03,223.7607879638672,-0.016365771034275056
2015-12-04,220.09877014160156,0.00611963359567369
2015-12-07,221.44569396972656,-0.006082411466122872
2015-12-08,220.09877014160156,-0.00764961132159947
2015-12-09,218.41510009765625,-0.001927266996095911
2015-12-10,217.99415588378906,-0.0372658316805452
2015-12-11,209.87042236328125,-0.0012032803676701453
2015-12-14,209.61788940429688,-0.01044184255117997
2015-12-15,207.42909240722656,0.022930213777724973
2015-12-16,212.18548583984375,0.004364297801749961
2015-12-17,213.1115264892578,-0.012048278173515059
2015-12-18,210.5438995361328,0.032387111222075715
2015-12-21,217.36280822753906,0.005228398362411069
2015-12-22,218.499267578125,0.008861440512730523
2015-12-23,220.43548583984375,-0.014893890960138378
2015-12-24,217.15234375,0.023648021937004104
2015-12-28,222.28756713867188,0.0026509767612736823
2015-12-29,222.87684631347656,-0.009065237380974756
2015-12-30,220.85641479492188,-0.003811511998787376
2015-12-31,220.01461791992188,0.006313251280716914
2016-01-01,221.40362548828125,-0.028327057621592044
2016-01-04,215.1319122314453,0.0045001430964222155
2016-01-05,216.10003662109375,-0.02571094929846296
2016-01-06,210.5438995361328,-0.013394713297852912
2016-01-07,207.72372436523438,-0.006889544420335847
2016-01-08,206.2926025390625,-0.022852390811793688
2016-01-11,201.5783233642578,-0.011275989189620472
2016-01-12,199.30532836914062,0.011615739299572159
2016-01-13,201.6204071044922,-0.015657671627919978
2016-01-14,198.4635009765625,-0.04793194235745435
2016-01-15,188.9507598876953,-0.006014902434992475
2016-01-18,187.81423950195312,0.02532498837803887
2016-01-19,192.5706329345703,-0.019016491593034646
2016-01-20,188.9086151123047,0.008466989733298291
2016-01-21,190.5081024169922,0.028502125607091866
2016-01-22,195.93798828125,0.014178265978204818
2016-01-25,198.71604919433594,0.0052954548683086244
2016-01-27,199.76834106445312,-0.0172776267188145
2016-01-28,196.3168182373047,-0.01307899637014942
2016-01-29,193.7491912841797,-0.056267482215265674
2016-02-01,182.847412109375,-0.031307706327450835
2016-02-02,177.1228790283203,-0.03018041553507622
2016-02-03,171.77723693847656,-0.0004901580648722925
2016-02-04,171.6930389404297,0.026722182353032586
2016-02-05,176.2810516357422,-0.004059204925578319
2016-02-08,175.56549072265625,0.00407574922691567
2016-02-09,176.2810516357422,-0.010267421061036952
2016-02-10,174.47109985351562,-0.038600636095173946
2016-02-11,167.7364044189453,-0.028607340477239007
2016-02-12,162.9379119873047,0.0514078131732405
2016-02-15,171.31419372558594,-0.033906620207073024
2016-02-16,165.50550842285156,-0.029755768851883024
2016-02-17,160.5807647705078,0.028309204422994227
2016-02-18,165.12667846679688,0.013510116947899942
2016-02-19,167.35755920410156,-0.0017604938755618749
2016-02-22,167.06292724609375,-0.032501856852305666
2016-02-23,161.63307189941406,-0.02604159340532264
2016-02-24,157.42388916015625,-0.021390564559308878
2016-02-25,154.05650329589844,0.009836031150981084
2016-02-26,155.57180786132812,0.028409147752049613
2016-02-29,159.99147033691406,0.07840030915954777
2016-03-01,172.53485107421875,0.07343265962952605
2016-03-02,185.2045440673828,-0.009090867896485055
2016-03-03,183.5208740234375,0.011467899824597838
2016-03-04,185.62547302246094,-0.016553267608433342
2016-03-08,182.55276489257812,-0.0023058769562591674
2016-03-09,182.13182067871094,-0.003928640216967039
2016-03-10,181.41629028320312,-0.007656717831448057
2016-03-11,180.02723693847656,0.036474261257905205
2016-03-14,186.59359741210938,-0.0013536302362707753
2016-03-15,186.3410186767578,0.02281460639884636
2016-03-16,190.59231567382812,0.005962936460192969
2016-03-17,191.7288055419922,0.010757302406284586
2016-03-18,193.79129028320312,0.0201999069943668
2016-03-21,197.7058563232422,-0.005322589570567748
2016-03-22,196.65354919433594,0.002568613458513447
2016-03-23,197.15867614746094,-0.037361375764444094
2016-03-28,189.7925567626953,-0.009092761880795885
2016-03-29,188.0668182373047,0.06311527156633501
2016-03-30,199.93670654296875,-0.0035787082276709237
2016-03-31,199.22119140625,0.006972187840835309
2016-04-01,200.61019897460938,0.0018884643790801903
2016-04-04,200.98904418945312,-0.05507865233709819
2016-04-05,189.91883850097656,-0.013519520836384746
2016-04-06,187.35122680664062,-0.010110072689511918
2016-04-07,185.45709228515625,0.004312366279867641
2016-04-08,186.25685119628906,0.015593212452122973
2016-04-11,189.16119384765625,0.01802398799438687
2016-04-12,192.5706329345703,0.052021864123929173
2016-04-13,202.58851623535156,-0.014543971717368653
2016-04-18,199.64207458496094,0.0037951677895231573
2016-04-20,200.39974975585938,0.06301194862136983
2016-04-21,213.02732849121094,-0.004149500045090071
2016-04-22,212.14337158203125,0.003770042036885801
2016-04-25,212.9431610107422,0.004348482523987229
2016-04-26,213.869140625,-0.0371973629236263
2016-04-27,205.9137725830078,-0.018397430410977855
2016-04-28,202.12548828125,-0.013119393989172723
2016-04-29,199.47372436523438,-0.04304715701641049
2016-05-02,190.88694763183594,-0.024917411852485305
2016-05-03,186.1305389404297,-0.03007677084198379
2016-05-04,180.53233337402344,0.0009326901954778144
2016-05-05,180.70071411132812,0.01840200999763386
2016-05-06,184.02597045898438,0.030649586089132264
2016-05-09,189.66629028320312,0.0008877736631704991
2016-05-10,189.8346710205078,-0.00687372121464469
2016-05-11,188.52980041503906,0.0350525179537613
2016-05-12,195.13824462890625,-0.022864540081854234
2016-05-13,190.67649841308594,-0.01214123521797672
2016-05-16,188.3614501953125,0.009832349031824394
2016-05-17,190.21348571777344,0.0022130093051959676
2016-05-18,190.63442993164062,-0.003974492808933472
2016-05-19,189.8767547607422,-0.02416310886023787
2016-05-20,185.2887420654297,0.004543162555999958
2016-05-23,186.1305389404297,0.015604040284135756
2016-05-24,189.03492736816406,0.04653748815543457
2016-05-25,197.83213806152344,0.026170279704934574
2016-05-26,203.00946044921875,0.00829347943406522
2016-05-27,204.693115234375,0.005552090054781411
2016-05-30,205.82958984375,0.0006135256761532482
2016-05-31,205.95587158203125,-0.018802411464502677
2016-06-01,202.08340454101562,0.005415616044352367
2016-06-02,203.1778106689453,0.009944154393152438
2016-06-03,205.1982421875,-0.0010257384960237204
2016-06-06,204.98776245117188,0.043531755584566456
2016-06-07,213.91123962402344,0.01397093792110593
2016-06-08,216.8997802734375,-0.012031803034933342
2016-06-09,214.2900848388672,-0.007660651045681255
2016-06-10,212.6484832763672,-0.035035477206693866
2016-06-13,205.1982421875,0.004922935019012753
2016-06-14,206.2084197998047,0.012247453118322982
2016-06-15,208.73394775390625,-0.01605260333863856
2016-06-16,205.3832244873047,-0.002509956355853049
2016-06-17,204.8677215576172,-0.0014679495205311976
2016-06-20,204.56698608398438,-0.0010499383060548206
2016-06-21,204.35220336914062,0.004835195654618429
2016-06-22,205.3402862548828,0.007949584686421263
2016-06-23,206.97265625,-0.04130340544493727
2016-06-24,198.42398071289062,0.007577410924126449
2016-06-27,199.92752075195312,0.001933836801514266
2016-06-28,200.31414794921875,0.015011820727147684
2016-06-29,203.32122802734375,0.016480023054651127
2016-06-30,206.67196655273438,-0.0008315580679737478
2016-07-01,206.50010681152344,0.032452878260566864
2016-07-04,213.20162963867188,-0.01229117554902237
2016-07-05,210.5811309814453,-0.001019952328315088
2016-07-07,210.36634826660156,-0.01184391852679223
2016-07-08,207.87478637695312,0.03265138312485938
2016-07-11,214.6621856689453,0.04742843401536567
2016-07-12,224.84327697753906,-0.0021016836475113987
2016-07-13,224.3707275390625,0.028527729190525708
2016-07-14,230.77151489257812,-0.010610531371591958
2016-07-15,228.32290649414062,-0.008842860933065189
2016-07-18,226.3038787841797,0.02182987571143813
2016-07-19,231.2440643310547,-0.006130396479375411
2016-07-20,229.82644653320312,-0.020934535111293395
2016-07-21,225.01513671875,0.005918180960048369
2016-07-22,226.34681701660156,0.019738011637560504
2016-07-25,230.814453125,-0.02605612238422028
2016-07-26,224.80032348632812,0.03420604249892456
2016-07-27,232.48985290527344,0.00517351313018688
2016-07-28,233.69264221191406,-0.033455670842735485
2016-07-29,225.87429809570312,-0.05097001951915092
2016-08-01,214.36148071289062,-0.016833596779816995
2016-08-02,210.7530059814453,-0.013045408856950935
2016-08-03,208.00364685058594,-0.007228431144491121
2016-08-04,206.50010681152344,0.023299456868671964
2016-08-05,211.3114471435547,-0.0028461551848152356
2016-08-08,210.71002197265625,0.00040784723571984927
2016-08-09,210.79595947265625,-0.024454922154072745
2016-08-10,205.64096069335938,0.013996185765762226
2016-08-11,208.51914978027344,0.013391083582604324
2016-08-12,211.3114471435547,0.01057110344097012
2016-08-16,213.5452423095703,-0.003821963442256604
2016-08-17,212.7290802001953,0.021405362569776765
2016-08-18,217.28262329101562,0.003954119128074085
2016-08-19,218.14178466796875,-0.0064986073163805225
2016-08-22,216.7241668701172,-0.008126880953529203
2016-08-23,214.96287536621094,-0.006994275262288907
2016-08-24,213.45936584472656,-0.006037483148695455
2016-08-25,212.1706085205078,-0.006681427502836623
2016-08-26,210.7530059814453,0.021198445486427797
2016-08-29,215.22064208984375,0.022954050777400425
2016-08-30,220.16082763671875,0.006829280463750198
2016-08-31,221.66436767578125,0.011434022560479873
2016-09-01,224.19888305664062,0.0013413100491128649
2016-09-02,224.49960327148438,0.043628115534181555
2016-09-06,234.29409790039062,0.019985218856144238
2016-09-07,238.9765167236328,-0.006471320075611908
2016-09-08,237.43002319335938,-0.008141726071376643
2016-09-09,235.49693298339844,-0.021525021467873162
2016-09-12,230.4278564453125,0.012117682427761345
2016-09-14,233.22010803222656,-0.0031311842409926793
2016-09-15,232.48985290527344,-0.012010405307533834
2016-09-16,229.6975555419922,0.015896811490302643
2016-09-19,233.34901428222656,0.0018409363750599983
2016-09-20,233.77859497070312,-0.008085353132326167
2016-09-21,231.88841247558594,0.020748449747348907
2016-09-22,236.69973754882812,-0.015426414327573967
2016-09-23,233.04830932617188,-0.03207380789722869
2016-09-26,225.5735626220703,-0.009712451082104168
2016-09-27,223.3826904296875,0.0028846400805266903
2016-09-28,224.02706909179688,-0.03988492448969949
2016-09-29,215.09176635742188,0.007189924358627531
2016-09-30,216.6382598876953,0.015863520643094375
2016-10-03,220.0749053955078,0.008003076234211814
2016-10-04,221.836181640625,-0.010650727294938211
2016-10-05,219.4734649658203,-0.016441508006479366
2016-10-06,215.864990234375,-0.002587063424653091
2016-10-07,215.30653381347656,-0.0019951342027532126
2016-10-10,214.87696838378906,-0.03578566012911211
2016-10-13,207.1874542236328,0.002488025507287883
2016-10-14,207.70294189453125,0.07032049614972657
2016-10-17,222.3087158203125,0.044831076795853964
2016-10-18,232.27505493164062,-0.01960423003554368
2016-10-19,227.7214813232422,0.047349512913969605
2016-10-20,238.5039825439453,-0.0007203819534212785
2016-10-21,238.33216857910156,0.02577503769846312
2016-10-24,244.47518920898438,0.01651730260144757
2016-10-25,248.5132598876953,-0.03751091774109516
2016-10-26,239.19129943847656,0.021192753776384743
2016-10-27,244.2604217529297,-0.02620482911791222
2016-10-28,237.859619140625,-0.005418206703870498
2016-11-01,236.5708465576172,-0.012529422422360992
2016-11-02,233.60675048828125,-0.007907299264542367
2016-11-03,231.75955200195312,0.00018533644391305337
2016-11-04,231.80250549316406,0.03298746021517829
2016-11-07,239.44908142089844,0.01614633964493306
2016-11-08,243.3153076171875,-0.006179452137952346
2016-11-09,241.81175231933594,0.03961621404175775
2016-11-10,251.39141845703125,-0.05536555940970145
2016-11-11,237.47299194335938,-0.024059325208523052
2016-11-15,231.75955200195312,-0.013160335973165127
2016-11-16,228.7095184326172,0.005447034223832636
2016-11-17,229.95530700683594,-0.011395554091606752
2016-11-18,227.3348388671875,-0.012849515686557678
2016-11-21,224.4136962890625,0.005742706825565991
2016-11-22,225.7024383544922,0.00856497608276574
2016-11-23,227.6355743408203,-0.021324847125934077
2016-11-24,222.78128051757812,0.003085232977041219
2016-11-25,223.46861267089844,-0.0184544615489034
2016-11-28,219.34461975097656,0.0005874099624145757
2016-11-29,219.4734649658203,0.03953832098125809
2016-11-30,228.1510772705078,-0.02410094789972439
2016-12-01,222.6524200439453,0.0013504892388156442
2016-12-02,222.95310974121094,0.005202356644153472
2016-12-05,224.1129913330078,0.0005749799369789699
2016-12-06,224.24185180664062,-0.00881224536289471
2016-12-07,222.26577758789062,0.01565526440626064
2016-12-08,225.7454071044922,0.02169347142384659
2016-12-09,230.64260864257812,-0.013410235948861149
2016-12-12,227.5496368408203,-0.001699022436792652
2016-12-13,227.16302490234375,-0.014561282742214243
2016-12-14,223.85523986816406,-0.000959539628195949
2016-12-15,223.64044189453125,-0.018056084331184108
2016-12-16,219.6023712158203,0.005868594756438972
2016-12-19,220.89112854003906,-0.021392520931250436
2016-12-20,216.16571044921875,0.0065580141961718574
2016-12-21,217.5833282470703,-0.0011845402316946751
2016-12-22,217.32559204101562,-0.004348769365251526
2016-12-23,216.3804931640625,-0.014691081801816441
2016-12-26,213.20162963867188,0.021760784954204748
2016-12-27,217.841064453125,-0.007099042673967881
2016-12-28,216.2946014404297,-0.0025819249171239456
2016-12-29,215.73614501953125,0.01672633360125464
2016-12-30,219.34461975097656,-0.01312176742781146
2017-01-02,216.4664306640625,0.009724069851964723
2017-01-03,218.5713653564453,-0.012971600064310307
2017-01-04,215.73614501953125,0.02449215913106384
2017-01-05,221.01998901367188,0.0034985722240870043
2017-01-06,221.79324340820312,0.002130516567710794
2017-01-09,222.26577758789062,0.005798202851629242
2017-01-10,223.5545196533203,0.017294605528177298
2017-01-11,227.42080688476562,0.01378915410034054
2017-01-12,230.55674743652344,-0.001118084746111525
2017-01-13,230.29896545410156,0.004663260599887087
2017-01-16,231.37290954589844,-0.0033418286509063755
2017-01-17,230.59970092773438,0.00018607012355675856
2017-01-18,230.64260864257812,0.004656577261565209
2017-01-19,231.71661376953125,-0.02317398250205127
2017-01-20,226.34681701660156,-0.022395174824632713
2017-01-23,221.27774047851562,-0.0015531327521308702
2017-01-24,220.93406677246094,0.01088870295083244
2017-01-25,223.33975219726562,0.046354891651819274
2017-01-27,233.69264221191406,-0.004411672237682129
2017-01-30,232.6616668701172,-0.006831515410669731
2017-01-31,231.07223510742188,0.044803827372049465
2017-02-01,241.42515563964844,0.017081805954340057
2017-02-02,245.54913330078125,-0.014870458606683346
2017-02-03,241.897705078125,0.03107776139392593
2017-02-06,249.41534423828125,-0.007578269590920783
2017-02-07,247.52520751953125,-0.007983325167373434
2017-02-08,245.54913330078125,-0.002799101284912009
2017-02-09,244.86181640625,-0.01192988412230267
2017-02-10,241.94064331054688,0.00017741117426761654
2017-02-13,241.9835662841797,0.010651673362808367
2017-02-14,244.56109619140625,-0.013701028403831472
2017-02-15,241.21035766601562,-0.006945803639963222
2017-02-16,239.5349578857422,0.015064692601293617
2017-02-17,243.1434783935547,-0.0022967556678837875
2017-02-20,242.5850372314453,0.008677226072903332
2017-02-21,244.69000244140625,0.004739958907468367
2017-02-22,245.84982299804688,-0.005766194095908839
2017-02-23,244.4322052001953,-0.019859344236936027
2017-02-27,239.57794189453125,-0.008965427635727163
2017-02-28,237.43002319335938,0.009951148486775363
2017-03-01,239.792724609375,-0.0016122755146402712
2017-03-02,239.40611267089844,-0.00968959354848864
2017-03-03,237.08636474609375,0.0028991435793681575
2017-03-06,237.77371215820312,-0.0027100500566716867
2017-03-07,237.12933349609375,-0.005797043442852701
2017-03-08,235.7546844482422,-0.0032799110496615214
2017-03-09,234.98143005371094,-0.010786089092525764
2017-03-10,232.4468994140625,0.06172595650153223
2017-03-14,246.79490661621094,-0.0073107059617034675
2017-03-15,244.99066162109375,-0.002279500847922722
2017-03-16,244.4322052001953,-0.013708253062014841
2017-03-17,241.0814666748047,-0.019779024862472072
2017-03-20,236.3131103515625,-0.01090700752165552
2017-03-21,233.7356414794922,-0.025914442777788538
2017-03-22,227.6785125732422,0.007358553525974143
2017-03-23,229.35389709472656,0.029218870387122342
2017-03-24,236.05535888671875,-0.0058233534521119346
2017-03-27,234.68072509765625,0.01409470042852945
2017-03-28,237.9884796142578,0.018772617200706332
2017-03-29,242.45614624023438,-0.0030120318905326737
2017-03-30,241.72586059570312,-0.015994322847999176
2017-03-31,237.859619140625,0.03557877258222275
2017-04-03,246.32237243652344,-0.006452648807224737
2017-04-05,244.73294067382812,-0.01404255600381521
2017-04-06,241.2962646484375,-0.01246212751663256
2017-04-07,238.28919982910156,0.0010816109426676768
2017-04-10,238.54693603515625,0.021609997868667463
2017-04-11,243.70193481445312,-0.010047679423964895
2017-04-12,241.2532958984375,0.007122673801716051
2017-04-13,242.97166442871094,-0.0014145228236874807
2017-04-17,242.6279754638672,0.0035410647733862266
2017-04-18,243.4871368408203,-0.010056480555797664
2017-04-19,241.03851318359375,-0.027802515715307674
2017-04-20,234.3370361328125,-0.013198817620979186
2017-04-21,231.2440643310547,-0.0018578258745688414
2017-04-24,230.814453125,0.014330926808939104
2017-04-25,234.1222381591797,0.016146840652044414
2017-04-26,237.90257263183594,-0.00993131823287563
2017-04-27,235.53988647460938,0.015867165938665995
2017-04-28,239.27723693847656,-0.010412930123721464
2017-05-02,236.78565979003906,-0.010341097764948182
2017-05-03,234.3370361328125,0.09184241562044693
2017-05-04,255.85911560058594,0.002518311236360482
2017-05-05,256.5034484863281,0.014737947949490238
2017-05-08,260.2837829589844,-0.00775684873887017
2017-05-09,258.2648010253906,-0.00648731669971514
2017-05-10,256.58935546875,0.005190106471041567
2017-05-11,257.92108154296875,-0.01215846829661471
2017-05-12,254.78515625,0.01770386163280957
2017-05-15,259.29583740234375,0.0028160656149054386
2017-05-16,260.0260314941406,0.02345956526428572
2017-05-17,266.1261291503906,-0.005810957980124987
2017-05-18,264.5796813964844,-0.0029229226642946138
2017-05-19,263.80633544921875,-0.010421653032030243
2017-05-22,261.0570373535156,0.007240554681338107
2017-05-23,262.9472351074219,0.002123660453410503
2017-05-24,263.5056457519531,0.03586578251358241
2017-05-25,272.95648193359375,0.012118416348044336
2017-05-26,276.2642822265625,-0.0206811767809304
2017-05-29,270.5508117675781,0.020641574460918743
2017-05-30,276.1354064941406,0.01571249297528121
2017-05-31,280.47418212890625,-0.019451660167619456
2017-06-01,275.01849365234375,-0.0060917867073481125
2017-06-02,273.3431396484375,0.0050290792313596455
2017-06-05,274.7178039550781,-0.0025021237058224788
2017-06-06,274.0304260253906,0.01802798373927783
2017-06-07,278.97064208984375,-0.013858954569968662
2017-06-08,275.1044006347656,0.006089884422207037
2017-06-09,276.7797546386719,-0.01986643393106069
2017-06-12,271.2811279296875,-0.0028504928374885052
2017-06-13,270.5078430175781,0.013339687123230304
2017-06-14,274.1163330078125,-0.007208777672928934
2017-06-15,272.1402893066406,-0.0007893474096363207
2017-06-16,271.92547607421875,0.012954222085653555
2017-06-19,275.44805908203125,0.011301499399172243
2017-06-20,278.56103515625,-0.004616182845363581
2017-06-21,277.275146484375,-0.005152903138892606
2017-06-22,275.84637451171875,0.0077693896205017765
2017-06-23,277.9895324707031,-0.013534287076493623
2017-06-27,274.2271423339844,0.008509800102939336
2017-06-28,276.5607604980469,0.00998803510306323
2017-06-29,279.32305908203125,-0.010571342852691457
2017-06-30,276.3702392578125,-0.0003447400094963582
2017-07-03,276.27496337890625,-0.0018960611635199243
2017-07-04,275.7511291503906,0.0115718419582167
2017-07-05,278.94207763671875,0.0030730690013340833
2017-07-06,279.7992858886719,-0.013787152764863642
2017-07-07,275.941650390625,0.006040772142972717
2017-07-10,277.6085510253906,-0.006176101448913673
2017-07-11,275.8940124511719,0.009321392246774085
2017-07-12,278.4657287597656,0.018984488915605002
2017-07-13,283.75225830078125,0.00117476952555573
2017-07-14,284.0856018066406,0.01760258470453646
2017-07-17,289.08624267578125,0.0013177760526004167
2017-07-18,289.4671936035156,-0.005429160041036329
2017-07-19,287.8956298828125,-0.00545932673321059
2017-07-20,286.32391357421875,0.004823890017140897
2017-07-21,287.7051086425781,0.0033105203372127967
2017-07-24,288.6575622558594,0.0036298738171114397
2017-07-25,289.7053527832031,0.020384775623046858
2017-07-26,295.6109313964844,-0.01014991980140767
2017-07-27,292.6105041503906,-0.03597002626440815
2017-07-28,282.0852966308594,0.021779608326875532
2017-07-31,288.22900390625,0.0
2017-08-01,288.22900390625,-0.002478536082928362
2017-08-02,287.5146179199219,-0.020374409886385947
2017-08-03,281.65667724609375,0.001860049152018206
2017-08-04,282.1805725097656,0.013164342416092323
2017-08-07,285.8952941894531,-0.015492062150140207
2017-08-08,281.4661865234375,-0.016582089027921687
2017-08-09,276.79888916015625,-0.006366270179112843
2017-08-10,275.0367126464844,-0.006233631585272015
2017-08-11,273.3222351074219,0.016901767631288367
2017-08-14,277.9418640136719,0.010795271069795609
2017-08-16,280.94232177734375,-0.0061029220551388486
2017-08-17,279.2277526855469,0.0
2017-08-18,279.2277526855469,0.0011940236520511238
2017-08-21,279.5611572265625,0.0015331864734637879
2017-08-22,279.9897766113281,0.01581892823801967
2017-08-23,284.4189147949219,-0.0030140005637436795
2017-08-24,283.5616760253906,0.010749214168398247
2017-08-28,286.6097412109375,-0.004652760948368084
2017-08-29,285.2762145996094,0.0026710723474532294
2017-08-30,286.0382080078125,-0.007492665023631995
2017-08-31,283.89501953125,0.0008390062554071154
2017-09-01,284.1332092285156,-0.004022887334343861
2017-09-04,282.99017333984375,0.0016830543484098737
2017-09-05,283.4664611816406,-0.007560534498686544
2017-09-06,281.32330322265625,-0.009141823062175036
2017-09-07,278.7514953613281,-0.002220791933199129
2017-09-08,278.1324462890625,-0.00410990137641154
2017-09-11,276.9893493652344,0.0013757676925851836
2017-09-12,277.37042236328125,0.002747315013938989
2017-09-13,278.1324462890625,0.005821692800535017
2017-09-14,279.75164794921875,-0.007150070983632184
2017-09-15,277.75140380859375,0.004801151652313873
2017-09-18,279.0849304199219,0.005631349401397756
2017-09-19,280.65655517578125,-0.01391488594532253
2017-09-20,276.7512512207031,-0.019273569140058733
2017-09-21,271.4172668457031,-0.027548851160488108
2017-09-22,263.9400329589844,0.00866098332633225
2017-09-25,266.22601318359375,0.011628101581738104
2017-09-26,269.32171630859375,-0.022457902622215142
2017-09-27,263.2733154296875,-0.001628155522120256
2017-09-28,262.84466552734375,0.0023554219986916536
2017-09-29,263.4637756347656,0.006507566562081735
2017-10-03,265.17828369140625,-0.008261481107588842
2017-10-04,262.9875183105469,-0.015574102923386235
2017-10-05,258.8917236328125,0.0005521394578849037
2017-10-06,259.03466796875,-0.0007356226072237071
2017-10-09,258.8441162109375,-0.007175714034420078
2017-10-10,256.9867248535156,-0.00815407684248115
2017-10-11,254.8912353515625,-0.00018695502878496306
2017-10-12,254.8435821533203,0.0140159862967415
2017-10-13,258.41546630859375,0.010873598418849495
2017-10-16,261.2253723144531,-0.0012763099467010264
2017-10-17,260.8919677734375,-0.03924776123453433
2017-10-18,250.6525421142578,-0.020140605895317742
2017-10-19,245.604248046875,0.018227600534793886
2017-10-23,250.08102416992188,0.015235174635173765
2017-10-24,253.89105224609375,0.14687694047071576
2017-10-25,291.1817932128906,-0.0210993198619287
2017-10-26,285.0380554199219,0.0063492712679389385
2017-10-27,286.84783935546875,-0.0019923548555603743
2017-10-30,286.2763366699219,-0.00149711594109736
2017-10-31,285.8477478027344,0.044318577200259
2017-11-01,298.51611328125,0.010369998249806667
2017-11-02,301.6117248535156,-0.0023686629034505025
2017-11-03,300.8973083496094,0.0006332783728031366
2017-11-06,301.0878601074219,-0.011546975196854437
2017-11-07,297.6112060546875,-0.022243667123182598
2017-11-08,290.9912414550781,0.01898512679491504
2017-11-09,296.5157470703125,0.02312893439717545
2017-11-10,303.37384033203125,-0.013343689146936955
2017-11-13,299.3257141113281,-0.0004773505717858839
2017-11-14,299.1828308105469,0.0044572297404745775
2017-11-15,300.516357421875,0.010934954891280046
2017-11-16,303.802490234375,0.0192818684078353
2017-11-17,309.6603698730469,-0.020147628583206956
2017-11-20,303.42144775390625,0.004238163506734782
2017-11-21,304.7073974609375,-0.003126097935110761
2017-11-22,303.7548522949219,0.0017249314533398508
2017-11-23,304.27880859375,-0.007043602556634498
2017-11-24,302.1355895996094,-0.0006303799076783356
2017-11-27,301.94512939453125,-0.011987299954781316
2017-11-28,298.32562255859375,0.005268049806793185
2017-11-29,299.897216796875,-0.023185739091925228
2017-11-30,292.9438781738281,-0.007478343213512373
2017-12-01,290.7531433105469,-0.0032761302428920835
2017-12-04,289.80059814453125,0.003286898550639128
2017-12-05,290.7531433105469,-0.018837040413653305
2017-12-06,285.2762145996094,0.021034922059223637
2017-12-07,291.2769775390625,0.016187224476675866
2017-12-08,295.991943359375,0.002252588497199337
2017-12-11,296.65869140625,-0.012361597348067743
2017-12-12,292.99151611328125,-0.015116950286988118
2017-12-13,288.5623779296875,0.004621171004055569
2017-12-14,289.8958740234375,-0.003942918789452854
2017-12-15,288.7528381347656,0.01896763773438459
2017-12-18,294.22979736328125,0.01553894787457577
2017-12-19,298.80181884765625,0.006694216749881354
2017-12-20,300.80206298828125,-0.0011082837003364432
2017-12-21,300.46868896484375,0.003645834073922938
2017-12-22,301.56414794921875,0.004895637916486395
2017-12-26,303.0404968261719,-0.016816060292258905
2017-12-27,297.9445495605469,0.00799238188651552
2017-12-28,300.3258361816406,-0.00412302433971401
2017-12-29,299.08758544921875,-0.011783478030002903
2018-01-01,295.56329345703125,-0.0019333985749948601
2018-01-02,294.9918518066406,0.017113178754254665
2018-01-03,300.04010009765625,-0.0009524280303515598
2018-01-04,299.75433349609375,-0.005719914277133253
2018-01-05,298.0397644042969,0.0039950166733786485
2018-01-08,299.2304382324219,-0.004933921172098454
2018-01-09,297.7540588378906,-0.001919378321079468
2018-01-10,297.18255615234375,-0.00801297750952501
2018-01-11,294.8012390136719,0.026494591589461214
2018-01-12,302.61187744140625,0.036512354898443844
2018-01-15,313.66094970703125,0.014576317162354524
2018-01-16,318.23297119140625,0.02738712015449396
2018-01-17,326.9484558105469,0.00844854135181694
2018-01-18,329.710693359375,0.021522478794812283
2018-01-19,336.806884765625,-0.005938845763253653
2018-01-22,334.806640625,0.03072534141091232
2018-01-23,345.09368896484375,-0.02635932165019017
2018-01-24,335.99725341796875,0.022820795501672153
2018-01-25,343.66497802734375,-0.008730675040896974
2018-01-29,340.66455078125,-0.01230245269686292
2018-01-30,336.4735412597656,-0.0008492081811680707
2018-01-31,336.18780517578125,-0.019124649311986097
2018-02-01,329.7583312988281,-0.0320623133303799
2018-02-02,319.1855163574219,-0.016114433107873527
2018-02-05,314.0420227050781,0.003032885870104529
2018-02-06,314.9944763183594,0.00559401860481068
2018-02-07,316.7565612792969,0.003909444780417104
2018-02-08,317.9949035644531,-0.021267254104272215
2018-02-09,311.2320251464844,-0.0015302323852907085
2018-02-12,310.7557678222656,-0.02237537741171547
2018-02-14,303.802490234375,0.030412355600200947
2018-02-15,313.0418395996094,-0.02312504051812503
2018-02-16,305.802734375,-0.004049181361810317
2018-02-19,304.5644836425781,-0.007818561360260712
2018-02-20,302.1832275390625,0.006146573297757918
2018-02-21,304.0406188964844,-0.0026628048351452493
2018-02-22,303.23101806640625,0.013821277472823246
2018-02-23,307.42205810546875,0.01332283593382555
2018-02-26,311.5177917480469,-0.014982442373808746
2018-02-27,306.8504943847656,-0.02762689190529133
2018-02-28,298.3731689453125,-0.02649622198502377
2018-03-01,290.4674072265625,-0.005246985827748518
2018-03-05,288.9433288574219,-0.027360836578002257
2018-03-06,281.03759765625,-0.028300344009799083
2018-03-07,273.0841369628906,0.03575155885043846
2018-03-08,282.8473205566406,-0.01431227012471814
2018-03-09,278.79913330078125,0.027160947886804454
2018-03-12,286.37158203125,0.012306709929768456
2018-03-13,289.8958740234375,0.005585564759033046
2018-03-14,291.5151062011719,-0.015030096728904985
2018-03-15,287.13360595703125,-0.011113007681962217
2018-03-16,283.94268798828125,-0.011908879333860312
2018-03-19,280.5612487792969,-0.008656942114429356
2018-03-20,278.1324462890625,-0.009589257836759124
2018-03-21,275.4653625488281,-0.02057398208309824
2018-03-22,269.7979431152344,-0.027184379043426077
2018-03-23,262.4636535644531,0.022137551830383906
2018-03-26,268.2739562988281,0.00798846430490241
2018-03-27,270.41705322265625,-0.019548977736889572
2018-03-28,265.13067626953125,-0.05927788179334659
2018-04-02,249.41429138183594,0.03131549348250284
2018-04-03,257.2248229980469,-0.005184165657916018
2018-04-04,255.89132690429688,0.037223047169562706
2018-04-05,265.4163818359375,0.007177627097752826
2018-04-06,267.3214416503906,0.0007127046714177077
2018-04-09,267.511962890625,0.028306839556131225
2018-04-10,275.0843811035156,-0.014716165416661764
2018-04-11,271.03619384765625,0.0077315136026043785
2018-04-12,273.1317138671875,0.005231184874156192
2018-04-13,274.5605163574219,-0.00225502425918378
2018-04-16,273.9413757324219,0.014429771210663134
2018-04-17,277.894287109375,-0.005827121339243013
2018-04-18,276.27496337890625,-0.0015513127282535955
2018-04-19,275.84637451171875,-0.025725268045988625
2018-04-20,268.7501525878906,-0.009746542431332661
2018-04-23,266.1307678222656,0.016821830400364668
2018-04-24,270.6075744628906,-0.01830338066883952
2018-04-25,265.654541015625,-0.00017920801087378813
2018-04-26,265.60693359375,0.03245475795228714
2018-04-27,274.2271423339844,-0.012851725624939192
2018-04-30,270.7028503417969,-0.025686128153764587
2018-05-02,263.7495422363281,0.01805683395342461
2018-05-03,268.51202392578125,0.003370080837842293
2018-05-04,269.41693115234375,0.024571336529284338
2018-05-07,276.036865234375,0.06728769014555391
2018-05-08,294.6107482910156,-0.008082512542981757
2018-05-09,292.22955322265625,0.00016280661477319214
2018-05-10,292.2771301269531,0.013361647397392318
2018-05-11,296.18243408203125,-0.002733556262934922
2018-05-14,295.372802734375,-0.005965940321379426
2018-05-15,293.6106262207031,-0.03568525334025985
2018-05-16,283.133056640625,-0.0042051352360454874
2018-05-17,281.94244384765625,-0.03344608380625391
2018-05-18,272.5125732421875,0.01118493224626338
2018-05-21,275.56060791015625,0.00345664300736348
2018-05-22,276.51312255859375,0.006028287624622264
2018-05-23,278.1800231933594,0.019345935665159297
2018-05-24,283.5616760253906,-0.006886109385864869
2018-05-25,281.6090393066406,0.012176512947609686
2018-05-28,285.0380554199219,-0.031244864229362235
2018-05-29,276.132080078125,-0.017247225333919203
2018-05-30,271.36956787109375,0.003159159707601278
2018-05-31,272.22686767578125,0.01224618371741859
2018-06-01,275.56060791015625,-0.008814373220430216
2018-06-04,273.1317138671875,-0.009241473165303216
2018-06-05,270.6075744628906,-0.0007040499166089953
2018-06-06,270.41705322265625,0.024656625542008426
2018-06-07,277.0846252441406,-0.009109523433480815
2018-06-08,274.5605163574219,-0.0064182827692382816
2018-06-11,272.7983093261719,0.0034917561196345925
2018-06-12,273.7508544921875,0.011656507921502524
2018-06-13,276.94183349609375,-0.020636529830310835
2018-06-14,271.2267150878906,-0.007901608957332162
2018-06-15,269.0835876464844,0.037168163472597326
2018-06-18,279.0849304199219,-0.0006827733676834091
2018-06-19,278.8943786621094,0.0013662608844848823
2018-06-20,279.2754211425781,0.01620043585078701
2018-06-21,283.7998046875,0.009061941908599547
2018-06-22,286.37158203125,-0.03642097294237401
2018-06-25,275.941650390625,-0.005523080149028026
2018-06-26,274.4176025390625,-0.03141273978227144
2018-06-27,265.7973937988281,-0.02741419315520066
2018-06-28,258.5107727050781,0.014738018395016983
2018-06-29,262.3207092285156,0.007262330984297405
2018-07-02,264.22576904296875,-0.016222056674924823
2018-07-03,259.9394836425781,0.0012825062924872732
2018-07-04,260.2728576660156,-0.006221404374751827
2018-07-05,258.6535949707031,-0.00552388213594357
2018-07-06,257.2248229980469,0.004258523483276155
2018-07-09,258.3202209472656,0.00811198401065516
2018-07-10,260.41571044921875,-0.01700807026400797
2018-07-11,255.98654174804688,0.013209560563112399
2018-07-12,259.3680114746094,-0.01670966991180467
2018-07-13,255.0340576171875,-0.03174600895349933
2018-07-16,246.937744140625,0.027772559782571093
2018-07-17,253.79583740234375,-0.014074088948776042
2018-07-18,250.22389221191406,-0.005709730293420701
2018-07-19,248.79518127441406,0.01761099527440635
2018-07-20,253.1767120361328,0.036681657857200234
2018-07-23,262.4636535644531,-0.004355025441231897
2018-07-24,261.32061767578125,0.001093547857433208
2018-07-25,261.60638427734375,0.04005089405222728
2018-07-26,272.0839538574219,0.026431059910738908
2018-07-27,279.2754211425781,0.04826059082116996
2018-07-30,292.75341796875,-0.010086371816618533
2018-07-31,289.80059814453125,-0.016269584441585327
2018-08-01,285.0856628417969,-0.0025057572577629195
2018-08-02,284.3713073730469,0.02160452590011519
2018-08-03,290.5150146484375,0.03311474562575967
2018-08-06,300.1353454589844,-0.006188614247214064
2018-08-07,298.2779235839844,0.01772340024336061
2018-08-08,303.5644226074219,0.044869616059757034
2018-08-09,317.18524169921875,-0.013213225232707404
2018-08-10,312.99420166015625,-0.011259927415569582
2018-08-13,309.46990966796875,0.023238017850821135
2018-08-14,316.661376953125,0.005564764522433707
2018-08-16,318.42352294921875,0.017050532954345332
2018-08-17,323.8528137207031,-0.004558891723518088
2018-08-20,322.37640380859375,0.0011819800579915274
2018-08-21,322.7574462890625,-0.004869557028307936
2018-08-23,321.1857604980469,-0.01653257625100779
2018-08-24,315.875732421875,0.029532058768289682
2018-08-27,325.2041931152344,-0.002942111847358486
2018-08-28,324.2474060058594,0.00516370023394952
2018-08-29,325.9217224121094,0.010861623571146506
2018-08-30,329.4617614746094,-0.005082067540506219
2018-08-31,327.78741455078125,-0.024664326337234255
2018-09-03,319.7027587890625,-0.016908520602289756
2018-09-04,314.29705810546875,0.003500766976156422
2018-09-05,315.3973388671875,-0.0030334960822220314
2018-09-06,314.4405822753906,0.019625685768327905
2018-09-07,320.6116943359375,-0.006565037763887505
2018-09-10,318.5068664550781,-0.019074943519743925
2018-09-11,312.4313659667969,-0.0111775525698955
2018-09-12,308.93914794921875,0.016878458228813953
2018-09-14,314.153564453125,-0.008070770835259977
2018-09-17,311.61810302734375,-0.021031618330714985
2018-09-18,305.06427001953125,0.00658620659989162
2018-09-19,307.073486328125,-0.011995606520413427
2018-09-21,303.38995361328125,-0.026332492479491543
2018-09-24,295.40093994140625,0.007611497796728761
2018-09-25,297.6493835449219,0.006428749022774127
2018-09-26,299.5628967285156,-0.02060038852588464
2018-09-27,293.39178466796875,-0.003587320059306065
2018-09-28,292.33929443359375,0.027655147403160107
2018-10-01,300.4239807128906,-0.03280255880234362
2018-10-03,290.5693054199219,0.042146958816347446
2018-10-04,302.81591796875,-0.029067976851396504
2018-10-05,294.013671875,0.011552234530175731
2018-10-08,297.4101867675781,-0.01479805576644977
2018-10-09,293.00909423828125,0.04440805130793457
2018-10-10,306.02105712890625,-0.025480623768286637
2018-10-11,298.22344970703125,0.024703172862243994
2018-10-12,305.59051513671875,-0.018941758150673227
2018-10-15,299.8020935058594,0.023296822091803504
2018-10-16,306.7865295410156,-0.018244503685099667
2018-10-17,301.1893615722656,0.0020648728141088313
2018-10-19,301.811279296875,0.036931461982059766
2018-10-22,312.9576110839844,-0.012992887856113078
2018-10-23,308.8913879394531,-0.0026329431275392556
2018-10-24,308.0780944824219,-0.006366453120884463
2018-10-25,306.1167297363281,-0.013439661491722599
2018-10-26,302.00262451171875,0.10692225623588958
2018-10-29,334.2934265136719,-0.010589616132805513
2018-10-30,330.7533874511719,0.026901973006959512
2018-10-31,339.65130615234375,-0.003661825742917957
2018-11-01,338.4075622558594,0.0021203110595160446
2018-11-02,339.1250915527344,-0.013542106957322053
2018-11-05,334.5326232910156,0.009867117802328407
2018-11-06,337.83349609375,0.007929718608493008
2018-11-07,340.5124206542969,0.0026693168640616882
2018-11-09,341.4213562011719,-0.012610372377866885
2018-11-12,337.11590576171875,0.024265625647822864
2018-11-13,345.2962341308594,0.0157937480616972
2018-11-14,350.749755859375,0.009274478986490253
2018-11-15,354.0027770996094,-0.006621572844672019
2018-11-16,351.6587219238281,-0.014011703220464078
2018-11-19,346.73138427734375,-0.0124172504557859
2018-11-20,342.4259338378906,-0.003213193432480055
2018-11-21,341.3256530761719,-0.013174502454678771
2018-11-22,336.828857421875,0.012214139662856782
2018-11-26,340.94293212890625,-0.004770489986679172
2018-11-27,339.31646728515625,0.012265708235173145
2018-11-28,343.4784240722656,0.008913558394544774
2018-11-29,346.5400390625,-0.019464442719179798
2018-11-30,339.7948303222656,0.0009856842719009329
2018-12-03,340.1297607421875,0.006891560012532549
2018-12-04,342.4737854003906,-0.018298671176307013
2018-12-05,336.20697021484375,-0.010671672341317828
2018-12-06,332.61907958984375,0.013088133857136475
2018-12-07,336.9724426269531,-0.01660998415763648
2018-12-10,331.3753356933594,-0.01024984374002802
2018-12-11,327.9787902832031,0.020857694309285302
2018-12-12,334.8196716308594,-0.0011430658939525218
2018-12-13,334.43695068359375,0.006722889213538252
2018-12-14,336.6853332519531,0.018613270512907176
2018-12-17,342.9521484375,0.010601132458006202
2018-12-18,346.58782958984375,0.011732422059013814
2018-12-19,350.6541442871094,-0.011869208941331477
2018-12-20,346.4921569824219,-0.021952103492602237
2018-12-21,338.88592529296875,-0.00409370375233209
2018-12-24,337.4986267089844,0.008788103611894416
2018-12-26,340.464599609375,-0.0005621913415362334
2018-12-27,340.273193359375,0.014339997087014389
2018-12-28,345.1527099609375,-0.0016631352672740185
2018-12-31,344.57867431640625,0.009995878189244412
2019-01-01,348.0230407714844,0.0023367200633390706
2019-01-02,348.8362731933594,-0.0037027585529348928
2019-01-03,347.54461669921875,0.005368296807384265
2019-01-04,349.41033935546875,0.0068455522601118535
2019-01-07,351.80224609375,0.03385911482586179
2019-01-08,363.7139587402344,0.0055241660659737235
2019-01-09,365.7231750488281,-0.00719424880655628
2019-01-10,363.0920715332031,-0.002503319731099851
2019-01-11,362.1831359863281,-0.013736667212391085
2019-01-14,357.20794677734375,-0.001607177793402692
2019-01-15,356.63385009765625,0.00684107327476946
2019-01-16,359.0736083984375,-0.0018650151910688528
2019-01-17,358.4039306640625,-0.006940714464526265
2019-01-18,355.9163513183594,-0.0008065050644076033
2019-01-21,355.6293029785156,-0.007129506496078686
2019-01-22,353.0938415527344,-0.004470976637440116
2019-01-23,351.5151672363281,-0.007076734029034637
2019-01-24,349.027587890625,-0.020833289615330486
2019-01-25,341.7561950683594,-0.0382139231392451
2019-01-28,328.69635009765625,0.009605855577741185
2019-01-29,331.853759765625,0.05492264982825379
2019-01-30,350.0800476074219,-0.003962803917177515
2019-01-31,348.6927490234375,-0.026889809910131013
2019-02-01,339.31646728515625,-0.00028195686518650565
2019-02-04,339.2207946777344,-0.00535896124963986
2019-02-05,337.4029235839844,0.01885714921437809
2019-02-06,343.765380859375,-0.0018089567015112662
2019-02-07,343.1435241699219,-0.009898145049411111
2019-02-08,339.7470397949219,-0.01422153987606567
2019-02-11,334.9153137207031,-0.016426071153095245
2019-02-12,329.4139709472656,-0.0010166536087728995
2019-02-14,329.0790710449219,-0.005233295339267863
2019-02-15,327.3569030761719,-0.009937138004691204
2019-02-18,324.1039123535156,0.013284072662408608
2019-02-19,328.4093322753906,0.005680996108561764
2019-02-20,330.2750244140625,0.017670856844641092
2019-02-21,336.11126708984375,0.002134978509481078
2019-02-22,336.828857421875,0.0100838907810743
2019-02-25,340.22540283203125,-0.020809963236329554
2019-02-26,333.14532470703125,-0.007610585291667471
2019-02-27,330.6098937988281,0.013312133512716429
2019-02-28,335.0110168457031,0.01170925520337196
2019-03-01,338.9337463378906,0.025405762791008035
2019-03-05,347.54461669921875,0.02395063302454381
2019-03-06,355.8685302734375,-0.003091989606469392
2019-03-07,354.7681884765625,-0.0005393527972883394
2019-03-08,354.57684326171875,0.014166296719430038
2019-03-11,359.5998840332031,0.03285876899891704
2019-03-12,371.4158935546875,0.009531199724975625
2019-03-13,374.9559326171875,-0.010206684444363456
2019-03-14,371.1288757324219,0.019077059400051777
2019-03-15,378.20892333984375,0.006956746267091196
2019-03-18,380.84002685546875,0.0008792914640054494
2019-03-19,381.1748962402344,-0.013805149724118726
2019-03-20,375.9127197265625,-0.002799826074362577
2019-03-22,374.8602294921875,-0.021184246732587453
2019-03-25,366.9190979003906,0.027640217396276645
2019-03-26,377.0608215332031,-0.0022837549084300246
2019-03-27,376.19970703125,0.018692801804643278
2019-03-28,383.23193359375,-0.005742034556525444
2019-04-01,381.0314025878906,-0.0027622939862820273
2019-04-02,379.9788818359375,-0.012715534342696788
2019-04-03,375.1472473144531,-0.008543601653810295
2019-04-04,371.942138671875,0.004630039875941572
2019-04-05,373.66424560546875,-0.008833548536739344
2019-04-08,370.36346435546875,0.02596211129302972
2019-04-09,379.9788818359375,-0.007427748830870828
2019-04-10,377.156494140625,-0.010527756074604877
2019-04-11,373.1858825683594,0.011665237634372883
2019-04-12,377.5391845703125,-0.004688387646020531
2019-04-15,375.7691345214844,0.03628276087058735
2019-04-16,389.403076171875,-0.006388264540014177
2019-04-18,386.91546630859375,-0.02448060274894892
2019-04-22,377.44354248046875,0.005069505589796908
2019-04-23,379.35699462890625,0.011601694826627762
2019-04-24,383.7581787109375,-0.014211067239189412
2019-04-25,378.3045654296875,0.029843298201299717
2019-04-26,389.59442138671875,0.0007367092712571299
2019-04-30,389.8814392089844,-0.02932527424272846
2019-05-02,378.44805908203125,0.01580100163003162
2019-05-03,384.42791748046875,-0.0012444297953771999
2019-05-06,383.94952392578125,-0.03688025474082157
2019-05-07,369.78936767578125,-0.01112537176314976
2019-05-08,365.6753234863281,-0.002093228187326268
2019-05-09,364.9098815917969,0.009701215995126633
2019-05-10,368.449951171875,-0.022851287229876505
2019-05-13,360.0303955078125,0.01089555087884908
2019-05-14,363.953125,-0.008806461436912327
2019-05-15,360.74798583984375,0.014454203920314601
2019-05-16,365.9623107910156,0.018823612997924455
2019-05-17,372.8510437011719,0.04618933221079824
2019-05-20,390.0727844238281,-0.018518366393741825
2019-05-21,382.8492736816406,0.012995084576138849
2019-05-22,387.8244323730469,0.013568528932154322
2019-05-23,393.0866394042969,0.050869974627858916
2019-05-24,413.08294677734375,0.00868564207985556
2019-05-27,416.67083740234375,-0.0027554899963159185
2019-05-28,415.522705078125,-0.02532805889137424
2019-05-29,404.9983215332031,0.006851111654485376
2019-05-30,407.77301025390625,-0.005865929606150511
2019-05-31,405.38104248046875,-0.0018880529160706372
2019-06-03,404.61566162109375,-0.008985593032546979
2019-06-04,400.9799499511719,-0.018014947663541836
2019-06-06,393.7563171386719,0.012270775975738779
2019-06-07,398.5880126953125,-0.0012001440632261051
2019-06-10,398.1096496582031,0.012617152732215198
2019-06-11,403.1326599121094,-0.007950657429822594
2019-06-12,399.927490234375,0.0038278270658194113
2019-06-13,401.4583435058594,-0.004409126364016913
2019-06-14,399.6882629394531,-0.008497833661716747
2019-06-17,396.2917785644531,0.01919359072899396
2019-06-18,403.8980407714844,-0.005566783838918399
2019-06-19,401.6496276855469,0.032396378612829846
2019-06-20,414.66162109375,-0.005999132151945252
2019-06-21,412.17401123046875,-0.0031336169282690784
2019-06-24,410.8824157714844,0.009779932032536243
2019-06-25,414.90081787109375,0.011530016983598124
2019-06-26,419.68463134765625,0.005243514758992429
2019-06-27,421.88525390625,-0.008731196926926588
2019-06-28,418.2016906738281,0.004346803508237462
2019-07-01,420.01953125,-0.005125334224598932
2019-07-02,417.8667907714844,-0.001831565366522292
2019-07-03,417.1014404296875,0.0005734007044406741
2019-07-04,417.3406066894531,0.0003439748857383407
2019-07-05,417.4841613769531,-0.02394883787943103
2019-07-08,407.48590087890625,0.006104775301220888
2019-07-09,409.9735107421875,0.005600858477720516
2019-07-10,412.26971435546875,-0.010095080009599355
2019-07-11,408.1078186035156,0.0011720738925513619
2019-07-12,408.5861511230469,-0.011122712233758492
2019-07-15,404.04156494140625,0.005446374121822473
2019-07-16,406.24212646484375,0.00023550636723568275
2019-07-17,406.3377990722656,-0.01424541886492836
2019-07-18,400.5493469238281,-0.01994506598413237
2019-07-19,392.56036376953125,0.005375165449805097
2019-07-22,394.6704406738281,0.001093518909363711
2019-07-23,395.1020202636719,-0.008374796270525398
2019-07-24,391.7931213378906,0.001223996023765439
2019-07-25,392.2726745605469,0.016503668004746563
2019-07-26,398.7466125488281,0.032711830718952895
2019-07-29,411.79034423828125,-0.009316305736090436
2019-07-30,407.9539794921875,-0.0017632622063885606
2019-07-31,407.2346496582031,-0.01778157133420233
2019-08-01,399.9933776855469,-0.015465649112385349
2019-08-02,393.8072204589844,-0.019361955630982752
2019-08-05,386.1823425292969,0.01887506052231691
2019-08-06,393.4715576171875,-0.004509559866708868
2019-08-07,391.6971740722656,0.01469155013820278
2019-08-08,397.4518127441406,0.01387554889351339
2019-08-09,402.9666748046875,-0.023563033325527893
2019-08-13,393.4715576171875,0.017184538669613447
2019-08-14,400.2331848144531,0.003954070049343228
2019-08-16,401.81573486328125,0.010621797507621045
2019-08-19,406.083740234375,-0.01535191084812959
2019-08-20,399.8495788574219,-0.011633555740069745
2019-08-21,395.1979064941406,-0.03142817539514953
2019-08-22,382.7775573730469,-0.009270935524647306
2019-08-23,379.2288513183594,0.04109766081085442
2019-08-26,394.81427001953125,0.016883232124480063
2019-08-27,401.4800109863281,-0.013497346434780289
2019-08-28,396.06109619140625,-0.02070475484526657
2019-08-29,387.8607482910156,0.012982259380659444
2019-08-30,392.89605712890625,-0.04271929030112276
2019-09-03,376.11181640625,0.013642657122048263
2019-09-04,381.24298095703125,-0.021383750501297927
2019-09-05,373.090576171875,0.006041258910114644
2019-09-06,375.3445129394531,0.010476621860011637
2019-09-09,379.27685546875,-0.0021495566836046143
2019-09-11,378.4615783691406,0.02052715054047405
2019-09-12,386.2303161621094,0.026570569915680187
2019-09-13,396.49267578125,-0.003023643593668579
2019-09-16,395.2938232421875,-0.027902519480447308
2019-09-17,384.2641296386719,-0.003244711321474081
2019-09-18,383.0173034667969,-0.03192695617005281
2019-09-19,370.7887268066406,0.07992762142896237
2019-09-20,400.42498779296875,0.06898211327290049
2019-09-23,428.0471496582031,-0.01209952853396512
2019-09-24,422.86798095703125,-0.015196147840102592
2019-09-25,416.4420166015625,0.04087990214255166
2019-09-26,433.46612548828125,-0.006084772418232909
2019-09-27,430.8285827636719,-0.03450580918244739
2019-09-30,415.9624938964844,-0.020982286543491213
2019-10-01,407.2346496582031,0.006358911487444274
2019-10-03,409.82421875,-0.031359612543487625
2019-10-04,396.9722900390625,0.005315195555223529
2019-10-07,399.082275390625,0.04950735360241176
2019-10-09,418.83978271484375,-0.029768643645813442
2019-10-10,406.3714904785156,0.011446697017666319
2019-10-11,411.0231018066406,0.0007000086498736291
2019-10-14,411.3108215332031,0.006995486588979194
2019-10-15,414.1881408691406,0.007988805283656086
2019-10-16,417.49700927734375,0.012175614094821707
2019-10-17,422.5802917480469,-0.006355044023262368
2019-10-18,419.894775390625,0.030493464985240415
2019-10-22,432.6988220214844,0.008755331510172937
2019-10-23,436.48724365234375,-0.0007690095109955664
2019-10-24,436.1515808105469,0.031555824085324424
2019-10-25,449.9147033691406,0.0009591797490369203
2019-10-27,450.34625244140625,0.01671816106123858
2019-10-29,457.8752136230469,-0.013091743311879678
2019-10-30,451.8808288574219,-0.01719200571666646
2019-10-31,444.1120910644531,-0.0017277247844295074
2019-11-01,443.34478759765625,0.01784771002239749
2019-11-04,451.2574768066406,-0.004569749854684613
2019-11-05,449.1953430175781,0.02636917290459362
2019-11-06,461.0402526855469,-0.004472652315919756
2019-11-07,458.9781799316406,0.022777169133333386
2019-11-08,469.4324035644531,0.015016810488324817
2019-11-11,476.4817810058594,-0.022242368792613765
2019-11-13,465.8836975097656,0.02655692094308182
2019-11-14,478.2561340332031,0.0024065346150403677
2019-11-15,479.4070739746094,-0.003000850902059926
2019-11-18,477.96844482421875,-0.00973217461038034
2019-11-19,473.3167724609375,0.003039463704002543
2019-11-20,474.7554016113281,0.00656575249963276
2019-11-21,477.8725280761719,-0.0029102888084221457
2019-11-22,476.4817810058594,0.0020128281205415988
2019-11-25,477.44085693359375,0.025914071541552897
2019-11-26,489.81329345703125,-0.010181990232895566
2019-11-27,484.8260192871094,0.027003019303031728
2019-11-28,497.91778564453125,-0.012616995704156198
2019-11-29,491.63555908203125,-0.0033163429674423206
2019-12-02,490.005126953125,-0.0030338514873240463
2019-12-03,488.5185241699219,0.03906932724879009
2019-12-04,507.6046142578125,-0.002172764475457112
2019-12-05,506.501708984375,-0.006248942583042427
2019-12-06,503.33660888671875,0.0032394299418176953
2019-12-09,504.9671325683594,0.0041784607660120265
2019-12-10,507.0771179199219,0.00917344064899761
2019-12-11,511.728759765625,0.0033735027129717654
2019-12-12,513.455078125,0.003175532258862024
2019-12-13,515.0855712890625,0.0040967337752255695
2019-12-16,517.1957397460938,0.0035233577637252544
2019-12-17,519.0180053710938,0.0004619224983892778
2019-12-18,519.2577514648438,-0.0022163923465818858
2019-12-19,518.1068725585938,0.01092174350660402
2019-12-20,523.7655029296875,-0.0087895015413616
2019-12-23,519.161865234375,-0.00036974126811029073
2019-12-24,518.9699096679688,-0.004342685582624961
2019-12-26,516.7161865234375,0.01976794373838131
2019-12-27,526.9306030273438,-0.00992015619644604
2019-12-30,521.703369140625,-0.009283671604199961
2019-12-31,516.8600463867188,-0.003989615309447636
2020-01-01,514.7979736328125,0.007172726141005059
2020-01-02,518.490478515625,-0.0032372181677863265
2020-01-03,516.81201171875,-0.024403633774898847
2020-01-06,504.1999206542969,-0.005326292701388957
2020-01-07,501.514404296875,0.005832736589324483
2020-01-08,504.4396057128906,0.03869178680003005
2020-01-09,523.957275390625,-0.011074474087997555
2020-01-10,518.1547241210938,-0.003054262545016173
2020-01-13,516.5721435546875,-0.0018565565761188285
2020-01-14,515.6130981445312,-0.003720137952994862
2020-01-15,513.6949462890625,0.0028940002457114034
2020-01-16,515.1815795898438,-0.009494730020549125
2020-01-17,510.2900695800781,0.005262844708673553
2020-01-20,512.9756469726562,-0.007104746178666854
2020-01-21,509.3310852050781,-0.015441323575574262
2020-01-22,501.4663391113281,0.00927626250384228
2020-01-23,506.1180725097656,0.011654211344741316
2020-01-24,512.0164794921875,0.006369028134632471
2020-01-27,515.2775268554688,-0.016845158556778372
2020-01-28,506.59759521484375,-0.0030291219558330473
2020-01-29,505.06304931640625,0.010634320219099713
2020-01-30,510.4340515136719,-0.012307437153019518
2020-01-31,504.15191650390625,-0.01921434862485283
2020-02-03,494.4649658203125,0.02958001627884066
2020-02-04,509.09124755859375,0.01563682606455785
2020-02-05,517.0518188476562,0.004637262631565164
2020-02-06,519.4495239257812,-0.009508779635330367
2020-02-07,514.5101928710938,-0.004660288846565219
2020-02-10,512.1124267578125,0.01086258782306082
2020-02-11,517.67529296875,0.017693258529766664
2020-02-12,526.8346557617188,-0.015110304983086076
2020-02-13,518.8740234375,0.008872596348387995
2020-02-14,523.477783203125,-0.007695186704381407
2020-02-17,519.4495239257812,-0.0007383680304032803
2020-02-18,519.0659790039062,0.006651751209994616
2020-02-19,522.5186767578125,0.0040382219441637
2020-02-20,524.6287231445312,-0.03135285521510811
2020-02-24,508.18011474609375,0.002076021168810227
2020-02-25,509.235107421875,-0.013654715851314614
2020-02-26,502.2816467285156,-0.01594433118159233
2020-02-27,494.2731018066406,-0.035121698166270976
2020-02-28,476.91339111328125,0.017797922610516492
2020-03-02,485.4014587402344,0.01709142703199218
2020-03-03,493.6976623535156,-0.012433082150902885
2020-03-04,487.5594787597656,-0.007573632749259596
2020-03-05,483.86688232421875,-0.03597624776495001
2020-03-06,466.45916748046875,-0.058805291537405435
2020-03-09,439.0289001464844,0.01725832694464291
2020-03-11,446.6058044433594,-0.0859014243105225
2020-03-12,408.2417297363281,0.05062843563314323
2020-03-13,428.9103698730469,-0.09906083694693568
2020-03-16,386.4221496582031,-0.08848358364500042
2020-03-17,352.2301330566406,-0.033219900021461024
2020-03-18,340.5290832519531,-0.0464723751680004
2020-03-19,324.7038879394531,0.021119659335048002
2020-03-20,331.5615234375,-0.17847841357921057
2020-03-23,272.38494873046875,0.04401384346664794
2020-03-24,284.3736572265625,0.06880280169592146
2020-03-25,303.9393615722656,0.04212697744913507
2020-03-26,316.743408203125,0.029068851016008423
2020-03-27,325.9507751464844,-0.07782839321752066
2020-03-30,300.5825500488281,0.033024758949423694
2020-03-31,310.50921630859375,-0.03891892943778752
2020-04-01,298.4245300292969,-0.07874012849257706
2020-04-03,274.9265441894531,0.1376243188182924
2020-04-07,312.76312255859375,-0.021925776948354625
2020-04-08,305.9055480957031,0.07446313630216062
2020-04-09,328.6842346191406,-0.03516207728179044
2020-04-13,317.12701416015625,-0.009980255240329305
2020-04-15,313.9620056152344,0.04475322337186749
2020-04-16,328.0128173828125,0.09809948043992711
2020-04-17,360.1907043457031,-0.03794452960836425
2020-04-20,346.5234375,-0.08151112120955928
2020-04-21,318.2779235839844,0.012355059015769942
2020-04-22,322.21026611328125,0.05060282135586558
2020-04-23,338.5150146484375,-0.05128213218708921
2020-04-24,321.1552429199219,0.038972634403672046
2020-04-27,333.6715087890625,0.0343491545625525
2020-04-28,345.1328430175781,0.029456696441242824
2020-04-29,355.29931640625,0.026184269837408847
2020-04-30,364.6025695800781,-0.1107458030046462
2020-05-04,324.224365234375,-0.02129857690717707
2020-05-05,317.31884765625,0.03188748424682508
2020-05-06,327.4373474121094,-0.013620247865061663
2020-05-07,322.9775695800781,0.002821040525150531
2020-05-08,323.8887023925781,-0.051969319294820515
2020-05-11,307.0564270019531,0.0032798876920974163
2020-05-12,308.06353759765625,0.052459397703292776
2020-05-13,324.224365234375,-0.03150425482088792
2020-05-14,314.0099182128906,-0.014355442944281815
2020-05-15,309.5021667480469,-0.07499225726641123
2020-05-18,286.2919006347656,0.006030137040913486
2020-05-19,288.0182800292969,0.017815518750537107
2020-05-20,293.14947509765625,-0.004089664688095573
2020-05-21,291.9505920410156,-0.04385668652421959
2020-05-22,279.1466064453125,0.005669024724403782
2020-05-26,280.7290954589844,0.08934059838039876
2020-05-27,305.8096008300781,0.025090389769487853
2020-05-28,313.48248291015625,0.015603190516066956
2020-05-29,318.3738098144531,0.021991430028143855
2020-06-01,325.37530517578125,0.026971276596343463
2020-06-02,334.1510925292969,0.024253792172273636
2020-06-03,342.2555236816406,-0.02522079969655
2020-06-04,333.6235656738281,0.02687945868421271
2020-06-05,342.5911865234375,0.007278798877038195
2020-06-08,345.0848388671875,-0.03126743274960342
2020-06-09,334.294921875,0.012767277064016591
2020-06-10,338.5629577636719,-0.03328618786084159
2020-06-11,327.2934875488281,0.00864476785619206
2020-06-12,330.12286376953125,-0.03805928301507955
2020-06-15,317.5586242675781,0.03578969380519115
2020-06-16,328.9239501953125,-0.002915798400100922
2020-06-17,327.9648742675781,0.02939036562950692
2020-06-18,337.6038818359375,0.03352248711062966
2020-06-19,348.92120361328125,0.010307912309932776
2020-06-22,352.5178527832031,0.023398222105640798
2020-06-23,360.7661437988281,-0.07457121866484062
2020-06-24,333.8633728027344,0.008330869142557651
2020-06-25,336.6447448730469,-0.00541320394246303
2020-06-26,334.8224182128906,-0.01718677211722308
2020-06-29,329.0679016113281,0.024336873476580534
2020-06-30,337.0763854980469,0.03585120538392772
2020-07-01,349.1609802246094,-0.0032962143223671525
2020-07-02,348.01007080078125,-0.005098392664628415
2020-07-03,346.23577880859375,0.0023545113311462806
2020-07-06,347.0509948730469,0.039242828565567045
2020-07-07,360.6702575683594,-0.018880490433469066
2020-07-08,353.8606262207031,0.0037946392958183583
2020-07-09,355.2033996582031,-0.027001526293880973
2020-07-10,345.61236572265625,-0.018731877525049345
2020-07-13,339.1383972167969,-0.022765731353157848
2020-07-14,331.41766357421875,0.0007233956427199484
2020-07-15,331.65740966796875,-0.0033255273630696802
2020-07-16,330.5544738769531,0.026548594950205562
2020-07-17,339.3302307128906,0.02600355260233833
2020-07-20,348.1540222167969,0.04352589967086273
2020-07-21,363.3077392578125,0.006071885887352968
2020-07-22,365.5137023925781,0.029257370261530413
2020-07-23,376.2076721191406,-0.02664109147842808
2020-07-24,366.1850891113281,-0.06102680747549427
2020-07-27,343.8379821777344,-0.017851964913454754
2020-07-28,337.6997985839844,-0.002982265905772108
2020-07-29,336.69268798828125,-0.01737627241667672
2020-07-30,330.84222412109375,0.005362955097104161
2020-07-31,332.61651611328125,-0.010236460033958505
2020-08-03,329.2117004394531,0.022578311839073884
2020-08-04,336.6447448730469,0.0034188561055372713
2020-08-05,337.7956848144531,0.018597259399746546
2020-08-06,344.0777587890625,-0.002229851863546295
2020-08-07,343.3105163574219,0.015644557641565804
2020-08-10,348.68145751953125,0.010452585659878944
2020-08-11,352.3260803222656,-0.0013611928466825685
2020-08-12,351.84649658203125,0.0032712289881107193
2020-08-13,352.9974670410156,-0.018068264940471757
2020-08-14,346.6194152832031,-0.003320295561948461
2020-08-17,345.4685363769531,0.02595758615508248
2020-08-18,354.4360656738281,0.013259502774242593
2020-08-19,359.1357116699219,-0.017892943152790552
2020-08-20,352.709716796875,0.00924543797704569
2020-08-21,355.9706726074219,0.024787716040031826
2020-08-24,364.79437255859375,0.01577502040810863
2020-08-25,370.54901123046875,0.007764934546188318
2020-08-26,373.4263000488281,0.007319861923813953
2020-08-27,376.15972900390625,0.04462022641242469
2020-08-28,392.9440612792969,-0.03685634760073997
2020-08-31,378.4615783691406,-0.009249901765353008
2020-09-01,374.9608459472656,0.0037090461186661816
2020-09-02,376.3515930175781,-0.024592352644346893
2020-09-03,367.0962219238281,-0.02664924433924687
2020-09-04,357.3133850097656,0.0022815156068973774
2020-09-07,358.12860107421875,0.00615969550644313
2020-09-08,360.3345642089844,-0.021559706026105685
2020-09-09,352.56585693359375,0.008432963630361279
2020-09-10,355.5390319824219,-0.0005393851129880112
2020-09-11,355.3472595214844,-0.018353542707204462
2020-09-14,348.82537841796875,0.021583666584720884
2020-09-15,356.35430908203125,0.008477935034441053
2020-09-16,359.3754577636719,-0.015212191900231153
2020-09-17,353.9085693359375,0.0014904876106289766
2020-09-18,354.4360656738281,-0.05100790319679571
2020-09-21,336.3570251464844,0.010550233098255646
2020-09-22,339.9056701660156,-0.007195168911842464
2020-09-23,337.4599914550781,-0.04590035222816946
2020-09-24,321.970458984375,0.03857614663733688
2020-09-25,334.3908386230469,0.04115897328534479
2020-09-28,348.1540222167969,-0.01639120812888073
2020-09-29,342.4473571777344,-0.006441847501830189
2020-09-30,340.2413635253906,0.0407329642787726
2020-10-01,354.10040283203125,0.010563413662586063
2020-10-05,357.8409118652344,0.0201018597475926
2020-10-06,365.0341796875,0.00538622440107539
2020-10-07,367.0003356933594,0.012674761827982994
2020-10-08,371.6519775390625,0.036128957985241295
2020-10-09,385.0793762207031,0.00635110281661988
2020-10-12,387.5250549316406,-0.019304447379717482
2020-10-13,380.0440979003906,0.026624541235505284
2020-10-14,390.16259765625,-0.03883972652627543
2020-10-15,375.0087890625,0.0130436396021969
2020-10-16,379.9002685546875,0.053016844020342235
2020-10-19,400.0413818359375,-0.005993795197579366
2020-10-20,397.64361572265625,0.013748134495309428
2020-10-21,403.1104736328125,-0.017606315150043295
2020-10-22,396.01318359375,0.009808531690987499
2020-10-23,399.8974914550781,-0.02997953042928403
2020-10-26,387.90875244140625,0.013598779135604921
2020-10-27,393.183837890625,-0.03390664031429125
2020-10-28,379.852294921875,0.009720816260946341
2020-10-29,383.5447692871094,-0.01825438345575403
2020-10-30,376.54339599609375,0.06329596921005631
2020-11-02,400.3770751953125,0.06324101211961741
2020-11-03,425.69732666015625,-0.015320536946430763
2020-11-04,419.1754150390625,0.0033178164091109963
2020-11-05,420.566162109375,0.009806175292675912
2020-11-06,424.6903076171875,0.04494126723201042
2020-11-09,443.77642822265625,0.04570989321306107
2020-11-10,464.0614013671875,0.0055803609593982895
2020-11-11,466.6510314941406,-0.020244622715216765
2020-11-12,457.203857421875,0.01856517063267238
2020-11-13,465.6919250488281,0.002780312943956753
2020-11-14,466.9866943359375,-0.0010269098209279015
2020-11-17,466.50714111328125,0.023129026345196202
2020-11-18,477.2969970703125,-0.03797841543911451
2020-11-19,459.1700134277344,0.003028761704956695
2020-11-20,460.56072998046875,-0.02488547643618122
2020-11-23,449.0994567871094,0.02124932497359522
2020-11-24,458.64251708984375,-0.011501452078868879
2020-11-25,453.3674621582031,0.005500222301576985
2020-11-26,455.861083984375,-0.004102651714566141
2020-11-27,453.9908447265625,0.024823054976038428
2020-12-01,465.2602844238281,-0.009585554540839869
2020-12-02,460.8005065917969,0.0029139354247962324
2020-12-03,462.14324951171875,0.041921720922031946
2020-12-04,481.51708984375,0.016731405155620882
2020-12-07,489.57354736328125,-0.004016058499174635
2020-12-08,487.6073913574219,0.006097539986277267
2020-12-09,490.5805969238281,-0.00889542339526772
2020-12-10,486.2166748046875,0.016766957387573944
2020-12-11,494.3690490722656,0.0200795889498957
2020-12-14,504.2957763671875,-0.014739454070266889
2020-12-15,496.86273193359375,-0.010809831070170639
2020-12-16,491.4917297363281,-0.004000384720439065
2020-12-17,489.52557373046875,0.013224922937010497
2020-12-18,495.99951171875,-0.0437977514429414
2020-12-21,474.2758483886719,0.011729050076407121
2020-12-22,479.8386535644531,0.006596112165134338
2020-12-23,483.00372314453125,0.019757610159709893
2020-12-24,492.5467224121094,0.012754332140152425
2020-12-28,498.8288269042969,0.016727597351290813
2020-12-29,507.17303466796875,-9.453009516913191e-05
2020-12-30,507.1250915527344,0.011914987084379547
2020-12-31,513.16748046875,-0.014110933074016563
2021-01-01,505.92620849609375,0.00796214785811955
2021-01-04,509.9544677734375,0.010438302669006472
2021-01-05,515.2775268554688,0.01758938640824126
2021-01-06,524.3409423828125,-0.010243397531452869
2021-01-07,518.9699096679688,0.0017558915571724842
2021-01-08,519.8811645507812,0.0048889769143973805
2021-01-11,522.4228515625,0.006058151902662123
2021-01-12,525.5877685546875,0.015511024557467445
2021-01-13,533.7401733398438,-0.005750275106380376
2021-01-14,530.6710205078125,-0.018615531586929412
2021-01-15,520.7922973632812,-0.018139944854248857
2021-01-18,511.34515380859375,0.02494605138126249
2021-01-19,524.1011962890625,0.008326545841944366
2021-01-20,528.4651489257812,0.0030854526595238685
2021-01-21,530.095703125,-0.03419591142887668
2021-01-22,511.9685974121094,0.007961701905206509
2021-01-25,516.0447387695312,-0.029179490133327768
2021-01-27,500.98681640625,0.011295212281230205
2021-01-28,506.64556884765625,0.016564024951086553
2021-01-29,515.0376586914062,0.12439489252494873
2021-02-01,579.105712890625,0.022441133432011595
2021-02-02,592.1015014648438,0.008099172548454048
2021-02-03,596.8970336914062,0.009560449594823384
2021-02-04,602.6036376953125,-0.022520985899201595
2021-02-05,589.0324096679688,0.025156602516271498
2021-02-08,603.8504638671875,0.005956242319441252
2021-02-09,607.4471435546875,-0.0018947161964926185
2021-02-10,606.2962036132812,-0.0023727653649141534
2021-02-11,604.8576049804688,0.026876927285575558
2021-02-12,621.1143188476562,0.04068890407226089
2021-02-15,646.3867797851562,-0.02314718772216462
2021-02-16,631.4247436523438,-0.0015190527297372913
2021-02-17,630.465576171875,-0.019319916031175777
2021-02-18,618.2850341796875,-0.031955338123996646
2021-02-19,598.5275268554688,-0.022754613754968123
2021-02-22,584.9082641601562,0.010576390591097606
2021-02-23,591.094482421875,0.040240107586438256
2021-02-24,614.8801879882812,-0.020433688163930097
2021-02-25,602.31591796875,-0.04816877076842885
2021-02-26,573.3031005859375,0.017733102892175667
2021-03-01,583.4695434570312,0.003534156627419849
2021-03-02,585.5316162109375,0.035380862785158396
2021-03-03,606.2482299804688,-0.017955815149669707
2021-03-04,595.362548828125,-0.01820395266966157
2021-03-05,584.5245971679688,-0.002297101625576059
2021-03-08,583.181884765625,0.028040518053026986
2021-03-09,599.5346069335938,0.0007996721903942294
2021-03-10,600.0140380859375,-0.020380280816183705
2021-03-12,587.7855834960938,-0.015256671172247493
2021-03-15,578.8179321289062,-0.01416735199037722
2021-03-16,570.6176147460938,-0.009160338983884797
2021-03-17,565.3905639648438,-0.018490269026602557
2021-03-18,554.9363403320312,0.013912882611970767
2021-03-19,562.6571044921875,-0.022500660080398527
2021-03-22,549.9969482421875,0.02258268922390605
2021-03-23,562.4173583984375,-0.032230538210583415
2021-03-24,544.2903442382812,0.007136406855032362
2021-03-25,548.1746215820312,0.012247345677287136
2021-03-26,554.8883056640625,0.022297165748755177
2021-03-30,567.2607421875,-0.01580847858833656
2021-03-31,558.293212890625,0.02113035903495275
2021-04-01,570.0901489257812,-0.03894701241076759
2021-04-05,547.8868408203125,-0.009365150060524186
2021-04-06,542.7557983398438,0.02076331420900135
2021-04-07,554.0252075195312,-0.0016446794031914624
2021-04-08,553.114013671875,-0.018207017706478146
2021-04-09,543.04345703125,-0.0488343330459029
2021-04-12,516.5242919921875,0.040943151468544325
2021-04-13,537.6724243164062,0.026043607695342086
2021-04-15,551.6753540039062,-0.014342740823324318
2021-04-16,543.7628173828125,-0.012699727579158604
2021-04-19,536.857177734375,-0.0011611133773267168
2021-04-20,536.2338256835938,0.0359505352759697
2021-04-22,555.51171875,-0.015969997925617596
2021-04-23,546.6401977539062,0.03710823162578847
2021-04-26,566.925048828125,0.012942132744792056
2021-04-27,574.2622680664062,0.0377451198692107
2021-04-28,595.9378662109375,0.00016110454835116528
2021-04-29,596.0338745117188,-0.033711610326192853
2021-04-30,575.9406127929688,-0.006244667483590649
2021-05-03,572.3440551757812,-0.008713929458259995
2021-05-04,567.356689453125,0.019017764587268005
2021-05-05,578.1465454101562,0.008958386580398825
2021-05-06,583.3258056640625,-0.0018086868448009552
2021-05-07,582.270751953125,0.01013005973632497
2021-05-10,588.169189453125,-0.0055441960433200155
2021-05-11,584.9082641601562,-0.02476026378418672
2021-05-12,570.42578125,0.0042874617370523005
2021-05-14,572.8714599609375,0.044031670396719624
2021-05-17,598.095947265625,0.015394515717807256
2021-05-18,607.3033447265625,-0.012239526643965326
2021-05-19,599.8702392578125,-0.010952075613683498
2021-05-20,593.3004150390625,0.038554686865074794
2021-05-21,616.1749267578125,0.007627129556897705
2021-05-24,620.8745727539062,0.004556934350555597
2021-05-25,623.703857421875,0.0033831880254793223
2021-05-26,625.81396484375,-0.0003831923580773777
2021-05-27,625.5741577148438,-0.014104913581829637
2021-05-28,616.75048828125,0.03063522034985211
2021-05-31,635.644775390625,-0.019087122028298542
2021-06-01,623.5121459960938,-0.002692053142524964
2021-06-02,621.8336181640625,0.002930667693221478
2021-06-03,623.656005859375,-0.011611003348998561
2021-06-04,616.4147338867188,0.008557787791854565
2021-06-07,621.6898803710938,-0.008947877955582495
2021-06-08,616.1270751953125,-0.0098070993417686
2021-06-09,610.0846557617188,0.006760056172564255
2021-06-10,614.2088623046875,-0.007339118240543452
2021-06-11,609.7011108398438,-0.0008653221738406103
2021-06-14,609.1735229492188,0.015980443854684
2021-06-15,618.9083862304688,-0.008058227677081198
2021-06-16,613.9210815429688,-0.011092030478154657
2021-06-17,607.1114501953125,-0.00410740456788905
2021-06-18,604.6177978515625,0.0013482658793235736
2021-06-21,605.4329833984375,-0.0006335051647203827
2021-06-22,605.0494384765625,-0.009748787718914187
2021-06-23,599.1509399414062,0.014967163921846272
2021-06-24,608.1185302734375,0.0235785645362121
2021-06-25,622.4570922851562,0.002002973622071913
2021-06-28,623.703857421875,-0.015684969336800414
2021-06-29,613.9210815429688,-0.01437264446338482
2021-06-30,605.097412109375,-7.92824954336524e-05
2021-07-01,605.0494384765625,0.014900440123351455
2021-07-02,614.06494140625,0.011870479999681827
2021-07-05,621.3541870117188,0.0037815314667091204
2021-07-06,623.703857421875,0.0056898270671481566
2021-07-07,627.2526245117188,-0.018501481038993517
2021-07-08,615.6475219726562,-0.005218816848090779
2021-07-09,612.4345703125,0.012058446932309508
2021-07-12,619.819580078125,0.028936229631464805
2021-07-13,637.7548217773438,-0.0009023851621809964
2021-07-14,637.1793212890625,0.004666294875275145
2021-07-15,640.152587890625,-0.01071245373398444
2021-07-16,633.2949829101562,-0.006663804265748419
2021-07-19,629.0748291015625,-0.0213445309011695
2021-07-20,615.6475219726562,0.021888277604057427
2021-07-22,629.1229858398438,0.03155705947998699
2021-07-23,648.9762573242188,0.0001477499822013506
2021-07-26,649.0721435546875,0.001034379190998802
2021-07-27,649.7435302734375,0.011218462663396878
2021-07-28,657.0326538085938,0.0065151094449020786
2021-07-29,661.3132934570312,-0.007272848429393908
2021-07-30,656.503662109375,-0.0016117282047601877
2021-08-02,655.445556640625,0.013208248206041162
2021-08-03,664.1028442382812,0.035124520468011955
2021-08-04,687.4291381835938,-0.01707136184757685
2021-08-05,675.6937866210938,-0.006833164010479287
2021-08-06,671.07666015625,0.007453442135095134
2021-08-09,676.0784912109375,-0.0027742494043895283
2021-08-10,674.202880859375,-0.010486559105714721
2021-08-11,667.1328125,0.011246439257316165
2021-08-12,674.6356811523438,0.00491901417784546
2021-08-13,677.9542236328125,-0.0030503433594397666
2021-08-16,675.88623046875,-0.002063624509198392
2021-08-17,674.491455078125,-0.018397197396620824
2021-08-18,662.0827026367188,-0.011041650553216376
2021-08-20,654.772216796875,0.002938163953277284
2021-08-23,656.696044921875,0.017211144062424744
2021-08-24,667.99853515625,-0.004896071885683417
2021-08-25,664.7279663085938,0.011214772549163365
2021-08-26,672.1827392578125,0.001359479061280311
2021-08-27,673.0965576171875,0.01986432008519401
2021-08-30,686.4671630859375,0.007566765341184611
2021-08-31,691.6614990234375,0.001182208333752488
2021-09-01,692.4791870117188,0.007292532183681422
2021-09-02,697.5291137695312,-0.0011721760955702987
2021-09-03,696.7114868164062,-0.004348956948541316
2021-09-06,693.6815185546875,-0.005893388617506767
2021-09-07,689.5933837890625,0.005649257967881516
2021-09-08,693.4890747070312,-0.0009708571239974706
2021-09-09,692.8157958984375,-0.01784092352684241
2021-09-13,680.455322265625,7.059194982672601e-05
2021-09-14,680.5033569335938,0.009753199441726146
2021-09-15,687.1404418945312,0.017988456143034348
2021-09-16,699.5010375976562,-0.009694584719419752
2021-09-17,692.7196655273438,-0.01409442990491494
2021-09-20,682.9561767578125,0.0026056445145177243
2021-09-21,684.7357177734375,-0.01194067767149698
2021-09-22,676.5595092773438,0.01940702141166728
2021-09-23,689.6895141601562,0.008298588842547083
2021-09-24,695.4129638671875,0.009751575571156135
2021-09-27,702.1943359375,-0.017602639326775527
2021-09-28,689.8338623046875,-0.010667267845536399
2021-09-29,682.4752197265625,-0.012191645007715302
2021-09-30,674.1547241210938,-0.012128270074893921
2021-10-01,665.9783935546875,0.01133824379845283
2021-10-04,673.5294189453125,-0.004427324939153321
2021-10-05,670.5474853515625,-0.010902173171009166
2021-10-06,663.237060546875,0.018419126863207458
2021-10-07,675.4533081054688,0.0017089217880028595
2021-10-08,676.6076049804688,0.014074462234087148
2021-10-11,686.1304931640625,-0.006589119910560437
2021-10-12,681.6094970703125,0.001905172961874202
2021-10-13,682.9080810546875,0.024438441200754335
2021-10-14,699.5972900390625,0.024955239839604904
2021-10-18,717.055908203125,0.0026830392695282868
2021-10-19,718.9797973632812,-0.002140704844281749
2021-10-20,717.440673828125,0.012938226123199392
2021-10-21,726.7230834960938,0.005029718314105702
2021-10-22,730.3782958984375,0.10852112535994185
2021-10-25,809.6397705078125,-0.014613266744756048
2021-10-26,797.8082885742188,0.006751743190477555
2021-10-27,803.1948852539062,-0.04347300761538486
2021-10-28,768.277587890625,0.0041943330902343146
2021-10-29,771.5,0.0023065988536941084
2021-11-01,773.279541015625,-0.003669546779282218
2021-11-02,770.4419555664062,-0.018727836449265567
2021-11-03,756.0132446289062,-0.004898550609973573
2021-11-04,752.3098754882812,-0.0024932164894171382
2021-11-08,750.4342041015625,0.00820358396026255
2021-11-09,756.5904541015625,-0.007183297679295708
2021-11-10,751.1556396484375,-0.012101470601857511
2021-11-11,742.0655517578125,0.006675850193148536
2021-11-12,747.0194702148438,-0.0042493087969139864
2021-11-15,743.8451538085938,-0.011961852635220427
2021-11-16,734.9473876953125,-0.0035992558326796154
2021-11-17,732.3021240234375,0.0021019269983975075
2021-11-18,733.8413696289062,-0.014287809035438581
2021-11-22,723.3563842773438,-0.0001994689098087088
2021-11-23,723.2120971679688,0.011106069005875296
2021-11-24,731.244140625,-0.012036437925517562
2021-11-25,722.4425659179688,-0.0384128786729927
2021-11-26,694.6914672851562,-0.005261634228254208
2021-11-29,691.0362548828125,-0.005637639068505784
2021-11-30,687.1404418945312,0.018688484895642787
2021-12-01,699.9820556640625,-0.0072832503204863785
2021-12-02,694.8839111328125,-0.008444109422082291
2021-12-03,689.0162353515625,-0.009423464337617649
2021-12-06,682.5233154296875,0.035374589245194876
2021-12-07,706.6672973632812,0.0255223748205331
2021-12-08,724.703125,0.002123630231129159
2021-12-09,726.2421264648438,0.00397352629700376
2021-12-10,729.1278686523438,-0.005277066500162242
2021-12-13,725.2802124023438,0.006167302491435045
2021-12-14,729.7532348632812,-0.008436154498595139
2021-12-15,723.596923828125,-0.01475570819470462
2021-12-16,712.9197387695312,-0.017338076176169892
2021-12-17,700.55908203125,-0.025195592248099863
2021-12-20,682.9080810546875,0.014648979163564668
2021-12-21,692.9119873046875,0.017283247024708626
2021-12-22,704.8877563476562,-0.0020470381502761814
2021-12-23,703.44482421875,-0.0057431341993745555
2021-12-24,699.4048461914062,0.01224045730147405
2021-12-27,707.9658813476562,-0.0002718264435144224
2021-12-28,707.7734375,-0.00013582082344498758
2021-12-29,707.6773071289062,0.0
2021-12-30,707.6773071289062,0.0060487719051609545
2021-12-31,711.9578857421875,0.03316891158448931
2022-01-03,735.57275390625,0.010657650786317197
2022-01-04,743.4122314453125,0.019667463214074532
2022-01-05,758.0332641601562,-0.0038068001613897895
2022-01-06,755.1475830078125,0.010445075134546178
2022-01-07,763.03515625,0.022061232638977746
2022-01-10,779.86865234375,-0.00012326482261448835
2022-01-11,779.7725219726562,0.016159857943847333
2022-01-12,792.37353515625,0.0011533441665880773
2022-01-13,793.2874145507812,-0.005699218317515742
2022-01-14,788.7662963867188,-0.0008536620375826365
2022-01-17,788.0929565429688,0.004638047291245506
2022-01-18,791.7481689453125,-0.01761632475850683
2022-01-19,777.8004760742188,0.002040650895834384
2022-01-20,779.3876953125,-0.007096525718180757
2022-01-21,773.8567504882812,-0.0075202291308476
2022-01-24,768.0371704101562,0.004007701818910636
2022-01-25,771.115234375,-0.008732026210009347
2022-01-27,764.3818359375,-0.016988522179508303
2022-01-28,751.3961181640625,0.009793212082261693
2022-01-31,758.7546997070312,0.027256623671100932
2022-02-01,779.435791015625,0.0042576996769685405
2022-02-02,782.75439453125,-0.005898719403448771
2022-02-03,778.1371459960938,-0.004820849072150635
2022-02-04,774.3858642578125,-0.023166354260377386
2022-02-07,756.4461669921875,0.007756817341576072
2022-02-08,762.3137817382812,0.012996898496518972
2022-02-09,772.2214965820312,0.0033631632181814197
2022-02-10,774.818603515625,-0.0182495304312974
2022-02-11,760.6785278320312,-0.04691446821167722
2022-02-14,724.99169921875,0.02965365982773238
2022-02-15,746.4903564453125,-0.01546298441813243
2022-02-16,734.9473876953125,-0.017930838148258466
2022-02-17,721.7691650390625,-0.001932186012796433
2022-02-18,720.3745727539062,0.007410814059288784
2022-02-21,725.713134765625,-0.004175243841843312
2022-02-22,722.68310546875,-0.008917996290678354
2022-02-23,716.2382202148438,-0.04995949244161424
2022-02-24,680.455322265625,0.03201860685396696
2022-02-25,702.2425537109375,0.017327562665018226
2022-02-28,714.4107055664062,-0.03749838208853473
2022-03-02,687.6214599609375,-0.02315162715393848
2022-03-03,671.701904296875,-0.01467856362703912
2022-03-04,661.84228515625,-0.04985104610783253
2022-03-07,628.8487548828125,0.017208386092750327
2022-03-08,639.6702270507812,0.003684321058910589
2022-03-09,642.0269775390625,0.013708756655832266
2022-03-10,650.828369140625,0.0019213794919561433
2022-03-11,652.078857421875,0.026921485708081283
2022-03-14,669.6337890625,0.0017235910486288475
2022-03-15,670.7879638671875,0.015272165449369046
2022-03-16,681.0323486328125,0.017090286693874468
2022-03-17,692.67138671875,-0.012984098305995229
2022-03-21,683.6776733398438,0.010481838167189395
2022-03-22,690.8438720703125,0.00013923754720690518
2022-03-23,690.9400634765625,-0.019629584283612167
2022-03-24,677.377197265625,-0.007029280921465486
2022-03-25,672.61572265625,0.01587394202757575
2022-03-28,683.2927856445312,0.006968425116450794
2022-03-29,688.0542602539062,0.021809210809360824
2022-03-30,703.0601806640625,-0.0008209958244415061
2022-03-31,702.4829711914062,0.008147369981322372
2022-04-01,708.2063598632812,0.01405769571688209
2022-04-04,718.162109375,-0.006429171686624158
2022-04-05,713.544921875,-0.00026953002039220575
2022-04-06,713.3526000976562,0.009371495475235303
2022-04-07,720.0377807617188,0.0076814647397636104
2022-04-08,725.5687255859375,0.007026495749646866
2022-04-11,730.6669311523438,0.005595072927657485
2022-04-12,734.7550659179688,-0.0020946606173816162
2022-04-13,733.2160034179688,-0.0058380034780622925
2022-04-18,728.9354858398438,0.011216642151360645
2022-04-19,737.1116943359375,-0.014028340862070054
2022-04-20,726.771240234375,0.009000018475874727
2022-04-21,733.3121948242188,-0.019282393976588597
2022-04-22,719.1721801757812,0.006085674710260669
2022-04-25,723.548828125,0.002060630518521789
2022-04-26,725.039794921875,-0.022620239392840413
2022-04-27,708.6392211914062,0.014184849804204758
2022-04-28,718.691162109375,-0.00515293541353079
2022-04-29,714.98779296875,-0.0030942364755736085
2022-05-02,712.7754516601562,-0.022604679369004232
2022-05-04,696.6633911132812,0.006282386932060513
2022-05-05,701.0401000976562,-0.01310369871914474
2022-05-06,691.8538818359375,-0.012374139129910033
2022-05-09,683.2927856445312,0.0013374638423397922
2022-05-10,684.2066650390625,0.004077058765703079
2022-05-11,686.9962158203125,-0.025763196859630577
2022-05-12,669.2969970703125,-0.026516169145381796
2022-05-13,651.5498046875,0.008341458241842181
2022-05-16,656.9846801757812,0.03953135798399798
2022-05-17,682.9561767578125,-0.003732499079051821
2022-05-18,680.4070434570312,-0.02410388284170073
2022-05-19,664.006591796875,0.02788635513798776
2022-05-20,682.5233154296875,0.0021140246217692393
2022-05-23,683.9661865234375,-0.004078402998652031
2022-05-24,681.1766967773438,0.0073430170372941195
2022-05-25,686.1785888671875,0.02123781949503445
2022-05-26,700.7515258789062,0.015511388138066406
2022-05-27,711.6211547851562,0.011759896754503174
2022-05-30,719.98974609375,0.005811562122127745
2022-05-31,724.1740112304688,-0.000265573984099432
2022-06-01,723.981689453125,-0.003853068139550775
2022-06-02,721.192138671875,-0.0072692038565973505
2022-06-03,715.9496459960938,0.0032918677125099993
2022-06-06,718.3064575195312,-0.015400128459027829
2022-06-07,707.2444458007812,-0.007820414648794127
2022-06-08,701.7135009765625,0.00445503708225381
2022-06-09,704.8396606445312,-0.01740027552601109
2022-06-10,692.5752563476562,-0.044444364150196924
2022-06-13,661.794189453125,-0.0036336434490017444
2022-06-14,659.3894653320312,0.00255270614342451
2022-06-15,661.0726928710938,-0.012731770752787197
2022-06-16,652.6560668945312,0.012306421037009185
2022-06-17,660.6879272460938,-0.00131024283234904
2022-06-20,659.822265625,0.014796964588593697
2022-06-21,669.5856323242188,-0.0136475204254759
2022-06-22,660.4474487304688,0.018278642067187212
2022-06-23,672.51953125,0.02045330787326116
2022-06-24,686.2747802734375,0.005466418046508048
2022-06-27,690.0262451171875,-0.009827878560580428
2022-06-28,683.2447509765625,-0.01062917657425455
2022-06-29,675.982421875,0.006332110672256475
2022-06-30,680.2628173828125,-0.004666308851720924
2022-07-01,677.0885009765625,0.023014547905794158
2022-07-04,692.67138671875,-0.0009025681115980566
2022-07-05,692.0462036132812,0.009034716719208857
2022-07-06,698.2986450195312,0.02210905149714737
2022-07-07,713.7373657226562,0.01846351503902932
2022-07-08,726.9154663085938,0.0182612898992367
2022-07-11,740.1898803710938,-0.012475683935817106
2022-07-12,730.9555053710938,-0.008816902172891994
2022-07-13,724.5107421875,-0.0010621391860616836
2022-07-14,723.7412109375,-0.0015950714535339916
2022-07-15,722.5867919921875,0.027689232292765986
2022-07-18,742.5946655273438,0.011204790529800723
2022-07-19,750.915283203125,0.003138178700537564
2022-07-20,753.2717895507812,0.0037033270794195605
2022-07-21,756.0614013671875,0.01787522876233827
2022-07-22,769.576171875,0.0010625172895999402
2022-07-25,770.3938598632812,-0.005743640951968998
2022-07-26,765.968994140625,0.00527449561086879
2022-07-27,770.0090942382812,0.017613983195238214
2022-07-28,783.572021484375,0.004910249567613212
2022-07-29,787.4195556640625,0.005863926762111893
2022-08-01,792.0369262695312,-0.006861973657005915
2022-08-02,786.6019897460938,0.008621252207630326
2022-08-03,793.3834838867188,-0.00551651133816633
2022-08-04,789.0067749023438,0.02188358444559091
2022-08-05,806.2730712890625,0.004500764497866738
2022-08-08,809.9019165039062,0.014098718460690884
2022-08-10,821.3204956054688,0.01290140872283807
2022-08-11,831.9166870117188,0.01709903865137541
2022-08-12,846.1416625976562,0.005546633042839755
2022-08-16,850.8348999023438,0.004549256858587425
2022-08-17,854.70556640625,0.0020945483899164064
2022-08-18,856.4957885742188,-0.016608271448083856
2022-08-19,842.2708740234375,-0.02085245503438249
2022-08-22,824.7074584960938,0.013669767933068622
2022-08-23,835.9810180664062,0.010880785776850255
2022-08-24,845.0771484375,-0.0010878433112730956
2022-08-25,844.1578369140625,-0.0017195102887912483
2022-08-26,842.706298828125,-0.017224503690183912
2022-08-29,828.1911010742188,0.03674706684305784
2022-08-30,858.6246948242188,-0.014594844774631688
2022-09-01,846.0932006835938,-0.002230134758138047
2022-09-02,844.206298828125,0.011519884067325847
2022-09-05,853.9314575195312,0.0013598209053327093
2022-09-06,855.0926513671875,-0.008430861227660125
2022-09-07,847.8834838867188,0.025793200742629363
2022-09-08,869.7531127929688,0.002725817866412239
2022-09-09,872.1239013671875,0.006601917939253132
2022-09-12,877.881591796875,0.0030864455032715288
2022-09-13,880.5911254882812,0.008900992229825988
2022-09-14,888.4292602539062,-0.0005445167894394531
2022-09-15,887.9454956054688,-0.00926340960423766
2022-09-16,879.7200927734375,-0.010889777479658802
2022-09-19,870.14013671875,0.01951737243742735
2022-09-20,887.1229858398438,-0.0016362309500562722
2022-09-21,885.6714477539062,-0.012947285412334142
2022-09-22,874.2044067382812,-0.02341156317843407
2022-09-23,853.7379150390625,-0.02402949689447298
2022-09-26,833.2230224609375,-0.009871643653610596
2022-09-27,824.9977416992188,-0.0035775577333123643
2022-09-28,822.0462646484375,-0.00659201987228486
2022-09-29,816.6273193359375,0.021448064825747792
2022-09-30,834.1423950195312,-0.015835333893482906
2022-10-03,820.9334716796875,0.022750040259702287
2022-10-04,839.6097412109375,0.020515163890868937
2022-10-06,856.83447265625,-0.0032751651615543498
2022-10-07,854.0281982421875,-0.0009063492905219128
2022-10-10,853.254150390625,-0.012645464328459921
2022-10-11,842.46435546875,-0.0025843777005124524
2022-10-12,840.287109375,-0.016986308971775332
2022-10-13,826.0137329101562,0.019505728379301868
2022-10-14,842.125732421875,0.017179048672111064
2022-10-17,856.5926513671875,0.013217295713237487
2022-10-18,867.9144897460938,-0.005351791582943077
2022-10-19,863.2695922851562,-0.003867275074203813
2022-10-20,859.9310913085938,0.02081813394755705
2022-10-21,877.833251953125,0.021110007912437556
2022-10-24,896.3643188476562,-0.001349513513962508
2022-10-25,895.1546630859375,-0.0007025671383221743
2022-10-27,894.5257568359375,-0.017903562453644994
2022-10-28,878.5105590820312,0.000936393794511714
2022-10-31,879.3331909179688,-0.00011015482409759692
2022-11-01,879.236328125,-0.004292346318826912
2022-11-02,875.4623413085938,0.004366136057433412
2022-11-03,879.2847290039062,-0.0036868151430068385
2022-11-04,876.04296875,0.013476263783793518
2022-11-07,887.8487548828125,-0.007629456789441047
2022-11-09,881.074951171875,0.0002196663067215443
2022-11-10,881.2684936523438,-0.004556988255801087
2022-11-11,877.2525634765625,-0.012795672635721678
2022-11-14,866.0275268554688,0.018716124714963867
2022-11-15,882.2362060546875,0.0020839793233387027
2022-11-16,884.0747680664062,0.006786342067181206
2022-11-17,890.0744018554688,0.0005979573857988196
2022-11-18,890.6066284179688,0.0011407855932334954
2022-11-21,891.6226196289062,0.0024963128951294156
2022-11-22,893.848388671875,0.004059731186716542
2022-11-23,897.4771728515625,0.012291739009617997
2022-11-24,908.5087280273438,-0.009106881844261117
2022-11-25,900.2350463867188,0.0076320128796658615
2022-11-28,907.1056518554688,0.009974351398689407
2022-11-29,916.1534423828125,0.006495957631108107
2022-11-30,922.104736328125,-0.013327782986284453
2022-12-01,909.8151245117188,-0.010210573155402747
2022-12-02,900.525390625,0.0032236904888423012
2022-12-05,903.4284057617188,-0.011728731649746527
2022-12-06,892.8323364257812,-0.0005419681826120959
2022-12-07,892.3484497070312,0.010573152815511744
2022-12-08,901.7833862304688,-0.0021461515027696443
2022-12-09,899.8480224609375,0.0004300992124457448
2022-12-12,900.2350463867188,0.002848512802273051
2022-12-13,902.7993774414062,-0.0120049636733075
2022-12-14,891.9613037109375,-0.014049301301898076
2022-12-15,879.4298706054688,-0.007482347842906689
2022-12-16,872.8496704101562,0.004933440991879534
2022-12-19,877.1558227539062,0.003585404570672468
2022-12-20,880.30078125,-0.019182133792160827
2022-12-21,863.4147338867188,-0.0017932040626919
2022-12-22,861.866455078125,-0.013192576635067899
2022-12-23,850.4962158203125,0.016270301187051084
2022-12-26,864.3340454101562,0.008340860329480781
2022-12-27,871.5433349609375,-0.0018875487889308262
2022-12-28,869.8982543945312,0.010122847268038138
2022-12-29,878.7041015625,-0.018941648245763165
2022-12-30,862.0599975585938,0.013021248739113478
2023-01-02,873.2850952148438,-0.0012189067817974797
2023-01-03,872.2206420898438,-0.00249628021149495
2023-01-04,870.0433349609375,-0.022188751991435884
2023-01-05,850.7381591796875,-0.010294153729951017
2023-01-06,841.9805297851562,0.0037351914739598424
2023-01-09,845.12548828125,-0.013740115217264481
2023-01-10,833.5133666992188,0.005746805334950977
2023-01-11,838.3034057617188,-0.006521990950990597
2023-01-12,832.8359985351562,0.014872498980409654
2023-01-13,845.2223510742188,-0.009388059305943441
2023-01-16,837.287353515625,-0.00011561354343414543
2023-01-17,837.1905517578125,0.005028020935323951
2023-01-18,841.3999633789062,-0.0038526721234642958
2023-01-19,838.1583251953125,0.004848975261837252
2023-01-20,842.2225341796875,0.0015509848775714374
2023-01-23,843.52880859375,-0.0010897677458269195
2023-01-24,842.6095581054688,-0.017743383617106923
2023-01-25,827.6588134765625,-0.044545565966454315
2023-01-27,790.790283203125,0.007709063415287654
2023-01-30,796.8865356445312,0.010200449763709818
2023-01-31,805.01513671875,0.019293191303783486
2023-02-01,820.5464477539062,0.011734153496253619
2023-02-02,830.1748657226562,0.0068772132071373004
2023-02-03,835.8841552734375,-0.011692553978692843
2023-02-06,826.1105346679688,-0.0011127451469320482
2023-02-07,825.1912841796875,0.007446412090473142
2023-02-08,831.3359985351562,0.0019789129839935526
2023-02-09,832.9811401367188,-0.008073895683793464
2023-02-10,826.2557373046875,-0.0037476987782121274
2023-02-13,823.1591796875,0.017222080518201732
2023-02-14,837.335693359375,0.006356191032114156
2023-02-15,842.657958984375,-0.00155025587225599
2023-02-16,841.3516235351562,-0.007821059645454875
2023-02-17,834.7713623046875,-0.01222982352572155
2023-02-20,824.562255859375,0.002464538623861534
2023-02-21,826.5944213867188,-0.01750168704348387
2023-02-22,812.1276245117188,0.0005957508019562852
2023-02-23,812.6114501953125,-5.963725228197436e-05
2023-02-24,812.56298828125,0.019888181745525646
2023-02-27,828.723388671875,-0.001810012871006239
2023-02-28,827.223388671875,0.0016962748652940007
2023-03-01,828.6265869140625,-0.0026859468520614715
2023-03-02,826.4009399414062,0.01703745998911499
2023-03-03,840.480712890625,-0.0009211037326631866
2023-03-06,839.70654296875,0.005012955604956293
2023-03-08,843.9159545898438,-0.018518565395015285
2023-03-09,828.287841796875,-0.015538218162878925
2023-03-10,815.417724609375,-0.016910951687614584
2023-03-13,801.6282348632812,0.0023539127098570756
2023-03-14,803.5151977539062,-0.005359142373146275
2023-03-15,799.2090454101562,-0.0024215989304000596
2023-03-16,797.273681640625,0.014989666628185017
2023-03-17,809.2245483398438,0.00023917030305842246
2023-03-20,809.4180908203125,0.01906872417054295
2023-03-21,824.8526611328125,0.009150545204199334
2023-03-22,832.4005126953125,-0.0055219771154967345
2023-03-23,827.8040161132812,-0.003565282268532588
2023-03-24,824.8526611328125,-0.004340781741767663
2023-03-27,821.2721557617188,0.007128639613047882
2023-03-28,827.126708984375,-0.004387364367009594
2023-03-29,823.497802734375,0.030846071815779696
2023-03-31,848.8994750976562,0.00746651170960444
2023-04-03,855.23779296875,0.0009051387731962013
2023-04-05,856.0119018554688,-0.010852270665193342
2023-04-06,846.7222290039062,-0.007485710961610437
2023-04-10,840.3839111328125,0.015487422696884634
2023-04-11,853.3992919921875,0.009354750440098591
2023-04-12,861.3826293945312,0.009942114632343735
2023-04-13,869.9465942382812,0.0025584421188076245
2023-04-17,872.1723022460938,-0.004937412484864012
2023-04-18,867.8660278320312,-0.0055192597402496935
2023-04-19,863.0760498046875,0.002803055986582814
2023-04-20,865.4953002929688,-0.009783096590157858
2023-04-21,857.028076171875,0.02156606949604134
2023-04-24,875.5108032226562,0.009615968468184244
2023-04-25,883.9296875,0.001642072974024078
2023-04-26,885.3811645507812,0.003716026757047075
2023-04-27,888.6712646484375,-0.0007622257982320413
2023-04-28,887.993896484375,0.00484930398823491
2023-05-02,892.300048828125,0.0008133004237369512
2023-05-03,893.0257568359375,-0.0012460244568266443
2023-05-04,891.9130249023438,0.00569591550815729
2023-05-05,896.9932861328125,0.011813010833038762
2023-05-08,907.5894775390625,-0.003731688063964733
2023-05-09,904.20263671875,0.0017657077654420483
2023-05-10,905.7991943359375,0.003365224646365794
2023-05-11,908.847412109375,0.0050043128006771465
2023-05-12,913.3955688476562,0.0019599637101670453
2023-05-15,915.185791015625,0.0006343033040858703
2023-05-16,915.7662963867188,-0.0073967361185397484
2023-05-17,908.9926147460938,0.007611595699571705
2023-05-18,915.9114990234375,0.008240942100694593
2023-05-19,923.45947265625,-0.004139138504001383
2023-05-22,919.6371459960938,0.003209326665929879
2023-05-23,922.5885620117188,-0.013373255645408477
2023-05-24,910.2505493164062,-0.0008505020100854077
2023-05-25,909.4763793945312,0.011544433573335233
2023-05-26,919.9757690429688,-0.002682167704745053
2023-05-29,917.5082397460938,0.001898425772769663
2023-05-30,919.2500610351562,-0.000842175545795687
2023-05-31,918.4758911132812,-0.013749186038112371
2023-06-01,905.8475952148438,0.0021899540926275662
2023-06-02,907.8313598632812,0.009166991676498704
2023-06-05,916.1534423828125,-0.0049115744712715514
2023-06-06,911.6536865234375,-0.002016732931481968
2023-06-07,909.8151245117188,-0.0024462628864855285
2023-06-08,907.5894775390625,0.00015991988135000135
2023-06-09,907.734619140625,-0.0022387220719505274
2023-06-12,905.7024536132812,0.008120140475498694
2023-06-13,913.056884765625,-0.003974391163783064
2023-06-14,909.4280395507812,-0.014045572540637208
2023-06-15,896.6546020507812,0.008202078186542616
2023-06-16,904.009033203125,-0.011828279033742062
2023-06-19,893.316162109375,0.0025998060137910617
2023-06-20,895.6386108398438,-0.0009184181999589702
2023-06-21,894.8160400390625,0.0011355555061414169
2023-06-22,895.8321533203125,-0.002430485577947006
2023-06-23,893.6548461914062,0.004277184504114073
2023-06-26,897.4771728515625,0.0093266131066998
2023-06-27,905.8475952148438,0.0014421813241831671
2023-06-28,907.1539916992188,-0.003040205516977923
2023-06-30,904.3960571289062,0.008506288963312292
2023-07-03,912.089111328125,0.0022810999280764577
2023-07-04,914.169677734375,0.014078544209159327
2023-07-05,927.0398559570312,0.0014614229955438596
2023-07-06,928.3946533203125,-0.013550158840898607
2023-07-07,915.8147583007812,0.0021132699074670747
2023-07-10,917.7501220703125,-0.0036377014791687534
2023-07-11,914.41162109375,-0.0005819759012983816
2023-07-12,913.8794555664062,0.011965203234809207
2023-07-13,924.814208984375,0.00455162948427934
2023-07-14,929.0236206054688,0.009010044791044614
2023-07-17,937.3941650390625,0.006968039230470513
2023-07-18,943.9259643554688,-0.0020503989484059737
2023-07-19,941.9905395507812,0.02275416068592806
2023-07-20,963.4247436523438,0.0014061039036978862
2023-07-21,964.7794189453125,-0.005015010489692329
2023-07-24,959.9410400390625,0.0027218265078485793
2023-07-25,962.5538330078125,0.0017593628400196515
2023-07-26,964.247314453125,-0.006222090224296095
2023-07-27,958.2476806640625,0.006008561821613245
2023-07-28,964.00537109375,0.002107980466832693
2023-07-31,966.0374755859375,-0.0037563596355166817
2023-08-01,962.40869140625,-0.007641628949174861
2023-08-02,955.0543212890625,-0.02224020153876538
2023-08-03,933.813720703125,0.005699428560373088
2023-08-04,939.1359252929688,0.005306560433639085
2023-08-07,944.1195068359375,0.0043560267884561465
2023-08-08,948.2321166992188,0.0008231292363751752
2023-08-09,949.0126342773438,-0.008841361707721651
2023-08-10,940.6220703125,-0.011668952457285497
2023-08-11,929.64599609375,0.007031498254911561
2023-08-14,936.1828002929688,-0.0031784892562917166
2023-08-16,933.2071533203125,-0.0050705489577077545
2023-08-17,928.4752807617188,-0.0010508055441775799
2023-08-18,927.4996337890625,0.004786211037345334
2023-08-21,931.9388427734375,-0.003350080680411094
2023-08-22,928.8167724609375,0.01559870871707969
2023-08-23,943.3051147460938,0.0021720322811009662
2023-08-24,945.35400390625,0.0014964477282763955
2023-08-25,946.7686767578125,0.00015452694319395555
2023-08-28,946.9149780273438,-0.002884959670960696
2023-08-29,944.1831665039062,-0.009144835155273645
2023-08-30,935.5487670898438,-0.00015651064380028945
2023-08-31,935.40234375,0.010378169069960697
2023-09-01,945.110107421875,-0.0013936997358163783
2023-09-04,943.7929077148438,0.0010854871755041628
2023-09-05,944.8173828125,-0.011255636991688855
2023-09-06,934.182861328125,0.00851169228204074
2023-09-07,942.1343383789062,0.005074265371394215
2023-09-08,946.9149780273438,0.007933606866717069
2023-09-11,954.4274291992188,0.012522399111511318
2023-09-12,966.379150390625,-0.000706744757646538
2023-09-13,965.6961669921875,-0.002121544187365876
2023-09-14,963.6473999023438,0.004809163994398569
2023-09-15,968.28173828125,-0.0022671618993252984
2023-09-18,966.0864868164062,-0.003080167302224157
2023-09-20,963.1107788085938,-0.028212553075624758
2023-09-21,935.93896484375,-0.009381832666163437
2023-09-22,927.1581420898438,0.0063663884916940194
2023-09-25,933.060791015625,-0.007999140199543842
2023-09-26,925.5971069335938,-0.0059028750642187156
2023-09-27,920.1334228515625,-0.0005300665332667043
2023-09-28,919.6456909179688,0.009866284828745409
2023-09-29,928.7191772460938,-0.012186208915733188
2023-10-03,917.401611328125,-0.01090075064993612
2023-10-04,907.4012451171875,0.011612201687215551
2023-10-05,917.9381713867188,0.004623624763032241
2023-10-06,922.182373046875,-0.006982642704670194
2023-10-09,915.7431030273438,0.013424236354965702
2023-10-10,928.0362548828125,0.0019974421481010474
2023-10-11,929.8899536132812,0.001206604365370234
2023-10-12,931.011962890625,-0.0030915122232638703
2023-10-13,928.1337280273438,0.00010521786575679037
2023-10-16,928.2313842773438,0.002627671241649976
2023-10-17,930.6704711914062,-0.010640469750175519
2023-10-18,920.7677001953125,-0.008476879472152032
2023-10-19,912.9624633789062,-0.003205981664499147
2023-10-20,910.0355224609375,-0.0030018735049485157
2023-10-23,907.3037109375,-0.0148933110101509
2023-10-25,893.7909545898438,-0.008132207665582425
2023-10-26,886.5224609375,0.004512149715961256
2023-10-27,890.5225830078125,0.01331142657441009
2023-10-30,902.376708984375,-0.0103255157076243
2023-10-31,893.0592041015625,-0.0014202547560183687
2023-11-01,891.7908325195312,0.006454886596157339
2023-11-02,897.5472412109375,0.015055135475954717
2023-11-03,911.0599365234375,0.012475877290828219
2023-11-06,922.4262084960938,0.002802879184195417
2023-11-07,925.0116577148438,-0.013025991873122922
2023-11-08,912.9624633789062,0.0017097900337725846
2023-11-09,914.5234375,0.001333662405282876
2023-11-10,915.7431030273438,-0.004421491335208638
2023-11-13,911.6941528320312,0.007116462345646335
2023-11-15,918.1821899414062,-0.00541921868299633
2023-11-16,913.2063598632812,-0.015117524941396399
2023-11-17,899.4009399414062,-0.0004338418346901962
2023-11-20,899.0107421875,0.005046304694722004
2023-11-21,903.5474243164062,-0.003617266226511595
2023-11-22,900.279052734375,0.00027091209512675185
2023-11-23,900.52294921875,0.006933905049745892
2023-11-24,906.76708984375,-0.004196218321550371
2023-11-28,902.9620971679688,0.015234960404230558
2023-11-29,916.7186889648438,-0.004948893503180729
2023-11-30,912.1819458007812,0.01256752256528837
2023-12-01,923.6458129882812,0.047005378241596674
2023-12-04,967.0621337890625,0.022447628952309007
2023-12-05,988.7703857421875,-0.010064744388492475
2023-12-06,978.8186645507812,-0.0042362130240977125
2023-12-07,974.6721801757812,0.01186183580729927
2023-12-08,986.2335815429688,0.006182956522255756
2023-12-11,992.3314208984375,-0.0013765227706266092
2023-12-12,990.9654541015625,-0.0017721137587153324
2023-12-13,989.2093505859375,0.019479174880605576
2023-12-14,1008.4783325195312,0.0036279931094458373
2023-12-15,1012.1370849609375,-0.015374977069688933
2023-12-18,996.5755004882812,-0.00587399733694971
2023-12-19,990.7216186523438,-0.008666100746901995
2023-12-20,982.1359252929688,-0.0022351809034873993
2023-12-21,979.940673828125,-0.010055777053228576
2023-12-22,970.0866088867188,0.000804648374826078
2023-12-26,970.8671875,0.007185216683699425
2023-12-27,977.8430786132812,0.003641786979211803
2023-12-28,981.4041748046875,-0.0092455367843155
2023-12-29,972.33056640625,0.0028096129577523943
2024-01-01,975.0624389648438,-0.017160296788385487
2024-01-02,958.330078125,0.0018325257558620134
2024-01-03,960.0862426757812,0.0031502754631531626
2024-01-04,963.1107788085938,0.006635209609466175
2024-01-05,969.501220703125,-0.011774135832672061
2024-01-08,958.086181640625,-0.0022912880979919503
2024-01-09,955.8909301757812,0.01357491199494909
2024-01-10,968.8670654296875,-0.0019132642615389273
2024-01-11,967.0133666992188,0.012460277992043078
2024-01-12,979.0626220703125,0.006327800040920151
2024-01-15,985.2579345703125,-0.0007921342377305018
2024-01-16,984.4774780273438,-0.027055157142308883
2024-01-17,957.84228515625,0.004685442591762845
2024-01-18,962.3302001953125,0.013027866497856477
2024-01-19,974.8673095703125,0.029873919890690326
2024-01-23,1003.9904174804688,-0.029007356447924293
2024-01-24,974.8673095703125,0.010758613107528125
2024-01-25,985.3555297851562,0.0063864336522430065
2024-01-29,991.6484375,0.0004920242100039385
2024-01-30,992.1363525390625,0.01106300878453248
2024-01-31,1003.1123657226562,-0.0029178594721640527
2024-02-01,1000.1854248046875,-0.0011218622914037635
2024-02-02,999.0633544921875,-0.00048825028618726396
2024-02-05,998.5755615234375,0.0028334428032312786
2024-02-06,1001.4049682617188,-0.004140727818990109
2024-02-07,997.2584228515625,-0.03213815806787679
2024-02-08,965.2083740234375,0.021631501354435034
2024-02-09,986.0872802734375,-0.014445482789299913
2024-02-12,971.8427734375,0.023792803117466788
2024-02-13,994.9656372070312,0.0028437230719080553
2024-02-14,997.7950439453125,-0.005915753938402046
2024-02-15,991.892333984375,0.0064919657447306545
2024-02-16,998.3316650390625,0.020034156104917766
2024-02-19,1018.3323974609375,0.0047904150702111625
2024-02-20,1023.2106323242188,0.003051189245612207
2024-02-21,1026.3326416015625,0.010219183162325729
2024-02-22,1036.8209228515625,-0.0013172213505239228
2024-02-23,1035.4552001953125,-0.0066901669553215415
2024-02-26,1028.52783203125,0.005691633929525208
2024-02-27,1034.3818359375,-0.013205161974949142
2024-02-28,1020.72265625,0.005735156235050942
2024-02-29,1026.57666015625,0.03297852151011993
2024-03-01,1060.431640625,0.0050141267651548915
2024-03-04,1065.748779296875,-0.003936263818329344
2024-03-05,1061.5537109375,0.008317495085236715
2024-03-06,1070.3831787109375,-0.008340119875751784
2024-03-07,1061.4560546875,-0.008502379635873858
2024-03-11,1052.43115234375,-0.0017148956169656948
2024-03-12,1050.6263427734375,0.006593211754846395
2024-03-13,1057.5533447265625,-0.00032284959029726945
2024-03-14,1057.2119140625,-0.0029991871308027163
2024-03-15,1054.0411376953125,0.0007868247959832431
2024-03-18,1054.8704833984375,0.0025433087477069183
2024-03-19,1057.5533447265625,0.000507532945490663
2024-03-20,1058.090087890625,-0.0024896531721619874
2024-03-21,1055.455810546875,0.007857354838963326
2024-03-22,1063.7489013671875,-0.006053546205052385
2024-03-26,1057.3094482421875,4.6296943051027384e-05
2024-03-27,1057.3583984375,0.008811943827436997
2024-03-28,1066.67578125,0.00580817027930669
2024-04-01,1072.8712158203125,-0.01677809242753492
2024-04-02,1054.8704833984375,-0.0036998210611376425
2024-04-03,1050.9676513671875,0.001531907618153694
2024-04-04,1052.57763671875,0.004217580632366769
2024-04-05,1057.0169677734375,0.0034612210091993223
2024-04-08,1060.675537109375,0.018304754464640194
2024-04-09,1080.0909423828125,0.0021228274302802497
2024-04-10,1082.3837890625,-0.004506992757774775
2024-04-12,1077.5054931640625,-0.023587489414490292
2024-04-15,1052.08984375,-0.010478934226892167
2024-04-16,1041.0650634765625,-0.010871083162678152
2024-04-18,1029.74755859375,0.011180114209954573
2024-04-19,1041.26025390625,0.018177599916717524
2024-04-22,1060.1878662109375,0.0033128157218045295
2024-04-23,1063.7000732421875,0.005961901257896862
2024-04-24,1070.041748046875,0.015500385476161727
2024-04-25,1086.6278076171875,-0.005252506415941771
2024-04-26,1080.9202880859375,0.04716123808978501
2024-04-29,1131.8978271484375,-0.008404091795239377
2024-04-30,1122.38525390625,-0.009518433685932415
2024-05-02,1111.701904296875,0.0022819653583121546
2024-05-03,1114.23876953125,0.003721251151969751
2024-05-06,1118.3851318359375,-0.01256214519160026
2024-05-07,1104.3358154296875,-0.007862850609154592
2024-05-08,1095.652587890625,-0.006500522639970252
2024-05-09,1088.5302734375,0.001210015655068064
2024-05-10,1089.847412109375,0.009802610430296399
2024-05-13,1100.53076171875,-0.006604590203501792
2024-05-14,1093.26220703125,0.003391132920440798
2024-05-15,1096.9696044921875,0.005959132575704906
2024-05-16,1103.506591796875,-0.0004863977868845293
2024-05-17,1102.9698486328125,-0.008447651487809904
2024-05-21,1093.65234375,-0.008787168497187303
2024-05-22,1084.042236328125,0.021060249711895906
2024-05-23,1106.8724365234375,-0.002247698069776427
2024-05-24,1104.384521484375,-0.0018992788642747671
2024-05-27,1102.2869873046875,-0.0025227202632134293
2024-05-28,1099.5062255859375,-0.022139288154805814
2024-05-29,1075.1639404296875,0.01061702186360347
2024-05-30,1086.5789794921875,0.006599743519312806
2024-05-31,1093.7501220703125,0.03474408094374093
2024-06-03,1131.75146484375,-0.07633626236988356
2024-06-04,1045.3577880859375,0.034719394514274526
2024-06-05,1081.6519775390625,0.0015785090735211948
2024-06-06,1083.359375,0.01017647562558599
2024-06-07,1094.3841552734375,0.001872128827091979
2024-06-10,1096.4329833984375,-0.004982977582111969
2024-06-11,1090.969482421875,0.0012073102805323366
2024-06-12,1092.28662109375,-0.010897392627546743
2024-06-13,1080.383544921875,-0.0015351671577499282
2024-06-14,1078.7249755859375,0.015556447017992081
2024-06-18,1095.506103515625,0.01923674778419371
2024-06-19,1116.580078125,0.01079126937898045
2024-06-20,1128.62939453125,0.001599224377258679
2024-06-21,1130.434326171875,0.009882168578474682
2024-06-24,1141.60546875,0.0238013514068387
2024-06-25,1168.7772216796875,0.016737055861102856
2024-06-26,1188.339111328125,0.0015598558337786006
2024-06-27,1190.1927490234375,-0.016640617251649448
2024-06-28,1170.38720703125,0.010211610323606735
2024-07-01,1182.3387451171875,-0.017535197954844706
2024-07-02,1161.606201171875,0.009239084401880815
2024-07-03,1172.33837890625,0.026131854529188203
2024-07-04,1202.9737548828125,0.000324411723430007
2024-07-05,1203.364013671875,0.0013378024130352717
2024-07-08,1204.973876953125,0.01068781679452413
2024-07-09,1217.8524169921875,-0.004045748035387042
2024-07-10,1212.92529296875,-0.003820744254089403
2024-07-11,1208.291015625,-0.004481366534927145
2024-07-12,1202.876220703125,-0.0023927431423015344
2024-07-15,1199.998046875,0.008089714501488432
2024-07-16,1209.7056884765625,0.008387968042895322
2024-07-18,1219.8526611328125,-0.001319819518258325
2024-07-19,1218.24267578125,-0.006006406512967577
2024-07-22,1210.9254150390625,-0.011602232723895156
2024-07-23,1196.8759765625,-0.0030568676102581405
2024-07-24,1193.21728515625,-0.02052331108163863
2024-07-25,1168.728515625,0.007763553474412044
2024-07-26,1177.802001953125,0.0045560194822975575
2024-07-29,1183.1680908203125,-0.002680006722714734
2024-07-30,1179.9971923828125,0.004506267342689441
2024-07-31,1185.3145751953125,-0.003951041889694862
2024-08-01,1180.63134765625,-0.011197373955357692
2024-08-02,1167.411376953125,-0.020015927333215222
2024-08-05,1144.0445556640625,-0.004903535665176761
2024-08-06,1138.4346923828125,0.004799134296519902
2024-08-07,1143.898193359375,-0.006695362857484954
2024-08-08,1136.2393798828125,0.00601069630631379
2024-08-09,1143.0689697265625,0.009641904903886944
2024-08-12,1154.09033203125,-0.003794354912067588
2024-08-13,1149.7113037109375,-0.005734604528247034
2024-08-14,1143.1181640625,0.022037554044968433
2024-08-16,1168.3096923828125,-0.009559813904657655
2024-08-19,1157.140869140625,0.003018894437119668
2024-08-20,1160.6341552734375,-0.0039001190061123125
2024-08-21,1156.1075439453125,0.013831623892006206
2024-08-22,1172.098388671875,0.010410515495483663
2024-08-23,1184.300537109375,0.008142930325228726
2024-08-26,1193.9442138671875,0.010755776296620612
2024-08-27,1206.7860107421875,-0.0020385412044174878
2024-08-28,1204.325927734375,-0.0015932757055203695
2024-08-29,1202.4071044921875,0.005974141023067814
2024-08-30,1209.5904541015625,0.0006101545418719656
2024-09-02,1210.3284912109375,0.014431552320012475
2024-09-03,1227.79541015625,-0.009096747894731583
2024-09-04,1216.62646484375,-0.0003234802947924553
2024-09-05,1216.23291015625,-0.022492868885859996
2024-09-06,1188.8763427734375,0.022224036183391416
2024-09-09,1215.2979736328125,0.0018624467278662848
2024-09-10,1217.5614013671875,-0.0007678762831900832
2024-09-11,1216.62646484375,0.012779679016041934
2024-09-12,1232.174560546875,-0.001437689457095881
2024-09-13,1230.403076171875,0.009997259774380707
2024-09-16,1242.7037353515625,0.004157273868790279
2024-09-17,1247.8699951171875,0.01596871465840577
2024-09-18,1267.796875,0.002833101221360934
2024-09-19,1271.388671875,0.0359520148213921
2024-09-20,1317.09765625,-0.012365074575074853
2024-09-23,1300.8116455078125,-0.002496375600832934
2024-09-24,1297.5643310546875,0.003981505688759102
2024-09-25,1302.7305908203125,0.00392795368877108
2024-09-26,1307.84765625,-0.016891813690790847
2024-09-27,1285.7557373046875,-0.02571549308638421
2024-09-30,1252.69189453125,0.0010997800439911387
2024-10-01,1254.069580078125,-0.014163653527217712
2024-10-03,1236.307373046875,-0.013212899505619657
2024-10-04,1219.97216796875,-0.0047186255129572086
2024-10-07,1214.215576171875,0.00218812903054566
2024-10-08,1216.8724365234375,0.006105459542590674
2024-10-09,1224.302001953125,-0.0005223599783119592
2024-10-10,1223.6624755859375,-0.01648573363594641
2024-10-11,1203.489501953125,0.007154488301332362
2024-10-14,1212.099853515625,0.019281492100022612
2024-10-15,1235.470947265625,-0.009836697599777455
2024-10-16,1223.3179931640625,-0.009572394972728882
2024-10-17,1211.60791015625,0.027005008920464535
2024-10-18,1244.327392578125,-0.004309890685562312
2024-10-21,1238.9644775390625,0.0067113009511610144
2024-10-22,1247.279541015625,-0.01254439104480709
2024-10-23,1231.6331787109375,0.0009188725074555926
2024-10-24,1232.764892578125,0.002155204425075885
2024-10-25,1235.4217529296875,0.029790204607939685
2024-10-28,1272.2252197265625,0.030165795294581077
2024-10-29,1310.6029052734375,-0.014791375815806695
2024-10-30,1291.21728515625,-0.015166031175916972
2024-10-31,1271.6346435546875,-0.00034817313737212086
2024-11-01,1271.19189453125,-0.011302139009703116
2024-11-04,1256.82470703125,0.015267813193357904
2024-11-05,1276.013671875,0.004357270338073649
2024-11-06,1281.5736083984375,-0.018159571167762456
2024-11-07,1258.30078125,-0.0155235739231665
2024-11-08,1238.7674560546875,0.008301354072035805
2024-11-11,1249.0509033203125,0.0010241174329141955
2024-11-12,1250.330078125,-0.013300882267026415
2024-11-13,1233.6995849609375,0.0025923005536949706
2024-11-14,1236.897705078125,-0.0027844596871149374
2024-11-18,1233.45361328125,-0.0034703514846723404
2024-11-19,1229.173095703125,0.001160845358396223
2024-11-21,1230.5999755859375,0.021990313533031047
2024-11-22,1257.6612548828125,0.01791791540151233
2024-11-25,1280.1959228515625,0.00307465221244807
2024-11-26,1284.132080078125,-0.0032568697888990528
2024-11-27,1279.9498291015625,-0.011032536923663683
2024-11-28,1265.8287353515625,0.0106892515084136
2024-11-29,1279.3594970703125,0.0034997332668735837
2024-12-02,1283.8369140625,0.0028743413641207916
2024-12-03,1287.527099609375,0.005846831576474365
2024-12-04,1295.0550537109375,0.015538937313291035
2024-12-05,1315.1788330078125,-0.005798711613990926
2024-12-06,1307.552490234375,-0.004854235693140141
2024-12-09,1301.205322265625,0.00616343733283653
2024-12-10,1309.2252197265625,-0.0022172136524044594
2024-12-11,1306.3223876953125,0.0013182395974056238
2024-12-12,1308.04443359375,0.011773598992114165
2024-12-13,1323.44482421875,0.0008922065440162275
2024-12-16,1324.6256103515625,-0.009174633199441895
2024-12-17,1312.47265625,-0.014695339635051874
2024-12-18,1293.1854248046875,-0.020735856670544783
2024-12-19,1266.3701171875,0.0011655946383417604
2024-12-20,1267.84619140625,0.00651971135534124
2024-12-23,1276.1121826171875,0.0003470471481916704
2024-12-24,1276.5550537109375,7.69779581983876e-05
2024-12-26,1276.6533203125,0.007862334610527322
2024-12-27,1286.6907958984375,-0.009865879182446524
2024-12-30,1273.9964599609375,-0.010041317178742237
2024-12-31,1261.203857421875,0.0015605246026291208
2025-01-01,1263.1719970703125,0.005414236021687557
2025-01-02,1270.0111083984375,-0.01979703633174812
2025-01-03,1244.86865234375,-0.0007509342060827429
2025-01-06,1243.933837890625,0.011984821653049371
2025-01-07,1258.8421630859375,-0.012116536976960357
2025-01-08,1243.58935546875,-0.001068173456763244
2025-01-09,1242.260986328125,-0.009941432316995402
2025-01-10,1229.9111328125,-0.01608189107921132
2025-01-13,1210.1318359375,0.008578994088809022
2025-01-14,1220.5135498046875,-0.0016529567041762006
2025-01-15,1218.49609375,0.008762442496032863
2025-01-16,1229.173095703125,-0.01893372644568403
2025-01-17,1205.9002685546875,0.00612031803667179
2025-01-20,1213.28076171875,-0.02984718281036014
2025-01-21,1177.0677490234375,0.003594800083256189
2025-01-22,1181.299072265625,0.0010830609922165557
2025-01-23,1182.5784912109375,0.006199315151001583
2025-01-24,1189.90966796875,0.015506055762669169
2025-01-27,1208.3604736328125,0.015432236890422724
2025-01-28,1227.0081787109375,0.0038095234305288717
2025-01-29,1231.6824951171875,0.003155716538735698
2025-01-30,1235.5693359375,-0.0022298440670143194
2025-01-31,1232.814208984375,0.002195022305696348
2025-02-01,1235.520263671875,-0.0020310467483590777
2025-02-03,1233.0108642578125,0.012130890298564623
2025-02-04,1247.9683837890625,-0.0003942931856922849
2025-02-05,1247.476318359375,0.0037074852098857303
2025-02-06,1252.101318359375,-0.012181572891040382
2025-02-07,1236.8487548828125,0.004534820200616574
2025-02-10,1242.4576416015625,-0.007801271205466032
2025-02-11,1232.764892578125,-0.00075840618845191
2025-02-12,1231.8299560546875,-0.0023165841042315227
2025-02-13,1228.976318359375,0.008967821486656424
2025-02-14,1239.99755859375,-0.00710253729550725
2025-02-17,1231.1904296875,-0.006474079884892903
2025-02-18,1223.2196044921875,0.014963253253418074
2025-02-19,1241.52294921875,-0.00927363263129366
2025-02-20,1230.009521484375,-0.013600512413462273
2025-02-21,1213.28076171875,-0.011841501063063808
2025-02-24,1198.9136962890625,0.004760575802008171
2025-02-25,1204.6212158203125,-0.0013887964206850123
2025-02-27,1202.9482421875,-0.015010829513102175
2025-02-28,1184.8909912109375,0.0017439631707285574
2025-03-03,1186.9573974609375,0.0034820598022020643
2025-03-04,1191.0904541015625,0.004378722105951693
2025-03-05,1196.305908203125,0.0019331360435945744
2025-03-06,1198.6185302734375,-0.002873486251211088
2025-03-07,1195.17431640625,0.0002469648247733769
2025-03-10,1195.469482421875,0.0251471263067371
2025-03-11,1225.5321044921875,-0.0011642941686980102
2025-03-12,1224.105224609375,0.004903733295305912
2025-03-13,1230.10791015625,0.015159505108839566
2025-03-17,1248.7557373046875,0.0
2025-03-18,1248.7557373046875,0.03475158426742553
2025-03-19,1292.1519775390625,0.0065494545317477115
2025-03-20,1300.6148681640625,0.01619135405551586
2025-03-21,1321.673583984375,0.011205441875285826
2025-03-24,1336.4835205078125,-0.010639565901107817
2025-03-25,1322.263916015625,-0.005804845021033067
2025-03-26,1314.58837890625,0.0005614206859101412
2025-03-27,1315.326416015625,0.008753192761792539
2025-03-28,1326.8397216796875,-0.022175228214878162
2025-04-01,1297.416748046875,0.00970838800583862
2025-04-02,1310.0125732421875,-0.0012769736693135636
2025-04-03,1308.3397216796875,0.004324813426934915
2025-04-04,1313.998046875,-0.03575978013190306
2025-04-07,1267.009765625,0.009591839330115759
2025-04-08,1279.1627197265625,0.0006923435959553803
2025-04-09,1280.04833984375,0.008340997406485195
2025-04-11,1290.7252197265625,0.029390404668372394
2025-04-15,1328.66015625,0.0045919916092633795
2025-04-16,1334.7613525390625,0.037083360579238
2025-04-17,1384.2587890625,0.002203909611486754
2025-04-21,1387.3095703125,0.004752376628267552
2025-04-22,1393.902587890625,0.005577094015597028
2025-04-23,1401.676513671875,-0.015234529242412864
2025-04-24,1380.3226318359375,0.0014971342732850168
2025-04-25,1382.38916015625,0.01708432631034995
2025-04-28,1406.00634765625,0.0006998608439447995
2025-04-29,1406.9903564453125,-0.001958257219614845
2025-04-30,1404.235107421875,0.0021722965213872847
2025-05-02,1407.2855224609375,-0.000489396566746847
2025-05-05,1406.5968017578125,0.0015390301749369506
2025-05-06,1408.7615966796875,0.00265446045799278
2025-05-07,1412.5010986328125,6.965564272487512e-05
2025-05-08,1412.5994873046875,-0.03246254001571891
2025-05-09,1366.742919921875,0.04291163251478736
2025-05-12,1425.39208984375,-0.012357653784269229
2025-05-13,1407.777587890625,-0.0030756520217534167
2025-05-14,1403.44775390625,0.017248694534003794
2025-05-15,1427.6553955078125,0.002205662368634842
2025-05-16,1430.8043212890625,-0.003438741372539522
2025-05-19,1425.8841552734375,-0.0074534860198017805
2025-05-20,1415.25634765625,0.004519578601629437
2025-05-21,1421.6527099609375,-0.0017997319120717226
2025-05-22,1419.0941162109375,0.005339512313703443
2025-05-23,1426.67138671875,0.007449202090612506
2025-05-26,1437.2989501953125,-0.009721977929487924
2025-05-27,1423.3255615234375,0.005116174836402809
2025-05-28,1430.6075439453125,0.0018571552784039103
2025-05-29,1433.264404296875,-0.007346289193481237
2025-05-30,1422.7352294921875,0.0032507805416828184
2025-06-02,1427.3602294921875,-0.008686698420884098
2025-06-03,1414.961181640625,-0.004798659553553741
2025-06-04,1408.1712646484375,0.016631704306069972
2025-06-05,1431.591552734375,0.0033681236345242116
2025-06-06,1436.413330078125,-0.01705815656502563
2025-06-09,1411.9107666015625,-0.008293956973374428
2025-06-10,1400.200439453125,0.0056926315481129475
2025-06-11,1408.1712646484375,-0.004053143019272509
2025-06-12,1402.4637451171875,-0.006385073422077503
2025-06-13,1393.5089111328125,0.00762665206679447
2025-06-16,1404.13671875,-0.0025931330137790587
2025-06-17,1400.49560546875,-0.007448012091143763
2025-06-18,1390.064697265625,-0.0009201389956100536
2025-06-19,1388.78564453125,0.01119528533703118
2025-06-20,1404.33349609375,-0.004905035508462108
2025-06-23,1397.4451904296875,0.002816680935695315
2025-06-24,1401.38134765625,0.0011937161610562352
2025-06-25,1403.05419921875,0.009328056294600096
2025-06-26,1416.1419677734375,0.016051671251746003
2025-06-27,1438.8734130859375,-0.011215846680451613
2025-06-30,1422.7352294921875,-0.009544963653943195
2025-07-01,1409.1552734375,-0.0029329163706924843
2025-07-02,1405.0223388671875,-0.0013307624546881058
2025-07-03,1403.152587890625,0.011852234252771598
2025-07-04,1419.7830810546875,-0.0049211309599296316
2025-07-07,1412.796142578125,0.004388166681729588
2025-07-08,1418.9957275390625,-0.007004052591730869
2025-07-09,1409.0570068359375,-0.0054473730604578385
2025-07-10,1401.38134765625,-0.0015448450172454997
2025-07-11,1399.2164306640625,0.0007736612489150918
2025-07-14,1400.2989501953125,0.0054813560406543615
2025-07-15,1407.9744873046875,-0.0030752219045273588
2025-07-16,1403.6446533203125,-0.0053981956327595615
2025-07-17,1396.0675048828125,0.005004553369734044
2025-07-18,1403.05419921875,0.028054467531247296
2025-07-21,1442.4161376953125,0.005321305626571071
2025-07-22,1450.0916748046875,0.010179094448753201
2025-07-23,1464.852294921875,-0.003493146289979987
2025-07-24,1459.7353515625,-0.004247060917104917
2025-07-25,1453.5357666015625,0.0076502232021946615
2025-07-28,1464.6556396484375,-0.0014781898242098856
2025-07-29,1462.4906005859375,-0.0025567739108900422
2025-07-30,1458.7513427734375,-0.000674555532673371
2025-07-31,1457.767333984375,-0.0066154581758712805
2025-08-01,1448.12353515625,-0.0057080704858827325
2025-08-04,1439.8575439453125,-0.012848578075037143
2025-08-05,1421.357421875,-0.0005537730080317216
2025-08-06,1420.5703125,-0.0022859230722696022
2025-08-07,1417.322998046875,-0.00305493807010937
2025-08-08,1412.9931640625,0.00048741969928922657
2025-08-11,1413.681884765625,-0.0025251962674345263
2025-08-12,1410.112060546875,-0.0008438630088650756
2025-08-13,1408.922119140625,0.004574900644521929
2025-08-14,1415.3677978515625,0.005114495053901047
2025-08-18,1422.606689453125,0.0011850014681662469
2025-08-19,1424.29248046875,-0.003968527410984968
2025-08-20,1418.64013671875,0.010764703351546778
2025-08-21,1433.911376953125,-0.006638941201889681
2025-08-22,1424.3917236328125,-0.0022278561375354
2025-08-25,1421.2183837890625,-0.01158244350649218
2025-08-26,1404.7572021484375,-0.012353565256034371
2025-08-28,1387.4034423828125,-0.0009291187124245148
2025-08-29,1386.1143798828125,0.009443376246108581
2025-09-01,1399.2039794921875,-0.011906445480868166
2025-09-02,1382.54443359375,0.002008334242761034
2025-09-03,1385.321044921875,0.006084477752664519
2025-09-04,1393.75,-0.0019209816423766402
2025-09-05,1391.0726318359375,-7.134290603616478e-05
2025-09-08,1390.973388671875,0.0007128656497046304
2025-09-09,1391.9649658203125,0.00014250664541370917
2025-09-10,1392.163330078125,-0.001638286018223134
2025-09-11,1389.882568359375,0.011486820825514554
2025-09-12,1405.847900390625,0.0011992144281534056
2025-09-15,1407.5338134765625,0.00154988713862525
2025-09-16,1409.71533203125,-0.0016882009852803304
2025-09-17,1407.33544921875,0.001761487574001075
2025-09-18,1409.814453125,-0.013715928375991449
2025-09-19,1390.4775390625,-0.0004991751232047426
2025-09-22,1389.783447265625,-0.0051373259063201004
2025-09-23,1382.6436767578125,-0.008319695104019198
2025-09-24,1371.1405029296875,-0.004990125425744507
2025-09-25,1364.29833984375,-0.011775061800240016
2025-09-26,1348.233642578125,-0.008458332616551045
2025-09-29,1336.829833984375,-7.414638066127743e-05
2025-09-30,1336.730712890625,0.01780412178514612
2025-10-01,1360.530029296875,-0.004956277272310516
2025-10-03,1353.786865234375,-0.001318458728779226
2025-10-06,1352.001953125,0.009168261764599617
2025-10-07,1364.3974609375,-0.0040700021400815745
2025-10-08,1358.8443603515625,0.004305470175902881
2025-10-09,1364.69482421875,0.0029793605842078907
2025-10-10,1368.7607421875,-0.0006521067542991643
2025-10-13,1367.8681640625,0.0034072322565121826
2025-10-14,1372.52880859375,0.010331689873028127
2025-10-15,1386.7093505859375,0.013515496539897365
2025-10-16,1405.451416015625,0.01361736847435413
2025-10-17,1424.5899658203125,-0.032228811727195716
2025-10-20,1378.6771240234375,-0.0059700075871318425
2025-10-21,1370.4464111328125,-0.0132416506831885
2025-10-23,1352.2994384765625,0.010266168997269176
2025-10-24,1366.182373046875,-7.255333966060817e-05
2025-10-27,1366.083251953125,-0.0105255548365224
2025-10-28,1351.7044677734375,0.0053554706997449575
2025-10-29,1358.9434814453125,-0.005837700814689262
2025-10-30,1351.0103759765625,-0.01255137010901397
2025-10-31,1334.0533447265625,0.0008175821802771654
2025-11-03,1335.14404296875,-0.00705581714285719
2025-11-04,1325.7235107421875,-0.012341985651076581
2025-11-06,1309.3614501953125,0.0171159848480682
2025-11-07,1331.7724609375,0.0037230473662404062
2025-11-10,1336.730712890625,0.0076409310334562
2025-11-11,1346.944580078125,0.0004417187699663483
2025-11-12,1347.53955078125,0.01986902126669654
2025-11-13,1374.3138427734375,-0.009308000734386312
2025-11-14,1361.521728515625,0.004369984684746253
2025-11-17,1367.4715576171875,-0.004060941981072319
2025-11-18,1361.9183349609375,0.007062755700877554
2025-11-19,1371.5372314453125,-7.22700714770319e-05
2025-11-20,1371.4381103515625,-0.009761437231621262
2025-11-21,1358.0509033203125,-0.000803135022053203
2025-11-24,1356.960205078125,-0.007746249668727279
2025-11-25,1346.4488525390625,0.012667508544113248
2025-11-26,1363.5050048828125,0.012509050045779624
2025-11-27,1380.5611572265625,-0.002442093885728691
2025-11-28,1377.189697265625,0.0009360093983852291
2025-12-01,1378.478759765625,-0.012301264078151686
2025-12-02,1361.521728515625,0.013474141858950128
2025-12-03,1379.8670654296875,-0.003449614738172402
2025-12-04,1375.1070556640625,0.004182646645853216
2025-12-05,1380.858642578125,-0.0020825682899053843
2025-12-08,1377.98291015625,-0.010362728725219372
2025-12-09,1363.7032470703125,-0.008435157562706408
2025-12-10,1352.2001953125,-0.0026400116130178564
2025-12-11,1348.63037109375,0.0044117567193278084
2025-12-12,1354.5802001953125,-0.0005856685051376376
2025-12-15,1353.786865234375,0.0005860117137421739
2025-12-16,1354.5802001953125,-0.009956094237207558
2025-12-17,1341.0938720703125,0.003253524112569517
2025-12-18,1345.4571533203125,-0.0019900226683305933
2025-12-19,1342.7796630859375,0.010634405240484757
2025-12-22,1357.059326171875,-0.004019059047245532
2025-12-23,1351.605224609375,-0.002347649776244465
2025-12-24,1348.43212890625,-0.006912867917709731
2025-12-26,1339.110595703125,-0.005257614543818345
2025-12-29,1332.070068359375,-0.0005956571280272271
2025-12-30,1331.276611328125,0.00029800607345542574
2025-12-31,1331.67333984375,-0.0036487993291453025
2026-01-01,1326.8143310546875,0.013004469576272104
2026-01-02,1344.06884765625,0.011878358805123668
2026-01-05,1360.0341796875,0.02894636221659752
2026-01-06,1399.4022216796875,0.01169217848406423
2026-01-07,1415.7642822265625,0.0051132351854523694
2026-01-08,1423.00341796875,-0.02139373594650673
2026-01-09,1392.56005859375,0.006266385643852956
2026-01-12,1401.286376953125,0.0169132575415063
2026-01-13,1424.9866943359375,-0.01294368582628791
2026-01-14,1406.5421142578125,0.0
2026-01-15,1406.5421142578125,-0.005358088376260062
2026-01-16,1399.0057373046875,-0.02140636813515462
2026-01-19,1369.05810546875,-0.0034766717394878466
2026-01-20,1364.29833984375,-0.019479646810778295
2026-01-21,1337.7222900390625,-0.002594487025329162
2026-01-22,1334.2515869140625,-0.0015607232409247107
2026-01-23,1332.169189453125,0.0133988140890835
2026-01-27,1350.0186767578125,0.004627576314816917
2026-01-28,1356.2659912109375,0.011625366960408945
2026-01-29,1372.0330810546875,-0.020670756635300158
2026-01-30,1343.672119140625,-0.001623549766056609
2026-02-02,1341.4906005859375,0.027276695526662786
2026-02-03,1378.08203125,0.013456166433760686
2026-02-04,1396.625732421875,-0.008449319553143098
2026-02-05,1384.8251953125,0.006874351667523371
2026-02-06,1394.344970703125,-0.006969593452346712
2026-02-09,1384.626953125,0.007304945206078495
2026-02-10,1394.7415771484375,-0.0002843583727699661
2026-02-11,1394.344970703125,0.01699736852104028
2026-02-12,1418.045166015625,-0.010769219909464223
2026-02-13,1402.77392578125,-0.0021207804987397605
2026-02-16,1399.7989501953125,-0.0029044698365845445
2026-02-17,1395.7332763671875,0.0004972954422077791
2026-02-18,1396.4273681640625,-0.013776349086977557
2026-02-19,1377.189697265625,0.004104170755059977
2026-02-20,1382.8419189453125,0.003513872983457844
2026-02-23,1387.7010498046875,-0.010433102537313554
2026-02-24,1373.2230224609375,0.011337361325356232
2026-02-25,1388.791748046875,0.0031417822406680784
2026-02-26,1393.155029296875,-0.018506621467999862
2026-02-27,1367.3724365234375,-0.0035536264514219873
2026-03-02,1362.5133056640625,-0.006259077350968423
2026-03-04,1353.9852294921875,-0.00571266444623697
2026-03-05,1346.2503662109375,-0.032557424262248946
2026-03-06,1302.419921875,-0.02664839264050245
2026-03-09,1267.7125244140625,0.026204656074120036
2026-03-10,1300.9324951171875,-0.013186998996644439
2026-03-11,1283.777099609375,-0.021705568913144013
2026-03-12,1255.9119873046875,-0.009237948915631566
2026-03-13,1244.3099365234375,0.014424547993713954
2026-03-16,1262.258544921875,0.012412549507167192
2026-03-17,1277.9263916015625,0.0004656706187058379
2026-03-18,1278.521484375,-0.030404210643703133
2026-03-19,1239.6490478515625,-0.0037596483773592038
2026-03-20,1234.9884033203125,-0.018227097392761182
2026-03-23,1212.4781494140625,0.023309054075455027
2026-03-24,1240.7398681640625,0.0067934909600329
2026-03-25,1249.1688232421875,-0.020560351116284292
2026-03-27,1223.4854736328125,-0.022613058056771163
2026-03-30,1195.8187255859375,0.0056388496415988865
2026-04-01,1202.561767578125,0.0025563915574924323
2026-04-02,1205.635986328125,0.012830972695986542
2026-04-06,1221.10546875,0.01145032597255935
2026-04-07,1235.0875244140625,0.05114413288136577
2026-04-08,1298.2550048828125,-0.02131062531822081
2026-04-09,1270.58837890625,0.03168649951098401
2026-04-10,1310.848876953125,0.022089358320372066
2026-04-13,1339.8046875,-0.0022203635674509226
2026-04-15,1336.829833984375,-0.001928627716684117
2026-04-16,1334.2515869140625,0.0009662229994376048
2026-04-17,1335.540771484375,0.006979411831912863
2026-04-20,1344.862060546875,0.02374288720000073
2026-04-21,1376.79296875,-0.01498135244099319
2026-04-22,1356.166748046875,-0.014331596895618803
2026-04-23,1336.730712890625,-0.01617214121220789
2026-04-24,1315.1129150390625,-0.009123856385237494
2026-04-27,1303.114013671875,-0.016817531622625004
2026-04-28,1281.1988525390625,-0.008513964114992723
2026-04-29,1270.290771484375,-0.013739184115041936
2026-04-30,1252.8380126953125,0.0
2026-05-01,1252.8380126953125,0.0058572095444628935
2026-05-04,1260.1761474609375,-0.015344708889922787
2026-05-05,1240.839111328125,0.0225365505835049
2026-05-06,1268.8033447265625,-0.00039080099483967956
2026-05-07,1268.3074951171875,-0.011102336627374032
2026-05-08,1254.226318359375,0.0012649613776545277
2026-05-11,1255.8128662109375,-0.02060953073787042
2026-05-12,1229.93115234375,-0.0037894532492172006
2026-05-13,1225.2703857421875,0.00841690813820084
2026-05-14,1235.5833740234375,-0.0012038254876876042
2026-05-15,1234.095947265625,0.005303315207532133
2026-05-18,1240.6407470703125,-0.008232735553478587
2026-05-19,1230.4268798828125,-0.0028207309038392747
2026-05-20,1226.9561767578125,0.0044451298224843505
2026-05-21,1232.41015625,0.01729968906201962
2026-05-22,1253.73046875,0.021751199545107625
2026-05-25,1281.0006103515625,-0.00983137247465371
2026-05-26,1268.4066162109375,-0.005003470863179094
2026-05-27,1262.0601806640625,0.0
2026-05-28,1262.0601806640625,-0.01280738948641702
2026-05-29,1245.896484375,-0.013291974905118242
2026-06-01,1229.3360595703125,-0.0105670686339141
2026-06-02,1216.3455810546875,0.012555017646492583
2026-06-03,1231.6168212890625,0.00780997491923463
2026-06-04,1241.2357177734375,0.008308744426129167
2026-06-05,1251.548828125,-0.009428746880817962
2026-06-08,1239.748291015625,0.019836810056854892
2026-06-09,1264.3409423828125,0.014353007261128425
2026-06-10,1282.488037109375,0.018325185401073085
2026-06-11,1305.9898681640625,0.018071406826400516
2026-06-12,1329.5909423828125,-0.009844923925420912
2026-06-15,1316.501220703125,0.005046742733137322
2026-06-16,1323.145263671875,0.001873661225739287
2026-06-17,1325.6243896484375,0.004114272138304509
2026-06-18,1331.078369140625,0.0031288878389361674
2026-06-19,1335.2431640625,0.004381754698531193
2026-06-22,1341.0938720703125,-0.010425859035861351
2026-06-23,1327.11181640625,0.02637673960834097
2026-06-24,1362.11669921875,0.01011940715833548
2026-06-25,1375.9005126953125,0.0
2026-06-26,1375.9005126953125,7.204088728474112e-05
2026-06-29,1375.9996337890625,-0.008936329935560927
2026-06-30,1363.7032470703125,0.0033450426385743803
2026-07-01,1368.264892578125,0.014639802598416685
2026-07-02,1388.2960205078125,0.00814285089995792
2026-07-03,1399.6007080078125,0.010981961669627172
2026-07-06,1414.9710693359375,-0.008550014006021511
2026-07-07,1402.873046875,-0.024104063786509533
2026-07-08,1369.05810546875,7.240093999949515e-05
2026-07-09,1369.1572265625,0.014847537512027387
2026-07-10,1389.48583984375,0.005923567304255917
2026-07-13,1397.716552734375,-0.0012771074193801413
2026-07-14,1395.9315185546875,0.00603822964528522
2026-07-15,1404.3604736328125,0.0014122274191163964
2026-07-16,1406.34375,0.018403721001933215
2026-07-17,1432.2257080078125,0.011008717191209216
2026-07-20,1447.99267578125,0.001986013099357198
2026-07-21,1450.868408203125,-0.01530998154560248
2026-07-22,1428.6556396484375,-0.004234015551011994
2026-07-23,1422.606689453125,-0.0011850014681662469
2026-07-24,1420.9208984375,0.008932934393476977
2026-07-27,1433.6138916015625,-0.010306394707499389
2026-07-28,1418.8385009765625,0.004962262730547895
2026-07-29,1425.879150390625,-0.002781829535335012
2026-07-30,1421.91259765625,0.0010460746745364347
2026-07-31,1423.4000244140625,0.02571306376154081
2026-08-03,1460.0,-0.0036986468589469412
2026-08-04,1454.5999755859375,-0.003093634040649107
2026-08-05,1450.0999755859375,0.005103113260223502
2026-08-06,1457.5,-0.025042881646655246
2026-08-07,1421.0,0.007600315853712125
2026-08-10,1431.800048828125,-0.0015365785494896311
2026-08-11,1429.5999755859375,0.0014689253090374166
2026-08-12,1431.699951171875,-0.017391844096501408
2026-08-13,1406.800048828125,0.007250462622866438
2026-08-14,1417.0,-0.0011996832546753433
2026-08-17,1415.300048828125,-0.002331695551665902
2026-08-18,1412.0,-0.007082152974504208
2026-08-19,1402.0,0.007061358355251457
2026-08-20,1411.9000244140625,0.005736932818100282
2026-08-21,1420.0,-0.0035211267605633756
2026-08-24,1415.0,0.005441661605565473
2026-08-25,1422.699951171875,0.005131123271714388
2026-08-26,1430.0,0.009090909090909038
2026-08-27,1443.0,-0.013998580160689555
2026-08-28,1422.800048828125,0.021928556438814084
2026-08-31,1454.0,-0.011004126547455306
2026-09-01,1438.0,-0.007997218358831715
2026-09-02,1426.5,0.002453557658604888
2026-09-03,1430.0,-0.004755278900786752
2026-09-04,1423.199951171875,0.00302139472713181
2026-09-07,1427.5,-0.01968474647000873
2026-09-08,1399.4000244140625,-0.007360332034035633
2026-09-09,1389.0999755859375,-0.00331147913525609
2026-09-10,1384.5,-0.003755833276904985
2026-09-11,1379.300048828125,
