ds,y,next_return
1996-01-01,0.4683900773525238,-0.004044586593137445
1996-01-02,0.4664956331253052,0.006769438898470259
1996-01-03,0.46965354681015015,-0.006602213166632009
1996-01-04,0.4665527939796448,-0.011813926285382359
1996-01-05,0.4610409736633301,0.006226515788526621
1996-01-08,0.46391165256500244,-0.01113797685408957
1996-01-09,0.458744615316391,-0.00876143342570268
1996-01-10,0.45472535490989685,0.022727476792415935
1996-01-11,0.46506011486053467,-0.005555139729832348
1996-01-12,0.4624766409397125,-0.011172987795380895
1996-01-15,0.45730939507484436,0.004394074145325444
1996-01-16,0.4593188464641571,-0.009499952083361629
1996-01-17,0.4549553394317627,0.0032813285253647795
1996-01-18,0.45644819736480713,-0.01006388149277937
1996-01-19,0.45185455679893494,0.01016619285288356
1996-01-22,0.45644819736480713,-0.00314562812666086
1996-01-23,0.45501238107681274,-0.004416583997492229
1996-01-24,0.45300278067588806,-0.003801450383944305
1996-01-25,0.45128071308135986,0.0
1996-01-26,0.45128071308135986,-0.005725882993446008
1996-01-29,0.44869673252105713,0.012155676722881648
1996-01-30,0.4541509449481964,0.0113792596348119
1996-01-31,0.4593188464641571,0.03749903566548629
1996-02-01,0.4765428602695465,0.03602479655412316
1996-02-02,0.4937102198600769,0.00011529523487818771
1996-02-05,0.4937671422958374,0.023257136193725714
1996-02-06,0.5052507519721985,-0.026591477038059974
1996-02-07,0.49181538820266724,0.06233907825112994
1996-02-08,0.5224747061729431,0.038132277608867504
1996-02-09,0.5423978567123413,-0.011326575622702895
1996-02-12,0.536254346370697,0.04925143286181677
1996-02-13,0.5626656413078308,0.03775491492922156
1996-02-14,0.5839090347290039,0.009439416730772088
1996-02-15,0.5894207954406738,0.0028248004821596062
1996-02-16,0.5910857915878296,-0.020689893709385787
1996-02-19,0.5788562893867493,-0.015869686520146975
1996-02-20,0.5696700215339661,0.0
1996-02-21,0.5696700215339661,-0.007760834789348747
1996-02-22,0.5652489066123962,0.009650224188766376
1996-02-23,0.5707036852836609,0.006035832113379991
1996-02-26,0.5741483569145203,-0.04999952764624249
1996-02-27,0.545441210269928,0.002104800740029722
1996-02-28,0.5465892553329468,-0.014706039510826607
1996-02-29,0.5385510921478271,0.0074622141295979105
1996-03-01,0.5425698757171631,0.015873556435088476
1996-03-04,0.5511823892593384,0.0
1996-03-05,0.5511823892593384,-0.0281252723766251
1996-03-06,0.5356802344322205,0.028939195121785666
1996-03-07,0.5511823892593384,0.00822877495348373
1996-03-08,0.555717945098877,-0.010228135658665316
1996-03-11,0.5500339865684509,0.0020878758748201776
1996-03-12,0.5511823892593384,-0.02395735579638003
1996-03-13,0.5379775166511536,0.024545398644879368
1996-03-14,0.5511823892593384,-0.00416672704461174
1996-03-15,0.5488857626914978,0.0014638211922866073
1996-03-18,0.5496892333030701,0.0027163638394296363
1996-03-19,0.5511823892593384,0.0
1996-03-20,0.5511823892593384,-0.0031246938297488924
1996-03-21,0.5494601130485535,0.012956896801411766
1996-03-22,0.5565794110298157,-0.011760090890272079
1996-03-25,0.5500339865684509,-0.013361560348845503
1996-03-26,0.5426846742630005,0.007194935208459485
1996-03-27,0.5465892553329468,0.02111328311148908
1996-03-28,0.5581295490264893,0.03477048994752163
1996-03-29,0.5775359869003296,0.0
1996-04-01,0.5775359869003296,0.00407639404770932
1996-04-02,0.579890251159668,-0.007921311912166384
1996-04-03,0.5752967596054077,-0.0019961918291963032
1996-04-04,0.5741483569145203,0.0
1996-04-05,0.5741483569145203,0.005799881257532391
1996-04-08,0.5774783492088318,0.05090448149807614
1996-04-09,0.6068745851516724,0.054872650507294285
1996-04-10,0.6401754021644592,-0.011659477740087132
1996-04-11,0.6327112913131714,0.015245780222840288
1996-04-12,0.6423574686050415,0.061851800645264854
1996-04-15,0.6820884346961975,0.040066954776688535
1996-04-16,0.7094176411628723,0.049045152126276026
1996-04-17,0.7442111372947693,-0.011109588491429956
1996-04-18,0.7359432578086853,-0.007645371022571457
1996-04-19,0.730316698551178,-0.023584797482281594
1996-04-22,0.7130923271179199,0.004186579674655855
1996-04-23,0.7160777449607849,0.01996505516035696
1996-04-24,0.730374276638031,-0.0014938409764864158
1996-04-25,0.7292832136154175,-0.0024402260271924048
1996-04-26,0.7275035977363586,-0.007182098867845044
1996-04-29,0.7222785949707031,0.007993761916330833
1996-04-30,0.7280523180961609,0.0
1996-05-01,0.7280523180961609,0.01824000296036954
1996-05-02,0.7413319945335388,0.00038906573329478
1996-05-03,0.7416204214096069,0.006462055406682099
1996-05-06,0.7464128136634827,0.005569153496813639
1996-05-07,0.7505697011947632,0.013384506772698312
1996-05-08,0.7606157064437866,0.026795127722608836
1996-05-09,0.7809965014457703,0.016854986897222535
1996-05-10,0.7941601872444153,-0.0005815909684003806
1996-05-13,0.7936983108520508,-0.004946662853723582
1996-05-14,0.7897721529006958,-0.013231746773515018
1996-05-15,0.77932208776474,0.010223440336432077
1996-05-16,0.7872894406318665,-0.015326843837597304
1996-05-17,0.7752227783203125,-0.013704052258635913
1996-05-20,0.764599084854126,0.006192622860084596
1996-05-21,0.7693339586257935,-0.002626889224237927
1996-05-22,0.7673130035400391,-0.006997698195096658
1996-05-23,0.7619435787200928,0.0017429000291944163
1996-05-24,0.7632715702056885,-0.019288790848233872
1996-05-27,0.7485489845275879,0.008869482571579823
1996-05-28,0.7551882266998291,0.013379288767853659
1996-05-29,0.7652921080589294,-0.018936138412556147
1996-05-30,0.7508004307746887,-0.004922064272473992
1996-05-31,0.7471049427986145,0.030062450032275256
1996-06-03,0.7695647478103638,0.0063769667684236975
1996-06-04,0.7744722366333008,-0.0032801815801885015
1996-06-05,0.7719318270683289,0.020194323669604497
1996-06-06,0.7875204682350159,0.014369454878034649
1996-06-07,0.7988367080688477,0.017707391949534523
1996-06-10,0.8129820227622986,0.0024859278973135
1996-06-11,0.8150030374526978,0.0060930346783649725
1996-06-12,0.8199688792228699,-0.0044368619289594236
1996-06-13,0.8163307905197144,0.0043143285680136145
1996-06-14,0.8198527097702026,0.0
1996-06-17,0.8198527097702026,-0.0035912434061421417
1996-06-18,0.8169084191322327,0.0036041869186482778
1996-06-19,0.8198527097702026,-0.007041881821141405
1996-06-20,0.8140794038772583,0.0
1996-06-21,0.8140794038772583,-0.01078043278123142
1996-06-24,0.8053032755851746,-0.0012905281995140294
1996-06-25,0.8042640089988708,0.018664951841693922
1996-06-26,0.8192755579948425,-0.00042305791499164247
1996-06-27,0.8189289569854736,-0.0031017483507951304
1996-06-28,0.8163888454437256,0.0014143519782674474
1996-07-01,0.8175435066223145,-0.0018366002474171639
1996-07-02,0.8160420060157776,-0.005518039593122803
1996-07-03,0.8115390539169312,-0.003984174938815421
1996-07-04,0.8083057403564453,-0.0028573598640819764
1996-07-05,0.8059961199760437,-0.006089020926877353
1996-07-08,0.8010883927345276,0.0018017812902690888
1996-07-09,0.8025317788124084,0.021582859912944174
1996-07-10,0.8198527097702026,-0.005352440877927633
1996-07-11,0.8154644966125488,0.003823999957898394
1996-07-12,0.8185828328132629,-0.008323053755764809
1996-07-15,0.8117697238922119,-0.016073955984021393
1996-07-16,0.7987213730812073,0.0
1996-07-17,0.7987213730812073,0.00513271286560979
1996-07-18,0.8028209805488586,0.0043146903419908345
1996-07-19,0.8062849044799805,0.002506354596540694
1996-07-22,0.8083057403564453,-0.008642870205410769
1996-07-23,0.8013196587562561,-0.012897658590917738
1996-07-24,0.7909845113754272,0.014745091337052596
1996-07-25,0.8026476502418518,-0.013092267428515214
1996-07-26,0.7921391725540161,-0.0065593469923377334
1996-07-29,0.786943256855011,-0.06162860265807413
1996-07-30,0.7384450435638428,0.03205580217114279
1996-07-31,0.7621164917945862,0.06053005769582853
1996-08-01,0.808247447013855,-0.014214747898657731
1996-08-02,0.7967584133148193,-0.00731930576115547
1996-08-05,0.7909266948699951,0.004306627475178404
1996-08-06,0.7943329215049744,-0.014463676102739687
1996-08-07,0.7828439474105835,0.01629929536768171
1996-08-08,0.7956037521362305,-0.011321083223154615
1996-08-09,0.7865966558456421,-0.013945469929230403
1996-08-12,0.7756271958351135,-0.0077420306750281
1996-08-13,0.769622266292572,0.006751873956551968
1996-08-14,0.7748186588287354,0.0
1996-08-15,0.7748186588287354,-0.03427684567630562
1996-08-16,0.7482603192329407,-0.0177469237218435
1996-08-19,0.7349810004234314,-0.0007859095843096853
1996-08-20,0.7344033718109131,0.012027925102367831
1996-08-21,0.7432367205619812,0.0005442103548651822
1996-08-22,0.743641197681427,0.020962343669709727
1996-08-23,0.7592296600341797,-0.003649464270012892
1996-08-26,0.7564588785171509,0.0035101282976004455
1996-08-27,0.759114146232605,-0.0036507262742836444
1996-08-28,0.7563428282737732,0.013893881054527268
1996-08-29,0.7668513655662537,0.00888359070767697
1996-08-30,0.7736637592315674,-0.00037288353922559914
1996-09-02,0.7733752727508545,-0.009928875990321107
1996-09-03,0.7656965255737305,0.010933224435197397
1996-09-04,0.7740680575370789,0.005445106292149449
1996-09-05,0.7782829403877258,0.023738761276059117
1996-09-06,0.7967584133148193,-0.02608662215834534
1996-09-09,0.7759736776351929,-0.004911174544757979
1996-09-10,0.7721627354621887,-0.008524137997046766
1996-09-11,0.7655807137489319,0.0013574879403825957
1996-09-12,0.7666199803352356,-0.005723949363340863
1996-09-13,0.7622318863868713,-0.00015139040277123428
1996-09-16,0.7621164917945862,-0.00022688535985648794
1996-09-17,0.7619435787200928,0.006289537937488987
1996-09-18,0.766735851764679,0.009035585659576961
1996-09-19,0.7736637592315674,0.0003734228336005341
1996-09-20,0.7739526629447937,0.007832329118472758
1996-09-23,0.7800145149230957,-0.008141842965774138
1996-09-24,0.7736637592315674,0.003208570404572564
1996-09-25,0.7761461138725281,-0.010487905030813871
1996-09-26,0.7680059671401978,-0.001653783212451243
1996-09-27,0.766735851764679,-0.006777913620917397
1996-09-30,0.7615389823913574,-0.021985983020081257
1996-10-01,0.7447957992553711,0.0
1996-10-02,0.7447957992553711,0.007364032139313137
1996-10-03,0.750280499458313,-0.01115810791207672
1996-10-04,0.7419087886810303,-0.024046200403561757
1996-10-07,0.7240687012672424,0.007894149560700336
1996-10-08,0.7297846078872681,0.027214692487287806
1996-10-09,0.749645471572876,0.047982327054446605
1996-10-10,0.7856152057647705,0.005439046174193329
1996-10-11,0.7898882031440735,-0.01907807238461756
1996-10-14,0.7748186588287354,-0.013636734285692342
1996-10-15,0.7642526626586914,0.010274424521791836
1996-10-16,0.7721049189567566,-0.0010473398055284022
1996-10-17,0.7712962627410889,0.00044945195608980804
1996-10-18,0.7716429233551025,0.0
1996-10-21,0.7716429233551025,0.034044517156624154
1996-10-22,0.797913134098053,0.011577483156679946
1996-10-23,0.8071509599685669,-0.01237573057418151
1996-10-24,0.797161877155304,-0.0020271931905689877
1996-10-25,0.7955458760261536,-0.00021832547953493098
1996-10-28,0.7953721880912781,0.001964459131883478
1996-10-29,0.7969346642494202,0.0
1996-10-30,0.7969346642494202,-0.012705954857559765
1996-10-31,0.7868088483810425,0.007500949587976535
1996-11-01,0.7927106618881226,-0.007298557131340089
1996-11-04,0.7869250178337097,0.0
1996-11-05,0.7869250178337097,0.0
1996-11-06,0.7869250178337097,0.014485308781858164
1996-11-07,0.7983238697052002,0.006087884021475309
1996-11-08,0.8031839728355408,-0.012534961471047046
1996-11-11,0.7931160926818848,0.0
1996-11-12,0.7931160926818848,0.014079893103106311
1996-11-13,0.804283082485199,0.004532805143404373
1996-11-14,0.807928740978241,0.0026497634232018896
1996-11-15,0.8100695610046387,-0.004499764250761817
1996-11-18,0.8064244389533997,0.006242037340912221
1996-11-19,0.811458170413971,0.001140810175753515
1996-11-20,0.8123838901519775,-0.0042733650585419225
1996-11-21,0.8089122772216797,0.0007150385637451073
1996-11-22,0.8094906806945801,-0.007862749429349836
1996-11-25,0.8031258583068848,-0.00403444623420024
1996-11-26,0.7998856902122498,-0.001012529569060172
1996-11-27,0.7990757822990417,0.004706530162348788
1996-11-28,0.8028366565704346,0.0018016440865358252
1996-11-29,0.804283082485199,-0.0005032744707484937
1996-12-02,0.8038783073425293,-0.0124526575535856
1996-12-03,0.7938678860664368,-0.008891955209791136
1996-12-04,0.7868088483810425,-0.0029415637119367677
1996-12-05,0.7844944000244141,0.01784938220427379
1996-12-06,0.7984971404075623,0.0
1996-12-09,0.7984971404075623,-0.0036960237326615353
1996-12-10,0.7955458760261536,0.02480219404370021
1996-12-11,0.8152771592140198,0.0007098949041171032
1996-12-12,0.8158559203147888,0.0
1996-12-13,0.8158559203147888,0.005106156281901253
1996-12-16,0.8200218081474304,0.011430631160784799
1996-12-17,0.8293951749801636,0.025533631401410073
1996-12-18,0.8505726456642151,0.02040827481470009
1996-12-19,0.8679313659667969,0.017333755818093044
1996-12-20,0.8829758763313293,0.0026213259364851194
1996-12-23,0.8852904438972473,-0.00653571008494136
1996-12-24,0.8795044422149658,0.0
1996-12-25,0.8795044422149658,0.019736187582832798
1996-12-26,0.8968625068664551,0.0
1996-12-27,0.8968625068664551,0.0
1996-12-30,0.8968625068664551,-0.006450849267116032
1996-12-31,0.8910769820213318,0.026103776300284043
1997-01-01,0.9143374562263489,0.009238308877612234
1997-01-02,0.9227843880653381,-0.001755292181705781
1997-01-03,0.9211646318435669,0.0050260188275603745
1997-01-06,0.9257944226264954,0.0021246112846604603
1997-01-07,0.9277613759040833,-0.00012476507770220469
1997-01-08,0.9276456236839294,0.009793096083474673
1997-01-09,0.936730146408081,0.014330233847323903
1997-01-10,0.9501537084579468,0.01443252948666629
1997-01-13,0.9638668298721313,0.0011408693165704253
1997-01-14,0.9649664759635925,0.043233028717280186
1997-01-15,1.0066848993301392,-0.0674786566935297
1997-01-16,0.9387551546096802,0.023174793573819574
1997-01-17,0.9605106115341187,-0.00481889386171408
1997-01-20,0.9558820128440857,-0.022154713223557
1997-01-21,0.9347047209739685,0.03565681442426394
1997-01-22,0.9680333137512207,0.0
1997-01-23,0.9680333137512207,-0.02181725844817506
1997-01-24,0.946913480758667,0.038802077628830256
1997-01-27,0.9836556911468506,-0.021411616939558398
1997-01-28,0.9625940322875977,0.0062514675242457685
1997-01-29,0.9686116576194763,-0.010573512730939871
1997-01-30,0.9583700299263,0.007064217119444605
1997-01-31,0.965140163898468,0.0013188314369148024
1997-02-03,0.9664130210876465,0.0031734851718174806
1997-02-04,0.9694799184799194,0.02059025006434001
1997-02-05,0.9894417524337769,0.0
1997-02-06,0.9894417524337769,0.008187130205050908
1997-02-07,0.9975424408912659,0.004641077295420626
1997-02-10,1.0021721124649048,0.027655492933185588
1997-02-11,1.0298876762390137,0.011292897453550665
1997-02-12,1.0415180921554565,0.0026107697169484023
1997-02-13,1.0442372560501099,-0.007757574263128064
1997-02-14,1.036136507987976,0.006254441715545456
1997-02-17,1.0426169633865356,-0.0027742635150160844
1997-02-18,1.0397244691848755,0.012855084150238394
1997-02-19,1.053090214729309,5.5354557259246207e-05
1997-02-20,1.0531485080718994,0.012032667568439459
1997-02-21,1.0658206939697266,-0.016775770091822295
1997-02-24,1.047940731048584,0.01170535348235946
1997-02-25,1.0602072477340698,0.028598115309743655
1997-02-26,1.0905271768569946,0.01819915927024529
1997-02-27,1.110373854637146,0.069306846718731
1997-02-28,1.1873303651809692,0.14488362456851367
1997-03-03,1.359355092048645,-0.032435398909612
1997-03-04,1.3152638673782349,0.007874482483964496
1997-03-05,1.3256208896636963,-0.04705338452465502
1997-03-06,1.263245940208435,0.0
1997-03-07,1.263245940208435,-0.06554602182247127
1997-03-10,1.1804451942443848,-0.015881676686569146
1997-03-11,1.1616977453231812,0.032425051259478366
1997-03-12,1.1993658542633057,0.008297874666658656
1997-03-13,1.2093180418014526,-0.0023922334231522013
1997-03-14,1.2064250707626343,-0.00239806873897197
1997-03-17,1.2035319805145264,-0.015961338190986885
1997-03-18,1.1843219995498657,0.0013682190092556556
1997-03-19,1.1859424114227295,0.00019500611454748018
1997-03-20,1.186173677444458,-0.001951489928088912
1997-03-21,1.183858871459961,0.0
1997-03-24,1.183858871459961,0.026930615144929115
1997-03-25,1.2157409191131592,0.00994727198669132
1997-03-26,1.2278342247009277,0.036333256309333484
1997-03-27,1.2724454402923584,0.0
1997-03-28,1.2724454402923584,-0.06998292868514899
1997-03-31,1.1833959817886353,-0.012712544367432632
1997-04-01,1.1683520078659058,0.06418353434147073
1997-04-02,1.2433409690856934,0.052354864380291355
1997-04-03,1.3084359169006348,0.0700041071593216
1997-04-04,1.4000318050384521,0.0005784925101652849
1997-04-07,1.4008417129516602,0.0
1997-04-08,1.4008417129516602,0.04878142596207069
1997-04-09,1.4691767692565918,-0.05820957019389583
1997-04-10,1.383656620979309,-0.004809100200543592
1997-04-11,1.377002477645874,0.0
1997-04-14,1.377002477645874,0.024077809157092345
1997-04-15,1.4101576805114746,0.0
1997-04-16,1.4101576805114746,0.016453607410776394
1997-04-17,1.4333598613739014,0.0
1997-04-18,1.4333598613739014,0.03011495277652987
1997-04-21,1.4765254259109497,0.01892815537680348
1997-04-22,1.504473328590393,-0.0040005746235253214
1997-04-23,1.4984545707702637,0.0024333433996703846
1997-04-24,1.5021008253097534,0.018952211156113563
1997-04-25,1.5305689573287964,0.06986206381432436
1997-04-28,1.6374976634979248,-0.0049116481364813724
1997-04-29,1.6294548511505127,0.030929357814676317
1997-04-30,1.679852843284607,0.0
1997-05-01,1.679852843284607,-0.011160173342652291
1997-05-02,1.6611053943634033,-0.020342517296450313
1997-05-05,1.6273143291473389,0.007715607364260579
1997-05-06,1.639870047569275,0.008256915213742833
1997-05-07,1.6534103155136108,0.025161986706235595
1997-05-08,1.695013403892517,0.0008872054841746468
1997-05-09,1.6965172290802002,-0.013983076036414688
1997-05-12,1.6727946996688843,0.005222834352366368
1997-05-13,1.6815314292907715,-0.0018584675083306301
1997-05-14,1.6784063577651978,-0.007584150934980438
1997-05-15,1.6656770706176758,-0.0009034037200509326
1997-05-16,1.6641722917556763,0.006953967127286909
1997-05-19,1.675744891166687,-3.42174209070345e-05
1997-05-20,1.675687551498413,-0.004420103002941045
1997-05-21,1.668280839920044,-0.031284455367423636
1997-05-22,1.6160895824432373,0.022980300134058718
1997-05-23,1.6532278060913086,0.0083534511850063
1997-05-26,1.6670379638671875,0.021442810020045666
1997-05-27,1.7027839422225952,-0.018471103341105022
1997-05-28,1.6713316440582275,0.00256944542517612
1997-05-29,1.6756260395050049,0.025419157565681028
1997-05-30,1.7182190418243408,0.011448946422740969
1997-06-02,1.7378908395767212,0.02888235643141246
1997-06-03,1.7880852222442627,0.0008433588589948915
1997-06-04,1.78959321975708,-0.002464129831505013
1997-06-05,1.7851834297180176,0.009816961425032966
1997-06-06,1.8027085065841675,0.0600334011915582
1997-06-09,1.9109312295913696,0.07002503360406864
1997-06-10,2.0447442531585693,-0.008371929131503308
1997-06-11,2.027625799179077,-0.0010301630470249679
1997-06-12,2.0255370140075684,-0.013091889349434616
1997-06-13,1.999018907546997,-0.059160464443109406
1997-06-16,1.8807560205459595,0.07000762189083098
1997-06-17,2.012423276901245,0.07001148599378126
1997-06-18,2.153316020965576,0.021936051194121342
1997-06-19,2.2005512714385986,-0.011339055607061499
1997-06-20,2.1755990982055664,-0.014696786586132937
1997-06-23,2.143624782562256,-0.03868328978244273
1997-06-24,2.060702323913574,0.024724026206923932
1997-06-25,2.1116511821746826,0.01813680554622521
1997-06-26,2.149949789047241,-0.019162869531090698
1997-06-27,2.108750581741333,0.021711206693333374
1997-06-30,2.154534101486206,0.04206956223633429
1997-07-01,2.2451744079589844,-0.00695246780696579
1997-07-02,2.229564905166626,0.025610296901889207
1997-07-03,2.2866647243499756,0.016977328771958122
1997-07-04,2.325486183166504,0.07001848306033875
1997-07-07,2.4883131980895996,-0.016277876755025678
1997-07-08,2.4478087425231934,0.062134710399115445
1997-07-09,2.599902629852295,0.015601045486282938
1997-07-10,2.6404638290405273,0.06151247486660827
1997-07-11,2.8028852939605713,0.03422207928052656
1997-07-14,2.898805856704712,-0.04073694122608984
1997-07-15,2.780717372894287,-0.002629215683483732
1997-07-16,2.7734062671661377,0.009331434860699428
1997-07-17,2.799286127090454,0.0
1997-07-18,2.799286127090454,-0.06998271109662446
1997-07-21,2.603384494781494,-0.06998983276165893
1997-07-22,2.4211740493774414,0.007190742815953222
1997-07-23,2.438584089279175,-0.010803601780691174
1997-07-24,2.412238597869873,-0.029901868633287032
1997-07-25,2.3401081562042236,-0.0073393869156022085
1997-07-28,2.3229331970214844,-0.005820639205968425
1997-07-29,2.3094122409820557,0.0005523220911183291
1997-07-30,2.310687780380249,0.03410403532827533
1997-07-31,2.389491558074951,0.07001319264109651
1997-08-01,2.5567874908447266,0.06629407986464675
1997-08-04,2.726287364959717,-0.02409409177780475
1997-08-05,2.660599946975708,-0.005518055910887387
1997-08-06,2.645918607711792,-0.003223885987359454
1997-08-07,2.6373884677886963,-0.027810680681962907
1997-08-08,2.5640408992767334,0.029171963352189856
1997-08-11,2.63883900642395,-0.023903575801179078
1997-08-12,2.575761318206787,0.004979115151849456
1997-08-13,2.5885863304138184,-0.017216222275151183
1997-08-14,2.544020652770996,0.0
1997-08-15,2.544020652770996,0.06503085733650371
1997-08-18,2.709460496902466,-0.014756736907971746
1997-08-19,2.669477701187134,0.049627114514485315
1997-08-20,2.8019561767578125,0.006337336422896245
1997-08-21,2.8197131156921387,0.0011523046007460014
1997-08-22,2.8229622840881348,0.022158950883427453
1997-08-25,2.8855161666870117,0.04090497914024693
1997-08-26,3.0035481452941895,0.02121307905177683
1997-08-27,3.067262649536133,-0.027847890312282186
1997-08-28,2.9818458557128906,-0.010392293196771485
1997-08-29,2.950857639312744,0.005978123252273537
1997-09-01,2.9684982299804688,0.005434356583489119
1997-09-02,2.9846301078796387,-0.009565644170210885
1997-09-03,2.956080198287964,0.003336882361609117
1997-09-04,2.965944290161133,0.024925820365026885
1997-09-05,3.039872884750366,0.07001901389246301
1997-09-08,3.2527217864990234,0.06882610916268272
1997-09-09,3.4765939712524414,-0.012852378827109656
1997-09-10,3.4319114685058594,-0.037164871534088095
1997-09-11,3.3043649196624756,0.014470784719605279
1997-09-12,3.3521816730499268,-0.009382599758223087
1997-09-15,3.3207294940948486,0.012337102367299568
1997-09-16,3.3616976737976074,-0.017123426115012053
1997-09-17,3.304133892059326,-0.059150450314325975
1997-09-18,3.1086928844451904,0.04330704283207587
1997-09-19,3.243321180343628,0.01728330444978221
1997-09-22,3.2993764877319336,0.03489344433117014
1997-09-23,3.4145030975341797,0.030182808126320015
1997-09-24,3.5175623893737793,0.02781351639579044
1997-09-25,3.6153981685638428,0.023850838550761866
1997-09-26,3.7016284465789795,0.005486174424367718
1997-09-29,3.7219362258911133,0.009978520180601747
1997-09-30,3.75907564163208,-0.013306457290444773
1997-10-01,3.7090556621551514,0.0
1997-10-02,3.7090556621551514,0.0
1997-10-03,3.7090556621551514,0.0
1997-10-06,3.7090556621551514,0.0
1997-10-07,3.7090556621551514,0.0
1997-10-08,3.7090556621551514,-0.07575304011266504
1997-10-09,3.4280834197998047,0.06500093473387625
1997-10-10,3.650912046432495,0.012047579072339332
1997-10-13,3.694896697998047,-0.02223794516800104
1997-10-14,3.612729787826538,-0.005750785312396256
1997-10-15,3.591953754425049,-0.033505277468503736
1997-10-16,3.471604347229004,-0.00675298695883042
1997-10-17,3.4481606483459473,0.0024568830269784403
1997-10-20,3.456632375717163,-0.011382059538974865
1997-10-21,3.4172887802124023,-0.026829556214726824
1997-10-22,3.3256044387817383,-0.02195102646890057
1997-10-23,3.2526040077209473,-0.0077072892546111715
1997-10-24,3.2275352478027344,-0.009924309668482456
1997-10-27,3.1955041885375977,-0.06501033058776162
1997-10-28,2.9877634048461914,0.07341511706257808
1997-10-29,3.2071104049682617,-0.02587395577446716
1997-10-30,3.1241297721862793,0.0
1997-10-31,3.1241297721862793,-0.011033345925340887
1997-11-03,3.089660167694092,0.012846696042449146
1997-11-04,3.12935209274292,-0.03200575004872208
1997-11-05,3.0291948318481445,-0.0013407722911362718
1997-11-06,3.0251333713531494,0.004833969863171195
1997-11-07,3.0397567749023438,-0.003321499295981467
1997-11-10,3.029660224914551,0.04562356047492644
1997-11-11,3.167884111404419,-0.03513348203429967
1997-11-12,3.0565853118896484,-0.0051263438897594105
1997-11-13,3.0409162044525146,0.0
1997-11-14,3.0409162044525146,0.008968893946439627
1997-11-17,3.068189859390259,-0.01497887818256094
1997-11-18,3.0222318172454834,0.048846105511929805
1997-11-19,3.169856071472168,0.06432862942955953
1997-11-20,3.3737685680389404,-0.033402373932828744
1997-11-21,3.2610766887664795,-0.019466883443838512
1997-11-24,3.1975936889648438,0.04674805840879004
1997-11-25,3.3470749855041504,-0.010020692872890202
1997-11-26,3.31353497505188,0.003257381490092026
1997-11-27,3.3243284225463867,-0.03250255105626787
1997-11-28,3.2162792682647705,0.02392362728300612
1997-12-01,3.293224334716797,-0.0066956813340453
1997-12-02,3.2711739540100098,0.0005321312991890537
1997-12-03,3.2729146480560303,-0.01819028950364887
1997-12-04,3.213379383087158,-0.0069349875982070985
1997-12-05,3.1910946369171143,-0.037859687766844785
1997-12-08,3.0702807903289795,-0.01470465473973559
1997-12-09,3.0251333713531494,0.002071273530186657
1997-12-10,3.0313992500305176,-0.06531344649973536
1997-12-11,2.8334081172943115,-0.09302042421960299
1997-12-12,2.569843292236328,0.03558683864034107
1997-12-15,2.6612958908081055,-0.018621188996803872
1997-12-16,2.61173939704895,0.051081256722737445
1997-12-17,2.745150327682495,-0.009821786443367397
1997-12-18,2.7181880474090576,0.005558154276672944
1997-12-19,2.7332961559295654,0.015051453319115282
1997-12-22,2.7744362354278564,-0.03535241430461855
1997-12-23,2.6763532161712646,0.023838533174515453
1997-12-24,2.7401535511016846,0.0
1997-12-25,2.7401535511016846,0.007718760498204302
1997-12-26,2.7613041400909424,0.0365299748768515
1997-12-29,2.8621745109558105,-0.024807848174443148
1997-12-30,2.791170120239258,0.03343319937377731
1997-12-31,2.8844878673553467,-0.003303820110710287
1998-01-01,2.874958038330078,0.004891259638056145
1998-01-02,2.8890202045440674,0.035036145043639166
1998-01-05,2.9902403354644775,-0.010804038310706532
1998-01-06,2.9579336643218994,0.014222333776892082
1998-01-07,3.000002384185791,-0.04141033378415604
1998-01-08,2.8757712841033936,-0.036894893233290205
1998-01-09,2.769670009613037,-0.030041909855332394
1998-01-12,2.6864638328552246,0.006964241435319485
1998-01-13,2.7051730155944824,0.026849238669319764
1998-01-14,2.7778048515319824,-0.018030706144507636
1998-01-15,2.7277190685272217,-0.0005114989813286286
1998-01-16,2.7263238430023193,-0.014109012909540919
1998-01-19,2.6878581047058105,0.0033292548121317544
1998-01-20,2.6968066692352295,0.01641793591446805
1998-01-21,2.7410826683044434,-0.01153194408178737
1998-01-22,2.70947265625,-0.004031290125473097
1998-01-23,2.69854998588562,0.0
1998-01-26,2.69854998588562,-0.011842871239830521
1998-01-27,2.6665914058685303,-0.021397658097214056
1998-01-28,2.609532594680786,-0.03620582333417666
1998-01-29,2.515052318572998,0.020007121125683813
1998-01-30,2.56537127494812,0.01137022329199211
1998-02-02,2.5945401191711426,-0.00474808151593098
1998-02-03,2.582221031188965,-0.00031494041892343727
1998-02-04,2.5814077854156494,0.00783341302453855
1998-02-05,2.6016290187835693,-0.002010259692451166
1998-02-06,2.5963990688323975,0.0043863745073846605
1998-02-09,2.607787847518921,0.007753805476485187
1998-02-10,2.6280081272125244,-0.0006188158671246446
1998-02-11,2.6263818740844727,-0.011503975546494627
1998-02-12,2.596168041229248,0.012354444134042852
1998-02-13,2.628242254257202,0.0
1998-02-16,2.628242254257202,0.05151199054178712
1998-02-17,2.7636282444000244,-0.00134581409113943
1998-02-18,2.75990891456604,0.0009684778639615921
1998-02-19,2.7625818252563477,0.013124758999398356
1998-02-20,2.798840045928955,0.09940212208921473
1998-02-23,3.0770506858825684,0.0012839678892577755
1998-02-24,3.0810015201568604,0.03473929548698851
1998-02-25,3.18803334236145,-0.011956402163663338
1998-02-26,3.149915933609009,0.031839266771396924
1998-02-27,3.25020694732666,0.036648617451011445
1998-03-02,3.3693225383758545,-0.04856345859382738
1998-03-03,3.2056965827941895,0.02994392393801837
1998-03-04,3.301687717437744,-0.01752816703183835
1998-03-05,3.2438151836395264,-0.0035467886737666765
1998-03-06,3.2323100566864014,0.04634310792620733
1998-03-09,3.3821053504943848,-0.009414491253017632
1998-03-10,3.350264549255371,-0.026327801225559777
1998-03-11,3.262059450149536,0.003562545986283139
1998-03-12,3.2736806869506836,0.0
1998-03-13,3.2736806869506836,0.06428840479354014
1998-03-16,3.484140396118164,0.03185346415626489
1998-03-17,3.5951223373413086,0.04709697622580111
1998-03-18,3.764441728591919,-0.007809698938129439
1998-03-19,3.7350425720214844,0.007590944001699462
1998-03-20,3.763395071029663,0.009140362232759935
1998-03-23,3.7977938652038574,-0.022031624883813272
1998-03-24,3.7141222953796387,0.024687257633412063
1998-03-25,3.805813789367676,-0.017252489234304336
1998-03-26,3.7401540279388428,0.05540020384586475
1998-03-27,3.947359323501587,0.022580901372125872
1998-03-30,4.036494255065918,0.0653248344800359
1998-03-31,4.300177574157715,0.04623965112042128
1998-04-01,4.499016284942627,0.0002842570858392346
1998-04-02,4.500295162200928,0.00020629801236582423
1998-04-03,4.501223564147949,0.03606737466564258
1998-04-06,4.663570880889893,0.020558337304785734
1998-04-07,4.759446144104004,0.0
1998-04-08,4.759446144104004,0.08643609107527461
1998-04-09,5.170834064483643,-0.0656254481154368
1998-04-10,4.831495761871338,-0.09330097239730717
1998-04-13,4.380712509155273,0.0
1998-04-14,4.380712509155273,0.06695653215079544
1998-04-15,4.67402982711792,0.040900104477068266
1998-04-16,4.865198135375977,0.06012176739135122
1998-04-17,5.157702445983887,0.00651144928214209
1998-04-20,5.191286563873291,-0.003245822485833272
1998-04-21,5.174436569213867,0.025019305944387726
1998-04-22,5.303897380828857,-0.036502932326561766
1998-04-23,5.110289573669434,-0.015304858965906165
1998-04-24,5.032077312469482,-0.0160736758946316
1998-04-27,4.951193332672119,0.012064732137482936
1998-04-28,5.010928153991699,-0.009763549706252261
1998-04-29,4.962003707885742,0.01882246487532857
1998-04-30,5.055400848388672,0.0
1998-05-01,5.055400848388672,0.03761810098223495
1998-05-04,5.245575428009033,0.012432676297448042
1998-05-05,5.310791969299316,-0.004429524729792189
1998-05-06,5.287267684936523,0.0
1998-05-07,5.287267684936523,0.01363439922281362
1998-05-08,5.35935640335083,0.02144672506547285
1998-05-11,5.474297046661377,-0.029187052439572647
1998-05-12,5.314518451690674,-0.03861080039367082
1998-05-13,5.109320640563965,0.03754047355199086
1998-05-14,5.301126956939697,0.006809855909756246
1998-05-15,5.337226867675781,0.013222578159731713
1998-05-18,5.407798767089844,0.01882192502655866
1998-05-19,5.509583950042725,0.056943329552678223
1998-05-20,5.823318004608154,-0.03821694750320226
1998-05-21,5.600768566131592,0.018256015007411586
1998-05-22,5.70301628112793,0.0033697065206521604
1998-05-25,5.722233772277832,-0.008649299348004735
1998-05-26,5.672740459442139,0.0190922632594408
1998-05-27,5.781045913696289,-0.007513940426924659
1998-05-28,5.737607479095459,-0.009093270094206352
1998-05-29,5.685433864593506,0.02593200711988941
1998-06-01,5.832868576049805,-0.029189909561581184
1998-06-02,5.662607669830322,-0.0344478297016787
1998-06-03,5.467543125152588,-0.020575481004326712
1998-06-04,5.355045795440674,-0.08531438704688055
1998-06-05,4.898183345794678,-0.08342828994858476
1998-06-08,4.489536285400391,0.09981593671536793
1998-06-09,4.937663555145264,-0.031911637927496295
1998-06-10,4.780094623565674,0.07528191940115225
1998-06-11,5.139949321746826,0.036364758046822265
1998-06-12,5.326862335205078,-0.09472887521886564
1998-06-15,4.822254657745361,-0.026661621016353054
1998-06-16,4.693685531616211,0.09607022877932492
1998-06-17,5.144608974456787,-0.026190962354621927
1998-06-18,5.009866714477539,-0.048234265953911004
1998-06-19,4.768219470977783,-0.045208342146114466
1998-06-22,4.552656173706055,0.09231795343170623
1998-06-23,4.97294807434082,0.06999693547663322
1998-06-24,5.321039199829102,-0.006215326281106215
1998-06-25,5.287967205047607,-0.01673791765328292
1998-06-26,5.19945764541626,0.021883055777516924
1998-06-29,5.31323766708374,-0.031957250450004526
1998-06-30,5.143441200256348,-0.007516563640479812
1998-07-01,5.104780197143555,-0.0037644201578628245
1998-07-02,5.085563659667969,-9.132505719533501e-05
1998-07-03,5.085099220275879,0.05120765445143416
1998-07-06,5.345495223999023,0.05152432812777086
1998-07-07,5.620918273925781,0.049952239241528584
1998-07-08,5.901695728302002,-0.014089074897107534
1998-07-09,5.818546295166016,-0.00024044497563424638
1998-07-10,5.817147254943848,-0.004324378114999083
1998-07-13,5.791991710662842,0.008042686865974202
1998-07-14,5.8385748863220215,0.014620422971226121
1998-07-15,5.9239373207092285,0.036329757472935986
1998-07-16,6.139152526855469,-0.008498892715159356
1998-07-17,6.086976528167725,-0.025063149636338822
1998-07-20,5.934417724609375,-0.021311288626394198
1998-07-21,5.807947635650635,0.013454104707586012
1998-07-22,5.8860883712768555,-0.02930163280655207
1998-07-23,5.713616371154785,0.002323756614118766
1998-07-24,5.726893424987793,0.010269050402800461
1998-07-27,5.785703182220459,0.05722504283389318
1998-07-28,6.116790294647217,5.721930248725471e-05
1998-07-29,6.117140293121338,-0.0047403557667715646
1998-07-30,6.0881428718566895,-0.0029457788252772454
1998-07-31,6.070208549499512,0.002129511435450482
1998-08-03,6.08313512802124,-0.0040969615808537085
1998-08-04,6.058212757110596,-0.0003265645246715021
1998-08-05,6.056234359741211,0.002903507829873364
1998-08-06,6.073818683624268,0.05015810913113894
1998-08-07,6.378469944000244,0.004217881331914919
1998-08-10,6.405373573303223,-0.005290685460523359
1998-08-11,6.371484756469727,-0.04549395852648097
1998-08-12,6.081620693206787,0.00028743736417591315
1998-08-13,6.08336877822876,-0.0019144443114533782
1998-08-14,6.071722507476807,-0.030918554266069598
1998-08-17,5.883993625640869,-0.01549730547004291
1998-08-18,5.792807579040527,0.018676289663871692
1998-08-19,5.90099573135376,0.028971130765877318
1998-08-20,6.071954250335693,-0.012524216041843284
1998-08-21,5.995907783508301,0.010041648342297371
1998-08-24,6.056116580963135,0.02584461187139464
1998-08-25,6.212634563446045,0.0
1998-08-26,6.212634563446045,-0.005679707915647758
1998-08-27,6.177348613739014,-0.030672554093493565
1998-08-28,5.987873554229736,-0.0017896105118534456
1998-08-31,5.9771575927734375,-0.04960507404542547
1998-09-01,5.680660247802734,0.015149907564780296
1998-09-02,5.766721725463867,-0.005452925376303597
1998-09-03,5.735276222229004,-0.008528281192502707
1998-09-04,5.68636417388916,0.01411099380553904
1998-09-07,5.766604423522949,-0.004180198100690258
1998-09-08,5.742498874664307,-0.004360247990246147
1998-09-09,5.7174601554870605,-0.016152528238672637
1998-09-10,5.62510871887207,-0.040081097201015714
1998-09-11,5.399648189544678,0.01199191125517629
1998-09-14,5.464400291442871,-0.006585612614944281
1998-09-15,5.4284138679504395,-0.0017807122128555841
1998-09-16,5.418747425079346,-0.0025573883417340237
1998-09-17,5.4048895835876465,0.0034259751430871788
1998-09-18,5.423406600952148,-8.607571075325282e-05
1998-09-21,5.422939777374268,-0.00491790492853561
1998-09-22,5.396270275115967,0.05304618381929371
1998-09-23,5.682521820068359,0.00715248795177903
1998-09-24,5.723165988922119,0.021874384755850684
1998-09-25,5.8483567237854,0.008084864662088798
1998-09-28,5.895639896392822,-0.0007309091929644795
1998-09-29,5.891330718994141,-0.001166489788438918
1998-09-30,5.884458541870117,0.0
1998-10-01,5.884458541870117,0.0
1998-10-02,5.884458541870117,-0.07999349140447254
1998-10-05,5.413740158081055,-0.023361385927572975
1998-10-06,5.287267684936523,0.07352263720977725
1998-10-07,5.67600154876709,-0.05414570143516517
1998-10-08,5.368670463562012,0.010607324789113859
1998-10-09,5.425617694854736,-0.009035936245561205
1998-10-12,5.37659215927124,-0.05185423196477401
1998-10-13,5.097793102264404,0.07328502596660491
1998-10-14,5.4713850021362305,-0.0057894468049800585
1998-10-15,5.439708709716797,-0.009912169606034249
1998-10-16,5.385789394378662,-0.009686919285736284
1998-10-19,5.333617687225342,-0.01098261332824102
1998-10-20,5.275040626525879,0.0
1998-10-21,5.275040626525879,0.030664415711297188
1998-10-22,5.43679666519165,0.014737336395191925
1998-10-23,5.516920566558838,0.01574760750404014
1998-10-26,5.603798866271973,0.013674162173679338
1998-10-27,5.680426120758057,-0.019312470866218012
1998-10-28,5.570723056793213,0.018856846985012776
1998-10-29,5.675769329071045,0.001025207950532625
1998-10-30,5.681588172912598,0.0022965712402878147
1998-11-02,5.694636344909668,0.002269621867013294
1998-11-03,5.707561016082764,0.0
1998-11-04,5.707561016082764,-0.0012855876914419362
1998-11-05,5.700223445892334,-0.01072573861899151
1998-11-06,5.639084339141846,-0.006195492531424596
1998-11-09,5.604147434234619,0.009974857797099279
1998-11-10,5.660048007965088,-0.003992087266188493
1998-11-11,5.637452602386475,-0.007278774245417341
1998-11-12,5.596418857574463,-0.002333140573530179
1998-11-13,5.583361625671387,-0.005741745051181302
1998-11-16,5.551303386688232,0.0018899792104862811
1998-11-17,5.561795234680176,0.017103754909365776
1998-11-18,5.656922817230225,-0.015352983585602997
1998-11-19,5.570072174072266,0.0010466311591665889
1998-11-20,5.575901985168457,-0.01609901010081316
1998-11-23,5.486135482788086,0.004759909815162722
1998-11-24,5.512248992919922,0.0
1998-11-25,5.512248992919922,-0.006006042894028618
1998-11-26,5.479142189025879,-0.002553392801103227
1998-11-27,5.465151786804199,-0.005758968433995149
1998-11-30,5.433678150177002,0.016305216323048377
1998-12-01,5.522275447845459,0.0002112934309674852
1998-12-02,5.523442268371582,0.004495187895746211
1998-12-03,5.548271179199219,0.019477777105509686
1998-12-04,5.656339168548584,0.03260524204483772
1998-12-07,5.840765476226807,0.043870535105269726
1998-12-08,6.097002983093262,-0.008030678359768562
1998-12-09,6.04803991317749,-0.002891358085233886
1998-12-10,6.030552864074707,0.009085643014074662
1998-12-11,6.085344314575195,0.007662813632962839
1998-12-14,6.131975173950195,-0.014068386128306076
1998-12-15,6.045708179473877,-0.01561933970088103
1998-12-16,5.951278209686279,0.0021552416584440515
1998-12-17,5.964104652404785,0.045347985078552755
1998-12-18,6.234564781188965,0.0800108299687261
1998-12-21,6.733397483825684,0.024948661415181705
1998-12-22,6.901386737823486,-0.0040540287510959505
1998-12-23,6.873408317565918,-0.008480093283315449
1998-12-24,6.815121173858643,0.0
1998-12-25,6.815121173858643,0.008552620301287117
1998-12-28,6.873408317565918,-0.007801960542456299
1998-12-29,6.819782257080078,0.01606817730518273
1998-12-30,6.92936372756958,-0.0013455199237486504
1998-12-31,6.920040130615234,-0.00033688487674243817
1999-01-01,6.917708873748779,0.005055803255243241
1999-01-04,6.952683448791504,0.01877882979807599
1999-01-05,7.08324670791626,-0.0006577067307902418
1999-01-06,7.078588008880615,0.03129059692318048
1999-01-07,7.300081253051758,0.042798010108835216
1999-01-08,7.6125102043151855,-0.00765675738263516
1999-01-11,7.55422306060791,0.07999985355711647
1999-01-12,8.158559799194336,0.08000402110143101
1999-01-13,8.811277389526367,0.07166976178049977
1999-01-14,9.442779541015625,-0.010148390057559076
1999-01-15,9.34695053100586,-0.0019710257782175056
1999-01-18,9.328527450561523,0.08000556142253834
1999-01-19,10.074861526489258,0.0
1999-01-20,10.074861526489258,0.08000258986480646
1999-01-21,10.880876541137695,0.04697019815019621
1999-01-22,11.391953468322754,-0.05444111250514738
1999-01-25,10.77176284790039,0.0
1999-01-26,10.77176284790039,0.011688079658525474
1999-01-27,10.897664070129395,-0.036746121848469926
1999-01-28,10.497217178344727,0.04725409802555247
1999-01-29,10.993253707885742,-0.03817550082578147
1999-02-01,10.573580741882324,-0.02534751099984367
1999-02-02,10.305566787719727,0.051798370745601785
1999-02-03,10.839378356933594,-0.01376642719035659
1999-02-04,10.69015884399414,0.0799999536105449
1999-02-05,11.545371055603027,-0.0569088613197255
1999-02-08,10.888337135314941,0.07087810732690514
1999-02-09,11.66008186340332,-0.019396258056896487
1999-02-10,11.433919906616211,0.004894183446720213
1999-02-11,11.489879608154297,0.006493104422538698
1999-02-12,11.564484596252441,-0.00604787584215094
1999-02-15,11.49454402923584,0.0036100016734557094
1999-02-16,11.536039352416992,0.04086740086772833
1999-02-17,12.007487297058105,0.018640252381845412
1999-02-18,12.23130989074707,-0.003430676705658442
1999-02-19,12.189348220825195,-0.02065844131397221
1999-02-22,11.937535285949707,0.0039059987874492386
1999-02-23,11.984163284301758,0.005934122565533606
1999-02-24,12.055278778076172,0.0366501498788534
1999-02-25,12.497106552124023,0.0
1999-02-26,12.497106552124023,0.1663989909773731
1999-03-01,14.57661247253418,0.0
1999-03-02,14.57661247253418,0.0800077934214678
1999-03-03,15.742855072021484,-0.06399466184625491
1999-03-04,14.735396385192871,0.011075915675841763
1999-03-05,14.898604393005371,-0.03724549473096794
1999-03-08,14.343698501586914,0.04193735323751446
1999-03-09,14.945235252380371,-0.012480717034384359
1999-03-10,14.758708000183105,0.011374466443266007
1999-03-11,14.926580429077148,0.06716657549419369
1999-03-12,15.929147720336914,-0.016364142752986588
1999-03-15,15.66848087310791,-0.06654583591936813
1999-03-16,14.625808715820312,-0.018013569399395135
1999-03-17,14.362345695495605,-0.02402561326150421
1999-03-18,14.017281532287598,-0.025948578004699185
1999-03-19,13.653553009033203,-0.015027462863877017
1999-03-22,13.44837474822998,-0.03259329427074564
1999-03-23,13.010047912597656,-0.04121859043789988
1999-03-24,12.47379207611084,0.01869130368932237
1999-03-25,12.70694351196289,-0.0036697148555905335
1999-03-26,12.66031265258789,0.0
1999-03-29,12.66031265258789,0.0799262540206247
1999-03-30,13.67220401763916,-0.0006816939743009565
1999-03-31,13.662883758544922,-0.02935189241362135
1999-04-01,13.261852264404297,0.0
1999-04-02,13.261852264404297,-0.03375521175660112
1999-04-05,12.81419563293457,-0.0010916404957244108
1999-04-06,12.800207138061523,0.032750583184758764
1999-04-07,13.21942138671875,-0.0031218690410781402
1999-04-08,13.178152084350586,-0.07574191141106135
1999-04-09,12.180013656616211,0.040007610594385845
1999-04-12,12.667306900024414,-0.013436190442347451
1999-04-13,12.497106552124023,0.0
1999-04-14,12.497106552124023,-0.007462664926558449
1999-04-15,12.403844833374023,0.07999992926545096
1999-04-16,13.396151542663574,-0.05632146291814344
1999-04-19,12.641660690307617,0.01438621844028054
1999-04-20,12.823526382446289,-0.008708920917518514
1999-04-21,12.711847305297852,-0.00775882493189084
1999-04-22,12.613218307495117,0.0018854645855206353
1999-04-23,12.63700008392334,-0.04981504967037975
1999-04-26,12.007487297058105,0.0
1999-04-27,12.007487297058105,0.009319768786053784
1999-04-28,12.119394302368164,0.011927741238545009
1999-04-29,12.263951301574707,0.007623670408723138
1999-04-30,12.357447624206543,-0.013226089182489909
1999-05-03,12.19400691986084,0.05353696518230433
1999-05-04,12.846837043762207,0.06715067347097081
1999-05-05,13.709510803222656,0.07999971340055523
1999-05-06,14.806267738342285,0.023557828776753498
1999-05-07,15.155071258544922,-0.009230743672427377
1999-05-10,15.015178680419922,-0.006211099252338426
1999-05-11,14.921917915344238,0.006890625634116798
1999-05-12,15.024739265441895,-0.00529154028279144
1999-05-13,14.945235252380371,0.0
1999-05-14,14.945235252380371,-0.03525763637344015
1999-05-17,14.418301582336426,0.025226268025294596
1999-05-18,14.782021522521973,0.006309583187124268
1999-05-19,14.875289916992188,0.004709424465080936
1999-05-20,14.945343971252441,-0.006234378717975941
1999-05-21,14.852169036865234,0.0048587265600539276
1999-05-24,14.924331665039062,0.004537456509225768
1999-05-25,14.992050170898438,0.005607207087089394
1999-05-26,15.0761137008667,-0.008673968119963127
1999-05-27,14.945343971252441,-0.006859086424642058
1999-05-28,14.842832565307617,0.02421298653969539
1999-05-31,15.202221870422363,-0.01474710779367383
1999-06-01,14.978033065795898,0.0012629885150563513
1999-06-02,14.996950149536133,-0.004842216835622137
1999-06-03,14.924331665039062,0.0014237701171988526
1999-06-04,14.94558048248291,-0.010015584264429833
1999-06-07,14.795891761779785,-0.005681674255961333
1999-06-08,14.71182632446289,0.01738051769206006
1999-06-09,14.967525482177734,0.0011546655445813236
1999-06-10,14.984807968139648,-0.01282541331189846
1999-06-11,14.792621612548828,-0.008824533620506725
1999-06-14,14.662083625793457,-0.02521225506785374
1999-06-15,14.29241943359375,0.011257390558874647
1999-06-16,14.453314781188965,0.010178946789853649
1999-06-17,14.600434303283691,-0.011052103360850829
1999-06-18,14.439068794250488,0.07607753819385032
1999-06-21,15.537557601928711,0.03787418726994507
1999-06-22,16.12602996826172,-0.0074288997672768975
1999-06-23,16.0062313079834,0.010868965517241369
1999-06-24,16.18020248413086,0.056705307478905675
1999-06-25,17.097705841064453,0.010653134796692942
1999-06-28,17.279850006103516,-0.006554249859100025
1999-06-29,17.166593551635742,-0.009413083363675079
1999-06-30,17.005002975463867,0.006618683668331515
1999-07-01,17.1175537109375,-0.0025917797571081147
1999-07-02,17.07318878173828,0.01147569260578507
1999-07-05,17.269115447998047,0.003691521638526263
1999-07-06,17.33286476135254,0.012138768206088946
1999-07-07,17.543264389038086,-0.008838600597126045
1999-07-08,17.388206481933594,0.032701623925511125
1999-07-09,17.956829071044922,0.07990036698514524
1999-07-12,19.391586303710938,0.03464579135017831
1999-07-13,20.06342315673828,0.07875055185791213
1999-07-14,21.643428802490234,0.03764460373707079
1999-07-15,22.458187103271484,0.06010009038131203
1999-07-16,23.807926177978516,0.08000858822275858
1999-07-19,25.712764739990234,-0.07984819107694197
1999-07-20,23.65964698791504,-0.05412694408765095
1999-07-21,22.3790225982666,-0.034716880593652855
1999-07-22,21.602092742919922,-0.020052856693059118
1999-07-23,21.168909072875977,0.005791718869173179
1999-07-26,21.291513442993164,-0.022297640798055296
1999-07-27,20.816762924194336,0.06682521562484234
1999-07-28,22.207847595214844,0.02730813270592858
1999-07-29,22.814302444458008,-0.008382892612110893
1999-07-30,22.6230525970459,0.055502679159716406
1999-08-02,23.878692626953125,-0.019657070612187022
1999-08-03,23.4093074798584,0.024819405569150188
1999-08-04,23.990312576293945,-0.013179615280310975
1999-08-05,23.674129486083984,0.019875746672873618
1999-08-06,24.144670486450195,-0.01903401130647775
1999-08-09,23.685100555419922,-0.007236700436969001
1999-08-10,23.51369857788086,0.048990789222863595
1999-08-11,24.665653228759766,0.03007847412438669
1999-08-12,25.40755844116211,0.002472134344297716
1999-08-13,25.470369338989258,0.014523122204308958
1999-08-16,25.84027862548828,0.007898065420171685
1999-08-17,26.04436683654785,-0.00012545085962401004
1999-08-18,26.041099548339844,-0.01628516910085054
1999-08-19,25.617015838623047,-0.00818565295285556
1999-08-20,25.407323837280273,0.017701924553075177
1999-08-23,25.85708236694336,-0.0059154395975733465
1999-08-24,25.704126358032227,0.020068616425868546
1999-08-25,26.219972610473633,-0.004658169232921283
1999-08-26,26.097835540771484,0.0008501925997213
1999-08-27,26.120023727416992,-0.003200428787940246
1999-08-30,26.036428451538086,-0.004332121395219102
1999-08-31,25.923635482788086,-0.013142305409481247
1999-09-01,25.58293914794922,-0.002994223142203878
1999-09-02,25.506338119506836,0.017990278229466083
1999-09-03,25.9652042388916,0.05187506725986357
1999-09-06,27.312150955200195,-0.015595310233303183
1999-09-07,26.88620948791504,0.04023994693006583
1999-09-08,27.968109130859375,-0.007631274285047174
1999-09-09,27.754676818847656,0.007664875046077935
1999-09-10,27.9674129486084,0.0
1999-09-13,27.9674129486084,-0.02064055332821524
1999-09-14,27.39015007019043,0.031110155082123114
1999-09-15,28.24226188659668,0.01028629616955512
1999-09-16,28.53277015686035,0.07142424065581832
1999-09-17,30.570701599121094,0.0727051884432175
1999-09-20,32.79335021972656,0.08000472280837267
1999-09-21,35.41697311401367,0.016536327218273916
1999-09-22,36.00263977050781,0.011564466411722263
1999-09-23,36.41899108886719,-0.022294496083594684
1999-09-24,35.60704803466797,-0.07999808017292154
1999-09-27,32.75855255126953,-0.00509673526205312
1999-09-28,32.591590881347656,0.0459426781636505
1999-09-29,34.08893585205078,-0.02270246558664135
1999-09-30,33.315032958984375,0.022500565648682302
1999-10-01,34.064640045166016,-0.010577455970380623
1999-10-04,33.704322814941406,0.025559268151951642
1999-10-05,34.56578063964844,0.030165169957396376
1999-10-06,35.608463287353516,0.0800011141410748
1999-10-07,38.45718002319336,-0.0010994593068625047
1999-10-08,38.41489791870117,-0.0055741499577716125
1999-10-11,38.200767517089844,-0.021878447014020863
1999-10-12,37.364994049072266,-0.005906069101110578
1999-10-13,37.14431381225586,0.0015530197257742628
1999-10-14,37.20199966430664,-0.033211922421021334
1999-10-15,35.96644973754883,-0.018997837276336416
1999-10-18,35.283164978027344,0.0
1999-10-19,35.283164978027344,0.02855155055480063
1999-10-20,36.29055404663086,-0.04818964421684846
1999-10-21,34.541725158691406,-0.028522769866412778
1999-10-22,33.55649948120117,0.004586299192816279
1999-10-25,33.71039962768555,0.04542887337403423
1999-10-26,35.241825103759766,-0.0003580693825456782
1999-10-27,35.22920608520508,-0.022261095545539455
1999-10-28,34.44496536254883,-0.05355909010214366
1999-10-29,32.60012435913086,-0.04533955181222582
1999-11-01,31.12204933166504,0.08000316481354908
1999-11-02,33.61191177368164,0.04065275847303207
1999-11-03,34.978328704833984,0.014432415613784944
1999-11-04,35.483150482177734,0.04621168507460194
1999-11-05,37.122886657714844,0.0
1999-11-08,37.122886657714844,0.006381003133932861
1999-11-09,37.35976791381836,0.016764248712863417
1999-11-10,37.98607635498047,-0.013670760533779358
1999-11-11,37.46677780151367,0.0008041385134189838
1999-11-12,37.49690628051758,-0.0013894782375947212
1999-11-15,37.44480514526367,0.01187253659382903
1999-11-16,37.88936996459961,0.004143279149770418
1999-11-17,38.046356201171875,0.05200847756041327
1999-11-18,40.025089263916016,0.015846326704908487
1999-11-19,40.659339904785156,0.056646171796263634
1999-11-22,42.9625358581543,0.0
1999-11-23,42.9625358581543,-0.008640010171925616
1999-11-24,42.591339111328125,0.04685230644445926
1999-11-25,44.58684158325195,0.009530916422951563
1999-11-26,45.01179504394531,-0.04564140123048532
1999-11-29,42.957393646240234,0.0035294306742823522
1999-11-30,43.1090087890625,0.004969396770201806
1999-12-01,43.32323455810547,0.0015638034446996407
1999-12-02,43.39098358154297,0.003030940810146321
1999-12-03,43.522499084472656,0.009092955293298566
1999-12-06,43.91824722290039,0.012128302978266614
1999-12-07,44.45090103149414,0.03644708444178302
1999-12-08,46.071006774902344,0.002266329437243808
1999-12-09,46.175418853759766,0.009248625874656469
1999-12-10,46.60247802734375,0.009443902375136703
1999-12-13,47.04258728027344,-0.012593484946235467
1999-12-14,46.450157165527344,-0.02033378693448018
1999-12-15,45.50564956665039,0.019128457436575097
1999-12-16,46.376102447509766,0.017056535225125957
1999-12-17,47.167118072509766,0.005884067040869967
1999-12-20,47.44465255737305,0.07955107088490299
1999-12-21,51.21892547607422,0.0800013614628845
1999-12-22,55.31650924682617,0.08000004965212137
1999-12-23,59.7418327331543,-0.0005431977586562997
1999-12-24,59.709381103515625,-0.015497695697084257
1999-12-27,58.78402328491211,-0.010078145324826981
1999-12-28,58.19158935546875,0.08000202693277081
1999-12-29,62.8470344543457,0.07558549564846029
1999-12-30,67.59735870361328,0.0
1999-12-31,67.59735870361328,0.08000195482657624
2000-01-03,73.00527954101562,0.07876383067396753
2000-01-04,78.75545501708984,-0.07999856625754953
2000-01-05,72.45513153076172,-0.08000030325880014
2000-01-06,66.65869903564453,-0.07999998626544835
2000-01-07,61.32600402832031,0.04813475087837671
2000-01-10,64.27791595458984,-0.07999705639205057
2000-01-11,59.13587188720703,0.03324727195271571
2000-01-12,61.10197830200195,-0.07546912545808437
2000-01-13,56.490665435791016,0.00709590160209328
2000-01-14,56.891517639160156,-0.02508922961799731
2000-01-17,55.46415328979492,0.0054544160274065945
2000-01-18,55.76667785644531,0.0799452079157803
2000-01-19,60.22495651245117,-0.011077990203837706
2000-01-20,59.55778503417969,0.05280778821570831
2000-01-21,62.70289993286133,0.03417232715399199
2000-01-24,64.8456039428711,0.01661567705083744
2000-01-25,65.92305755615234,0.0
2000-01-26,65.92305755615234,0.047634748567442875
2000-01-27,69.06328582763672,0.029875071018153232
2000-01-28,71.12655639648438,-0.05121810205198063
2000-01-31,67.48358917236328,0.02709896397021261
2000-02-01,69.31232452392578,-0.0069565944828261506
2000-02-02,68.83014678955078,0.01018199996563851
2000-02-03,69.53097534179688,0.06130400796000335
2000-02-04,73.79350280761719,0.07588369711242304
2000-02-07,79.39322662353516,0.047315506894956894
2000-02-08,83.1497573852539,-0.021178398519810515
2000-02-09,81.38877868652344,0.05732040094527546
2000-02-10,86.05401611328125,0.08000339028972792
2000-02-11,92.93862915039062,0.08000425558044189
2000-02-14,100.37411499023438,-0.0725880867445674
2000-02-15,93.08815002441406,0.007639053375678717
2000-02-16,93.79925537109375,0.025946979679296156
2000-02-17,96.23306274414062,-0.04211405910828592
2000-02-18,92.1802978515625,0.03955072628820311
2000-02-21,95.82609558105469,-0.04141020012710073
2000-02-22,91.85791778564453,-0.06257790177924405
2000-02-23,86.1096420288086,0.008903773451669927
2000-02-24,86.8763427734375,-0.03332266039615506
2000-02-25,83.98139190673828,-0.05313088428195445
2000-02-28,79.5193862915039,0.03169322152039311
2000-02-29,82.03961181640625,0.07999956477650705
2000-03-01,88.60274505615234,0.08000128128525308
2000-03-02,95.69107818603516,0.08000217820785949
2000-03-03,103.34657287597656,0.08000366459316455
2000-03-06,111.61467742919922,0.08000015584885367
2000-03-07,120.54386901855469,-0.04533774398690227
2000-03-08,115.07868194580078,-0.03706855521757979
2000-03-09,110.81288146972656,-0.01633822544663599
2000-03-10,109.00239562988281,-0.07999699310471875
2000-03-13,100.28253173828125,-0.07999737070982926
2000-03-14,92.26019287109375,0.009500833889590554
2000-03-15,93.1367416381836,-0.079999302075204
2000-03-16,85.68586730957031,0.0
2000-03-17,85.68586730957031,0.0
2000-03-20,85.68586730957031,0.0800034333486066
2000-03-21,92.54103088378906,0.0798831744457209
2000-03-22,99.93350219726562,-0.04023183140888675
2000-03-23,95.91299438476562,0.05450078065415864
2000-03-24,101.14032745361328,-0.04213963315811331
2000-03-27,96.87831115722656,-0.040487999953378595
2000-03-28,92.95590209960938,0.024257143598166664
2000-03-29,95.21074676513672,-0.043498185779307974
2000-03-30,91.06925201416016,-0.0795788325162824
2000-03-31,83.82206726074219,-0.07999862743459696
2000-04-03,77.11641693115234,-0.07999948158863013
2000-04-04,70.9471435546875,0.027040437096416126
2000-04-05,72.86558532714844,0.07920999623271241
2000-04-06,78.63726806640625,0.0800026661119706
2000-04-07,84.92845916748047,0.0800020266367989
2000-04-10,91.72290802001953,0.07982687180203807
2000-04-11,99.04486083984375,-0.04926795608198675
2000-04-12,94.16512298583984,-0.07999919950810264
2000-04-13,86.63198852539062,0.0
2000-04-14,86.63198852539062,-0.07999830559642829
2000-04-17,79.70157623291016,-0.07999573068674204
2000-04-18,73.32579040527344,-0.07606182442998921
2000-04-19,67.74849700927734,0.048758712201705245
2000-04-20,71.05182647705078,0.0
2000-04-21,71.05182647705078,-0.030532041291090106
2000-04-24,68.8824691772461,-0.027002857486844833
2000-04-25,67.02244567871094,0.07954816326354064
2000-04-26,72.35395812988281,0.03168698565035255
2000-04-27,74.64663696289062,0.017081823909116167
2000-04-28,75.92173767089844,0.0
2000-05-01,75.92173767089844,-0.029347374099280787
2000-05-02,73.69363403320312,-0.029734018609462565
2000-05-03,71.50242614746094,0.06937594523923796
2000-05-04,76.46297454833984,0.047245627312688665
2000-05-05,80.07551574707031,-0.1130277873002341
2000-05-08,71.0247573852539,0.03661595532323014
2000-05-09,73.62539672851562,-0.01460753051637742
2000-05-10,72.54991149902344,-0.09019553778200662
2000-05-11,66.00623321533203,-0.028332086353353936
2000-05-12,64.13613891601562,0.011427413134577957
2000-05-15,64.86904907226562,-0.01086548969740253
2000-05-16,64.16421508789062,0.014415944957819837
2000-05-17,65.08920288085938,-0.009335309725094665
2000-05-18,64.48157501220703,-0.06400495093962433
2000-05-19,60.354434967041016,-0.08013088222123332
2000-05-22,55.51818084716797,0.013023990092455806
2000-05-23,56.241249084472656,0.005144300742316643
2000-05-24,56.53057098388672,-0.001347715624715362
2000-05-25,56.454383850097656,-0.010067721328846813
2000-05-26,55.886016845703125,-0.014552240436024544
2000-05-29,55.072750091552734,0.06375400524943187
2000-05-30,58.583858489990234,0.1167716008307913
2000-05-31,65.42478942871094,-0.0007285993191188389
2000-06-01,65.37712097167969,0.07729145733921028
2000-06-02,70.43021392822266,0.06208377922854624
2000-06-05,74.80278778076172,-0.003786404905232299
2000-06-06,74.5195541381836,-0.01694161625164947
2000-06-07,73.25707244873047,0.008970572751308525
2000-06-08,73.91423034667969,0.003560042716383771
2000-06-09,74.1773681640625,-0.021530713670944834
2000-06-12,72.58027648925781,0.0008047729680376037
2000-06-13,72.63868713378906,0.005489083067584666
2000-06-14,73.03740692138672,0.06005875385544113
2000-06-15,77.42394256591797,0.013076325239248954
2000-06-16,78.43636322021484,0.020862361928450923
2000-06-19,80.0727310180664,0.019058829515288478
2000-06-20,81.59882354736328,-0.02614311435813843
2000-06-21,79.465576171875,0.0013941437704882986
2000-06-22,79.57636260986328,-0.029761559497280654
2000-06-23,77.20804595947266,-0.02132173786215219
2000-06-26,75.56183624267578,0.00919806369945353
2000-06-27,76.2568588256836,0.007269133525806826
2000-06-28,76.8111801147461,0.021139882168836444
2000-06-29,78.4349594116211,-0.009546499449887613
2000-06-30,77.6861801147461,0.03286860385625001
2000-07-03,80.23961639404297,0.01937422882036577
2000-07-04,81.79419708251953,-0.01707454643156392
2000-07-05,80.39759826660156,-0.015371506624580977
2000-07-06,79.1617660522461,0.00229127310608801
2000-07-07,79.34314727783203,-0.022509571221765334
2000-07-10,77.55716705322266,-0.0028141060026818376
2000-07-11,77.33891296386719,0.010672621374087754
2000-07-12,78.16432189941406,-0.039513998520666505
2000-07-13,75.07573699951172,-0.03251080985418475
2000-07-14,72.63496398925781,-0.009967848023351933
2000-07-17,71.91094970703125,-0.030945162448469676
2000-07-18,69.68565368652344,-0.01736553680938946
2000-07-19,68.47552490234375,0.0030237685432696892
2000-07-20,68.68257904052734,0.00027937109401166005
2000-07-21,68.70176696777344,-0.06769375442954362
2000-07-24,64.05108642578125,0.03891687543417133
2000-07-25,66.54375457763672,-0.06495127334564466
2000-07-26,62.22165298461914,0.01969685181803027
2000-07-27,63.44722366333008,0.008559665407851691
2000-07-28,63.99031066894531,-0.012278210321320038
2000-07-31,63.20462417602539,-0.0019372657369344237
2000-08-01,63.08218002319336,-0.01793867729278331
2000-08-02,61.95056915283203,-0.026632930972163127
2000-08-03,60.30064392089844,-0.019439945160042216
2000-08-04,59.12840270996094,0.017959561181190686
2000-08-07,60.19032287597656,0.1584847056747738
2000-08-08,69.72956848144531,0.01506861245696478
2000-08-09,70.7802963256836,-0.039766893761826516
2000-08-10,67.96558380126953,-0.004814003885103779
2000-08-11,67.63839721679688,0.00621262196153638
2000-08-14,68.05860900878906,0.0
2000-08-15,68.05860900878906,0.06246826158574037
2000-08-16,72.31011199951172,-0.022423062829459606
2000-08-17,70.6886978149414,0.05409360875066338
2000-08-18,74.51250457763672,-0.0006271436152736065
2000-08-21,74.46577453613281,0.04142042449585448
2000-08-22,77.55017852783203,-0.03013559631180862
2000-08-23,75.2131576538086,0.02053236351478671
2000-08-24,76.75746154785156,-0.0067224583763801915
2000-08-25,76.24146270751953,-0.04388899123707202
2000-08-28,72.89530181884766,0.005584469696216399
2000-08-29,73.30238342285156,0.0013712688217704105
2000-08-30,73.40290069580078,0.060441541554911105
2000-08-31,77.83948516845703,0.0
2000-09-01,77.83948516845703,0.033938582379726245
2000-09-04,80.48124694824219,-0.008978524459281712
2000-09-05,79.7586441040039,-0.02011206102854135
2000-09-06,78.15453338623047,-0.00028739135820821105
2000-09-07,78.13207244873047,0.026872664945273073
2000-09-08,80.231689453125,0.011540369230956582
2000-09-11,81.1575927734375,0.01838902191946068
2000-09-12,82.6500015258789,-0.014172027012394728
2000-09-13,81.47868347167969,-0.014289427649454955
2000-09-14,80.31439971923828,-0.010911972857524321
2000-09-15,79.4380111694336,-0.057797375918150595
2000-09-18,74.8467025756836,-0.045574414745634395
2000-09-19,71.43560791015625,0.02023772194316309
2000-09-20,72.88130187988281,-0.027788693832883626
2000-09-21,70.85602569580078,-0.07105124115978034
2000-09-22,65.82161712646484,0.07100320595926624
2000-09-25,70.49516296386719,-0.03889981127587161
2000-09-26,67.75291442871094,0.029436597672881426
2000-09-27,69.74732971191406,-0.011305281318304883
2000-09-28,68.95881652832031,-0.002107523645886511
2000-09-29,68.81348419189453,0.0
2000-10-02,68.81348419189453,0.014854558240953164
2000-10-03,69.83567810058594,0.024241978643802176
2000-10-04,71.52863311767578,-0.017597327303653487
2000-10-05,70.2699203491211,0.0022743807854994635
2000-10-06,70.42974090576172,-0.01860807830519573
2000-10-09,69.11917877197266,-0.007182003510313728
2000-10-10,68.62276458740234,-0.07170836074353248
2000-10-11,63.70193862915039,-0.002986152351737159
2000-10-12,63.511714935302734,-0.040793094449197764
2000-10-13,60.920875549316406,0.0006753269653267946
2000-10-16,60.96201705932617,-0.008755804690207869
2000-10-17,60.428245544433594,-0.036230133864851854
2000-10-18,58.238922119140625,0.07019258027649733
2000-10-19,62.32686233520508,0.06846756208743066
2000-10-20,66.59423065185547,-0.035591803029086155
2000-10-23,64.2240219116211,0.021825924560680887
2000-10-24,65.62577056884766,0.023547319303472758
2000-10-25,67.17108154296875,-0.005707472120276447
2000-10-26,66.78770446777344,0.008253600240712977
2000-10-27,67.33894348144531,-0.012415125336354582
2000-10-30,66.50292205810547,0.003009176324310081
2000-10-31,66.70304107666016,0.023826302047798453
2000-11-01,68.29232788085938,0.014309347158798058
2000-11-02,69.26954650878906,0.021951036302586324
2000-11-03,70.79008483886719,0.003923653120870174
2000-11-06,71.06784057617188,0.014638533703259737
2000-11-07,72.10816955566406,0.031195609690963133
2000-11-08,74.35762786865234,-0.0035081354246366825
2000-11-09,74.09677124023438,-0.023411832687191936
2000-11-10,72.36203002929688,-0.04874557125861234
2000-11-13,68.83470153808594,0.03911928463489689
2000-11-14,71.5274658203125,-0.005386524175147178
2000-11-15,71.14218139648438,-0.007972547890838455
2000-11-16,70.57499694824219,0.011852777056488017
2000-11-17,71.41150665283203,0.0025726361047895274
2000-11-20,71.59522247314453,-0.0030303291866512483
2000-11-21,71.37826538085938,-0.02373239734698407
2000-11-22,69.68428802490234,-0.0019727033820727824
2000-11-23,69.54682159423828,0.0028573964244533734
2000-11-24,69.74554443359375,0.015358542098570904
2000-11-27,70.81673431396484,-0.01543639251112705
2000-11-28,69.72357940673828,-0.009931928766647835
2000-11-29,69.03108978271484,-0.02678866579214978
2000-11-30,67.18183898925781,0.014497269823561254
2000-12-01,68.15579223632812,-0.014536819250544841
2000-12-04,67.16502380371094,-0.0001185898171330857
2000-12-05,67.15705871582031,0.017141441946012526
2000-12-06,68.3082275390625,-0.0024435693849504947
2000-12-07,68.14131164550781,0.014409470030402716
2000-12-08,69.1231918334961,0.010552404688019879
2000-12-11,69.85260772705078,-0.002175579618470258
2000-12-12,69.70063781738281,0.022701126841409236
2000-12-13,71.28292083740234,-0.012108919914440408
2000-12-14,70.41976165771484,-0.043556709659169024
2000-12-15,67.35250854492188,-0.015036427161309374
2000-12-18,66.33976745605469,-0.028862075381994368
2000-12-19,64.42506408691406,-0.03602675265107136
2000-12-20,62.10403823852539,-0.054937712378366865
2000-12-21,58.69218444824219,-0.07396870517783793
2000-12-22,54.350799560546875,0.0
2000-12-25,54.350799560546875,-0.050240894412978965
2000-12-26,51.62016677856445,-0.005760085581370311
2000-12-27,51.32283020019531,0.010776966088527518
2000-12-28,51.87593460083008,0.02644488018021951
2000-12-29,53.24778747558594,-0.01764956455481026
2001-01-01,52.307987213134766,0.015598197958391236
2001-01-02,53.123897552490234,-0.011715331006624918
2001-01-03,52.50153350830078,0.08675232845952774
2001-01-04,57.0561637878418,0.045899255669495265
2001-01-05,59.67499923706055,-0.062172502562255594
2001-01-08,55.9648551940918,-0.00948288548496612
2001-01-09,55.434146881103516,-0.044163980762371824
2001-01-10,52.98595428466797,-0.02078128430987869
2001-01-11,51.88483810424805,0.04547293607764957
2001-01-12,54.24419403076172,0.06356162784401187
2001-01-15,57.69204330444336,-0.01153281855809285
2001-01-16,57.02669143676758,0.03273899849523776
2001-01-17,58.8936882019043,0.021031015258027752
2001-01-18,60.13228225708008,0.04971009591445763
2001-01-19,63.121463775634766,0.012837318960944533
2001-01-22,63.9317741394043,-0.011781914206480004
2001-01-23,63.17853546142578,0.010752829057871116
2001-01-24,63.85788345336914,-0.006091531515515447
2001-01-25,63.46889114379883,0.0
2001-01-26,63.46889114379883,-0.02228502495103224
2001-01-29,62.05448532104492,0.03808858199478693
2001-01-30,64.41805267333984,-0.013914413418381177
2001-01-31,63.52171325683594,-0.006087376791364063
2001-02-01,63.135032653808594,0.01662587225619583
2001-02-02,64.18470764160156,-0.028971148549748693
2001-02-05,62.32520294189453,0.0014626477934076565
2001-02-06,62.41636276245117,-0.02668316824119188
2001-02-07,60.75089645385742,0.006049235680952281
2001-02-08,61.11839294433594,-0.016906693496743785
2001-02-09,60.0850830078125,-0.008754522903516082
2001-02-12,59.55906677246094,0.000737523963924458
2001-02-13,59.60299301147461,-0.0008391912556681147
2001-02-14,59.552974700927734,0.01998148154672319
2001-02-15,60.7429313659668,-0.030951565291195804
2001-02-16,58.86284255981445,0.00026998405305422857
2001-02-19,58.87873458862305,-0.00549508325619652
2001-02-20,58.55519104003906,-0.05627153598214241
2001-02-21,55.26020050048828,-0.019562022431111714
2001-02-22,54.17919921875,-0.02953202308960967
2001-02-23,52.57917785644531,0.017989937980091186
2001-02-26,53.52507400512695,-0.01554954691579391
2001-02-27,52.69278335571289,0.10770683793793667
2001-02-28,58.36815643310547,-0.0927398077310938
2001-03-01,52.95510482788086,-0.12405539515841646
2001-03-02,46.385738372802734,-0.03347529631177237
2001-03-05,44.83296203613281,0.0
2001-03-06,44.83296203613281,0.08305731146532214
2001-03-07,48.55666732788086,-0.011795891204217424
2001-03-08,47.9838981628418,-0.0431286530530085
2001-03-09,45.9144172668457,-0.09353533747268339
2001-03-12,41.61979675292969,-0.0580811117486284
2001-03-13,39.20247268676758,0.12628362061608733
2001-03-14,44.15310287475586,0.0318538099926986
2001-03-15,45.559547424316406,-0.03535554487161774
2001-03-16,43.94876480102539,-0.051929080224166424
2001-03-19,41.66654586791992,-0.020086361944713915
2001-03-20,40.82961654663086,0.02597204453717228
2001-03-21,41.890045166015625,-0.03820666985756782
2001-03-22,40.28956604003906,-0.022212589905306612
2001-03-23,39.394630432128906,0.02501949730930364
2001-03-26,40.38026428222656,0.07871535667280471
2001-03-27,43.55881118774414,0.010927619398422683
2001-03-28,44.03480529785156,-0.06329488732147903
2001-03-29,41.24762725830078,-0.07415818891985415
2001-03-30,38.188777923583984,0.007125690955282149
2001-04-02,38.460899353027344,-0.009324663613261008
2001-04-03,38.102264404296875,-0.03929265098695667
2001-04-04,36.605125427246094,0.0
2001-04-05,36.605125427246094,0.029301839322854795
2001-04-06,37.6777229309082,-0.014606374473030148
2001-04-09,37.12738800048828,-0.03581659889186195
2001-04-10,35.797611236572266,-0.1599897017613462
2001-04-11,30.070362091064453,-0.11015068951059681
2001-04-12,26.75809097290039,0.0
2001-04-13,26.75809097290039,0.06998316195671439
2001-04-16,28.630706787109375,-0.001959664069769773
2001-04-17,28.574600219726562,0.15999871840398572
2001-04-18,33.14649963378906,0.07892412105387447
2001-04-19,35.76255798339844,-0.0015037962909629776
2001-04-20,35.708778381347656,-0.026109403406232023
2001-04-23,34.77644348144531,0.03369332050375817
2001-04-24,35.948177337646484,0.00040313684824666574
2001-04-25,35.962669372558594,-0.044504220570723785
2001-04-26,34.362178802490234,-0.1141514074574379
2001-04-27,30.439687728881836,0.14177479107143642
2001-04-30,34.75526809692383,0.0
2001-05-01,34.75526809692383,0.0636966661306777
2001-05-02,36.96906280517578,-0.036169756990297786
2001-05-03,35.631900787353516,0.005035709892492912
2001-05-04,35.81133270263672,0.04496680026664612
2001-05-07,37.421653747558594,-0.006222309753185162
2001-05-08,37.188804626464844,-0.026620959947776246
2001-05-09,36.19880294799805,-0.0009450645405946201
2001-05-10,36.16459274291992,0.007501214883741891
2001-05-11,36.43587112426758,-0.0024818234309049725
2001-05-14,36.34544372558594,0.006136397508748059
2001-05-15,36.56847381591797,-0.020397329245793405
2001-05-16,35.822574615478516,0.020155104964255433
2001-05-17,36.54458236694336,0.012461660784411688
2001-05-18,36.9999885559082,0.0012025579099577133
2001-05-21,37.04448318481445,0.005084857989232638
2001-05-22,37.23284912109375,0.06266648962416177
2001-05-23,39.56610107421875,-0.014612588333839827
2001-05-24,38.987937927246094,0.003509237456574832
2001-05-25,39.124755859375,0.026033899098311997
2001-05-28,40.14332580566406,-0.008764999526765904
2001-05-29,39.79146957397461,-0.07487411436670843
2001-05-30,36.81211853027344,-0.03976124125861802
2001-05-31,35.34842300415039,-0.0042673636093156775
2001-06-01,35.19757843017578,-0.03683278576378424
2001-06-04,33.901153564453125,0.04823278628610117
2001-06-05,35.53630065917969,0.003520535598888319
2001-06-06,35.661407470703125,0.01617310040708464
2001-06-07,36.238162994384766,0.019509944453550032
2001-06-08,36.945167541503906,-0.034189733890320984
2001-06-11,35.68202209472656,0.0071430648500272476
2001-06-12,35.9369010925293,0.00045633827754643086
2001-06-13,35.95330047607422,-0.009421914744939586
2001-06-14,35.61455154418945,-0.10420456374855525
2001-06-15,31.903352737426758,-0.02091232827819489
2001-06-18,31.23617935180664,0.039133518156284186
2001-06-19,32.458560943603516,-0.028898200537160412
2001-06-20,31.520566940307617,0.012619800911964907
2001-06-21,31.918350219726562,0.007647835525463442
2001-06-22,32.16245651245117,-0.028872834752369014
2001-06-25,31.233835220336914,0.07696797507255493
2001-06-26,33.637840270996094,-0.01338563871590226
2001-06-27,33.18757629394531,0.020371672212309067
2001-06-28,33.86366271972656,0.03730136093136127
2001-06-29,35.12682342529297,-0.003948291788504421
2001-07-02,34.98813247680664,-0.1179346787355201
2001-07-03,30.861818313598633,0.05302914048105234
2001-07-04,32.49839401245117,0.004944678874066355
2001-07-05,32.659088134765625,0.04415664570120903
2001-07-06,34.10120391845703,-0.03756270257173111
2001-07-09,32.82027053833008,0.00018527048502869903
2001-07-10,32.826351165771484,0.06943764786790729
2001-07-11,35.105735778808594,0.040986082650440236
2001-07-12,36.54458236694336,-0.05289822705625702
2001-07-13,34.6114387512207,-0.01698863937576023
2001-07-16,34.0234375,0.012738030101894449
2001-07-17,34.45682907104492,0.00214820654534309
2001-07-18,34.53084945678711,0.0032698652405447337
2001-07-19,34.643760681152344,0.017432507338420944
2001-07-20,35.24768829345703,-0.03704568304875444
2001-07-23,33.94191360473633,0.020802527043880747
2001-07-24,34.64799118041992,-0.0031239392682601563
2001-07-25,34.53975296020508,-0.00933238013078519
2001-07-26,34.21741485595703,-0.009010032453017791
2001-07-27,33.909114837646484,0.010321326041832668
2001-07-30,34.25910186767578,0.026476875491742602
2001-07-31,35.166175842285156,-0.02817878459228418
2001-08-01,34.175235748291016,0.029543914927312454
2001-08-02,35.184906005859375,0.02914909201614302
2001-08-03,36.210514068603516,-0.018515820444822584
2001-08-06,35.54004669189453,-0.009728860604876655
2001-08-07,35.19428253173828,-0.018796831119112678
2001-08-08,34.53274154663086,-0.000665116385425546
2001-08-09,34.50977325439453,-0.0087704346307369
2001-08-10,34.20710754394531,-0.008533109822165041
2001-08-13,33.91521453857422,0.0466790466860203
2001-08-14,35.49834442138672,0.0
2001-08-15,35.49834442138672,-0.008393907461659467
2001-08-16,35.200374603271484,-0.022840256808755788
2001-08-17,34.39638900756836,-0.0011578378022286673
2001-08-20,34.356563568115234,0.02033272683647014
2001-08-21,35.05512619018555,0.0
2001-08-22,35.05512619018555,0.006535835336255236
2001-08-23,35.28424072265625,0.010821929537776498
2001-08-24,35.66608428955078,0.029176279325964005
2001-08-27,36.706687927246094,0.004199455481032954
2001-08-28,36.860836029052734,-0.04509726791700208
2001-08-29,35.19851303100586,-0.012965099789434942
2001-08-30,34.74216079711914,-0.04556841328455419
2001-08-31,33.15901565551758,-0.032512286255281464
2001-09-03,32.08094024658203,0.0012117967720139955
2001-09-04,32.119815826416016,-0.018554713131814338
2001-09-05,31.523841857910156,-0.02223423985083839
2001-09-06,30.822933197021484,0.008223590778617895
2001-09-07,31.07640838623047,0.047235411945310446
2001-09-10,32.544315338134766,0.008867936493126338
2001-09-11,32.832916259765625,-0.08938750907406012
2001-09-12,29.89806365966797,-0.006864029004804761
2001-09-13,29.692842483520508,-0.08255607270510079
2001-09-14,27.241518020629883,-0.0999947417804612
2001-09-17,24.51750946044922,0.016300540926742046
2001-09-18,24.917158126831055,-0.029840627133046693
2001-09-19,24.173614501953125,-0.042795150614615696
2001-09-20,23.139101028442383,-0.09998571493690878
2001-09-21,20.82552146911621,0.08011442156670512
2001-09-24,22.493946075439453,0.03699200207304032
2001-09-25,23.32604217529297,0.02504741788014675
2001-09-26,23.91029930114746,-0.06985690597144212
2001-09-27,22.239999771118164,-0.0026754338382004583
2001-09-28,22.180498123168945,-0.017004172940868645
2001-10-01,21.80333709716797,0.0
2001-10-02,21.80333709716797,-0.05993205629351461
2001-10-03,20.496618270874023,0.08318277527046702
2001-10-04,22.201583862304688,0.04475978743686437
2001-10-05,23.195322036743164,-0.03425729845722758
2001-10-08,22.400712966918945,0.015038198975258377
2001-10-09,22.737579345703125,0.03356695388992903
2001-10-10,23.500810623168945,0.10000192351503623
2001-10-11,25.850936889648438,0.06957807288183515
2001-10-12,27.649595260620117,-0.014013043696306737
2001-10-15,27.26214027404785,0.021190057127113304
2001-10-16,27.839826583862305,0.011460879891987519
2001-10-17,28.15889549255371,-0.04575404899057267
2001-10-18,26.870512008666992,0.033299457895992424
2001-10-19,27.76528549194336,0.01781320966687794
2001-10-22,28.25987434387207,0.004836695877037611
2001-10-23,28.39655876159668,-0.00011552947932813584
2001-10-24,28.393278121948242,-0.0009764040720785516
2001-10-25,28.365554809570312,0.0
2001-10-26,28.365554809570312,-0.0009267253552379673
2001-10-29,28.33926773071289,-0.016160115892259075
2001-10-30,27.881301879882812,-0.01740230699053047
2001-10-31,27.396102905273438,0.013715787462731832
2001-11-01,27.771862030029297,-0.016235963521467167
2001-11-02,27.320959091186523,-0.02238417051154029
2001-11-05,26.709402084350586,0.03747534798466012
2001-11-06,27.710346221923828,-0.04166427476710466
2001-11-07,26.555814743041992,0.014220821172608034
2001-11-08,26.933460235595703,0.022862723241948713
2001-11-09,27.549232482910156,0.011098932048863919
2001-11-12,27.854999542236328,-0.021566768980806783
2001-11-13,27.254257202148438,0.018440235480520872
2001-11-14,27.756832122802734,0.10000876820829085
2001-11-15,30.532758712768555,0.0
2001-11-16,30.532758712768555,0.10000768992474307
2001-11-19,33.58626937866211,0.00618120018776902
2001-11-20,33.79387283325195,-0.024434292399440505
2001-11-21,32.968143463134766,-0.007565374483317733
2001-11-22,32.718727111816406,0.02025599106822451
2001-11-23,33.38147735595703,0.09888816437989223
2001-11-26,36.68251037597656,-0.03307349133224491
2001-11-27,35.46929168701172,0.010514126492165765
2001-11-28,35.842220306396484,0.02028646133499956
2001-11-29,36.569332122802734,0.0
2001-11-30,36.569332122802734,-0.02428860125316712
2001-12-03,35.681114196777344,0.049364468615793466
2001-12-04,37.4424934387207,0.0662601594954828
2001-12-05,39.923439025878906,0.06237754032462273
2001-12-06,42.41376495361328,0.004020231480573733
2001-12-07,42.58427810668945,-0.027949659296118368
2001-12-10,41.39406204223633,-0.0399868954646051
2001-12-11,39.73884201049805,0.0429760151839742
2001-12-12,41.446659088134766,-0.02734525461728321
2001-12-13,40.313289642333984,-0.029477605125792894
2001-12-14,39.12495040893555,0.0
2001-12-17,39.12495040893555,0.014202001858162117
2001-12-18,39.68060302734375,-0.05520757867309001
2001-12-19,37.489933013916016,0.030720222032261546
2001-12-20,38.641632080078125,-0.028795799113732423
2001-12-21,37.52891540527344,0.015281389065641582
2001-12-24,38.10240936279297,0.0
2001-12-25,38.10240936279297,-0.02515979166862725
2001-12-26,37.143760681152344,-0.011406268903382477
2001-12-27,36.720088958740234,0.031466812993334425
2001-12-28,37.875553131103516,0.012884474323257455
2001-12-31,38.36355972290039,-0.009035698017366811
2002-01-01,38.01691818237305,-0.0020506914222658823
2002-01-02,37.93895721435547,0.0587324681488155
2002-01-03,40.167205810546875,0.04869191512833537
2002-01-04,42.123023986816406,0.0423950703014897
2002-01-07,43.90883255004883,0.030539935190992296
2002-01-08,45.24980545043945,-0.07905477718067788
2002-01-09,41.67259216308594,-0.043202443744267294
2002-01-10,39.87223434448242,-0.07371950984413234
2002-01-11,36.9328727722168,0.02481198868260237
2002-01-14,37.84925079345703,-0.040393757116793716
2002-01-15,36.320377349853516,0.00517299923990433
2002-01-16,36.508262634277344,0.06228189310774379
2002-01-17,38.782066345214844,-0.042643741406814484
2002-01-18,37.12825393676758,-0.009918165604278828
2002-01-21,36.760009765625,0.02122334693728467
2002-01-22,37.54018020629883,-0.02868965777939958
2002-01-23,36.463165283203125,-0.005835373381039011
2002-01-24,36.250389099121094,-0.008188725412303866
2002-01-25,35.95354461669922,-0.009053362936851217
2002-01-28,35.62804412841797,-0.004785818097797323
2002-01-29,35.45753479003906,-0.02828193282825786
2002-01-30,34.45472717285156,0.05724261246000384
2002-01-31,36.427005767822266,-0.013823261847870638
2002-02-01,35.923465728759766,-0.02991487525752301
2002-02-04,34.848819732666016,0.009811930697355642
2002-02-05,35.19075393676758,0.04610113012998851
2002-02-06,36.813087463378906,-0.06271039435957115
2002-02-07,34.50452423095703,0.006248318160199329
2002-02-08,34.72011947631836,0.013392485841336121
2002-02-11,35.18510818481445,0.0024298630735513083
2002-02-12,35.27060317993164,0.009068700906351035
2002-02-13,35.59046173095703,0.011996472388659862
2002-02-14,36.01742172241211,0.0006779462834807237
2002-02-15,36.041839599609375,-0.027992458207700355
2002-02-18,35.03293991088867,-0.005925841234582063
2002-02-19,34.825340270996094,-0.015524269562441795
2002-02-20,34.28470230102539,0.0023290050023760944
2002-02-21,34.36455154418945,0.010729801683106555
2002-02-22,34.7332763671875,0.013171160841372709
2002-02-25,35.19075393676758,0.024278363953780246
2002-02-26,36.045127868652344,-0.0005470412045108786
2002-02-27,36.02540969848633,-0.07865821601265166
2002-02-28,33.191715240478516,0.022981127820922875
2002-03-01,33.954498291015625,0.008438183352642126
2002-03-04,34.24101257324219,0.051344373643895214
2002-03-05,35.99909591674805,0.023407464299630032
2002-03-06,36.84174346923828,0.052131107549699074
2002-03-07,38.76234436035156,0.025252536187241992
2002-03-08,39.74119186401367,0.001642843121680393
2002-03-11,39.806480407714844,-0.01123341284117052
2002-03-12,39.359317779541016,-0.03201735949948292
2002-03-13,38.09913635253906,-0.003908401135023332
2002-03-14,37.95022964477539,-0.011126786400862398
2002-03-15,37.5279655456543,-0.0005755392173256713
2002-03-18,37.50636672973633,-0.011020162694138969
2002-03-19,37.093040466308594,-0.011282824121390589
2002-03-20,36.67452621459961,-0.020452970337966225
2002-03-21,35.92442321777344,0.0022749446448542265
2002-03-22,36.00614929199219,0.0
2002-03-25,36.00614929199219,-0.04092185062586373
2002-03-26,34.532711029052734,0.001196680314028864
2002-03-27,34.57403564453125,0.018517382485290224
2002-03-28,35.214256286621094,0.0
2002-03-29,35.214256286621094,-0.04867218866093981
2002-04-01,33.500301361083984,-0.001430213929714319
2002-04-02,33.452388763427734,-0.011386713919161351
2002-04-03,33.071475982666016,0.03692674389459394
2002-04-04,34.29269790649414,-0.005780107624066666
2002-04-05,34.094482421875,-0.00147454636916311
2002-04-08,34.04420852661133,-0.006608112400883659
2002-04-09,33.81924057006836,0.04955393998157587
2002-04-10,35.4951171875,0.027471210657000533
2002-04-11,36.470211029052734,0.003941238312392681
2002-04-12,36.613948822021484,-0.022437085902280773
2002-04-15,35.79243850708008,0.0005646518358697339
2002-04-16,35.81264877319336,0.037548927782927954
2002-04-17,37.15737533569336,0.0015550403913195954
2002-04-18,37.21515655517578,-0.027943270262707154
2002-04-19,36.17524337768555,0.02335812790786318
2002-04-22,37.02022933959961,-0.0030068119024824203
2002-04-23,36.90891647338867,-0.011479051467471635
2002-04-24,36.48523712158203,-0.02268300338359408
2002-04-25,35.65764236450195,0.0026475706656274856
2002-04-26,35.75204849243164,-0.04487822210082282
2002-04-29,34.147560119628906,0.01347974625256021
2002-04-30,34.60786056518555,0.0
2002-05-01,34.60786056518555,0.017317657827287114
2002-05-02,35.20718765258789,0.0016009789635307303
2002-05-03,35.263553619384766,-0.006793284689125434
2002-05-06,35.02399826049805,-0.0018773966432535927
2002-05-07,34.95824432373047,0.022854850681365724
2002-05-08,35.75720977783203,0.009536633872930356
2002-05-09,36.09821319580078,-0.007742105246472342
2002-05-10,35.8187370300293,0.004510809595271059
2002-05-13,35.980308532714844,0.002911146729725589
2002-05-14,36.085052490234375,0.008109536676434548
2002-05-15,36.377685546875,-0.01626865314792325
2002-05-16,35.78586959838867,-0.007179899139232893
2002-05-17,35.5289306640625,-0.001189860609579707
2002-05-20,35.486656188964844,-0.040277926182898716
2002-05-21,34.05732727050781,0.010391777528572232
2002-05-22,34.4112434387207,-0.002765860435901768
2002-05-23,34.31606674194336,0.03816301718444626
2002-05-24,35.62567138671875,-0.024802399728623525
2002-05-27,34.742069244384766,-0.046593850621882704
2002-05-28,33.1233024597168,0.008621600066796686
2002-05-29,33.408878326416016,0.0002257380933432529
2002-05-30,33.416419982910156,-0.04423953248856094
2002-05-31,31.938093185424805,-0.017381498294481323
2002-06-03,31.38296127319336,0.0006603373950313518
2002-06-04,31.403684616088867,0.03316398996026315
2002-06-05,32.44515609741211,-0.00701515278174103
2002-06-06,32.21754837036133,-0.05025950085233355
2002-06-07,30.598310470581055,0.039797218944608304
2002-06-10,31.816038131713867,0.045916893389854385
2002-06-11,33.27693176269531,-0.014742275557503848
2002-06-12,32.786354064941406,-0.005433319379071766
2002-06-13,32.60821533203125,-0.02010295215937019
2002-06-14,31.952693939208984,-0.002831770991332916
2002-06-17,31.862211227416992,-0.0278205744097193
2002-06-18,30.975786209106445,-0.041153165721206086
2002-06-19,29.701034545898438,0.03447839620814319
2002-06-20,30.725078582763672,-0.036918601583359134
2002-06-21,29.59075164794922,0.015416580400920976
2002-06-24,30.046939849853516,0.0024625394759811847
2002-06-25,30.12093162536621,-0.03955213394492407
2002-06-26,28.929584503173828,0.033149509666565935
2002-06-27,29.888586044311523,0.03446714588116695
2002-06-28,30.918760299682617,0.011477245843469541
2002-07-01,31.273622512817383,-0.016229370071512705
2002-07-02,30.766071319580078,0.03538326236329903
2002-07-03,31.85467529296875,-0.006331587811621575
2002-07-04,31.652984619140625,0.015498382672663569
2002-07-05,32.1435546875,0.004867414172869511
2002-07-08,32.300010681152344,-0.010475533153959993
2002-07-09,31.961650848388672,-0.016941465443623627
2002-07-10,31.42017364501953,-0.00956904600314934
2002-07-11,31.1195125579834,0.005694125500970371
2002-07-12,31.296710968017578,-0.022120073206004953
2002-07-15,30.60442543029785,-0.024175139585578154
2002-07-16,29.864559173583984,0.0050335842653070895
2002-07-17,30.01488494873047,0.0072383570265301955
2002-07-18,30.23214340209961,-0.012953783354941684
2002-07-19,29.84052276611328,-0.024209863990016456
2002-07-22,29.118087768554688,0.03976500078866718
2002-07-23,30.275968551635742,-0.043536745636248764
2002-07-24,28.95785140991211,0.010204281920194402
2002-07-25,29.253345489501953,-0.02812759948407717
2002-07-26,28.430519104003906,-0.003978389591151932
2002-07-29,28.317411422729492,0.011267183282985815
2002-07-30,28.6364688873291,-0.0016132537645308087
2002-07-31,28.59027099609375,0.007187013660729713
2002-08-01,28.79574966430664,-0.01651298983537819
2002-08-02,28.32024574279785,0.026191535338344396
2002-08-05,29.061996459960938,0.015177868715173348
2002-08-06,29.503095626831055,-1.60976263500201e-05
2002-08-07,29.502620697021484,-0.0098552677259377
2002-08-08,29.211864471435547,0.020310758496496772
2002-08-09,29.805179595947266,0.02079179864867986
2002-08-12,30.424882888793945,0.000278846980274583
2002-08-13,30.433366775512695,-0.02152395651274963
2002-08-14,29.7783203125,0.0
2002-08-15,29.7783203125,0.016315924453973008
2002-08-16,30.26418113708496,0.005403554904987118
2002-08-19,30.427715301513672,0.029349423044833456
2002-08-20,31.320751190185547,0.02056799626139405
2002-08-21,31.964956283569336,-0.005941340938631634
2002-08-22,31.775041580200195,0.04796361762004864
2002-08-23,33.29908752441406,-0.012581399622139888
2002-08-26,32.8801383972168,-0.01930613872468756
2002-08-27,32.2453498840332,0.0016518542398045177
2002-08-28,32.298614501953125,0.017698238124798538
2002-08-29,32.870243072509766,0.033519649027236254
2002-08-30,33.972042083740234,-0.007352142766429148
2002-09-02,33.72227478027344,-0.023253717269005825
2002-09-03,32.938106536865234,0.002332264407766571
2002-09-04,33.01492691040039,0.022524499792886177
2002-09-05,33.75857162475586,-0.013820274730844018
2002-09-06,33.29201889038086,0.019789160523016047
2002-09-09,33.95083999633789,0.0
2002-09-10,33.95083999633789,0.024846154649955876
2002-09-11,34.79438781738281,-0.012677253062665428
2002-09-12,34.35329055786133,-0.02039862488616695
2002-09-13,33.652530670166016,-0.002842954319233204
2002-09-16,33.55685806274414,0.030460299504508903
2002-09-17,34.579010009765625,-0.02736555509957328
2002-09-18,33.63273620605469,-0.020345438501375823
2002-09-19,32.948463439941406,0.0030037366094408657
2002-09-20,33.04743194580078,-0.006502803933795209
2002-09-23,32.8325309753418,-0.02266403821792662
2002-09-24,32.08841323852539,0.018725157621123145
2002-09-25,32.689273834228516,0.0029839087150322907
2002-09-26,32.78681564331055,0.008595828184426724
2002-09-27,33.06864547729492,-0.029100399400282417
2002-09-30,32.1063346862793,0.0001316464371163839
2002-10-01,32.11056137084961,0.0
2002-10-02,32.11056137084961,0.01769971955159133
2002-10-03,32.67890930175781,0.009590058109537392
2002-10-04,32.99230194091797,-0.012912988189947794
2002-10-07,32.5662727355957,0.026756422854584683
2002-10-08,33.43762969970703,-0.019871943034683537
2002-10-09,32.77315902709961,0.044303024680702574
2002-10-10,34.2251091003418,0.03852670340876241
2002-10-11,35.5436897277832,0.013152148656864648
2002-10-14,36.011165618896484,0.0
2002-10-15,36.011165618896484,-0.018765457312948985
2002-10-16,35.33539962768555,0.02107144333837896
2002-10-17,36.0799674987793,0.0018156833468543354
2002-10-18,36.145477294921875,-0.0016035342342000103
2002-10-21,36.08751678466797,-0.004740000291750923
2002-10-22,35.91646194458008,-0.0032281550691243277
2002-10-23,35.80051803588867,-0.004027963670542367
2002-10-24,35.656314849853516,-0.007586212135136439
2002-10-25,35.38581848144531,-0.0018644528243306757
2002-10-28,35.31984329223633,0.01246175970432728
2002-10-29,35.75999069213867,0.0015604420057588886
2002-10-30,35.815792083740234,0.002481655189455312
2002-10-31,35.9046745300293,0.018857662851226475
2002-11-01,36.58175277709961,0.014850536831911176
2002-11-04,37.1250114440918,0.031278863891540665
2002-11-05,38.28623962402344,0.0
2002-11-06,38.28623962402344,1.2554167246214831e-05
2002-11-07,38.286720275878906,-0.012732356285981905
2002-11-08,37.79924011230469,-0.013484115806041586
2002-11-11,37.28955078125,-0.0009001320889365783
2002-11-12,37.255985260009766,0.007145085621331759
2002-11-13,37.52218246459961,0.03834462748120093
2002-11-14,38.96095657348633,0.046673476687102866
2002-11-15,40.77939987182617,-0.013252292430127932
2002-11-18,40.23897933959961,0.0
2002-11-19,40.23897933959961,0.035955476499911265
2002-11-20,41.685791015625,0.026903972297871004
2002-11-21,42.80730438232422,0.0228304536986359
2002-11-22,43.78461456298828,-0.01480483232347729
2002-11-25,43.136390686035156,-0.013142351404932473
2002-11-26,42.56947708129883,-0.011140181944566008
2002-11-27,42.095245361328125,0.027080613204366832
2002-11-28,43.23521041870117,-0.003029420450295306
2002-11-29,43.10423278808594,0.019305782654761572
2002-12-02,43.93639373779297,-0.018681742874552154
2002-12-03,43.11558532714844,-0.032087437000619
2002-12-04,41.73211669921875,0.005710603753771526
2002-12-05,41.97043228149414,0.020379198998172754
2002-12-06,42.82575607299805,0.010708933270921595
2002-12-09,43.28437423706055,-0.014255108890757096
2002-12-10,42.66735076904297,0.03726708740910811
2002-12-11,44.25743865966797,0.031633134864506696
2002-12-12,45.657440185546875,-0.03235121512355765
2002-12-13,44.18036651611328,-0.02076186591545326
2002-12-16,43.263099670410156,-0.0005790411952496521
2002-12-17,43.2380485534668,-7.657971017049903e-05
2002-12-18,43.234737396240234,0.00036078158579266884
2002-12-19,43.250335693359375,0.00912821305267264
2002-12-20,43.64513397216797,-0.003141336088262614
2002-12-23,43.50802993774414,0.019115470968102732
2002-12-24,44.33970642089844,0.0
2002-12-25,44.33970642089844,0.01270025572578315
2002-12-26,44.90283203125,0.004085886272441552
2002-12-27,45.086299896240234,-0.005421985069425372
2002-12-30,44.84184265136719,0.006600243980869447
2002-12-31,45.13780975341797,0.005394838634870558
2003-01-01,45.38132095336914,-0.015961580442419687
2003-01-02,44.65696334838867,0.01648520850070745
2003-01-03,45.39314270019531,0.0004164866877207629
2003-01-06,45.41204833984375,-0.010047296416412776
2003-01-07,44.955780029296875,0.007278389069119706
2003-01-08,45.28298568725586,0.0020361120520395737
2003-01-09,45.375186920166016,-0.0729621004347013
2003-01-10,42.064517974853516,-0.034080559457859705
2003-01-13,40.63093566894531,0.03515477568819758
2003-01-14,42.05930709838867,0.03690676104101409
2003-01-15,43.61157989501953,-0.0004339378023066054
2003-01-16,43.592655181884766,0.0022343366073209747
2003-01-17,43.69005584716797,-0.01970735223676834
2003-01-20,42.82904052734375,-0.012386420477946025
2003-01-21,42.29854202270508,0.005556032033378511
2003-01-22,42.53355407714844,-0.015573659927124117
2003-01-23,41.871150970458984,-0.009836036300488571
2003-01-24,41.45930480957031,-0.0202878865781132
2003-01-27,40.61818313598633,0.0029214449953243182
2003-01-28,40.736846923828125,-0.024362201421117446
2003-01-29,39.744407653808594,0.013407260251173891
2003-01-30,40.27727127075195,0.009602645086468797
2003-01-31,40.664039611816406,0.025591768126970837
2003-02-03,41.70470428466797,-0.0006238201612456251
2003-02-04,41.678688049316406,-0.0009412567553294116
2003-02-05,41.63945770263672,0.02601402734854741
2003-02-06,42.7226676940918,-0.006717626720714409
2003-02-07,42.435672760009766,-0.040601183521739914
2003-02-10,40.71273422241211,-0.01440061600740361
2003-02-11,40.12644577026367,-0.016307873051829458
2003-02-12,39.472068786621094,0.0
2003-02-13,39.472068786621094,-0.005558129479521612
2003-02-14,39.25267791748047,0.026355767535671593
2003-02-17,40.28721237182617,-0.003955193474588836
2003-02-18,40.12786865234375,-0.0013668235848841581
2003-02-19,40.073020935058594,0.0032562893018897032
2003-02-20,40.20351028442383,-0.006256601008681084
2003-02-21,39.95197296142578,-0.0023548744076530292
2003-02-24,39.85789108276367,-0.02155427564914303
2003-02-25,38.998783111572266,-0.009372025482581647
2003-02-26,38.63328552246094,0.004871002511581457
2003-02-27,38.821468353271484,0.0438572382420237
2003-02-28,40.524070739746094,-0.014595587633112639
2003-03-03,39.93259811401367,-0.01655306588374139
2003-03-04,39.27159118652344,0.006272771178337244
2003-03-05,39.5179328918457,-0.01943068263968073
2003-03-06,38.75007247924805,-0.018473141480507382
2003-03-07,38.034236907958984,0.00396561959559083
2003-03-10,38.18506622314453,0.021978452317515718
2003-03-11,39.024314880371094,-0.024643914607932138
2003-03-12,38.06260299682617,0.009987489330151478
2003-03-13,38.442752838134766,0.0
2003-03-14,38.442752838134766,-0.007379382482048946
2003-03-17,38.1590690612793,0.0
2003-03-18,38.1590690612793,0.037890484927229684
2003-03-19,39.60493469238281,0.041234725293184615
2003-03-20,41.238033294677734,0.011809289711860904
2003-03-21,41.72502517700195,-0.007920668972701939
2003-03-24,41.394535064697266,-0.02597414565533862
2003-03-25,40.3193473815918,-0.0009262522499935422
2003-03-26,40.28200149536133,0.007030891546480733
2003-03-27,40.56521987915039,-0.00433574457756869
2003-03-28,40.389339447021484,-0.051110601301136205
2003-03-31,38.325016021728516,0.0014065352778973583
2003-04-01,38.37892150878906,0.01827001102496384
2003-04-02,39.08010482788086,0.03923612551569766
2003-04-03,40.61345672607422,8.152857435650418e-05
2003-04-04,40.61676788330078,0.020417861867667364
2003-04-07,41.446075439453125,-0.03431536957746273
2003-04-08,40.02383804321289,-0.019031340899536064
2003-04-09,39.26213073730469,-0.26546578559650036
2003-04-10,28.839378356933594,-0.12997769861919273
2003-04-11,25.09090232849121,0.0
2003-04-14,25.09090232849121,0.07776974272396231
2003-04-15,27.04221534729004,0.05762838511659241
2003-04-16,28.600614547729492,-0.02020145570254639
2003-04-17,28.02284049987793,0.0
2003-04-18,28.02284049987793,-0.010393724111404823
2003-04-21,27.731578826904297,-0.004398825970983289
2003-04-22,27.60959243774414,-0.012569689026428188
2003-04-23,27.262548446655273,0.005150619232182629
2003-04-24,27.40296745300293,0.004158544201880776
2003-04-25,27.516923904418945,-0.005859375676908973
2003-04-28,27.35569190979004,-0.008814858410399862
2003-04-29,27.11455535888672,-0.028161762699006943
2003-04-30,26.350961685180664,0.0
2003-05-01,26.350961685180664,0.045790475953337406
2003-05-02,27.557584762573242,0.011049541355267811
2003-05-05,27.862083435058594,0.012014507909359873
2003-05-06,28.19683265686035,0.013984735844141616
2003-05-07,28.591157913208008,-0.0157760496480287
2003-05-08,28.14010238647461,-0.016667821193562138
2003-05-09,27.67106819152832,-0.049176607944148465
2003-05-12,26.310298919677734,0.03317422268270653
2003-05-13,27.183122634887695,-0.003200721874488055
2003-05-14,27.09611701965332,0.006352169962218435
2003-05-15,27.26823616027832,0.03830234571492741
2003-05-16,28.312673568725586,-0.06790146453161694
2003-05-19,26.390201568603516,0.02255706210132269
2003-05-20,26.98548698425293,-0.022917809777054488
2003-05-21,26.36703872680664,-0.03500352504882476
2003-05-22,25.44409942626953,-0.02924864670530125
2003-05-23,24.699893951416016,0.007982249689533205
2003-05-26,24.89705467224121,-0.007729276446353128
2003-05-27,24.704618453979492,0.05704376855601723
2003-05-28,26.113862991333008,0.008521030137274455
2003-05-29,26.336380004882812,-0.03444577315741015
2003-05-30,25.429203033447266,0.051099868844107554
2003-06-02,26.7286319732666,-0.030293571891849114
2003-06-03,25.918926239013672,0.014033207196830544
2003-06-04,26.282651901245117,0.034678674300032686
2003-06-05,27.19409942626953,0.031173470318161423
2003-06-06,28.041833877563477,0.006646307981153843
2003-06-09,28.228208541870117,-0.03148007417171861
2003-06-10,27.339582443237305,0.022173440915764564
2003-06-11,27.9457950592041,0.010565298299269443
2003-06-12,28.241050720214844,0.00042089781989518293
2003-06-13,28.25293731689453,-0.018208526264936853
2003-06-16,27.738492965698242,0.0601801875395509
2003-06-17,29.407800674438477,-0.009344372352674823
2003-06-18,29.13300323486328,-0.006691465098659921
2003-06-19,28.938060760498047,0.003647801544409912
2003-06-20,29.043621063232422,0.01321048579970796
2003-06-23,29.42730140686035,0.01607615212509983
2003-06-24,29.900379180908203,-0.0011448411976976436
2003-06-25,29.866147994995117,0.03126603166607089
2003-06-26,30.799943923950195,0.02820286374056158
2003-06-27,31.668590545654297,-0.016919664103787535
2003-06-30,31.132768630981445,0.008887895306961102
2003-07-01,31.409473419189453,-0.04043167162690886
2003-07-02,30.139535903930664,-0.01607469074561585
2003-07-03,29.655052185058594,-0.007230932142887503
2003-07-04,29.44061851501465,-0.0002745643234953743
2003-07-07,29.43253517150879,0.04687901886609036
2003-07-08,30.81230354309082,0.0034103765750777004
2003-07-09,30.91738510131836,0.1154749274103628
2003-07-10,34.48756790161133,-0.030839506060863164
2003-07-11,33.423988342285156,-0.007881054995162007
2003-07-14,33.16057205200195,-0.02299764921610814
2003-07-15,32.39795684814453,0.011358506428287951
2003-07-16,32.76594924926758,0.005122711175185035
2003-07-17,32.933799743652344,-0.021381384247546542
2003-07-18,32.22962951660156,-0.029002329797211512
2003-07-21,31.29489517211914,0.014402770238898688
2003-07-22,31.745628356933594,0.027857253236810875
2003-07-23,32.629974365234375,0.008538709095143204
2003-07-24,32.908592224121094,0.01616673177392758
2003-07-25,33.440616607666016,0.0028011955387572396
2003-07-28,33.5342903137207,0.01674407133902167
2003-07-29,34.09579086303711,-0.005256988498666404
2003-07-30,33.91654968261719,0.009939242066714593
2003-07-31,34.25365447998047,0.048428345355308045
2003-08-01,35.91250228881836,-0.00905542418846672
2003-08-04,35.58729934692383,-0.004061422680273097
2003-08-05,35.44276428222656,-0.05953488001646301
2003-08-06,33.33268356323242,0.0008559203100311219
2003-08-07,33.36121368408203,0.014052462985861602
2003-08-08,33.830020904541016,-0.021320344502018806
2003-08-11,33.1087532043457,-0.021023564102980674
2003-08-12,32.412689208984375,0.01588599556161907
2003-08-13,32.92759704589844,-0.013312793711418691
2003-08-14,32.48923873901367,0.0
2003-08-15,32.48923873901367,0.021424447674899927
2003-08-18,33.185302734375,0.0006590164205786397
2003-08-19,33.20717239379883,0.0529472452863915
2003-08-20,34.96540069580078,0.010171209375548829
2003-08-21,35.321041107177734,-0.019571995374545903
2003-08-22,34.629737854003906,-0.022214748702849896
2003-08-25,33.86044692993164,0.043922065389086606
2003-08-26,35.3476676940918,0.03728570320085556
2003-08-27,36.66563034057617,0.011139057448363632
2003-08-28,37.07405090332031,0.006937833505166413
2003-08-29,37.33126449584961,-0.014442733298951516
2003-09-01,36.79209899902344,0.005867289701796619
2003-09-02,37.00796890258789,-0.02010634116645027
2003-09-03,36.26387405395508,0.10385198031170084
2003-09-04,40.02994918823242,-0.0028270535280944253
2003-09-05,39.91678237915039,0.012995098884789558
2003-09-08,40.43550491333008,0.053124243803611915
2003-09-09,42.58361053466797,-0.03905567642070196
2003-09-10,40.92047882080078,-0.01830026462055112
2003-09-11,40.17162322998047,-0.014841582983168289
2003-09-12,39.57541275024414,-0.02948202493875096
2003-09-15,38.40864944458008,0.0420510424640097
2003-09-16,40.023773193359375,0.028308065808666294
2003-09-17,41.156768798828125,-0.02010084345166374
2003-09-18,40.32948303222656,0.01855623823085062
2003-09-19,41.07784652709961,0.012280663142065551
2003-09-22,41.58230972290039,-0.013080895987570562
2003-09-23,41.03837585449219,0.04480160000535416
2003-09-24,42.87696075439453,-0.0003437741382559256
2003-09-25,42.862220764160156,0.009772719545990904
2003-09-26,43.28110122680664,-0.016939098867685964
2003-09-29,42.54795837402344,0.011978724174918964
2003-09-30,43.0576286315918,0.010125806005493398
2003-10-01,43.493621826171875,0.0
2003-10-02,43.493621826171875,-0.0030713254780559973
2003-10-03,43.36003875732422,0.0020612191501150345
2003-10-06,43.44941329956055,-0.0208897223293093
2003-10-07,42.54176712036133,-0.01887622825863078
2003-10-08,41.738739013671875,0.013156533437645113
2003-10-09,42.28787612915039,0.04102669853889496
2003-10-10,44.02280807495117,0.02554254368273301
2003-10-13,45.14726257324219,-0.005402665498614123
2003-10-14,44.90334701538086,0.0028168037717322125
2003-10-15,45.02983093261719,-0.01912743661208205
2003-10-16,44.16852569580078,0.022566799159201345
2003-10-17,45.16526794433594,-0.02371652436138305
2003-10-20,44.0941047668457,-0.015347514773114135
2003-10-21,43.4173698425293,-0.008600985291790653
2003-10-22,43.04393768310547,-0.02097342097590238
2003-10-23,42.14115905761719,0.03086135559061365
2003-10-24,43.44169235229492,-0.023680057717001435
2003-10-27,42.41299057006836,0.004610322557086155
2003-10-28,42.60852813720703,0.0231022322255916
2003-10-29,43.59288024902344,0.010130550459711118
2003-10-30,44.03450012207031,0.026447972777470685
2003-10-31,45.19912338256836,0.05076295846988521
2003-11-03,47.49356460571289,0.009479642539332644
2003-11-04,47.94378662109375,-0.00654565944970853
2003-11-05,47.62996292114258,0.016391357649651273
2003-11-06,48.410682678222656,-0.018363320166076114
2003-11-07,47.52170181274414,-0.009202467038206374
2003-11-10,47.08438491821289,-0.002643708454317273
2003-11-11,46.95990753173828,-0.011171658628113201
2003-11-12,46.43528747558594,-0.024885374951161388
2003-11-13,45.279727935791016,-0.025541691530166943
2003-11-14,44.123207092285156,-0.0004214709309553477
2003-11-17,44.104610443115234,-0.0023786173020904355
2003-11-18,43.99970245361328,0.010589584522905593
2003-11-19,44.465641021728516,-0.008569712040620403
2003-11-20,44.0845832824707,0.01073170106993393
2003-11-21,44.55768585205078,-0.009718565852748107
2003-11-24,44.12464904785156,0.023151009093791863
2003-11-25,45.14617919921875,0.0
2003-11-26,45.14617919921875,0.04124133910163241
2003-11-27,47.0080680847168,-0.00048689904789323
2003-11-28,46.98517990112305,0.04818378156226699
2003-12-01,49.24910354614258,-0.004880422748960389
2003-12-02,49.00874710083008,-0.00851514191760494
2003-12-03,48.5914306640625,-0.00639945887690585
2003-12-04,48.28047180175781,-0.029870968414804966
2003-12-05,46.838287353515625,-0.0010182128320552764
2003-12-08,46.79059600830078,0.015064478894859068
2003-12-09,47.4954719543457,-0.002560508272136386
2003-12-10,47.37385940551758,0.002234761839998267
2003-12-11,47.47972869873047,0.010908827089582962
2003-12-12,47.997676849365234,0.02128314665447184
2003-12-15,49.01921844482422,0.017444308189496605
2003-12-16,49.874324798583984,-0.020454090883189946
2003-12-17,48.854190826416016,0.0013574003814995628
2003-12-18,48.92050552368164,0.025726794860068347
2003-12-19,50.179073333740234,0.011880211428445087
2003-12-22,50.775211334228516,0.024148905327308734
2003-12-23,52.00137710571289,-0.00513606041264103
2003-12-24,51.73429489135742,0.0
2003-12-25,51.73429489135742,-0.0052639631731251635
2003-12-26,51.46196746826172,0.019127833134649608
2003-12-29,52.44632339477539,0.006829259564451018
2003-12-30,52.80449295043945,0.005175265729212342
2003-12-31,53.0777702331543,0.012876006565752052
2004-01-01,53.761199951171875,0.005402047061641824
2004-01-02,54.05162048339844,0.038804788490729436
2004-01-05,56.14908218383789,-0.03426347114591233
2004-01-06,54.2252197265625,0.0014424386499269914
2004-01-07,54.303436279296875,0.027207748052028302
2004-01-08,55.78091049194336,-0.004702505315219985
2004-01-09,55.51860046386719,-0.01725761151605887
2004-01-12,54.560482025146484,0.012840929438302728
2004-01-13,55.26108932495117,-0.015206508355478876
2004-01-14,54.42076110839844,-0.02524772754610305
2004-01-15,53.04676055908203,-0.0067519590619514736
2004-01-16,52.68859100341797,-0.0038557781430318405
2004-01-19,52.485435485839844,-0.016728491601921136
2004-01-20,51.6074333190918,-0.002689269878233369
2004-01-21,51.46864700317383,-0.04110420267358983
2004-01-22,49.35306930541992,0.05547693465200032
2004-01-23,52.091026306152344,0.0
2004-01-26,52.091026306152344,0.018347387653923297
2004-01-27,53.04676055908203,-0.025892265795285252
2004-01-28,51.67325973510742,-0.03033744320671261
2004-01-29,50.10562515258789,-0.007671629352939302
2004-01-30,49.72123336791992,0.0
2004-02-02,49.72123336791992,-0.002896397402418205
2004-02-03,49.57722091674805,0.031205865083414386
2004-02-04,51.12432098388672,0.014841514664972966
2004-02-05,51.88308334350586,0.021895561001788133
2004-02-06,53.01909255981445,0.01653313198984918
2004-02-09,53.89566421508789,-0.025219017689515955
2004-02-10,52.536468505859375,-0.006635797538795729
2004-02-11,52.18784713745117,-0.021612660902403547
2004-02-12,51.05992889404297,0.004305847402632734
2004-02-13,51.27978515625,-0.003757433037202107
2004-02-16,51.08710479736328,0.007842339013116373
2004-02-17,51.48774719238281,-0.008633565885201144
2004-02-18,51.0432243347168,-0.0458007536988978
2004-02-19,48.705406188964844,-0.008058612935792575
2004-02-20,48.31290817260742,0.0035043990342156217
2004-02-23,48.482215881347656,-0.007682549863792909
2004-02-24,48.10974884033203,-0.015167128381448292
2004-02-25,47.380062103271484,-0.016558163711165808
2004-02-26,46.59553527832031,0.036304333944070954
2004-02-27,48.28715515136719,0.05074604674855521
2004-03-01,50.7375373840332,0.0
2004-03-02,50.7375373840332,-0.025256867371034053
2004-03-03,49.4560661315918,0.019286656576120942
2004-03-04,50.409908294677734,-0.006868435082111435
2004-03-05,50.06367111206055,-0.026320852558132324
2004-03-08,48.74595260620117,-0.024586689208769275
2004-03-09,47.54745101928711,-0.016579779704867015
2004-03-10,46.759124755859375,-0.009516199876909215
2004-03-11,46.31415557861328,0.03735901671183317
2004-03-12,48.04440689086914,-0.01916812768186371
2004-03-15,47.12348556518555,0.0003943936840669071
2004-03-16,47.14207077026367,0.02032438715259266
2004-03-17,48.10020446777344,-0.02095060900074386
2004-03-18,47.09247589111328,0.05104118992208195
2004-03-19,49.496131896972656,-0.021891522494522975
2004-03-22,48.4125862121582,0.018519716502999106
2004-03-23,49.309173583984375,-0.023618717596578187
2004-03-24,48.144554138183594,0.02367495388170937
2004-03-25,49.28437423706055,0.027579020810469146
2004-03-26,50.64358901977539,-0.018175171831873227
2004-03-29,49.7231330871582,-0.033502470075654656
2004-03-30,48.05728530883789,-0.019877473511717647
2004-03-31,47.102027893066406,0.03499198300159856
2004-04-01,48.750221252441406,-0.021717383782156152
2004-04-02,47.69149398803711,0.03487991038901739
2004-04-05,49.3549690246582,0.026765967113122846
2004-04-06,50.676002502441406,0.0023345410146178303
2004-04-07,50.794307708740234,-0.0024789298845406815
2004-04-08,50.668392181396484,0.0
2004-04-09,50.668392181396484,-0.03178616238086218
2004-04-12,49.057838439941406,0.06814767836750502
2004-04-13,52.40101623535156,0.0
2004-04-14,52.40101623535156,-0.028641560233338414
2004-04-15,50.900169372558594,0.010016132593339444
2004-04-16,51.40999221801758,-0.005361947005158019
2004-04-19,51.134334564208984,0.003786398344026054
2004-04-20,51.32794952392578,0.008223293785637464
2004-04-21,51.75003433227539,-0.007317432211400243
2004-04-22,51.37135696411133,-0.014603065503906554
2004-04-23,50.621177673339844,0.0
2004-04-26,50.621177673339844,-0.03231505441054505
2004-04-27,48.9853515625,-0.006503667565439297
2004-04-28,48.66676712036133,-0.01244550252431842
2004-04-29,48.06108474731445,0.021315072516107536
2004-04-30,49.08551025390625,0.007471630791191952
2004-05-03,49.4522590637207,0.006817929538624812
2004-05-04,49.78942108154297,0.007845005799112181
2004-05-05,50.18001937866211,0.006909555904184295
2004-05-06,50.52674102783203,-0.014705840162557493
2004-05-07,49.7837028503418,-0.017990423201442285
2004-05-10,48.8880729675293,-0.015481617685786597
2004-05-11,48.13120651245117,0.007382240917178207
2004-05-12,48.48652267456055,0.02171748272346896
2004-05-13,49.539527893066406,-0.02002365535260109
2004-05-14,48.54756546020508,-0.11217666069249621
2004-05-17,43.101661682128906,0.08014308014927551
2004-05-18,46.55596160888672,0.018786883317003067
2004-05-19,47.43060302734375,-0.008989075450744677
2004-05-20,47.00424575805664,-0.0036220930878978486
2004-05-21,46.83399200439453,0.08322621108147188
2004-05-24,50.731807708740234,0.006965841667206263
2004-05-25,51.08519744873047,0.008243104411560731
2004-05-26,51.50629806518555,0.0026024904186892073
2004-05-27,51.640342712402344,-0.04530247969928214
2004-05-28,49.300907135009766,0.02830329488607064
2004-05-31,50.696285247802734,0.016660236888237145
2004-06-01,51.540897369384766,0.009446577293976022
2004-06-02,52.02778244018555,-0.017994729877054194
2004-06-03,51.091556549072266,-0.004598179170326788
2004-06-04,50.85662841796875,-0.0019072500555065153
2004-06-07,50.7596321105957,-0.005655352229648858
2004-06-08,50.47256851196289,0.008507468135067642
2004-06-09,50.90196228027344,0.009795075468140402
2004-06-10,51.400550842285156,-0.03082606012937472
2004-06-11,49.81607437133789,-0.022815096272796098
2004-06-14,48.67951583862305,0.017650986678753533
2004-06-15,49.53875732421875,0.012563867365331882
2004-06-16,50.161155700683594,0.010405457385809225
2004-06-17,50.68310546875,0.012491615405736178
2004-06-18,51.316219329833984,0.016497476739745665
2004-06-21,52.16280746459961,0.004503528441622828
2004-06-22,52.39772415161133,-0.009682762840235393
2004-06-23,51.8903694152832,0.01610799405326091
2004-06-24,52.726219177246094,0.013819194548462477
2004-06-25,53.45485305786133,0.020787962836161578
2004-06-28,54.566070556640625,-0.002000465878197133
2004-06-29,54.456912994384766,-0.011205240175284237
2004-06-30,53.846710205078125,0.020112298513586868
2004-07-01,54.929691314697266,0.010327310920547284
2004-07-02,55.49696731567383,0.004285754447784784
2004-07-05,55.73481369018555,-0.0020636462139302925
2004-07-06,55.61979675292969,-0.023869996397902993
2004-07-07,54.292152404785156,-0.028869839033043188
2004-07-08,52.72474670410156,0.02237040385556499
2004-07-09,53.90422058105469,-0.004592988809870802
2004-07-12,53.656639099121094,0.01932905751453573
2004-07-13,54.69377136230469,0.012867665008281737
2004-07-14,55.397552490234375,0.015941594266848824
2004-07-15,56.280677795410156,0.0237626072260666
2004-07-16,57.6180534362793,0.0003382496833501669
2004-07-19,57.637542724609375,-0.02059852266175033
2004-07-20,56.450294494628906,-0.007251941566035591
2004-07-21,56.04092025756836,0.0037560945492995934
2004-07-22,56.25141525268555,0.008630018328396272
2004-07-23,56.73686599731445,0.0030238221975873447
2004-07-26,56.90842819213867,0.01353172362649846
2004-07-27,57.678497314453125,0.019603544215927027
2004-07-28,58.809200286865234,0.01809978789579647
2004-07-29,59.873634338378906,0.011656897633298247
2004-07-30,60.57157516479492,0.0016095374398359397
2004-08-02,60.6690673828125,0.013431499634809496
2004-08-03,61.483943939208984,-0.018263521964465457
2004-08-04,60.36103057861328,0.006265956708601861
2004-08-05,60.73925018310547,-0.01989985196983124
2004-08-06,59.530548095703125,0.004879089371645051
2004-08-09,59.82100296020508,-0.00596363268129374
2004-08-10,59.46425247192383,-0.013769520618709175
2004-08-11,58.64545822143555,-0.0036236251146856135
2004-08-12,58.43294906616211,-0.012544452232745251
2004-08-13,57.6999397277832,0.0049663840195619535
2004-08-16,57.98649978637695,-0.003160159920393757
2004-08-17,57.803253173828125,0.0029005246299425025
2004-08-18,57.97091293334961,0.033595523562409246
2004-08-19,59.91847610473633,0.006539711008960225
2004-08-20,60.310325622558594,0.008242952715340035
2004-08-23,60.80746078491211,-0.0023405440458470483
2004-08-24,60.665138244628906,-0.013400237263379577
2004-08-25,59.852210998535156,0.006839687549275331
2004-08-26,60.26158142089844,0.012778900479401
2004-08-27,61.03165817260742,0.007762257374375858
2004-08-30,61.505401611328125,-0.0012365356113821502
2004-08-31,61.42934799194336,0.003617884121518866
2004-09-01,61.65159225463867,0.01356586401280313
2004-09-02,62.48794937133789,0.0024647086190507927
2004-09-03,62.641963958740234,0.000809258023843018
2004-09-06,62.692657470703125,0.004664515582581519
2004-09-07,62.98508834838867,0.00594246450113789
2004-09-08,63.359375,-0.0014460590705918097
2004-09-09,63.26775360107422,0.019350915288525394
2004-09-10,64.4920425415039,0.013179896939596425
2004-09-13,65.342041015625,0.01506682458965547
2004-09-14,66.3265380859375,-5.8319085225466694e-05
2004-09-15,66.32266998291016,-0.003557096506460078
2004-09-16,66.08675384521484,-0.003097162208387072
2004-09-17,65.88207244873047,-0.019057021213519598
2004-09-20,64.62655639648438,0.01125215624812581
2004-09-21,65.35374450683594,-0.007547122674802398
2004-09-22,64.86051177978516,-0.019957661076173694
2004-09-23,63.56604766845703,-0.0100287107273892
2004-09-24,62.92856216430664,0.015954200763866222
2004-09-27,63.93253707885742,-0.01695417371762964
2004-09-28,62.84861373901367,0.017370821092093314
2004-09-29,63.940345764160156,0.03390444503494838
2004-09-30,66.10820770263672,0.004571067180538568
2004-10-01,66.41039276123047,0.014471983193144133
2004-10-04,67.3714828491211,-0.004282196451735776
2004-10-05,67.0829849243164,-0.020139659019452583
2004-10-06,65.7319564819336,0.011655807899583204
2004-10-07,66.49811553955078,0.0014952889735144748
2004-10-08,66.59754943847656,-0.0125877040336696
2004-10-11,65.75923919677734,0.014704853527504502
2004-10-12,66.7262191772461,0.0
2004-10-13,66.7262191772461,0.06027391684300576
2004-10-14,70.7480697631836,-0.015293713822068566
2004-10-15,69.66606903076172,-0.011533334187540767
2004-10-18,68.86258697509766,0.0037756661149614956
2004-10-19,69.12258911132812,-0.005119074582043637
2004-10-20,68.76874542236328,0.011911591488338091
2004-10-21,69.587890625,0.0
2004-10-22,69.587890625,0.022784064596255815
2004-10-25,71.17338562011719,0.022358840404346214
2004-10-26,72.76473999023438,0.003653923178385865
2004-10-27,73.0306167602539,0.043367042860997795
2004-10-28,76.19773864746094,-0.02178316857557383
2004-10-29,74.53791046142578,0.020825432737693772
2004-11-01,76.09019470214844,-0.018216849919394762
2004-11-02,74.70407104492188,0.026353168405774285
2004-11-03,76.67276000976562,0.013641467386134476
2004-11-04,77.71868896484375,-0.00558451257830761
2004-11-05,77.28466796875,0.02084402779269512
2004-11-08,78.89559173583984,0.009391158671939293
2004-11-09,79.63651275634766,0.002111491948212585
2004-11-10,79.8046646118164,-0.011734049498492216
2004-11-11,78.86823272705078,0.005007053502823711
2004-11-12,79.26313018798828,0.0
2004-11-15,79.26313018798828,0.010778620866696231
2004-11-16,80.11747741699219,0.013591358210208737
2004-11-17,81.20638275146484,-0.006788781875937566
2004-11-18,80.65509033203125,-0.002399536722077933
2004-11-19,80.46155548095703,-0.014505525514881712
2004-11-22,79.29441833496094,0.0015038566273315457
2004-11-23,79.41366577148438,-0.0035202539978257397
2004-11-24,79.13410949707031,0.0028159709749056017
2004-11-25,79.35694885253906,0.0
2004-11-26,79.35694885253906,0.030154091622014434
2004-11-29,81.74988555908203,0.02793174244135921
2004-11-30,84.0333023071289,-0.019007004730982935
2004-12-01,82.43608093261719,-0.013493953111976542
2004-12-02,81.32369232177734,-0.013726751549990479
2004-12-03,80.20738220214844,-0.010334595206555885
2004-12-06,79.37847137451172,0.004802631989961892
2004-12-07,79.75969696044922,-0.004166912579107729
2004-12-08,79.4273452758789,0.005316644863780029
2004-12-09,79.8496322631836,-0.004309075122985728
2004-12-10,79.50555419921875,0.002065550249152004
2004-12-13,79.6697769165039,0.006698985307796335
2004-12-14,80.20348358154297,0.024082821566201007
2004-12-15,82.135009765625,0.009378018874935057
2004-12-16,82.9052734375,-0.014737874727604683
2004-12-17,81.68342590332031,0.011870925921947606
2004-12-20,82.65308380126953,0.0005678679245544327
2004-12-21,82.70001983642578,-0.015909820762778804
2004-12-22,81.38427734375,-0.007374287535623192
2004-12-23,80.78412628173828,-0.00043556536658462264
2004-12-24,80.74893951416016,-0.0033408211037020408
2004-12-27,80.47917175292969,0.0016756780021094375
2004-12-28,80.61402893066406,0.0055288341872161695
2004-12-29,81.05973052978516,-0.01205845532389227
2004-12-30,80.082275390625,0.021262903294646307
2004-12-31,81.7850570678711,0.013314699781179273
2005-01-03,82.8740005493164,-0.013918024653897465
2005-01-04,81.7205581665039,-0.017966205149955505
2005-01-05,80.25234985351562,-0.004262924148641489
2005-01-06,79.91024017333984,0.0034491137335850297
2005-01-07,80.18585968017578,-0.027257060123284993
2005-01-10,78.00022888183594,-0.011654648449290983
2005-01-11,77.0911636352539,-0.03317029365055724
2005-01-12,74.53402709960938,0.0325766654888302
2005-01-13,76.96209716796875,0.0028704616450969667
2005-01-14,77.18301391601562,0.012005991776628644
2005-01-17,78.10967254638672,-0.016168504152816676
2005-01-18,76.84675598144531,-0.003281522742512255
2005-01-19,76.5945816040039,0.0029605340157110582
2005-01-20,76.82134246826172,-0.030156735534272228
2005-01-24,74.5046615600586,0.003857364849124023
2005-01-25,74.79205322265625,0.02051902940526018
2005-01-27,76.32671356201172,0.04382477725816769
2005-01-28,79.67171478271484,0.015213549022760509
2005-01-31,80.88380432128906,-0.003335344978994681
2005-02-01,80.61402893066406,0.0048742968408257425
2005-02-02,81.00696563720703,0.014263198070776806
2005-02-03,82.16238403320312,-0.007590451573507684
2005-02-04,81.53873443603516,-0.02658951695190015
2005-02-07,79.37065887451172,0.006724135130191211
2005-02-08,79.90435791015625,0.0006850803534803607
2005-02-09,79.95909881591797,-0.0002934048598721706
2005-02-10,79.93563842773438,0.028957298638469187
2005-02-11,82.25035858154297,0.03139864790094249
2005-02-14,84.8329086303711,0.005645720261467924
2005-02-15,85.31185150146484,0.0008022718665139372
2005-02-16,85.38029479980469,-0.004441886428749764
2005-02-17,85.00104522705078,-0.004255354669585265
2005-02-18,84.63933563232422,-0.009608479366986056
2005-02-21,83.82608032226562,0.007976334755951608
2005-02-22,84.49470520019531,-0.009440093761653667
2005-02-23,83.69706726074219,0.011071395951010476
2005-02-24,84.62371063232422,0.0069999465370766956
2005-02-25,85.21607208251953,0.02782789219263515
2005-02-28,87.58745574951172,-0.026270826722349483
2005-03-01,85.28646087646484,0.0026591721535313972
2005-03-02,85.51325225830078,0.012528022527404259
2005-03-03,86.58456420898438,0.008918818991802802
2005-03-04,87.35679626464844,0.00801176940147763
2005-03-07,88.05667877197266,0.005328561099623874
2005-03-08,88.52589416503906,-0.005388913776517734
2005-03-09,88.04883575439453,-0.008814601701780389
2005-03-10,87.27272033691406,-0.007795517269414076
2005-03-11,86.5923843383789,0.005192849906126451
2005-03-14,87.04204559326172,-0.006895218811835635
2005-03-15,86.4418716430664,-0.008006366046434343
2005-03-16,85.74978637695312,-0.005471557368385227
2005-03-17,85.28060150146484,0.008642411243830361
2005-03-18,86.01763153076172,0.016636564822413824
2005-03-21,87.44866943359375,-0.005723136270649798
2005-03-22,86.94818878173828,-0.02758853550567797
2005-03-23,84.5494155883789,-0.001525708981388929
2005-03-24,84.42041778564453,0.012458481143460043
2005-03-28,85.47216796875,-0.008874580826863654
2005-03-29,84.71363830566406,0.0017078266426719946
2005-03-30,84.85831451416016,0.04004055185551447
2005-03-31,88.25608825683594,-0.009458586353860876
2005-04-01,87.42131042480469,-0.003220495273110302
2005-04-04,87.1397705078125,-0.0032304626048366147
2005-04-05,86.85826873779297,0.006684768760002013
2005-04-06,87.43889617919922,-0.0214637017636915
2005-04-07,85.5621337890625,-0.027601383885579756
2005-04-08,83.20050048828125,-0.02354451834968385
2005-04-11,81.24158477783203,0.01913077498167115
2005-04-12,82.7957992553711,-0.0075791928483514015
2005-04-13,82.16827392578125,-0.06871306857221382
2005-04-15,76.5222396850586,-0.022047925991056982
2005-04-18,74.8350830078125,-0.0007053881500499459
2005-04-19,74.78229522705078,0.018508824596135565
2005-04-20,76.16642761230469,-0.0016429460199778312
2005-04-21,76.04129028320312,0.027998118569454666
2005-04-22,78.17030334472656,-0.005427126340214028
2005-04-25,77.74606323242188,-0.014987048508331213
2005-04-26,76.58087921142578,-0.022694747324786158
2005-04-27,74.8428955078125,-0.00446675408937669
2005-04-28,74.50859069824219,-0.00986597364936892
2005-04-29,73.77349090576172,0.01502589703710755
2005-05-02,74.88200378417969,-0.007153486717281998
2005-05-03,74.3463363647461,0.019011520389035086
2005-05-04,75.75977325439453,0.029701857555676003
2005-05-05,78.00997924804688,0.013232274391477228
2005-05-06,79.04222869873047,0.03712468351308651
2005-05-09,81.97664642333984,-0.017838324859655974
2005-05-10,80.51432037353516,0.003277971468865326
2005-05-11,80.77824401855469,-0.0023234363131938718
2005-05-12,80.59056091308594,-0.013705928695998959
2005-05-13,79.48599243164062,0.022135766108922095
2005-05-16,81.24547576904297,-0.006713208095365131
2005-05-17,80.70005798339844,-0.01051418678748639
2005-05-18,79.8515625,0.026686689016485632
2005-05-19,81.98253631591797,0.020865534452890744
2005-05-20,83.69314575195312,-0.002779897734039194
2005-05-23,83.46048736572266,0.009814766585860335
2005-05-24,84.27963256835938,0.00728371368825087
2005-05-25,84.89350128173828,0.015659430109800754
2005-05-26,86.22288513183594,0.012312096388714888
2005-05-27,87.28446960449219,-0.0019488573538859466
2005-05-30,87.11436462402344,0.010075971335022027
2005-05-31,87.99212646484375,-0.009781585571662754
2005-06-01,87.13142395019531,-0.009293208960386101
2005-06-02,86.32169342041016,0.024757394520961373
2005-06-03,88.45879364013672,-0.017465652378620855
2005-06-06,86.91380310058594,0.007399249611524494
2005-06-07,87.55690002441406,0.028394272767307882
2005-06-08,90.04301452636719,-0.025912128653517996
2005-06-09,87.70980834960938,-0.01095308925480376
2005-06-10,86.74911499023438,0.00533368277929136
2005-06-13,87.21180725097656,0.004991065543897832
2005-06-14,87.64708709716797,0.009618927585717252
2005-06-15,88.49015808105469,0.010546806497552907
2005-06-16,89.42344665527344,0.0033546883305135555
2005-06-17,89.72343444824219,0.03627454565089283
2005-06-20,92.97811126708984,0.009447003719672109
2005-06-21,93.85647583007812,-0.0018593791101187973
2005-06-22,93.68196105957031,-0.018751890410048544
2005-06-23,91.92524719238281,-0.013309180496091533
2005-06-24,90.70179748535156,0.010959361788139832
2005-06-27,91.69583129882812,-0.019543203972191447
2005-06-28,89.90380096435547,0.013935658324840894
2005-06-29,91.15666961669922,0.014453778249187588
2005-06-30,92.47422790527344,-0.003053020836444431
2005-07-01,92.19190216064453,0.018353201983121625
2005-07-04,93.88391876220703,-0.026689414120600663
2005-07-05,91.37821197509766,0.006587056576599082
2005-07-06,91.9801254272461,-0.010977753104071897
2005-07-07,90.97039031982422,0.006487347730409487
2005-07-08,91.560546875,-0.00820121682949726
2005-07-11,90.80963897705078,-0.04082855503599592
2005-07-12,87.10201263427734,-0.00713528986430767
2005-07-13,86.48051452636719,-0.031536172272256247
2005-07-14,83.75325012207031,0.02811525468071374
2005-07-15,86.10799407958984,0.03465532293132578
2005-07-18,89.09209442138672,-0.006865951118387836
2005-07-19,88.48039245605469,-0.010237898435342951
2005-07-20,87.57453918457031,-0.01088071075055519
2005-07-21,86.62166595458984,0.013467621717197398
2005-07-22,87.78825378417969,-0.0043996557796225355
2005-07-25,87.40201568603516,-0.0011215998803068006
2005-07-26,87.30398559570312,0.0018864630133701432
2005-07-27,87.46868133544922,0.0
2005-07-28,87.46868133544922,0.016968266491171446
2005-07-29,88.95287322998047,-0.0017190670636854088
2005-08-01,88.79995727539062,0.015300895560755645
2005-08-02,90.15867614746094,0.02472591403874902
2005-08-03,92.38793182373047,-0.01805974843987812
2005-08-04,90.71942901611328,-0.009509050586013035
2005-08-05,89.85677337646484,-0.009099224492509439
2005-08-08,89.03914642333984,-0.002884271240599978
2005-08-09,88.78233337402344,0.022480771904629382
2005-08-10,90.77822875976562,-0.009330264258875287
2005-08-11,89.93124389648438,-0.013931320958835314
2005-08-12,88.67838287353516,-0.00508515129112308
2005-08-16,88.2274398803711,0.030200757565603364
2005-08-17,90.89197540283203,-0.008305022758839598
2005-08-18,90.13711547851562,0.0011963314083462961
2005-08-19,90.24494934082031,0.0058878550656857875
2005-08-22,90.77629852294922,-0.012851070045622803
2005-08-23,89.60972595214844,-0.009189698097779475
2005-08-24,88.78623962402344,0.0033564227030287164
2005-08-25,89.08424377441406,-0.0011003344338390564
2005-08-26,88.98622131347656,0.014057235492088926
2005-08-29,90.23712158203125,0.019859125635380392
2005-08-30,92.0291519165039,0.012442087818846037
2005-08-31,93.17418670654297,0.020853096169203944
2005-09-01,95.11715698242188,-0.016469701767743095
2005-09-02,93.55060577392578,-0.012972985757060629
2005-09-05,92.33697509765625,0.003928184504864651
2005-09-06,92.69969177246094,0.024703765345051476
2005-09-08,94.9897232055664,-0.00214642102927165
2005-09-09,94.78583526611328,0.0023788272302873725
2005-09-12,95.01131439208984,0.009637026197746534
2005-09-13,95.92694091796875,-0.00024551956616769566
2005-09-14,95.90338897705078,0.001983174716745806
2005-09-15,96.09358215332031,-0.0014692924546203523
2005-09-16,95.952392578125,0.0013691221334228842
2005-09-19,96.0837631225586,0.021752768862300043
2005-09-20,98.1738510131836,-0.01663596610558582
2005-09-21,96.54063415527344,-0.02008570723643399
2005-09-22,94.60154724121094,-0.005782438066217255
2005-09-23,94.05451965332031,0.03660538189997098
2005-09-26,97.49742126464844,-0.00343903076112384
2005-09-27,97.16212463378906,-0.0028246830800282563
2005-09-28,96.8876724243164,0.02242154090698656
2005-09-29,99.06004333496094,-0.00431500374537952
2005-09-30,98.63259887695312,0.015008618521141548
2005-10-03,100.1129379272461,0.029298271003291187
2005-10-04,103.04607391357422,0.004604391011556963
2005-10-05,103.52053833007812,-0.011685913492903155
2005-10-06,102.31080627441406,-0.014046893971267238
2005-10-07,100.8736572265625,0.019378655351137475
2005-10-10,102.82845306396484,0.02310933332423204
2005-10-11,105.20475006103516,-0.02245732717681559
2005-10-13,102.84213256835938,-0.008064260069419849
2005-10-14,102.01278686523438,-0.0012521109085170679
2005-10-17,101.88505554199219,-0.023613556644544897
2005-10-18,99.47918701171875,-0.010610068183477539
2005-10-19,98.4237060546875,0.013938972723112286
2005-10-20,99.7956314086914,0.005751423903816999
2005-10-21,100.36959838867188,-0.016410827170452502
2005-10-24,98.72245025634766,0.003981839214964644
2005-10-25,99.11554718017578,-0.00442227640047288
2005-10-26,98.67723083496094,-0.017489107241463464
2005-10-27,96.95145416259766,-0.02061809995749797
2005-10-28,94.95249938964844,0.044112889890366214
2005-10-31,99.14112854003906,0.02559511908999923
2005-11-02,101.67865753173828,0.0
2005-11-04,101.67865753173828,0.02004670889851412
2005-11-07,103.71697998046875,0.0020654840613687497
2005-11-08,103.93120574951172,-0.013106506154426767
2005-11-09,102.56903076171875,0.017170576932574955
2005-11-10,104.3302001953125,0.010211215283506103
2005-11-11,105.39553833007812,-0.010574180398951749
2005-11-14,104.28106689453125,0.033173333270901884
2005-11-16,107.74041748046875,-0.012277371816188265
2005-11-17,106.41764831542969,0.0027147250281644997
2005-11-18,106.70654296875,-0.01377789884915459
2005-11-21,105.2363510131836,-0.00016833968425367107
2005-11-22,105.21863555908203,0.002465554707753448
2005-11-23,105.47805786132812,0.006634252474825075
2005-11-24,106.17782592773438,0.014643233354458607
2005-11-25,107.73261260986328,0.006531320018959397
2005-11-28,108.43624877929688,-0.008120548603682498
2005-11-29,107.5556869506836,-0.018841231792300794
2005-11-30,105.52920532226562,0.031086492378066932
2005-12-01,108.80973815917969,0.026481866734539672
2005-12-02,111.69122314453125,-0.01893556869617674
2005-12-05,109.57628631591797,0.002349958220721371
2005-12-06,109.83378601074219,0.0028274257519413926
2005-12-07,110.14433288574219,0.00694168626121594
2005-12-08,110.90892028808594,0.01852025864387663
2005-12-09,112.96298217773438,0.018269675227086113
2005-12-12,115.02677917480469,0.007142833454601316
2005-12-13,115.84839630126953,-0.020834693000043925
2005-12-14,113.43473052978516,0.011124004472119697
2005-12-15,114.69657897949219,0.02215816532532977
2005-12-16,117.23804473876953,0.01389882293607081
2005-12-19,118.86751556396484,-0.017709589534873227
2005-12-20,116.76242065429688,0.0013296930454242961
2005-12-21,116.91767883300781,0.0029086502163770955
2005-12-22,117.25775146484375,-0.0005535743936837534
2005-12-23,117.19284057617188,-0.010146998509182548
2005-12-26,116.0036849975586,0.014741297751669213
2005-12-27,117.71372985839844,-0.0019205424806600924
2005-12-28,117.48765563964844,-0.0004012509105908446
2005-12-29,117.44051361083984,0.0031463319137203793
2005-12-30,117.81002044677734,-0.005838969355173473
2006-01-02,117.12213134765625,0.009246433818030697
2006-01-03,118.20509338378906,0.016096618826443088
2006-01-04,120.10779571533203,-0.0001308537271936805
2006-01-05,120.09207916259766,-0.0005562646511030334
2006-01-06,120.02527618408203,-0.00568289264530597
2006-01-09,119.34318542480469,-0.01999450217515686
2006-01-10,116.95697784423828,-0.046165683341286234
2006-01-12,111.55757904052734,0.002395761203522806
2006-01-13,111.82484436035156,-0.02262165532541005
2006-01-16,109.29518127441406,-0.006492251809321226
2006-01-17,108.58560943603516,-0.008072983213880502
2006-01-18,107.70899963378906,0.029563452346193397
2006-01-19,110.89324951171875,-0.0025883040935672508
2006-01-20,110.6062240600586,-0.02450546405664089
2006-01-23,107.89576721191406,0.02816354047209635
2006-01-24,110.93449401855469,0.0020905881170030227
2006-01-25,111.16641235351562,0.026539578735669034
2006-01-27,114.1167221069336,-0.013796349886381454
2006-01-30,112.54232788085938,0.006095186625474813
2006-01-31,113.2282943725586,-0.0014754337948524876
2006-02-01,113.06123352050781,-0.016671995353043534
2006-02-02,111.17627716064453,-0.014603663426067004
2006-02-03,109.55269622802734,0.019987337814938
2006-02-06,111.74236297607422,0.010588821268450399
2006-02-07,112.92558288574219,0.010461252874900406
2006-02-08,114.10692596435547,-0.01319497576360018
2006-02-10,112.60128784179688,-0.0008027711595381959
2006-02-13,112.51089477539062,-0.014028724974279538
2006-02-14,110.93251037597656,-0.016212285626292844
2006-02-15,109.13404083251953,0.0017832254191134655
2006-02-16,109.32865142822266,0.001563581107367984
2006-02-17,109.49959564208984,0.0154194464996662
2006-02-20,111.18801879882812,-0.003817784388192469
2006-02-21,110.7635269165039,-0.006069501185321902
2006-02-22,110.09124755859375,-0.002124341990370038
2006-02-23,109.85737609863281,-0.013239878310125852
2006-02-24,108.40287780761719,0.03372546254087849
2006-02-27,112.0588150024414,-0.007577595323674968
2006-02-28,111.20967864990234,0.026935867553712356
2006-03-01,114.20520782470703,-0.017503718492187792
2006-03-02,112.20619201660156,-0.010493102306438629
2006-03-03,111.02880096435547,0.010852437890333855
2006-03-06,112.23373413085938,-0.01243441848450444
2006-03-07,110.83817291259766,-0.006508013852907113
2006-03-08,110.11683654785156,0.014940033536489539
2006-03-09,111.7619857788086,0.02479795877728974
2006-03-10,114.53345489501953,0.007448244016554861
2006-03-13,115.38652801513672,-0.0009369249804763724
2006-03-14,115.2784194946289,-0.003631953967806134
2006-03-16,114.85973358154297,-0.015008009022978941
2006-03-17,113.13591766357422,0.03090737841132518
2006-03-20,116.63265228271484,-0.002410109061294463
2006-03-21,116.35155487060547,-0.013429849949814554
2006-03-22,114.78897094726562,-0.010119822247271926
2006-03-23,113.62732696533203,0.0020414465210372157
2006-03-24,113.85929107666016,-0.005886785271679074
2006-03-27,113.18902587890625,0.028027262496569172
2006-03-28,116.36140441894531,0.02586186661414369
2006-03-29,119.3707275390625,0.002123715978872731
2006-03-30,119.62423706054688,-0.02024300948480895
2006-03-31,117.20268249511719,0.053917233379269236
2006-04-03,123.52192687988281,0.0033576965319779273
2006-04-04,123.93667602539062,-0.012036717615201753
2006-04-05,122.44488525390625,0.016774901215619975
2006-04-07,124.49888610839844,0.007040737899580041
2006-04-10,125.37545013427734,-0.03563436263308495
2006-04-12,120.90777587890625,-0.018467689541347032
2006-04-13,118.67488861083984,0.06992723540505263
2006-04-17,126.97349548339844,0.03283331340463991
2006-04-18,131.1424560546875,-0.017146210762352676
2006-04-19,128.89385986328125,-0.0006711109069669208
2006-04-20,128.80735778808594,0.007660588100317112
2006-04-21,129.79409790039062,-0.029348641094845584
2006-04-24,125.98481750488281,-0.01964236597383817
2006-04-25,123.51017761230469,0.026449085616743417
2006-04-26,126.77690887451172,-0.028604969289403703
2006-04-27,123.15045928955078,0.002218494512648883
2006-04-28,123.42366790771484,0.00783550520241616
2006-05-02,124.39075469970703,0.00225967077697109
2006-05-03,124.67183685302734,0.012581063799879333
2006-05-04,126.24034118652344,0.0002494776260029141
2006-05-05,126.27183532714844,0.00502776256862103
2006-05-08,126.90670013427734,0.0027567773431569353
2006-05-09,127.25655364990234,0.005900140955172661
2006-05-10,128.00738525390625,-6.109123609565614e-05
2006-05-11,127.99956512451172,-0.004223182244383561
2006-05-12,127.45899963378906,-0.028127881771110808
2006-05-15,123.87384796142578,-0.00033381798531240126
2006-05-16,123.8324966430664,0.01846056918460781
2006-05-17,126.11851501464844,-0.05431446372867399
2006-05-18,119.2684555053711,-0.019611002667156208
2006-05-19,116.92948150634766,-0.05068190177318144
2006-05-22,111.0032730102539,0.03079311540988461
2006-05-23,114.4214096069336,-0.017075310771309526
2006-05-24,112.4676284790039,0.0021615377743040565
2006-05-25,112.71073150634766,0.03736856031599345
2006-05-26,116.92256927490234,0.01139953442923547
2006-05-29,118.25543212890625,0.019813772614873715
2006-05-30,120.59851837158203,-0.038542896797759574
2006-05-31,115.95030212402344,-0.027492857865704323
2006-06-01,112.76249694824219,0.019841872865274945
2006-06-02,114.99991607666016,-0.02139642037835321
2006-06-05,112.5393295288086,-0.020837170707533326
2006-06-06,110.19432830810547,-0.0007775874792838033
2006-06-07,110.108642578125,-0.021514035321116176
2006-06-08,107.73976135253906,0.03360049727843717
2006-06-09,111.35987091064453,-0.011253369978585503
2006-06-12,110.10669708251953,-0.04491188100254262
2006-06-13,105.1615982055664,-0.05831501041698328
2006-06-14,99.02909851074219,0.09731538091618597
2006-06-15,108.66615295410156,0.02717233409323394
2006-06-16,111.61886596679688,0.025008017712514485
2006-06-19,114.41023254394531,-0.009473540171904715
2006-06-20,113.32636260986328,0.027865653986259398
2006-06-21,116.4842758178711,0.009783841538157256
2006-06-22,117.62393951416016,0.013448935783107352
2006-06-23,119.20585632324219,-0.03053598343632291
2006-06-26,115.56578826904297,0.02318794616040365
2006-06-27,118.24552154541016,0.0023760092554996337
2006-06-28,118.52647399902344,0.006437963832774729
2006-06-29,119.28954315185547,0.028493713576121182
2006-06-30,122.68854522705078,0.02448878750513095
2006-07-03,125.69303894042969,-0.0014903333192107793
2006-07-04,125.5057144165039,0.014113129346999154
2006-07-05,127.27699279785156,-0.009470970990472005
2006-07-06,126.0715560913086,-0.018600375891459242
2006-07-07,123.72657775878906,0.026746845457477297
2006-07-10,127.03587341308594,-0.012499845353203032
2006-07-11,125.44794464111328,0.07542398872984046
2006-07-12,134.90972900390625,-0.0064239506578337435
2006-07-13,134.04307556152344,-0.019738869416152993
2006-07-14,131.397216796875,-0.026383632198259788
2006-07-17,127.93048095703125,0.015137907064507683
2006-07-18,129.86708068847656,-0.015341966349542546
2006-07-19,127.87466430664062,0.02698608203862496
2006-07-20,131.32550048828125,-0.027763744534974988
2006-07-21,127.67941284179688,0.005742747201765708
2006-07-24,128.4126434326172,-0.000372757853195238
2006-07-25,128.36477661132812,0.02216459907228674
2006-07-26,131.20993041992188,0.007257958914633322
2006-07-27,132.16224670410156,-0.01697476789220198
2006-07-28,129.9188232421875,0.015550669692143693
2006-07-31,131.93914794921875,0.0014798599799878964
2006-08-01,132.1343994140625,0.005217008716378091
2006-08-02,132.82374572753906,0.0037798959348225303
2006-08-03,133.3258056640625,0.004602615809303101
2006-08-04,133.939453125,-0.00419476008720121
2006-08-07,133.3776092529297,0.006363662884315113
2006-08-08,134.22637939453125,0.010568784061223191
2006-08-09,135.64498901367188,0.003847966675778469
2006-08-10,136.1669464111328,0.01966541970679203
2006-08-11,138.8447265625,0.007634080230979778
2006-08-14,139.90467834472656,-0.0018230316683995884
2006-08-16,139.64962768554688,0.003024559012718253
2006-08-17,140.07200622558594,0.0025033336931830075
2006-08-18,140.4226531982422,0.020488139455003607
2006-08-21,143.29965209960938,-0.009426717491086922
2006-08-22,141.9488067626953,-0.007439084993835721
2006-08-23,140.89283752441406,-0.0005654378114253733
2006-08-24,140.81317138671875,-0.00011323823200115601
2006-08-25,140.79722595214844,0.003424300122018442
2006-08-28,141.27935791015625,0.018643823596882658
2006-08-29,143.91334533691406,-0.0025478436368321367
2006-08-30,143.5466766357422,0.0028869595720424357
2006-08-31,143.96109008789062,0.002269722386687212
2006-09-01,144.287841796875,0.020547061520838295
2006-09-04,147.25253295898438,-0.006900480832700007
2006-09-05,146.23641967773438,-2.712925524972487e-05
2006-09-06,146.23245239257812,-0.015259680972171896
2006-09-07,144.00099182128906,-0.009685237721289375
2006-09-08,142.60630798339844,-0.031211724309203825
2006-09-11,138.1553192138672,0.021920452583771732
2006-09-12,141.18374633789062,0.021393836857849235
2006-09-13,144.20420837402344,0.01207536013447652
2006-09-14,145.94552612304688,-0.011276271902705415
2006-09-15,144.2998046875,0.0037004992792513125
2006-09-18,144.8337860107422,-0.0005227655329158587
2006-09-19,144.75807189941406,0.007735432094796435
2006-09-20,145.87783813476562,0.004179074814989248
2006-09-21,146.4874725341797,-0.004406885979390207
2006-09-22,145.8419189453125,-0.007349630085952019
2006-09-25,144.77003479003906,0.01282646522863562
2006-09-26,146.62692260742188,-0.0011687584852323463
2006-09-27,146.45555114746094,0.011128335565196101
2006-09-28,148.08535766601562,-0.004574379886824409
2006-09-29,147.407958984375,-0.017003521960704426
2006-10-03,144.90150451660156,-0.010037419975116535
2006-10-04,143.4470672607422,0.03625081600821711
2006-10-05,148.6471405029297,0.0044770240713696285
2006-10-06,149.31263732910156,0.012062722724463848
2006-10-09,151.11375427246094,0.0053002047480503744
2006-10-10,151.91468811035156,0.03871581028338933
2006-10-11,157.7961883544922,0.02022737692082388
2006-10-12,160.9879913330078,0.03415730937720629
2006-10-13,166.48690795898438,0.005385355506418055
2006-10-16,167.3834991455078,-0.01409343693437659
2006-10-17,165.0244903564453,0.0012559355971242248
2006-10-18,165.23175048828125,9.641110582059298e-05
2006-10-19,165.2476806640625,-0.0021271189007386893
2006-10-20,164.89617919921875,-0.01092476881797444
2006-10-23,163.0947265625,0.015576443485081581
2006-10-26,165.63516235351562,0.009260284552853104
2006-10-27,167.1689910888672,0.016797639414483312
2006-10-30,169.97703552246094,-0.015133646898927822
2006-10-31,167.4046630859375,0.0037939913036439954
2006-11-01,168.039794921875,-0.008890498350261788
2006-11-02,166.54583740234375,-0.004724525018809378
2006-11-03,165.7589874267578,-0.002361647108706011
2006-11-06,165.36752319335938,0.01562819780086344
2006-11-07,167.95191955566406,0.011177991399392573
2006-11-08,169.82928466796875,0.005315216660802591
2006-11-09,170.73196411132812,0.001240315342892151
2006-11-10,170.9437255859375,0.009509979855338413
2006-11-13,172.56939697265625,0.02333178419432569
2006-11-14,176.5957489013672,0.0054736823187073735
2006-11-15,177.5623779296875,-0.010213180199795002
2006-11-16,175.7489013671875,-0.0061591195601968796
2006-11-17,174.66644287109375,0.03082727785766326
2006-11-20,180.05093383789062,0.0011977303378747362
2006-11-21,180.26658630371094,-0.013715648558217275
2006-11-22,177.7941131591797,0.005166790179983227
2006-11-23,178.71273803710938,-0.0006925305909657453
2006-11-24,178.58897399902344,-0.00791771570198141
2006-11-27,177.17495727539062,-0.02385254825929617
2006-11-28,172.94888305664062,-0.0038108840202788485
2006-11-29,172.289794921875,0.010687807407974148
2006-11-30,174.13119506835938,0.0070422337739450835
2006-12-01,175.3574676513672,0.005558278652170623
2006-12-04,176.3321533203125,0.014429690144706298
2006-12-05,178.87657165527344,0.004376578913583673
2006-12-06,179.65943908691406,-0.011160880168022191
2006-12-07,177.65428161621094,-0.012703526855465719
2006-12-08,175.39744567871094,-0.00034171833692087095
2006-12-11,175.33750915527344,-0.013919165212112228
2006-12-12,172.89695739746094,-0.006746197922067654
2006-12-13,171.73056030273438,0.021608535724357836
2006-12-14,175.44140625,0.01703032112083358
2006-12-15,178.42922973632812,-0.004030089097072254
2006-12-18,177.71014404296875,-0.03007406916396227
2006-12-19,172.3656768798828,0.006071533885373626
2006-12-20,173.41220092773438,-0.0032247102485916113
2006-12-21,172.85299682617188,0.0046678638083335056
2006-12-22,173.65985107421875,0.02100040312901208
2006-12-26,177.30677795410156,0.014958377284223445
2006-12-27,179.95899963378906,-0.0019754458976852796
2006-12-28,179.60350036621094,-0.0028465242965567406
2006-12-29,179.09225463867188,0.01376085350673395
2007-01-02,181.5567169189453,0.017028699665613267
2007-01-03,184.6483917236328,-0.011270033997688
2007-01-04,182.56739807128906,-0.004485096496479657
2007-01-05,181.74856567382812,-0.03052713802298601
2007-01-08,176.20030212402344,-0.007027517646083781
2007-01-09,174.96205139160156,-0.011711960069466065
2007-01-10,172.91290283203125,0.008570581414434564
2007-01-11,174.39486694335938,0.018506463564806452
2007-01-12,177.62229919433594,0.008792718279168943
2007-01-15,179.18408203125,-0.009251036872324314
2007-01-16,177.5264434814453,-0.0075374925662087255
2007-01-17,176.18833923339844,0.008478801567100014
2007-01-18,177.6822052001953,-0.009801640780376708
2007-01-19,175.9406280517578,0.02345243396937402
2007-01-22,180.06686401367188,-0.008362948401565928
2007-01-23,178.56097412109375,-0.0004921308625441823
2007-01-24,178.4730987548828,0.003110953759926316
2007-01-25,179.0283203125,0.00151737010773223
2007-01-29,179.2999725341797,0.0012920188010776545
2007-01-31,179.53163146972656,0.00963386633361063
2007-02-01,181.26121520996094,-0.001498593963281003
2007-02-02,180.9895782470703,0.0016552102533500257
2007-02-05,181.28915405273438,0.0016084550700674605
2007-02-06,181.58074951171875,0.03700026789744881
2007-02-07,188.29928588867188,0.007063962849772398
2007-02-08,189.62942504882812,-0.005245119031468293
2007-02-09,188.63479614257812,-0.0042349484767079115
2007-02-12,187.8359375,-0.020010778215073022
2007-02-13,184.0771942138672,-0.008484142031915165
2007-02-14,182.5154571533203,0.0430260573800596
2007-02-15,190.36837768554688,-0.00287440299288666
2007-02-19,189.82118225097656,-0.006797120381706878
2007-02-20,188.53094482421875,-0.02078448219765605
2007-02-21,184.6124267578125,-0.01012566577070706
2007-02-22,182.74310302734375,-0.021770583985707748
2007-02-23,178.76467895507812,-0.008736529196052945
2007-02-26,177.20289611816406,-0.014043281381679762
2007-02-27,174.71438598632812,-0.050045755130836644
2007-02-28,165.97067260742188,0.03927699540702845
2007-03-01,172.489501953125,-0.030405407796273876
2007-03-02,167.24488830566406,-0.04124661137326824
2007-03-05,160.3466033935547,0.05345866074763461
2007-03-06,168.91851806640625,-0.013762569280315717
2007-03-07,166.59376525878906,0.024168866344034035
2007-03-08,170.62014770507812,-0.006929498231137421
2007-03-09,169.43783569335938,-0.0026640183179852395
2007-03-12,168.9864501953125,-0.004845550613759464
2007-03-13,168.16761779785156,-0.04040292774733545
2007-03-14,161.37315368652344,0.029405949516020158
2007-03-15,166.1184844970703,-0.015365020624629522
2007-03-16,163.56607055664062,0.019438748161522135
2007-03-19,166.74559020996094,-0.015019895516396264
2007-03-20,164.2410888671875,0.018508034037353793
2007-03-21,167.28086853027344,0.011986679824962598
2007-03-22,169.2860107421875,-0.012481603212019743
2007-03-23,167.1730499267578,-0.016463072295694325
2007-03-26,164.42086791992188,-0.032116231230777004
2007-03-28,159.14028930664062,-0.0006778901756550049
2007-03-29,159.03240966796875,0.01404040625010805
2007-03-30,161.26528930664062,-0.047407614308009216
2007-04-02,153.62008666992188,0.021685208240337372
2007-04-03,156.9513702392578,0.01509153492161408
2007-04-04,159.32000732421875,-0.0010030460112040451
2007-04-05,159.1602020263672,0.027732018192794472
2007-04-09,163.57403564453125,-0.023784261698800435
2007-04-10,159.6835479736328,-0.001301096290203363
2007-04-11,159.4757843017578,0.024846802893965014
2007-04-12,163.43824768066406,0.02006509328790007
2007-04-13,166.7176513671875,0.02002945632110098
2007-04-16,170.05691528320312,-0.021585665127839326
2007-04-17,166.38612365722656,-0.003096857096767769
2007-04-18,165.870849609375,-0.017531188963316513
2007-04-19,162.9629364013672,0.007451166153664257
2007-04-20,164.1772003173828,0.006885439188394793
2007-04-23,165.30763244628906,-0.005485064476714596
2007-04-24,164.40090942382812,-0.019145868947032407
2007-04-25,161.25331115722656,0.0001732605834443568
2007-04-26,161.28125,-0.006786172737841545
2007-04-27,160.186767578125,0.022791674604686563
2007-04-30,163.8376922607422,0.015018067446772143
2007-05-03,166.2982177734375,-0.004683755225480146
2007-05-04,165.51931762695312,-0.014503376546466051
2007-05-07,163.1187286376953,-0.01939421050164969
2007-05-08,159.95516967773438,-0.010813023439680602
2007-05-09,158.22557067871094,-0.0032313123784231124
2007-05-10,157.71429443359375,0.013372240847588035
2007-05-11,159.8232879638672,0.0006502657630731434
2007-05-14,159.92721557617188,-0.01421172999878828
2007-05-15,157.6543731689453,-0.011021447174453636
2007-05-16,155.9167938232422,0.016293633209804925
2007-05-17,158.45724487304688,-0.000806574778514535
2007-05-18,158.32943725585938,-0.010848205878832506
2007-05-21,156.61184692382812,-0.006962781698710674
2007-05-22,155.52139282226562,-0.010787412004218844
2007-05-23,153.84371948242188,0.00584201901510184
2007-05-24,154.7424774169922,0.025038745403282103
2007-05-25,158.61703491210938,-0.007025888863684715
2007-05-28,157.5026092529297,-0.009053882590261964
2007-05-29,156.07659912109375,-0.024338337975855273
2007-05-30,152.2779541015625,0.00910198795794015
2007-05-31,153.6639862060547,0.007824320544225882
2007-06-01,154.86630249023438,-0.01147771702492717
2007-06-04,153.0887908935547,0.014037419363455594
2007-06-05,155.23776245117188,0.0008520039293620219
2007-06-06,155.37002563476562,0.00969915530138965
2007-06-07,156.87698364257812,-0.003219502990441714
2007-06-08,156.37191772460938,0.01484017841547458
2007-06-11,158.6925048828125,0.004899389158075085
2007-06-12,159.47000122070312,-0.0003771878473941559
2007-06-13,159.40985107421875,0.015311449587272374
2007-06-14,161.85064697265625,-0.0048536613970866505
2007-06-15,161.06507873535156,-0.009928131721279376
2007-06-18,159.46600341796875,-0.01651199854862284
2007-06-19,156.83290100097656,-0.0012266738118859033
2007-06-20,156.64051818847656,0.002174740416846843
2007-06-21,156.98117065429688,-0.003906426936917673
2007-06-22,156.36793518066406,-0.00725311920328886
2007-06-25,155.23377990722656,-0.007487073398561583
2007-06-26,154.071533203125,0.0068670304891478295
2007-06-27,155.12954711914062,-0.005321952241513106
2007-06-28,154.303955078125,0.0020781285352413637
2007-06-29,154.62461853027344,0.007671896295438074
2007-07-02,155.81088256835938,0.0018262260873380676
2007-07-03,156.09542846679688,-0.008395903369251001
2007-07-04,154.7848663330078,-0.0073790556192879775
2007-07-05,153.6427001953125,0.028693745873525467
2007-07-06,158.05128479003906,0.011131632993819585
2007-07-09,159.81065368652344,0.013417100219404565
2007-07-10,161.95484924316406,-0.04496417094871963
2007-07-11,154.6726837158203,-0.0038607509459012146
2007-07-12,154.07553100585938,0.009155935126081705
2007-07-13,155.48623657226562,-0.002036026491210041
2007-07-16,155.16966247558594,0.0013944067767774904
2007-07-17,155.3860321044922,0.003095338001266601
2007-07-18,155.86700439453125,0.026715680036025757
2007-07-19,160.03109741210938,-0.005134061506524068
2007-07-20,159.20948791503906,-0.01935814738670949
2007-07-23,156.1274871826172,0.014016165604847863
2007-07-24,158.3157958984375,0.006961573663201381
2007-07-25,159.4179229736328,0.022877283069347998
2007-07-26,163.06497192382812,-0.013026281634633818
2007-07-27,160.9408416748047,-0.01068261344315613
2007-07-30,159.22157287597656,-0.005336690067653804
2007-07-31,158.37185668945312,-0.023433629525916544
2007-08-01,154.66062927246094,-0.015703584084159172
2007-08-02,152.23190307617188,0.00918823615494957
2007-08-03,153.63064575195312,-0.026791512164172526
2007-08-06,149.5146484375,0.0070497883777587145
2007-08-07,150.56869506835938,0.04727326714411806
2007-08-08,157.6865692138672,-0.016774775895872174
2007-08-09,155.04141235351562,0.013260774699300093
2007-08-10,157.09738159179688,-0.005102115150122377
2007-08-13,156.2958526611328,0.0028206566334780803
2007-08-14,156.73670959472656,-0.021632226257720433
2007-08-16,153.3461456298828,-0.03060491499591078
2007-08-17,148.6529998779297,-0.01366888921439402
2007-08-20,146.62107849121094,-0.03709309197801758
2007-08-21,141.1824493408203,0.015527855993596518
2007-08-22,143.3747100830078,0.012774625500401537
2007-08-23,145.20626831054688,0.007756006102411561
2007-08-24,146.33248901367188,0.012105259974769744
2007-08-27,148.1038818359375,0.01761648507706881
2007-08-28,150.71295166015625,-0.022869106432196307
2007-08-29,147.2662811279297,0.015212962724076018
2007-08-30,149.5066375732422,-0.005709697637299227
2007-08-31,148.6529998779297,0.003289324103175506
2007-09-03,149.1419677734375,0.015612479752752373
2007-09-04,151.47044372558594,0.002831233975774783
2007-09-05,151.8992919921875,0.004617437572276062
2007-09-06,152.60067749023438,0.0024686931235162746
2007-09-07,152.97740173339844,-0.019386811286828065
2007-09-10,150.01165771484375,-0.02602224924739327
2007-09-11,146.10801696777344,-0.0005211305922978582
2007-09-12,146.03187561035156,0.006806546681441539
2007-09-13,147.02584838867188,0.0015535282807737083
2007-09-14,147.25425720214844,-0.017581761688956643
2007-09-17,144.66526794433594,-0.00013859614759670347
2007-09-18,144.6452178955078,0.026072768421944392
2007-09-19,148.41651916503906,-0.027651626334931234
2007-09-20,144.31256103515625,0.014163216556132063
2007-09-21,146.3564910888672,-0.034421091997086206
2007-09-24,141.31874084472656,0.004707786511097378
2007-09-25,141.98403930664062,0.030372165012048313
2007-09-26,146.29640197753906,0.04969449859668873
2007-09-27,153.5665283203125,-0.012057567584539797
2007-09-28,151.7148895263672,0.006657388919223628
2007-10-01,152.72491455078125,0.05048936055422226
2007-10-03,160.43589782714844,-0.0013240980616258113
2007-10-04,160.2234649658203,-0.0080043579271466
2007-10-05,158.94097900390625,0.010464408090506971
2007-10-08,160.6042022705078,0.021835268865464608
2007-10-09,164.1110382080078,0.037926000501525836
2007-10-10,170.33511352539062,-0.06973961133672579
2007-10-11,158.4560089111328,-0.023850956606496942
2007-10-12,154.6766815185547,-0.0009842268206297078
2007-10-15,154.52444458007812,-0.03187585082681654
2007-10-16,149.59884643554688,0.012832169365704749
2007-10-17,151.51852416992188,0.003025402626688267
2007-10-18,151.9769287109375,0.010396728500917662
2007-10-19,153.55699157714844,-0.011991838633653829
2007-10-22,151.71556091308594,-0.0017489988515343446
2007-10-23,151.45021057128906,-0.020679887170756417
2007-10-24,148.3182373046875,-0.004039223948847037
2007-10-25,147.71914672851562,0.006096630052385477
2007-10-26,148.61973571777344,0.0066819692887318816
2007-10-29,149.61280822753906,-0.0034395628771981546
2007-10-30,149.09820556640625,-0.009033905416884092
2007-10-31,147.7512664794922,0.01986465595934006
2007-11-01,150.68629455566406,0.023052790794721112
2007-11-02,154.1600341796875,-0.03293941858246119
2007-11-05,149.08209228515625,-0.0012134804412253786
2007-11-06,148.90118408203125,-0.05716210505259678
2007-11-07,140.38967895507812,-0.016925567067634262
2007-11-08,138.0135040283203,-0.04340601223701479
2007-11-12,132.02288818359375,-0.008953622710018205
2007-11-13,130.84080505371094,0.04965758317149249
2007-11-14,137.33804321289062,-0.03550991013251803
2007-11-15,132.461181640625,-0.013537763495717559
2007-11-16,130.66795349121094,-0.0031077409760429386
2007-11-19,130.26187133789062,-0.03348837895793311
2007-11-20,125.89961242675781,-0.011880015857554493
2007-11-21,124.40392303466797,-0.010018722704233318
2007-11-22,123.15755462646484,0.016910198645105234
2007-11-23,125.24017333984375,0.01184637914943698
2007-11-26,126.72381591796875,-0.0014594269553226402
2007-11-27,126.53887176513672,-0.0027644290989655707
2007-11-28,126.1890640258789,-0.0013062993969776837
2007-11-29,126.02422332763672,0.022491793469367583
2007-11-30,128.85873413085938,-0.0013416403726468351
2007-12-03,128.68585205078125,0.009341492485494873
2007-12-04,129.88796997070312,-0.00730492609668465
2007-12-05,128.93914794921875,0.01986259188587769
2007-12-06,131.50021362304688,0.05316896105104685
2007-12-07,138.491943359375,0.015328427907337572
2007-12-10,140.61480712890625,-0.002515915867165708
2007-12-11,140.2610321044922,-0.033566695571774496
2007-12-12,135.5529327392578,-0.015304273708048655
2007-12-13,133.4783935546875,-0.008223589448125401
2007-12-14,132.38072204589844,-0.013332867665018067
2007-12-17,130.61570739746094,-0.003939939002557402
2007-12-18,130.10108947753906,0.013257208134121345
2007-12-19,131.82586669921875,0.034250533026828345
2007-12-20,136.34097290039062,0.06758876816095194
2007-12-24,145.55609130859375,0.0042260516749685895
2007-12-26,146.1712188720703,-0.008471756861047841
2007-12-27,144.93289184570312,-0.0034120763646463548
2007-12-28,144.43836975097656,-0.014669583377747042
2007-12-31,142.31951904296875,-0.013023514825477589
2008-01-01,140.4660186767578,0.0008305830995349872
2008-01-02,140.5826873779297,-0.022450657082474956
2008-01-03,137.426513671875,-0.008279460436063979
2008-01-04,136.2886962890625,-0.03424980989308335
2008-01-07,131.62083435058594,0.015517679714228239
2008-01-08,133.6632843017578,-0.005595132376388978
2008-01-09,132.91542053222656,-0.030490732997005443
2008-01-10,128.86273193359375,-0.01297934624709951
2008-01-11,127.19017791748047,-0.03303291072301229
2008-01-14,122.98871612548828,-0.01791428327017419
2008-01-15,120.78546142578125,-0.004527150522828038
2008-01-16,120.2386474609375,-0.00327717399580707
2008-01-17,119.8446044921875,-0.014760694238042271
2008-01-18,118.07561492919922,-0.05264245118392141
2008-01-21,111.85982513427734,-0.007332237461558866
2008-01-22,111.03964233398438,0.029762979562995895
2008-01-23,114.34451293945312,0.00038699266929120846
2008-01-24,114.38876342773438,0.06839803793248711
2008-01-25,122.21273040771484,-0.04835970433744585
2008-01-28,116.30255889892578,0.03197715246691346
2008-01-29,120.0215835571289,0.00043511511861993313
2008-01-30,120.07380676269531,0.003884088219360704
2008-01-31,120.5401840209961,0.0637406647816634
2008-02-01,128.22349548339844,0.02850276470248736
2008-02-04,131.8782196044922,-0.01874977365476882
2008-02-05,129.40553283691406,-0.06173502229350547
2008-02-06,121.41667938232422,-0.018278875380655424
2008-02-07,119.19731903076172,0.0472224058851094
2008-02-08,124.82610321044922,0.0036075578042622514
2008-02-11,125.27642059326172,-0.008152199564062212
2008-02-12,124.25514221191406,9.738204400355777e-05
2008-02-13,124.26724243164062,0.0008732833020914654
2008-02-14,124.37576293945312,0.01205808057572666
2008-02-15,125.87549591064453,-0.006548010022333184
2008-02-18,125.05126190185547,0.0008683572697452124
2008-02-19,125.15985107421875,0.00796655790276013
2008-02-20,126.15694427490234,0.03738282206503851
2008-02-21,130.873046875,-0.028816660479502154
2008-02-22,127.10172271728516,0.02182667559131657
2008-02-25,129.8759307861328,0.02953293225475173
2008-02-26,133.7115478515625,-0.026430687487732363
2008-02-27,130.17745971679688,-0.01207645719121686
2008-02-28,128.60537719726562,-0.03198160669042638
2008-02-29,124.49237060546875,-0.051866576816103294
2008-03-03,118.0353775024414,-0.03327868747557139
2008-03-04,114.10731506347656,0.04210540673432428
2008-03-05,118.91184997558594,-0.032627777698647
2008-03-07,115.03202056884766,0.0003848787167772816
2008-03-10,115.0762939453125,-0.0033193045544470667
2008-03-11,114.69432067871094,-0.028885173855703772
2008-03-12,111.38135528564453,-0.034256030405418136
2008-03-13,107.56587219238281,0.024295202581426034
2008-03-14,110.17920684814453,-0.023646030660858686
2008-03-17,107.57390594482422,-0.017341791911404947
2008-03-18,105.70838165283203,0.022135903747049213
2008-03-19,108.04833221435547,0.012465443887567318
2008-03-24,109.39520263671875,0.09691652936873818
2008-03-25,119.99740600585938,0.004825251298614663
2008-03-26,120.57642364501953,-0.03851319709902301
2008-03-27,115.9326400756836,0.05510656000454861
2008-03-28,122.3212890625,-0.053444680237431874
2008-03-31,115.78386688232422,-0.011702077678717226
2008-04-01,114.428955078125,0.04198745575537499
2008-04-02,119.23353576660156,0.02677317854966832
2008-04-03,122.42579650878906,-0.024334883776582106
2008-04-04,119.44657897949219,0.004443187710453156
2008-04-07,119.97730255126953,-0.016822436443864164
2008-04-08,117.95899200439453,0.008862099973216742
2008-04-09,119.00435638427734,-0.018480473856528623
2008-04-10,116.80509948730469,-0.021134329091322623
2008-04-11,114.33650207519531,0.06224038813012989
2008-04-15,121.45285034179688,0.0594543600165538
2008-04-16,128.6737518310547,0.03680810192341477
2008-04-17,133.4099884033203,-0.008016440743314979
2008-04-21,132.34051513671875,-0.028678778951116257
2008-04-22,128.54515075683594,0.030870329824253195
2008-04-23,132.5133819580078,0.0291882096131717
2008-04-24,136.38121032714844,-0.006928153759969247
2008-04-25,135.43634033203125,-0.012260313142606782
2008-04-28,133.77584838867188,0.051633521285291195
2008-04-29,140.68316650390625,0.0020292170816498256
2008-04-30,140.96864318847656,0.019593937168081332
2008-05-02,143.73077392578125,-0.0008396376043841025
2008-05-05,143.61009216308594,0.012038296019042827
2008-05-06,145.3389129638672,0.020305028981312256
2008-05-07,148.29002380371094,-0.03226396291134237
2008-05-08,143.50559997558594,-0.019779722721938398
2008-05-09,140.66709899902344,0.013747837425840181
2008-05-12,142.60096740722656,-0.013899635300294921
2008-05-13,140.61886596679688,0.04354519370311083
2008-05-14,146.7421417236328,0.037372049371871
2008-05-15,152.2261962890625,-0.0114626711156125
2008-05-16,150.4812774658203,0.008709847280570893
2008-05-20,151.7919464111328,-0.009032013693026975
2008-05-21,150.42095947265625,-0.003742142920036051
2008-05-22,149.85806274414062,-0.018726623031355527
2008-05-23,147.05172729492188,0.030786074186416768
2008-05-26,151.57887268066406,-0.0010344404443262123
2008-05-27,151.4220733642578,0.015134733907473219
2008-05-28,153.71380615234375,0.0005835937782292522
2008-05-29,153.8035125732422,0.041024867190553094
2008-05-30,160.11328125,-0.00611396883920079
2008-06-02,159.1343536376953,-0.014635207170293651
2008-06-03,156.80538940429688,-0.026817470479442274
2008-06-04,152.6002655029297,0.05818698103583797
2008-06-05,161.4796142578125,0.007072373021398626
2008-06-06,162.6216583251953,-0.04617420870586575
2008-06-09,155.11273193359375,-0.024953696180047946
2008-06-10,151.24209594726562,0.020927072594872254
2008-06-11,154.4071502685547,-0.009483234243089944
2008-06-12,152.94287109375,-0.004400063691827327
2008-06-13,152.26991271972656,0.022044739031668037
2008-06-16,155.6266632080078,0.0019657522407017236
2008-06-17,155.93258666992188,-0.025686066558256337
2008-06-18,151.9272918701172,-2.7016964544657185e-05
2008-06-19,151.92318725585938,-0.019007299598510996
2008-06-20,149.03553771972656,0.010289957411510064
2008-06-23,150.56910705566406,-0.027819966502822258
2008-06-24,146.38027954101562,-0.026582223325784193
2008-06-25,142.48916625976562,0.02195537241236778
2008-06-26,145.61756896972656,-0.04461944759998038
2008-06-27,139.1201934814453,0.018382252535020793
2008-06-30,141.6775360107422,-0.011400564287759818
2008-07-01,140.0623321533203,0.06033821306497078
2008-07-02,148.51344299316406,-0.04259590873378205
2008-07-03,142.1873779296875,0.007314995977846905
2008-07-04,143.22747802734375,0.025059670447819204
2008-07-07,146.81671142578125,-0.035114916366826066
2008-07-08,141.6612548828125,0.0491189489947772
2008-07-09,148.6195068359375,-0.009138876591284872
2008-07-10,147.26129150390625,-0.07112578743820797
2008-07-11,136.78721618652344,-0.0723380490149631
2008-07-14,126.89229583740234,-0.007007384006772033
2008-07-15,126.00311279296875,0.0019096629344106386
2008-07-16,126.24373626708984,0.022422105153804495
2008-07-17,129.0743865966797,-0.02205645831981229
2008-07-18,126.22746276855469,0.008982715263193608
2008-07-21,127.361328125,0.010888427019276392
2008-07-22,128.7480926513672,0.015174394246729062
2008-07-23,130.70176696777344,-0.02181329401981469
2008-07-24,127.8507308959961,-0.010623087925628716
2008-07-25,126.49256134033203,-0.007222958433398374
2008-07-28,125.57891082763672,0.0008121566385754786
2008-07-29,125.68090057373047,0.039819532846196104
2008-07-30,130.68545532226562,-0.011610230107598651
2008-07-31,129.1681671142578,0.035366115131837406
2008-08-01,133.73634338378906,0.01183312995711705
2008-08-04,135.31886291503906,0.011875839863459081
2008-08-05,136.92588806152344,0.012391271037462737
2008-08-06,138.62257385253906,0.015770791750456148
2008-08-07,140.8087615966797,-0.02696725622106444
2008-08-08,137.01153564453125,-0.005477109956935955
2008-08-11,136.2611083984375,-0.03981138650715654
2008-08-12,130.83636474609375,0.013747519969696143
2008-08-13,132.63504028320312,0.041545286268301895
2008-08-14,138.14540100097656,0.006406474757764791
2008-08-18,139.03042602539062,-0.006805686617063378
2008-08-19,138.084228515625,0.003869611186842814
2008-08-20,138.61856079101562,-0.022274078524467944
2008-08-21,135.5309600830078,0.02109622696378821
2008-08-22,138.39015197753906,0.005864577210501487
2008-08-25,139.20175170898438,-0.004951590127775352
2008-08-26,138.51248168945312,0.006006574017626276
2008-08-27,139.34446716308594,-0.005151291398158064
2008-08-28,138.6266632080078,0.029246000869341593
2008-08-29,142.68093872070312,-0.01475060043389087
2008-09-01,140.57630920410156,0.030145963082486515
2008-09-02,144.81411743164062,0.007744977155141219
2008-09-04,145.93569946289062,-0.04287319106294185
2008-09-05,139.67897033691406,0.022046753108285744
2008-09-08,142.75843811035156,-0.0003433158215899734
2008-09-09,142.7094268798828,0.00588777137492702
2008-09-10,143.54966735839844,-0.005170992905683014
2008-09-11,142.807373046875,-0.060920454953422465
2008-09-12,134.10748291015625,-0.04005464640042378
2008-09-15,128.73585510253906,-0.007445684891475235
2008-09-16,127.77732849121094,0.008044050554005366
2008-09-17,128.80517578125,-0.033945235942576146
2008-09-18,124.43285369873047,0.06526161821982468
2008-09-19,132.5535430908203,0.0030461507610946015
2008-09-22,132.9573211669922,-0.052733514041616636
2008-09-23,125.94601440429688,-0.012727105095009739
2008-09-24,124.34308624267578,-0.011447611921955314
2008-09-25,122.9196548461914,-0.039785368366661356
2008-09-26,118.02925109863281,-0.03704452329071195
2008-09-29,113.65691375732422,0.003409222339790574
2008-09-30,114.04439544677734,0.03665794823624546
2008-10-01,118.22502899169922,-0.03960527597105601
2008-10-03,113.54269409179688,-0.05262605135185039
2008-10-06,107.56739044189453,-0.012777861353012399
2008-10-07,106.19290924072266,-0.036526333191009064
2008-10-08,102.31407165527344,-0.023161535243626075
2008-10-10,99.94432067871094,0.07619186769488806
2008-10-13,107.55926513671875,0.06021779814566708
2008-10-14,114.03624725341797,-0.04474415163646328
2008-10-15,108.93379211425781,-0.047079842865016985
2008-10-16,103.80520629882812,-0.04770440239553908
2008-10-17,98.85324096679688,0.07632524836974786
2008-10-20,106.39823913574219,0.04097941822035689
2008-10-21,110.75837707519531,-0.03565602526416378
2008-10-22,106.80917358398438,-0.012542561650642048
2008-10-23,105.46951293945312,-0.02895016673779849
2008-10-24,102.41615295410156,0.004574232953339141
2008-10-27,102.88462829589844,0.04197958160941839
2008-10-29,107.20368194580078,0.06485965349647338
2008-10-31,114.15687561035156,-0.007451294111985973
2008-11-03,113.30625915527344,-0.033874862486582
2008-11-04,109.46802520751953,-0.0074328523459364915
2008-11-05,108.65436553955078,-0.0577157885608619
2008-11-06,102.38329315185547,0.013727028626746351
2008-11-07,103.78871154785156,0.0599465119804079
2008-11-10,110.01048278808594,-0.061113533020410005
2008-11-11,103.287353515625,0.0021883457624713998
2008-11-12,103.51338195800781,-0.03672234643056094
2008-11-14,99.71212768554688,0.0158258163224394
2008-11-17,101.29015350341797,-0.042113003898751056
2008-11-18,97.02452087402344,-0.006607115812775732
2008-11-19,96.38346862792969,-0.043361391206992006
2008-11-20,92.20414733886719,0.05597870220403456
2008-11-21,97.36561584472656,0.009749562486982777
2008-11-24,98.31488800048828,-0.011912469408471571
2008-11-25,97.14371490478516,0.004357321916329537
2008-11-26,97.56700134277344,0.0
2008-11-27,97.56700134277344,0.04780533021506694
2008-11-28,102.2312240600586,-0.010170040995843843
2008-12-01,101.1915283203125,-0.018559301945447415
2008-12-02,99.31348419189453,-0.04286822598102191
2008-12-03,95.05609130859375,0.030997515729751957
2008-12-04,98.00259399414062,-0.04855731968091914
2008-12-05,93.24385070800781,0.020493046033525086
2008-12-08,95.15470123291016,0.013820027506156407
2008-12-10,96.46974182128906,-0.03309878569956448
2008-12-11,93.2767105102539,-0.026478155303078288
2008-12-12,90.80691528320312,-0.0023080521622644845
2008-12-15,90.59732818603516,0.020412095456477264
2008-12-16,92.44660949707031,0.014891275696404804
2008-12-17,93.82325744628906,0.031098014068108526
2008-12-18,96.74097442626953,0.012106908554575524
2008-12-19,97.9122085571289,-0.0037774430128407754
2008-12-22,97.54235076904297,-0.009058064675589228
2008-12-23,96.65880584716797,-0.0017432742536009904
2008-12-24,96.49030303955078,-0.055153335799759895
2008-12-26,91.16854095458984,0.004056606544647456
2008-12-29,91.53837585449219,0.012705242605548728
2008-12-30,92.7013931274414,-0.011038423999821578
2008-12-31,91.67811584472656,0.01492639163998244
2009-01-02,93.04653930664062,0.035951322898480687
2009-01-05,96.39168548583984,-0.0036238000970536532
2009-01-06,96.0423812866211,0.016259565203610604
2009-01-07,97.60398864746094,0.013346751972735493
2009-01-09,98.90668487548828,-0.036314003420422125
2009-01-12,95.31498718261719,0.05902397846623808
2009-01-13,100.94085693359375,0.061433564213651426
2009-01-14,107.14201354980469,-0.039812671051100645
2009-01-15,102.87640380859375,0.012543035501656252
2009-01-16,104.16678619384766,-0.0042208691801549625
2009-01-19,103.72711181640625,-0.008161686177708849
2009-01-20,102.88052368164062,-0.022288575336476213
2009-01-21,100.58746337890625,0.005760607393698436
2009-01-22,101.16690826416016,-0.021326004707790225
2009-01-23,99.0094223022461,0.03938889587969441
2009-01-27,102.90929412841797,0.027633632642022343
2009-01-28,105.7530517578125,0.018225105589216195
2009-01-29,107.68041229248047,-0.0026716240536713842
2009-01-30,107.39273071289062,-0.020663560710363127
2009-02-02,105.17361450195312,0.0022272975099011383
2009-02-03,105.40786743164062,-0.0006627813219726164
2009-02-04,105.33800506591797,-0.02013042354371153
2009-02-05,103.2175064086914,0.026317168585087147
2009-02-06,105.93389892578125,0.017999753402384577
2009-02-09,107.84068298339844,-0.0028199716248313855
2009-02-10,107.53657531738281,-0.0049682036950035036
2009-02-11,107.00231170654297,-0.0363696788172726
2009-02-12,103.11067199707031,-0.0023116670595657585
2009-02-13,102.872314453125,-0.024127834537752357
2009-02-16,100.39022827148438,-0.03888846837004156
2009-02-17,96.4862060546875,0.004131453097423465
2009-02-18,96.88483428955078,0.025491521344898738
2009-02-19,99.35457611083984,-0.026223098408206136
2009-02-20,96.74919128417969,0.007136126096217055
2009-02-24,97.43960571289062,0.026906957027480694
2009-02-25,100.06140899658203,0.015237148757145214
2009-02-26,101.5860595703125,-0.0038431589787465414
2009-02-27,101.19564819335938,-0.00990853681522108
2009-03-02,100.19294738769531,-0.01759574916866491
2009-03-03,98.42997741699219,0.0013359775912935579
2009-03-04,98.56147766113281,-0.014384552565476993
2009-03-05,97.14371490478516,0.03164239880541797
2009-03-06,100.21757507324219,-0.014187576194921392
2009-03-09,98.79573059082031,0.021421609139730124
2009-03-12,100.91209411621094,0.056401610372918576
2009-03-13,106.60369873046875,-0.0071315187550634596
2009-03-16,105.84345245361328,-0.01731630096287695
2009-03-17,104.01063537597656,0.009916758613475851
2009-03-18,105.04208374023438,0.014983865574245803
2009-03-19,106.61602020263672,-0.0007707679234312259
2009-03-20,106.53384399414062,0.027079327084898797
2009-03-23,109.41870880126953,-0.007924497806366282
2009-03-24,108.55162048339844,0.013779514000415327
2009-03-25,110.04740905761719,0.030024124845207334
2009-03-26,113.35148620605469,-0.024834144454886076
2009-03-27,110.5364990234375,-0.03241925865391515
2009-03-30,106.95298767089844,0.01736771199173215
2009-03-31,108.81051635742188,0.03765359333591922
2009-04-01,112.90762329101562,0.033230222957886246
2009-04-02,116.6595687866211,-0.003769063011275442
2009-04-06,116.2198715209961,0.007849646012639155
2009-04-08,117.13215637207031,0.0012981391081439142
2009-04-09,117.28421020507812,-0.012403696012327381
2009-04-13,115.82945251464844,-0.027460417265237402
2009-04-15,112.64872741699219,-0.018531680191131827
2009-04-16,110.5611572265625,0.03872995096702381
2009-04-17,114.84318542480469,-0.0027553148844933206
2009-04-20,114.5267562866211,-0.022246979948573276
2009-04-21,111.9788818359375,0.0136886930671698
2009-04-22,113.51172637939453,0.05021363794526623
2009-04-23,119.21156311035156,-0.0012755596725259055
2009-04-24,119.05950164794922,-0.008766919739856216
2009-04-27,118.01571655273438,-0.0035865661927332315
2009-04-28,117.59244537353516,0.05486639689141892
2009-04-29,124.04431915283203,0.0
2009-04-30,124.04431915283203,0.07881393247212243
2009-05-04,133.82073974609375,-0.02834445220315085
2009-05-05,130.0276641845703,-0.005562522905317224
2009-05-06,129.30438232421875,-0.013030009586867841
2009-05-07,127.61954498291016,-0.020640987403323763
2009-05-08,124.9853515625,-0.0020058502949564794
2009-05-11,124.73464965820312,0.05324046040116892
2009-05-12,131.37557983398438,-0.015327364187213921
2009-05-13,129.3619384765625,-0.004288580236719963
2009-05-14,128.80715942382812,0.01633488147730988
2009-05-15,130.9112091064453,0.13014784139258273
2009-05-18,147.9490203857422,-0.13396449479563044
2009-05-19,128.1291046142578,-0.017993004463819462
2009-05-20,125.82367706298828,-0.018616464106360642
2009-05-21,123.48128509521484,0.013245029839160871
2009-05-22,125.1167984008789,-0.007389518668134087
2009-05-25,124.19224548339844,0.024221768525443332
2009-05-26,127.20040130615234,0.026168680702508995
2009-05-27,130.52906799316406,-0.005761744926822687
2009-05-28,129.77699279785156,0.016529679667351083
2009-05-29,131.9221649169922,0.04448328992229733
2009-06-01,137.79049682617188,0.0072473172910836325
2009-06-02,138.7891082763672,-0.02792181741602029
2009-06-03,134.9138641357422,0.001167081273259818
2009-06-04,135.07131958007812,0.04233366026384444
2009-06-05,140.7893829345703,0.02542817515939766
2009-06-08,144.36940002441406,0.03025104231480502
2009-06-09,148.73672485351562,0.007800271040798723
2009-06-10,149.89691162109375,-0.0319823275354848
2009-06-11,145.1028594970703,-0.01285067576385246
2009-06-12,143.23818969726562,-0.00772334157642196
2009-06-15,142.1319122314453,0.005568046487954614
2009-06-16,142.92330932617188,-0.0076537731532242415
2009-06-17,141.82940673828125,0.008355413466176964
2009-06-18,143.0144500732422,0.025873090643519836
2009-06-19,146.7146759033203,-0.0022595725283156565
2009-06-22,146.38316345214844,-0.010784326295449786
2009-06-23,144.8045196533203,0.005837253023184941
2009-06-24,145.6497802734375,0.0008816900959884855
2009-06-25,145.7781982421875,0.0386563558488211
2009-06-26,151.4134521484375,-0.024164086138188434
2009-06-29,147.7546844482422,-0.0036176899679662977
2009-06-30,147.22015380859375,0.010526293969250311
2009-07-01,148.76983642578125,0.0008078130993725008
2009-07-02,148.8900146484375,0.004731054261392309
2009-07-03,149.59442138671875,-0.024347040235336848
2009-07-06,145.95223999023438,-0.013229621857568818
2009-07-07,144.02134704589844,-0.018125178323907254
2009-07-08,141.4109344482422,-0.01690702796339938
2009-07-09,139.0200958251953,0.025990412938636354
2009-07-10,142.63328552246094,0.028440195707675198
2009-07-13,146.68980407714844,0.023558004019987422
2009-07-14,150.14552307128906,-0.011121819174248815
2009-07-15,148.4756317138672,0.0019258005164997094
2009-07-16,148.76156616210938,0.039663612684396554
2009-07-17,154.6619873046875,0.056314527885359844
2009-07-20,163.3717041015625,-0.014329961497107191
2009-07-21,161.0305938720703,-0.01201642974079864
2009-07-22,159.0955810546875,0.020288423100856212
2009-07-23,162.32337951660156,0.022922863971460927
2009-07-24,166.04429626464844,0.01210287304242219
2009-07-27,168.0539093017578,-0.015212763223877879
2009-07-28,165.49734497070312,-0.006184564791148595
2009-07-29,164.47381591796875,0.014737976479354709
2009-07-30,166.8978271484375,0.025025654115958806
2009-07-31,171.07455444335938,0.0058613703627921065
2009-08-03,172.07728576660156,-0.01574815577937083
2009-08-04,169.3673858642578,0.02683811694789595
2009-08-05,173.9128875732422,-0.01915586281443693
2009-08-06,170.58143615722656,-0.009108860408480912
2009-08-07,169.0276336669922,0.02355797549875227
2009-08-10,173.00958251953125,-0.0014372453995976642
2009-08-11,172.76092529296875,-0.02009855097040647
2009-08-12,169.28868103027344,0.010280136027724707
2009-08-13,171.02899169921875,-0.010393577906021134
2009-08-14,169.2513885498047,-0.029304387940958465
2009-08-17,164.2915802001953,-0.004615393331465323
2009-08-18,163.53330993652344,-0.01107254528861179
2009-08-19,161.7225799560547,0.019958766450560494
2009-08-20,164.9503631591797,0.02142765892948928
2009-08-21,168.48486328125,0.021051684939010107
2009-08-24,172.03175354003906,0.009200593244460098
2009-08-25,173.6145477294922,0.04040550876986049
2009-08-26,180.62953186035156,0.005574629677952858
2009-08-27,181.636474609375,-0.0005249615918643258
2009-08-28,181.54112243652344,-0.027160627894363132
2009-08-31,176.6103515625,0.006451687595729005
2009-09-01,177.74978637695312,0.009301219588617293
2009-09-02,179.403076171875,0.010324086359522866
2009-09-03,181.2552490234375,0.006332403493163996
2009-09-04,182.4030303955078,0.010517347173092828
2009-09-07,184.32142639160156,-0.00917151095529034
2009-09-08,182.63092041015625,-0.006397914595326237
2009-09-09,181.46246337890625,0.02310818305993001
2009-09-10,185.65573120117188,0.012096192907878
2009-09-11,187.90145874023438,-0.007607815622637348
2009-09-14,186.47193908691406,0.00906614841712261
2009-09-15,188.1625213623047,0.021801140647317307
2009-09-16,192.26467895507812,0.018038043348001187
2009-09-17,195.73275756835938,0.0009948905254022478
2009-09-18,195.927490234375,0.019414337853683294
2009-09-22,199.73129272460938,-0.01792424361649214
2009-09-23,196.15126037597656,-0.03485477094499412
2009-09-24,189.314453125,-0.01923871145374445
2009-09-25,185.6722869873047,0.024481232627387772
2009-09-29,190.2177734375,0.004813930758844398
2009-09-30,191.1334686279297,0.013159059670737605
2009-10-01,193.6486053466797,-0.005841483166554418
2009-10-05,192.5174102783203,-0.004627552376307742
2009-10-06,191.62652587890625,-0.025774547085321786
2009-10-07,186.68743896484375,-0.018621797522924033
2009-10-08,183.2109832763672,-0.015016929827520231
2009-10-09,180.459716796875,0.028379396695992654
2009-10-12,185.5810546875,0.0
2009-10-13,185.5810546875,0.007346097429420828
2009-10-14,186.94435119628906,-0.012667748703535042
2009-10-15,184.57618713378906,-0.012379483622586451
2009-10-16,182.29122924804688,-0.0007306658157717472
2009-10-20,182.1580352783203,0.01290937969120054
2009-10-21,184.50958251953125,-0.00155648105113948
2009-10-22,184.22239685058594,0.021168871647025744
2009-10-23,188.12217712402344,0.0061505705149131895
2009-10-26,189.27923583984375,-0.013764808614607937
2009-10-27,186.67384338378906,0.006287142313335936
2009-10-28,187.8474884033203,-0.021425055924595426
2009-10-29,183.82284545898438,-0.0009735192471761467
2009-10-30,183.64389038085938,-0.02862399780113245
2009-11-03,178.38726806640625,0.04390952945173576
2009-11-04,186.2201690673828,-0.006928558991324607
2009-11-05,184.929931640625,-0.0013729037206606787
2009-11-06,184.67604064941406,0.006085303813647025
2009-11-09,185.7998504638672,-0.006339629546196823
2009-11-10,184.6219482421875,0.04003691427596645
2009-11-11,192.01364135742188,0.008518408500576058
2009-11-12,193.6492919921875,0.0143140808446931
2009-11-13,196.42120361328125,-0.0032845581255156464
2009-11-16,195.7760467529297,0.019707134138438054
2009-11-17,199.6342315673828,0.014593874340959712
2009-11-18,202.54766845703125,-0.009596235213004789
2009-11-19,200.60397338867188,0.006950598252865259
2009-11-20,201.998291015625,-0.008138593278824269
2009-11-23,200.35430908203125,0.011528953376967355
2009-11-24,202.6641845703125,0.001581186284991487
2009-11-25,202.98463439941406,-0.01849422538907408
2009-11-26,199.2305908203125,-0.027408144246328536
2009-11-27,193.77005004882812,0.02212323038017261
2009-11-30,198.05686950683594,0.006892603962062704
2009-12-01,199.4219970703125,-0.00014606727817512155
2009-12-02,199.3928680419922,-0.007702520415099778
2009-12-03,197.85704040527344,0.0027978464009394965
2009-12-04,198.41061401367188,0.0029367752366793454
2009-12-07,198.99330139160156,0.02338330946671041
2009-12-08,203.64642333984375,0.004107769628624691
2009-12-09,204.4829559326172,-0.0014654135756337894
2009-12-10,204.1833038330078,0.0031800960096945996
2009-12-11,204.83262634277344,0.015442369962077374
2009-12-14,207.9957275390625,0.0029212377949188184
2009-12-15,208.60333251953125,0.015502418691557107
2009-12-16,211.83718872070312,0.005540892498301142
2009-12-17,213.01095581054688,-0.012915434982778473
2009-12-18,210.25982666015625,-0.00627457076365423
2009-12-21,208.94053649902344,-0.003067816430826986
2009-12-22,208.29954528808594,0.03250869031322634
2009-12-23,215.0710906982422,0.0031152404852279325
2009-12-24,215.7410888671875,-0.005652032335399126
2009-12-29,214.52171325683594,0.0011059901933971883
2009-12-30,214.75897216796875,0.008178369248547313
2009-12-31,216.51535034179688,0.004420929486840697
2010-01-04,217.47254943847656,0.0033492182760079814
2010-01-05,218.20091247558594,-0.014591802875731252
2010-01-06,215.0169677734375,-0.022473003300180094
2010-01-07,210.1848907470703,-0.02409856869965077
2010-01-08,205.11973571777344,0.01032803835114704
2010-01-11,207.23822021484375,0.03908187599012902
2010-01-12,215.3374786376953,0.03732211422939491
2010-01-13,223.37432861328125,0.0023287014330155564
2010-01-14,223.89450073242188,-0.0051864800673339095
2010-01-15,222.7332763671875,0.004055066476454705
2010-01-18,223.636474609375,-0.01888942866656118
2010-01-19,219.412109375,0.008270307951824485
2010-01-20,221.22671508789062,-0.012228663277674912
2010-01-21,218.5214080810547,-0.018893837093575505
2010-01-22,214.3927001953125,-0.012929203640597686
2010-01-25,211.6207733154297,-0.01575329738832809
2010-01-27,208.28704833984375,-0.004196244771177193
2010-01-28,207.41302490234375,-0.0065215824003790335
2010-01-29,206.06036376953125,-0.009795716527951082
2010-02-01,204.04185485839844,-0.0046101255548217646
2010-02-02,203.1011962890625,0.013627348156785235
2010-02-03,205.86892700195312,-0.017851401285489454
2010-02-04,202.19387817382812,-0.031431793185378476
2010-02-05,195.83856201171875,0.02163461913053566
2010-02-08,200.07545471191406,0.0292062053920239
2010-02-09,205.9188995361328,-0.0027693753459125947
2010-02-10,205.3486328125,0.012769020149612231
2010-02-11,207.97073364257812,8.019328562824946e-05
2010-02-15,207.98741149902344,0.017128807307465577
2010-02-16,211.54998779296875,-0.008970985578622304
2010-02-17,209.6521759033203,0.005955851501099119
2010-02-18,210.9008331298828,-0.0004935030300767806
2010-02-19,210.7967529296875,0.014196249001793504
2010-02-22,213.78927612304688,0.005042076544151897
2010-02-23,214.86721801757812,-0.0019370753393557205
2010-02-24,214.4510040283203,0.015933744221770185
2010-02-25,217.86801147460938,-0.005884285958214108
2010-02-26,216.5860137939453,0.015008121990272016
2010-03-02,219.83656311035156,0.009560838605173316
2010-03-03,221.93838500976562,-0.015921191638007204
2010-03-04,218.4048614501953,0.004535266685069095
2010-03-05,219.3953857421875,0.009048846956551726
2010-03-08,221.3806610107422,0.009174407410657226
2010-03-09,223.4116973876953,-0.009202603365541129
2010-03-10,221.35572814941406,0.008911977574055152
2010-03-11,223.3284454345703,-0.0036150456683916588
2010-03-12,222.52110290527344,0.010474010986520454
2010-03-15,224.85179138183594,0.011513185463487785
2010-03-16,227.4405517578125,0.0021772435813145474
2010-03-17,227.9357452392578,0.0180044888213593
2010-03-18,232.03961181640625,-0.005470525709695306
2010-03-19,230.77023315429688,-0.0053927734098893065
2010-03-22,229.52574157714844,0.006563933903547037
2010-03-23,231.03233337402344,0.013853503763142871
2010-03-25,234.23294067382812,-0.013895010582586242
2010-03-26,230.978271484375,-0.02097422065835386
2010-03-29,226.13368225097656,-0.026705786146826838
2010-03-30,220.0946044921875,-0.010646542042079488
2010-03-31,217.75135803222656,0.020834441384296687
2010-04-01,222.2880859375,0.002808097160655887
2010-04-05,222.91229248046875,-0.009970510884550254
2010-04-06,220.6897430419922,-0.002828849619822771
2010-04-07,220.06544494628906,0.007564791218876321
2010-04-08,221.73019409179688,0.004673976399925506
2010-04-09,222.7665557861328,0.002578766317043124
2010-04-12,223.3410186767578,0.036822950688182976
2010-04-13,231.56509399414062,0.007081843850591518
2010-04-15,233.2050018310547,-0.004640548393827659
2010-04-16,232.122802734375,-0.01316071099892191
2010-04-19,229.06790161132812,-0.008939466143323194
2010-04-20,227.02015686035156,-0.0054447532002468435
2010-04-21,225.78408813476562,0.002193622403913853
2010-04-22,226.2793731689453,0.0031451615350406303
2010-04-23,226.99105834960938,0.0044004854502723845
2010-04-26,227.98992919921875,-0.0005478013389241809
2010-04-27,227.8650360107422,-0.013862918888397746
2010-04-28,224.70616149902344,0.0035748182695458652
2010-04-29,225.5094451904297,0.01070418425836639
2010-04-30,227.92333984375,-0.015795547540955468
2010-05-03,224.3231658935547,-0.01066841762972015
2010-05-04,221.92999267578125,0.01007143365929597
2010-05-05,224.16514587402344,-0.012941424163156356
2010-05-06,221.26412963867188,-0.015536972322703457
2010-05-07,217.82635498046875,0.022488929960124526
2010-05-10,222.72503662109375,-0.005587500791285116
2010-05-11,221.48056030273438,0.007873537283972665
2010-05-12,223.22439575195312,0.009117497197734359
2010-05-13,225.2596435546875,-0.020046988961847978
2010-05-14,220.74386596679688,-0.013405365574800543
2010-05-17,217.7847137451172,0.004911390868984622
2010-05-18,218.85433959960938,-0.010021935686647221
2010-05-19,216.66099548339844,-0.0008069528374872181
2010-05-20,216.4861602783203,-0.007305726809897939
2010-05-21,214.90457153320312,0.007223878240151693
2010-05-24,216.45701599121094,-0.025765263916329384
2010-05-25,210.87994384765625,0.04076018138050985
2010-05-26,219.47544860839844,0.008507987218448143
2010-05-27,221.34274291992188,0.012900390033915743
2010-05-28,224.19815063476562,-0.007264318844623863
2010-05-31,222.5695037841797,-0.012660017283323444
2010-06-01,219.75177001953125,0.006058749371252725
2010-06-02,221.08319091796875,0.02187300795891578
2010-06-03,225.9189453125,0.011471026536584494
2010-06-04,228.51046752929688,-0.020996868118417722
2010-06-07,223.71246337890625,-0.00641911109716653
2010-06-08,222.27642822265625,-0.011132202768044275
2010-06-09,219.802001953125,0.007847791702626505
2010-06-10,221.52696228027344,-0.005594369083160355
2010-06-11,220.28765869140625,0.043960727508891795
2010-06-14,229.97166442871094,-0.004259982617434321
2010-06-15,228.9919891357422,0.012688759989442522
2010-06-16,231.89761352539062,-0.0016429522421965714
2010-06-17,231.51661682128906,0.007721974895260608
2010-06-18,233.30438232421875,0.005240213171678221
2010-06-21,234.52694702148438,-0.012032173412575342
2010-06-22,231.705078125,0.011076373669215211
2010-06-23,234.2715301513672,0.008917869275492096
2010-06-24,236.36073303222656,-0.01594207978922335
2010-06-25,232.5926513671875,0.01126830915729471
2010-06-28,235.2135772705078,-0.005500242394448462
2010-06-29,233.9198455810547,-0.0009129056681754788
2010-06-30,233.706298828125,-0.00858118893384352
2010-07-01,231.70082092285156,-0.014293226524383473
2010-07-02,228.38906860351562,0.005847923522816378
2010-07-05,229.72467041015625,0.015181694926602374
2010-07-06,233.2122802734375,-0.0012029076538556671
2010-07-07,232.93174743652344,0.016806094036749153
2010-07-08,236.84642028808594,0.016015689248662923
2010-07-09,240.63967895507812,0.007689833754814801
2010-07-12,242.4901580810547,-0.03423802222965444
2010-07-13,234.18777465820312,-0.0192543131785613
2010-07-14,229.67864990234375,0.006088204929239671
2010-07-15,231.0769805908203,0.0063055253874821915
2010-07-16,232.53404235839844,-0.002358893105093518
2010-07-19,231.9855194091797,-0.0038980746613109796
2010-07-20,231.0812225341797,0.004348018728565606
2010-07-21,232.08596801757812,-0.006187250928436083
2010-07-22,230.64999389648438,0.011598929284822201
2010-07-23,233.32528686523438,0.006459725936593941
2010-07-26,234.83250427246094,0.008682920572426811
2010-07-27,236.8715362548828,0.0011667386967195714
2010-07-28,237.1479034423828,0.00037035785924666165
2010-07-29,237.23573303222656,-0.01579503457827025
2010-07-30,233.48858642578125,0.0030662189316521538
2010-08-02,234.2045135498047,-0.004522625735504104
2010-08-03,233.14529418945312,0.03239588439605989
2010-08-04,240.6982421875,-0.0018266304899077213
2010-08-05,240.25857543945312,-0.001899198924701806
2010-08-06,239.80227661132812,0.003788636089735009
2010-08-09,240.71080017089844,-0.01586278685252185
2010-08-10,236.8924560546875,-0.006415787610473567
2010-08-11,235.3726043701172,-0.013589617473904525
2010-08-12,232.17398071289062,0.0016408651191390788
2010-08-13,232.55494689941406,-0.005527166332878863
2010-08-16,231.2695770263672,-0.004127540670220142
2010-08-17,230.31500244140625,0.020632540617005812
2010-08-18,235.06698608398438,-0.0009437630433583033
2010-08-19,234.8451385498047,-0.012479394360700002
2010-08-20,231.91441345214844,0.012113238575058416
2010-08-23,234.72364807128906,-0.013520122312843386
2010-08-24,231.55015563964844,0.002042785075405229
2010-08-25,232.02316284179688,-0.0018946630478887672
2010-08-26,231.58355712890625,-0.020157724882157724
2010-08-27,226.9153594970703,-0.0034870260319915802
2010-08-30,226.1240997314453,0.004961985641801947
2010-08-31,227.24612426757812,0.022956056220985177
2010-09-01,232.46279907226562,-0.008338605295469925
2010-09-02,230.52438354492188,0.008881198301839976
2010-09-03,232.57171630859375,0.01951413938755353
2010-09-06,237.1101531982422,0.011760090624702624
2010-09-07,239.89859008789062,0.005043507840036154
2010-09-08,241.1085205078125,0.005417976053597728
2010-09-09,242.4148406982422,0.014473120273503337
2010-09-13,245.92333984375,0.013177279505053985
2010-09-14,249.1639404296875,0.025961026401280396
2010-09-15,255.6324920654297,-0.028465365668065234
2010-09-16,248.35581970214844,0.001416235573225233
2010-09-17,248.70755004882812,0.012945588208768344
2010-09-20,251.92721557617188,0.016801873157741065
2010-09-21,256.1600646972656,-0.014661085916086503
2010-09-22,252.40447998046875,0.0028530527313594956
2010-09-23,253.12460327148438,0.00866736746187513
2010-09-24,255.3185272216797,-0.0054114867693546564
2010-09-27,253.93687438964844,-0.005276226599351896
2010-09-28,252.5970458984375,0.004790385521499019
2010-09-29,253.8070831298828,0.0064167489453963444
2010-09-30,255.43569946289062,0.016931782435060327
2010-10-01,259.76068115234375,-0.007640065518164207
2010-10-04,257.7760925292969,0.0020303530079472942
2010-10-05,258.2994689941406,0.0061916666164536505
2010-10-06,259.8987731933594,-0.016221830844927565
2010-10-07,255.6827392578125,0.007483100212789973
2010-10-08,257.5960388183594,-0.0006010017643838239
2010-10-11,257.44122314453125,0.00024384073939809348
2010-10-12,257.5039978027344,0.025250266920963993
2010-10-13,264.00604248046875,0.010276328033337334
2010-10-14,266.71905517578125,-0.03420459161198419
2010-10-15,257.5960388183594,0.009995963703900435
2010-10-18,260.17095947265625,-0.031170933700492287
2010-10-19,252.06118774414062,0.002790590905717316
2010-10-20,252.76458740234375,0.01875029429200281
2010-10-21,257.5039978027344,0.00616267737992815
2010-10-22,259.0909118652344,-0.011136303163373995
2010-10-25,256.2055969238281,-0.0017551393063656162
2010-10-26,255.75592041015625,-0.011165416359906977
2010-10-27,252.90029907226562,-0.003137309511228148
2010-10-28,252.10687255859375,0.0002862836365116195
2010-10-29,252.17904663085938,0.010078232902352768
2010-11-01,254.72056579589844,0.008461744116690095
2010-11-02,256.8759460449219,-0.0008916149112228045
2010-11-03,256.64691162109375,0.01745842888646898
2010-11-04,261.1275634765625,-0.019904803621239586
2010-11-08,255.92987060546875,0.014555746210192622
2010-11-09,259.6551208496094,0.007468167555770622
2010-11-10,261.5942687988281,-0.009083144839995616
2010-11-11,259.2181701660156,-0.018594639242642597
2010-11-12,254.39810180664062,0.010741212005541678
2010-11-15,257.1306457519531,-0.01950488846151699
2010-11-16,252.11534118652344,0.01110803721271747
2010-11-18,254.9158477783203,-0.013365964001911923
2010-11-19,251.50865173339844,0.02695834967100086
2010-11-22,258.2889099121094,-0.01038221156430752
2010-11-23,255.6072998046875,-0.005378091965605458
2010-11-24,254.2326202392578,0.0228480950777874
2010-11-25,260.0413513183594,-0.0072772849777051896
2010-11-26,258.1489562988281,0.007198820194998845
2010-11-29,260.00732421875,-0.004226448135663197
2010-11-30,258.9084167480469,0.000458986427368302
2010-12-01,259.0272521972656,0.015102844610591415
2010-12-02,262.9393005371094,0.008552465501662887
2010-12-03,265.1880798339844,0.005887901779616067
2010-12-06,266.7494812011719,0.011198342677774864
2010-12-07,269.73663330078125,-0.014928049617988104
2010-12-08,265.7099914550781,0.0064829899899905286
2010-12-09,267.4325866699219,-0.0022842031666174822
2010-12-10,266.82171630859375,0.00033351579865259495
2010-12-13,266.91070556640625,0.004244620192016324
2010-12-14,268.04364013671875,0.014183240061143687
2010-12-15,271.8453674316406,0.02804791156184061
2010-12-16,279.4700622558594,0.017201527680333673
2010-12-20,284.2773742675781,-0.0061789326929176935
2010-12-21,282.5208435058594,0.0009760583768461117
2010-12-22,282.7966003417969,0.010622467876571617
2010-12-23,285.80059814453125,0.0006681178680794098
2010-12-24,285.9915466308594,0.0020030153538901363
2010-12-27,286.56439208984375,0.0017022106800941295
2010-12-28,287.05218505859375,0.006577947180380184
2010-12-29,288.9403991699219,0.012349916809243355
2010-12-30,292.5087890625,-0.001218058184683235
2010-12-31,292.1524963378906,0.004531270614074545
2011-01-03,293.476318359375,0.006679157526252366
2011-01-04,295.4364929199219,-0.0062759900641089494
2011-01-05,293.58233642578125,0.005361687282863681
2011-01-06,295.15643310546875,-0.03087827706565327
2011-01-07,286.0425109863281,0.007416803148519335
2011-01-10,288.1640319824219,-0.02062883589077913
2011-01-11,282.21954345703125,0.015515632417328673
2011-01-12,286.5983581542969,-0.05095793906139279
2011-01-13,271.993896484375,-0.00028083533871237076
2011-01-14,271.9175109863281,0.020129081379045344
2011-01-17,277.3909606933594,0.01658102433487607
2011-01-18,281.9903869628906,-0.02208855355925554
2011-01-19,275.7616271972656,0.01424798174710773
2011-01-20,279.690673828125,-0.01579230944481247
2011-01-21,275.2737121582031,0.01257781312079631
2011-01-24,278.7360534667969,-0.007611218461721081
2011-01-25,276.6145324707031,-0.019250549282030627
2011-01-27,271.28955078125,-0.008993301847908808
2011-01-28,268.8497619628906,-0.015924094310467263
2011-01-31,264.5685729980469,-0.009141019608892575
2011-02-01,262.150146484375,1.5832112553182398e-05
2011-02-02,262.154296875,0.0091772414191309
2011-02-03,264.5601501464844,-0.022356858670679713
2011-02-04,258.6454162597656,0.012975952571787186
2011-02-07,262.0015869140625,0.002963681506506166
2011-02-08,262.778076171875,0.011011981355316447
2011-02-09,265.6717834472656,-0.024754831209071293
2011-02-10,259.0951232910156,-0.004044744723486815
2011-02-11,258.0471496582031,0.02094814508906362
2011-02-14,263.4527587890625,0.0006440537391025902
2011-02-15,263.6224365234375,-0.0011428068688804638
2011-02-16,263.3211669921875,0.003335339087591871
2011-02-17,264.1994323730469,-0.004191382358006646
2011-02-18,263.0920715332031,0.020949655382246135
2011-02-21,268.603759765625,-0.007393194516274737
2011-02-22,266.617919921875,-0.02006779345955878
2011-02-23,261.2674865722656,-0.022735680095799515
2011-02-24,255.327392578125,-0.0004989501071407387
2011-02-25,255.1999969482422,-0.003391612700359037
2011-02-28,254.33445739746094,0.028460715561250183
2011-03-01,261.572998046875,-0.018264835920750677
2011-03-03,256.79541015625,0.01192952024749161
2011-03-04,259.8588562011719,-0.0063676629217309655
2011-03-07,258.20416259765625,0.02418910476201286
2011-03-08,264.44989013671875,-0.006674980099230399
2011-03-09,262.6846923828125,-0.0016959328746096736
2011-03-10,262.23919677734375,-0.011762756291302301
2011-03-11,259.154541015625,0.015357438598507578
2011-03-14,263.1344909667969,-0.02278463131630193
2011-03-15,257.1390686035156,0.0002473316604820752
2011-03-16,257.2026672363281,-0.017222259993068367
2011-03-17,252.77305603027344,-0.012622862794799072
2011-03-18,249.58233642578125,-0.006392148797417119
2011-03-21,247.98696899414062,0.00710069373299671
2011-03-22,249.7478485107422,0.017090846327854514
2011-03-23,254.01625061035156,0.0031571658648605894
2011-03-24,254.81822204589844,0.05336679248279341
2011-03-25,268.41705322265625,-0.007429489431515446
2011-03-28,266.4228515625,0.010765687255559486
2011-03-29,269.29107666015625,-0.000771860795341861
2011-03-30,269.0832214355469,0.02220187338123991
2011-03-31,275.057373046875,-0.007142508443284679
2011-04-01,273.0927734375,0.020198232056843013
2011-04-04,278.6087646484375,3.034136112445296e-05
2011-04-05,278.6172180175781,-0.0024671049929302358
2011-04-06,277.9298400878906,-0.008930731217755561
2011-04-07,275.4477233886719,-0.0057306380735997475
2011-04-08,273.8692321777344,0.0044310618045368955
2011-04-11,275.082763671875,0.019928417317586433
2011-04-13,280.5647277832031,-0.09578976336114087
2011-04-15,253.6894989013672,-0.027897132137139957
2011-04-18,246.61228942871094,-0.006452302294835954
2011-04-19,245.0210723876953,0.006909270511388899
2011-04-20,246.7139892578125,0.0009290820110623432
2011-04-21,246.94320678710938,0.010755965735831152
2011-04-25,249.5993194580078,0.0003568341129744912
2011-04-26,249.68838500976562,0.003670285312906474
2011-04-27,250.6048126220703,-0.008126519113884512
2011-04-28,248.56826782226562,-0.00781796629501108
2011-04-29,246.62496948242188,0.005608429324249986
2011-05-02,248.00814819335938,-0.003934792476827376
2011-05-03,247.03228759765625,-0.01418739840642469
2011-05-04,243.5275421142578,-0.007405032926121158
2011-05-05,241.72421264648438,0.015621995654742316
2011-05-06,245.50042724609375,0.005375745939055987
2011-05-09,246.82017517089844,-0.00979913767687357
2011-05-10,244.40155029296875,0.00902766418390355
2011-05-11,246.60792541503906,-0.008533509816450624
2011-05-12,244.5034942626953,-0.001006878463953087
2011-05-13,244.25730895996094,-0.00971010917469628
2011-05-16,241.8855438232422,-0.002193069471507769
2011-05-17,241.35507202148438,-0.0005798660542289946
2011-05-18,241.21511840820312,0.0013892724784501098
2011-05-19,241.55023193359375,0.0011951180007676587
2011-05-20,241.8389129638672,-0.004491848303584622
2011-05-23,240.7526092529297,0.002626067762993234
2011-05-24,241.3848419189453,-0.019634566349147176
2011-05-25,236.64535522460938,0.0028535430552609764
2011-05-26,237.3206329345703,0.003943729346890024
2011-05-27,238.25656127929688,-0.002475474213452733
2011-05-30,237.66676330566406,0.0018163515813609532
2011-05-31,238.09844970703125,0.00929728364870086
2011-06-01,240.31211853027344,-0.003022776864321397
2011-06-02,239.58570861816406,0.004691020068224194
2011-06-03,240.70960998535156,0.007705349142591134
2011-06-06,242.56436157226562,0.019257080935927595
2011-06-07,247.23544311523438,-0.0072081887957542445
2011-06-08,245.4533233642578,-0.0035515290939733823
2011-06-09,244.5815887451172,0.00029683885337350446
2011-06-10,244.65419006347656,0.005327855023966155
2011-06-13,245.95767211914062,-0.0018414820397339993
2011-06-14,245.50474548339844,-0.012777233009138467
2011-06-15,242.3678741455078,-0.012449082623129493
2011-06-16,239.35061645507812,-0.010945371827075778
2011-06-17,236.7308349609375,-0.021699529056633304
2011-06-20,231.59388732910156,0.006495632385776551
2011-06-21,233.09823608398438,0.010230535797677964
2011-06-22,235.4829559326172,0.00872930704985686
2011-06-23,237.53855895996094,0.029092149217396113
2011-06-24,244.44906616210938,0.0038811591405707446
2011-06-27,245.39781188964844,-0.002002625107174638
2011-06-28,244.9063720703125,0.005740681851373219
2011-06-29,246.3123016357422,0.0099597189326468
2011-06-30,248.7655029296875,0.00814305454620401
2011-07-01,250.7912139892578,0.0016356315671599564
2011-07-04,251.201416015625,0.0059546602703219875
2011-07-05,252.69723510742188,-0.0009302105953311601
2011-07-06,252.46217346191406,0.01421951446088121
2011-07-07,256.05206298828125,-0.0063924901976255555
2011-07-08,254.41525268554688,-0.01861232752274622
2011-07-11,249.67999267578125,-0.04436593276012235
2011-07-12,238.6027069091797,-0.005104665727914348
2011-07-13,237.3847198486328,-0.013304540746128302
2011-07-14,234.22642517089844,-0.0032839828216624234
2011-07-15,233.4572296142578,-0.006572089287393834
2011-07-18,231.9229278564453,0.013672865614017482
2011-07-19,235.09397888183594,0.0007090877924678107
2011-07-20,235.26068115234375,0.005686064976854421
2011-07-21,236.598388671875,0.021729218239059156
2011-07-22,241.73948669433594,-0.007247656151225801
2011-07-25,239.98744201660156,-0.002119429543209983
2011-07-26,239.4788055419922,-0.001838225572642349
2011-07-27,239.03858947753906,-0.01628724482438726
2011-07-28,235.1453094482422,0.009014513042842287
2011-07-29,237.26502990722656,0.014121765848086332
2011-08-01,240.61563110351562,-0.022788275669722857
2011-08-02,235.13241577148438,-0.00667004636968116
2011-08-03,233.56407165527344,-0.008581645282456751
2011-08-04,231.55970764160156,-0.043537552674551616
2011-08-05,221.47816467285156,-0.046581029436658206
2011-08-08,211.16148376464844,-0.03883810008166244
2011-08-09,202.9603729248047,0.0305530075419449
2011-08-10,209.1614227294922,-0.002655971288342718
2011-08-11,208.60589599609375,-0.026796997131779854
2011-08-12,203.01588439941406,0.010146826920020002
2011-08-16,205.0758514404297,0.020693384175166862
2011-08-17,209.31956481933594,-0.038730811934450604
2011-08-18,201.2124481201172,-0.05496797937976561
2011-08-19,190.15220642089844,-0.013529650375968538
2011-08-22,187.5795135498047,0.03752347535562506
2011-08-23,194.61814880371094,-0.011440437273290693
2011-08-24,192.39163208007812,-0.029988076371498806
2011-08-25,186.62217712402344,0.008770798769728527
2011-08-26,188.25900268554688,0.04254149584259426
2011-08-29,196.267822265625,0.020337632927941218
2011-08-30,200.2594451904297,-0.010136844119220001
2011-09-02,198.2294464111328,-0.0233270072391506
2011-09-05,193.6053466796875,0.0165334186624968
2011-09-06,196.80630493164062,-0.004820552930407729
2011-09-07,195.8575897216797,0.020510882012645393
2011-09-08,199.8748016357422,-0.027432791599660944
2011-09-09,194.3916778564453,-0.03335075139016741
2011-09-12,187.9085693359375,0.010734827819848247
2011-09-13,189.9257354736328,0.058324461698438634
2011-09-14,201.0030517578125,0.024769724835830065
2011-09-15,205.98184204101562,-0.006120647213403219
2011-09-16,204.72109985351562,-0.013569084034839807
2011-09-19,201.94322204589844,0.03127835617543817
2011-09-20,208.25967407226562,-0.00036941772234999615
2011-09-21,208.1827392578125,-0.03409727910741733
2011-09-22,201.0842742919922,-0.005865873481466721
2011-09-23,199.9047393798828,0.006926669555514131
2011-09-26,201.28941345214844,0.037855536923473876
2011-09-27,208.90933227539062,0.01067833791368722
2011-09-28,211.14013671875,0.03272955378513687
2011-09-29,218.0506591796875,-0.007075564122129285
2011-09-30,216.50782775878906,-0.02256147113934348
2011-10-03,211.6230926513672,-0.015105562209517087
2011-10-04,208.42640686035156,0.0034652243618018552
2011-10-05,209.14865112304688,0.025235128403009233
2011-10-07,214.42654418945312,0.03238760951842701
2011-10-10,221.37130737304688,-0.032973733421837514
2011-10-11,214.07186889648438,0.06979336414193771
2011-10-12,229.01266479492188,0.0064754319764155355
2011-10-13,230.49562072753906,0.017447118354381397
2011-10-14,234.51710510253906,0.0010205400852985047
2011-10-17,234.75643920898438,-0.016384402519909358
2011-10-18,230.91009521484375,0.009698059674389414
2011-10-19,233.14947509765625,0.012828341214386363
2011-10-20,236.14039611816406,-0.009062661281104223
2011-10-21,234.00033569335938,0.016399718664850127
2011-10-24,237.83787536621094,0.03302854190202664
2011-10-25,245.6933135986328,-1.7513616681674726e-05
2011-10-28,245.6890106201172,0.006611381876505007
2011-10-31,247.3133544921875,-0.014230751765432315
2011-11-01,243.7938995361328,-0.0007756640884426513
2011-11-02,243.60479736328125,-0.011395510296222655
2011-11-03,240.82879638671875,0.00851139672441592
2011-11-04,242.8785858154297,0.005715105667164044
2011-11-08,244.26666259765625,-0.0023929521384584707
2011-11-09,243.68214416503906,-0.021020850844082006
2011-11-11,238.5597381591797,0.011925483350625488
2011-11-14,241.40467834472656,-0.0037384572879437528
2011-11-15,240.502197265625,-0.0071470753641519336
2011-11-16,238.78330993652344,-0.008926504305126093
2011-11-17,236.6518096923828,-0.004612290771943139
2011-11-18,235.560302734375,-0.02579552108866101
2011-11-21,229.48390197753906,0.02018656657617357
2011-11-22,234.11639404296875,-0.02619315896211527
2011-11-23,227.98414611816406,0.005108034050079979
2011-11-24,229.14869689941406,-0.02494171961770708
2011-11-25,223.43333435058594,0.014020967256068495
2011-11-28,226.5660858154297,-0.014491082610155304
2011-11-29,223.28289794921875,0.0034263491429138426
2011-11-30,224.04794311523438,0.018604520021036297
2011-12-01,228.21624755859375,0.014611891380133413
2011-12-02,231.55091857910156,0.0025983660804560493
2011-12-05,232.15257263183594,0.02139795512802345
2011-12-07,237.1201629638672,-0.012866936719762911
2011-12-08,234.06915283203125,-0.0048286318422294805
2011-12-09,232.9389190673828,0.011050522128261742
2011-12-12,235.5130157470703,0.004360921750969471
2011-12-13,236.54006958007812,-0.004341986686784649
2011-12-14,235.5130157470703,-0.008721649133202947
2011-12-15,233.45895385742188,0.0030003334647932256
2011-12-16,234.15940856933594,-0.017654846701109395
2011-12-19,230.02536010742188,-0.0028581867844001962
2011-12-20,229.36790466308594,0.02782184900000706
2011-12-21,235.7493438720703,-0.008074915393581739
2011-12-22,233.84568786621094,-0.00959243176206992
2011-12-23,231.6025390625,0.030095589072402396
2011-12-26,238.57275390625,-0.005926215777010468
2011-12-27,237.15892028808594,0.008189894422673705
2011-12-28,239.10122680664062,-0.014341847961976129
2011-12-29,235.6720733642578,0.009317575487997498
2011-12-30,237.8679656982422,0.014922270087430745
2012-01-02,241.41749572753906,0.019704785950947823
2012-01-03,246.17457580566406,-0.0034563300979334466
2012-01-04,245.32371520996094,-0.004992120993672189
2012-01-05,244.09902954101562,-0.002816792411007074
2012-01-06,243.4114532470703,0.0015532641145150627
2012-01-09,243.78953552246094,0.00953658921132261
2012-01-10,246.1144561767578,-0.01292078785285733
2012-01-11,242.93446350097656,-0.0843241607459051
2012-01-12,222.44921875,-0.0015647773368219209
2012-01-13,222.10113525390625,0.021650949942358944
2012-01-16,226.9098358154297,0.008295270390631604
2012-01-17,228.7921142578125,-0.018782496071793497
2012-01-18,224.4948272705078,-0.006642653967617873
2012-01-19,223.0035858154297,-0.0022737967081641886
2012-01-20,222.49652099609375,0.004442400153838344
2012-01-23,223.4849395751953,0.007883692744704573
2012-01-24,225.246826171875,0.017170494932317037
2012-01-25,229.1144256591797,0.022206700217905162
2012-01-27,234.20230102539062,-0.004660139548138376
2012-01-30,233.1108856201172,0.01242463010946726
2012-01-31,236.0072021484375,-0.0012015283150518252
2012-02-01,235.7236328125,0.005213490291282152
2012-02-02,236.95257568359375,0.0095213293593297
2012-02-03,239.20867919921875,-0.0022094460724715326
2012-02-06,238.68016052246094,-0.01786040442156811
2012-02-07,234.417236328125,0.01527003467083543
2012-02-08,237.99679565429688,0.014715633250195426
2012-02-09,241.4990692138672,-0.006939521824986028
2012-02-10,239.82318115234375,-0.0007168010896699828
2012-02-13,239.65127563476562,0.004536608355672156
2012-02-14,240.7384796142578,0.022509613180218713
2012-02-15,246.15740966796875,0.015659329692244706
2012-02-16,250.01206970214844,0.013355312252685936
2012-02-17,253.35105895996094,-0.0032397763980915872
2012-02-21,252.53025817871094,0.00476500564386706
2012-02-22,253.7335662841797,-0.006469724631830487
2012-02-23,252.09197998046875,0.005079867563297924
2012-02-24,253.37257385253906,-0.021946489089899046
2012-02-27,247.8119354248047,-0.0037982579834012764
2012-02-28,246.8706817626953,0.003846858229138661
2012-02-29,247.8203582763672,-0.009294166578670104
2012-03-01,245.51707458496094,-0.0038330147026697237
2012-03-02,244.5760040283203,-0.012597971380163164
2012-03-05,241.49484252929688,0.01516086266379535
2012-03-06,245.15611267089844,0.011008274271186114
2012-03-07,247.8548583984375,-0.00990013430672465
2012-03-09,245.40106201171875,-0.013273658917424047
2012-03-12,242.14369201660156,0.015049597240024859
2012-03-13,245.78785705566406,0.006661305753747904
2012-03-14,247.4251251220703,0.0010595579359755636
2012-03-15,247.68728637695312,-0.0058815578735758045
2012-03-16,246.23049926757812,-0.00958179116986213
2012-03-19,243.8711700439453,-0.00216695414019763
2012-03-20,243.34271240234375,0.012697122370186387
2012-03-21,246.43246459960938,-0.013601876583804073
2012-03-22,243.0805206298828,0.015698352690824757
2012-03-23,246.896484375,-0.01460285052329302
2012-03-26,243.2910919189453,0.015949750146211805
2012-03-27,247.17152404785156,-0.01140460432679724
2012-03-28,244.35263061523438,-0.017973704584281602
2012-03-29,239.96070861816406,0.02661212452066053
2012-03-30,246.34657287597656,-0.00561718309110637
2012-04-02,244.96279907226562,0.002894564691580559
2012-04-03,245.67185974121094,-0.0025711861809720737
2012-04-04,245.04019165039062,-0.009943798332070708
2012-04-09,242.6035614013672,-0.018191341776951142
2012-04-10,238.19027709960938,0.011907145901886906
2012-04-11,241.0264434814453,-0.019166355035344917
2012-04-12,236.40684509277344,-0.12655185427323112
2012-04-13,206.48912048339844,-0.015816549690001236
2012-04-16,203.22317504882812,0.006830082275438798
2012-04-17,204.6112060546875,-0.0039693051143228075
2012-04-18,203.79904174804688,0.014401429630970686
2012-04-19,206.73403930664062,0.0008313821979990532
2012-04-20,206.90591430664062,-0.04008477714913794
2012-04-23,198.6121368408203,0.016725330538876593
2012-04-24,201.93399047851562,0.00016994175433393544
2012-04-25,201.9683074951172,0.002659978944099972
2012-04-26,202.5055389404297,0.014769425659065583
2012-04-27,205.49642944335938,0.029736369580678268
2012-04-30,211.60714721679688,0.0040209445044472325
2012-05-02,212.4580078125,0.004409620237455059
2012-05-03,213.39486694335938,-0.01649283098532528
2012-05-04,209.87538146972656,-0.0017813217929718572
2012-05-07,209.50152587890625,-0.01792745347159319
2012-05-08,205.74569702148438,-0.011549976823954755
2012-05-09,203.3693389892578,-0.009318868461487884
2012-05-10,201.4741668701172,-0.014034508673291368
2012-05-11,198.64657592773438,0.011962820299908472
2012-05-14,201.02294921875,0.03260005890282858
2012-05-15,207.57630920410156,-0.01935632170051116
2012-05-16,203.5583953857422,0.000886629886668322
2012-05-17,203.73887634277344,0.005188496214602711
2012-05-18,204.7959747314453,-0.01779367729813386
2012-05-21,201.1519012451172,0.00027756093198272325
2012-05-22,201.20773315429688,0.0030332123749179374
2012-05-23,201.8180389404297,0.027890164986598354
2012-05-24,207.44677734375,-0.003339258940193157
2012-05-25,206.75405883789062,0.0054575576350235355
2012-05-28,207.88243103027344,0.009933804729567397
2012-05-29,209.94749450683594,0.009462597132854134
2012-05-30,211.93414306640625,-0.0012127307061052806
2012-05-31,211.6771240234375,-0.016527263489881205
2012-06-01,208.17868041992188,-0.0015067581662305818
2012-06-04,207.86500549316406,0.0013624377240801788
2012-06-05,208.14820861816406,0.011155835912101786
2012-06-06,210.47027587890625,0.015504321638351248
2012-06-07,213.7334747314453,-0.013738541012763617
2012-06-08,210.79708862304688,0.0026451345868394593
2012-06-11,211.35467529296875,0.013357480214910566
2012-06-12,214.17784118652344,0.004902410945744506
2012-06-13,215.2278289794922,0.01141638056000871
2012-06-14,217.68495178222656,0.009706508411033932
2012-06-15,219.79791259765625,-0.004301103336166623
2012-06-18,218.8525390625,-0.013815301421208792
2012-06-19,215.8290252685547,-0.0027855210313554313
2012-06-20,215.2278289794922,0.008582242639950888
2012-06-21,217.07496643066406,-0.00676328400541959
2012-06-22,215.60682678222656,-0.0025462828792253145
2012-06-25,215.05783081054688,-0.011242987279011074
2012-06-26,212.6399383544922,0.011350593384368723
2012-06-27,215.05352783203125,0.002106820698085432
2012-06-28,215.50660705566406,0.014515088780418406
2012-06-29,218.63470458984375,-0.003906146403615085
2012-07-02,217.7806854248047,-0.0035400307234729755
2012-07-03,217.00973510742188,-0.00447751538994301
2012-07-04,216.03807067871094,0.00034326225285563616
2012-07-05,216.1122283935547,-0.014353676457557252
2012-07-06,213.01022338867188,-0.0027405762158557723
2012-07-09,212.42645263671875,0.008798139291660956
2012-07-10,214.29541015625,0.004716725870802074
2012-07-11,215.30618286132812,-0.08360995147801897
2012-07-12,197.304443359375,-0.015279867575563766
2012-07-13,194.28965759277344,-0.026235283575304913
2012-07-16,189.19241333007812,-2.3469797435504702e-05
2012-07-17,189.18797302246094,0.003523375136093687
2012-07-18,189.85455322265625,0.03042843819651475
2012-07-19,195.63153076171875,-0.011780834867545997
2012-07-20,193.3268280029297,-0.013363123701298552
2012-07-23,190.74337768554688,-0.009341902977451078
2012-07-24,188.9614715576172,-4.618945476986269e-05
2012-07-25,188.95274353027344,-0.020635849824685915
2012-07-26,185.0535430908203,0.011700682134382134
2012-07-27,187.2187957763672,0.028413381364352563
2012-07-30,192.53831481933594,0.007806269535783672
2012-07-31,194.04132080078125,-0.0037718928790601014
2012-08-01,193.30941772460938,-0.005769640925220143
2012-08-02,192.194091796875,0.0012465432461030712
2012-08-03,192.4336700439453,0.00375876205949055
2012-08-06,193.156982421875,0.016464914032491063
2012-08-07,196.33729553222656,0.013446866795247203
2012-08-08,198.9774169921875,-0.0006786714052501308
2012-08-09,198.84237670898438,0.013584027544685684
2012-08-10,201.54345703125,0.0030484499504555007
2012-08-13,202.15785217285156,0.0039866047905225965
2012-08-14,202.96377563476562,-0.005967476890085699
2012-08-16,201.75259399414062,0.015374989279278717
2012-08-17,204.8545379638672,0.02464882285724168
2012-08-21,209.90396118164062,0.01021163737310693
2012-08-22,212.04742431640625,0.017915784565300852
2012-08-23,215.84642028808594,-0.013079300149706152
2012-08-24,213.02330017089844,-0.0134569947986114
2012-08-27,210.15664672851562,0.003835233233905555
2012-08-28,210.962646484375,-0.013568043971609822
2012-08-29,208.1002960205078,0.0018421973622202437
2012-08-30,208.48365783691406,-0.012977062083255109
2012-08-31,205.7781524658203,0.0014609357626500508
2012-09-03,206.0787811279297,-0.0018179894397715168
2012-09-04,205.70413208007812,-0.009043673678843178
2012-09-05,203.84381103515625,0.035286113414159104
2012-09-06,211.0366668701172,0.026940459632005975
2012-09-07,216.7220916748047,0.010091670838878297
2012-09-10,218.9091796875,0.006826157193649207
2012-09-11,220.4034881591797,0.004032438121362558
2012-09-12,221.29225158691406,0.0060440848953453585
2012-09-13,222.6297607421875,0.030155999918850096
2012-09-14,229.3433837890625,-0.025683009355534248
2012-09-17,223.45315551757812,0.014154998700511623
2012-09-18,226.6161346435547,0.006305484659309135
2012-09-20,228.04505920410156,-0.009131785197897813
2012-09-21,225.9626007080078,0.002641220337930017
2012-09-24,226.55941772460938,-0.0008071903995461316
2012-09-25,226.3765411376953,-0.003368403201091885
2012-09-26,225.614013671875,-0.015428612780876816
2012-09-27,222.1331024169922,-0.005648619992904114
2012-09-28,220.87835693359375,0.029467822975729252
2012-10-01,227.3871612548828,-0.012031972792995838
2012-10-03,224.6512451171875,-0.0010084397310718973
2012-10-04,224.42469787597656,-0.018946624388245348
2012-10-05,220.172607421875,-0.015295755172555214
2012-10-08,216.80490112304688,0.01931101086770015
2012-10-09,220.9916229248047,-0.0126564369984562
2012-10-10,218.1946563720703,0.01160053022443619
2012-10-11,220.725830078125,-0.054417106425998174
2012-10-12,208.71456909179688,-0.012419948125200753
2012-10-15,206.12234497070312,-0.004184867024556671
2012-10-16,205.25975036621094,0.006133853329153505
2012-10-17,206.51878356933594,0.00953244007960441
2012-10-18,208.48741149902344,0.0024183530476349357
2012-10-19,208.99160766601562,0.000923157303113209
2012-10-22,209.18453979492188,-0.013602552695220815
2012-10-23,206.33909606933594,-0.0035488635021611037
2012-10-25,205.60682678222656,-0.0039448151859095
2012-10-29,204.79574584960938,0.009783933144849488
2012-10-30,206.79945373535156,0.0019714732200535323
2012-10-31,207.2071533203125,0.0006981833241921365
2012-11-01,207.35182189941406,0.009917132294194442
2012-11-02,209.4081573486328,-0.004041089866467451
2012-11-05,208.56192016601562,0.0013456670661795567
2012-11-06,208.8425750732422,0.009552188119465121
2012-11-07,210.8374786376953,-0.012102888775746945
2012-11-08,208.28573608398438,-0.01119850575236403
2012-11-09,205.9532470703125,0.0043637448293560865
2012-11-12,206.8519744873047,-0.026557932572951026
2012-11-15,201.35841369628906,0.020489041373574546
2012-11-16,205.4840545654297,0.006486491062371202
2012-11-19,206.81692504882812,-0.014330873485331241
2012-11-20,203.85305786132812,0.01079708742267993
2012-11-21,206.0540771484375,0.01393694886536978
2012-11-22,208.92584228515625,-0.0021193143757261
2012-11-23,208.48306274414062,0.01676070796579343
2012-11-26,211.97738647460938,0.022027835864139034
2012-11-27,216.64678955078125,-0.010280625016023226
2012-11-29,214.41952514648438,-0.003435476784485969
2012-11-30,213.68289184570312,0.0009441640706082666
2012-12-03,213.8846435546875,-0.000697217635775127
2012-12-04,213.7355194091797,-0.022543987733315562
2012-12-05,208.9170684814453,-0.018551973770173813
2012-12-06,205.04124450683594,-0.007334429115712249
2012-12-07,203.53738403320312,-0.0032740771327681717
2012-12-10,202.87098693847656,-0.008428659246580317
2012-12-11,201.1610565185547,0.0016346449456361434
2012-12-12,201.48988342285156,-0.006201740710092607
2012-12-13,200.24029541015625,-0.0020797918272632554
2012-12-14,199.82383728027344,-0.005507399209890629
2012-12-17,198.72332763671875,0.0020961287613836532
2012-12-18,199.13987731933594,0.011074313965141469
2012-12-19,201.34521484375,0.0015027252003734226
2012-12-20,201.6477813720703,-0.0011958209602601633
2012-12-21,201.40664672851562,0.011080136606354207
2012-12-24,203.6382598876953,-0.003035973479572407
2012-12-26,203.02001953125,-0.011877683177603848
2012-12-27,200.60861206054688,0.015495677140926922
2012-12-28,203.71717834472656,-0.0019371110769392796
2012-12-31,203.3225555419922,-0.004247971868105771
2013-01-01,202.45884704589844,0.00015156376346325828
2013-01-02,202.48953247070312,0.012428530542591298
2013-01-03,205.0061798095703,0.004983072558564894
2013-01-04,206.02774047851562,0.010746814193858478
2013-01-07,208.24188232421875,-0.012969487094188326
2013-01-08,205.5410919189453,-0.00554618476250901
2013-01-09,204.401123046875,-0.0037321867307194
2013-01-10,203.6382598876953,0.16785081146744818
2013-01-11,237.81910705566406,0.034807198105085035
2013-01-14,246.096923828125,-0.006930714187217801
2013-01-15,244.39129638671875,-0.007032529350489369
2013-01-16,242.672607421875,0.011020956511503588
2013-01-17,245.3470916748047,-0.0035382650000774785
2013-01-18,244.47898864746094,0.002959336045199823
2013-01-21,245.20248413085938,-0.0045596682927193655
2013-01-22,244.08444213867188,0.0021733751479560137
2013-01-23,244.61492919921875,0.0030831976178280485
2013-01-24,245.36912536621094,0.005878482344248814
2013-01-25,246.8115234375,-0.001421140225928319
2013-01-28,246.4607696533203,-0.004144983922477197
2013-01-29,245.43919372558594,-0.0029833194105129968
2013-01-30,244.70697021484375,-0.0004117947391538701
2013-01-31,244.606201171875,-0.00665000593867493
2013-02-01,242.9795684814453,-0.0012088740270997933
2013-02-04,242.6858367919922,-0.004227440525445991
2013-02-05,241.65989685058594,0.007293168844451525
2013-02-06,243.42236328125,0.00486330785169975
2013-02-07,244.606201171875,-1.7965739335101816e-05
2013-02-08,244.601806640625,0.000931989471887551
2013-02-11,244.82977294921875,-0.01318041996953101
2013-02-12,241.60281372070312,0.012449157435396208
2013-02-13,244.61056518554688,0.008316678932639432
2013-02-14,246.64491271972656,-0.008585681832003145
2013-02-15,244.5272979736328,-0.0030480474643254096
2013-02-18,243.78196716308594,0.014513633935353099
2013-02-19,247.32012939453125,-0.00035438475869131736
2013-02-20,247.23248291015625,-0.004132169176506384
2013-02-21,246.21087646484375,0.01166390549735885
2013-02-22,249.08265686035156,0.02719555478259128
2013-02-25,255.85659790039062,0.014394240204658626
2013-02-26,259.5394592285156,-0.016639546014510564
2013-02-27,255.22084045410156,-0.00121988600726064
2013-02-28,254.9095001220703,0.0023394940268766096
2013-03-01,255.505859375,-0.0035520213042448123
2013-03-04,254.59829711914062,0.006147547124262465
2013-03-05,256.1634521484375,0.01670497991175557
2013-03-06,260.4426574707031,0.011531622527517271
2013-03-07,263.44598388671875,-0.011350117311150099
2013-03-08,260.4558410644531,-0.008248290462243402
2013-03-11,258.3075256347656,-0.00938651058378559
2013-03-12,255.88291931152344,-0.018727880658405582
2013-03-13,251.0907745361328,0.0037189423465793237
2013-03-14,252.02456665039062,0.001444176257676899
2013-03-15,252.38853454589844,-0.006080093539900577
2013-03-18,250.85398864746094,-0.0016607089296468702
2013-03-19,250.43739318847656,0.0033789150025300696
2013-03-20,251.28359985351562,0.0024953665026286043
2013-03-21,251.91064453125,-0.0033420121221988675
2013-03-22,251.06875610351562,-0.0036495591782250703
2013-03-25,250.1524658203125,0.0006309628551728341
2013-03-26,250.310302734375,0.01219110605878826
2013-03-28,253.3618621826172,0.018983550247727576
2013-04-01,258.17156982421875,0.00843994975747564
2013-04-02,260.35052490234375,-0.00020184814127399697
2013-04-03,260.2979736328125,-0.0297797840046784
2013-04-04,252.54635620117188,-0.004931037495412682
2013-04-05,251.30104064941406,-0.011845944551866716
2013-04-08,248.3241424560547,-0.023147169831262082
2013-04-09,242.57614135742188,0.017821577898873286
2013-04-10,246.89923095703125,0.03588811620299337
2013-04-11,255.75997924804688,-0.212585865000275
2013-04-12,201.38902282714844,0.01846141350306718
2013-04-15,205.10694885253906,-0.018297725862786107
2013-04-16,201.3539581298828,-0.00539984554332007
2013-04-17,200.2666778564453,0.005188470542932144
2013-04-18,201.30575561523438,-0.022280833431998492
2013-04-22,196.82049560546875,0.007885987781215409
2013-04-23,198.37261962890625,-0.015272586970949242
2013-04-25,195.34295654296875,-0.00704757289410185
2013-04-26,193.9662628173828,0.007821017571663758
2013-04-29,195.4832763671875,0.002758603571002549
2013-04-30,196.0225372314453,0.022925874241711774
2013-05-02,200.5165252685547,0.009292940115672721
2013-05-03,202.37991333007812,0.014363383715959355
2013-05-06,205.28677368164062,0.0032892130432178313
2013-05-07,205.96200561523438,0.0007875283951030987
2013-05-08,206.12420654296875,0.004572805561156912
2013-05-09,207.0667724609375,0.0042987907145648485
2013-05-10,207.9569091796875,-0.013471973481773425
2013-05-13,205.1553192138672,0.0044662503898271755
2013-05-14,206.07159423828125,0.004425510703061297
2013-05-15,206.9835662841797,-0.011798708060339669
2013-05-16,204.5414276123047,0.008209729226643425
2013-05-17,206.2206573486328,0.008632117036655229
2013-05-20,208.0007781982422,0.010771050869604615
2013-05-21,210.2411651611328,-0.005130144251513147
2013-05-22,209.16259765625,-0.010669420354137205
2013-05-23,206.9309539794922,-0.005063847631963769
2013-05-24,205.88308715820312,0.010562706471932914
2013-05-27,208.05776977539062,-0.002739585577818282
2013-05-28,207.48777770996094,-0.005832289484883679
2013-05-29,206.27764892578125,0.0069021139152452005
2013-05-30,207.70140075683594,0.030002749795969175
2013-05-31,213.93301391601562,0.04245967672336004
2013-06-03,223.01654052734375,-0.007238971587368304
2013-06-04,221.40213012695312,-0.013882745535606644
2013-06-05,218.32846069335938,-0.012839194726109393
2013-06-06,215.52529907226562,0.007058573986811423
2013-06-07,217.04660034179688,0.016327335784245056
2013-06-10,220.59039306640625,-0.004523881529088558
2013-06-11,219.59246826171875,-0.021874113174067622
2013-06-12,214.78907775878906,-0.01711877390389893
2013-06-13,211.11215209960938,0.006323901665331144
2013-06-14,212.44720458984375,0.011544903590764655
2013-06-17,214.89988708496094,0.009886337227651865
2013-06-18,217.0244598388672,-0.0033518445410100073
2013-06-19,216.29702758789062,-0.028400432246588836
2013-06-20,210.1540985107422,0.020957608839367925
2013-06-21,214.5584259033203,-0.015855645220879677
2013-06-24,211.15646362304688,-0.0027304555817709852
2013-06-25,210.5799102783203,0.010741879046256342
2013-06-26,212.84193420410156,0.0347587381833101
2013-06-27,220.24005126953125,0.0064646840591695565
2013-06-28,221.66383361816406,-0.019148877731550273
2013-07-01,217.41921997070312,-0.01919644241972618
2013-07-02,213.24554443359375,0.00022897606198379883
2013-07-03,213.29437255859375,0.026408488488717685
2013-07-04,218.92715454101562,-0.004781005338171274
2013-07-05,217.88046264648438,0.004865532031833597
2013-07-08,218.94056701660156,0.01217438296116069
2013-07-09,221.6060333251953,0.0011812845581333775
2013-07-10,221.86781311035156,0.010874994644206382
2013-07-11,224.28062438964844,0.10910269140532125
2013-07-12,248.750244140625,-0.02193116762408953
2013-07-15,243.29486083984375,-0.005068307885592649
2013-07-16,242.061767578125,0.008080871117566168
2013-07-17,244.01783752441406,0.01813987322248889
2013-07-18,248.4442901611328,0.016673704070956585
2013-07-19,252.58677673339844,0.010290133335330909
2013-07-22,255.18592834472656,0.008759637799037545
2013-07-23,257.4212646484375,0.00229171161729802
2013-07-24,258.0111999511719,0.0023033857310019723
2013-07-25,258.6054992675781,-0.0006860998691878839
2013-07-26,258.4280700683594,0.0027118016393385957
2013-07-29,259.1288757324219,0.011810199696506984
2013-07-30,262.1892395019531,0.004719943171190399
2013-07-31,263.4267578125,0.001683277787869475
2013-08-01,263.87017822265625,0.011480833049403394
2013-08-02,266.8996276855469,8.289724617638328e-05
2013-08-05,266.9217529296875,-0.007211691270054277
2013-08-06,264.9967956542969,-0.008033820795159463
2013-08-07,262.86785888671875,0.0004048223901262915
2013-08-08,262.9742736816406,0.013779628301312519
2013-08-12,266.59796142578125,0.026019811165031825
2013-08-13,273.5347900390625,-0.004524059966163785
2013-08-14,272.29730224609375,-0.029726410507744494
2013-08-16,264.202880859375,0.00893120336359643
2013-08-19,266.5625305175781,0.0005489585757805227
2013-08-20,266.7088623046875,-0.015931317020301816
2013-08-21,262.4598388671875,0.02076896530393646
2013-08-22,267.9108581542969,-0.0064566153652683145
2013-08-23,266.1810607910156,0.009997682929611562
2013-08-26,268.8422546386719,0.008364225443596052
2013-08-27,271.0909118652344,0.019698963437004613
2013-08-28,276.4311218261719,-0.0037386448254296267
2013-08-29,275.39764404296875,0.00040258282424088243
2013-08-30,275.5085144042969,-0.006423447054967446
2013-09-02,273.7388000488281,-0.016915512627659224
2013-09-03,269.1083679199219,0.026040403291259784
2013-09-04,276.1160583496094,-0.034664007300803656
2013-09-05,266.5447692871094,0.008070286035063212
2013-09-06,268.69586181640625,0.042868033236164615
2013-09-10,280.2143249511719,-0.012599020503344383
2013-09-11,276.68389892578125,-0.01707230825804973
2013-09-12,271.96026611328125,-0.01232933187934726
2013-09-13,268.607177734375,-0.011443104302340856
2013-09-16,265.5334777832031,0.009754969571891703
2013-09-17,268.1237487792969,-0.0018032344857014104
2013-09-18,267.6402587890625,0.0006134524419283416
2013-09-19,267.804443359375,-0.007900252250149786
2013-09-20,265.688720703125,0.008096173620115055
2013-09-23,267.83978271484375,-0.0014236762545385417
2013-09-24,267.4584655761719,-0.0018079481027042377
2013-09-25,266.97491455078125,0.0008808634977071073
2013-09-26,267.2100830078125,-0.0018924295963654858
2013-09-27,266.70440673828125,0.0021288719896286334
2013-09-30,267.2721862792969,0.0006637379074501126
2013-10-01,267.4495849609375,0.007346252556542865
2013-10-03,269.4143371582031,-0.00683188099366927
2013-10-04,267.57373046875,0.0018070552253595107
2013-10-07,268.0572509765625,0.00407026651638831
2013-10-08,269.1483154296875,0.02494916917740464
2013-10-09,275.86334228515625,0.00570751226009425
2013-10-10,277.4378356933594,0.046968991483193
2013-10-11,290.46881103515625,0.015223760417277354
2013-10-14,294.8908386230469,0.009159593885242234
2013-10-15,297.5919189453125,-0.019881060252113225
2013-10-17,291.67547607421875,0.014089069435891055
2013-10-18,295.784912109375,0.006305224364133055
2013-10-21,297.64990234375,0.0020688187248087964
2013-10-22,298.26568603515625,-0.005250691405494612
2013-10-23,296.6995849609375,-0.004827482356968282
2013-10-24,295.26727294921875,0.006890832942131775
2013-10-25,297.3019104003906,-0.0024315363115273714
2013-10-28,296.5790100097656,0.0036562975359581973
2013-10-29,297.66339111328125,-0.0035078513741365613
2013-10-30,296.6192321777344,-0.004211790606195587
2013-10-31,295.36993408203125,-0.010030497954163553
2013-11-01,292.4072265625,-0.00331113801452787
2013-11-05,291.43902587890625,0.012339743958925453
2013-11-06,295.0353088378906,0.015561791889439958
2013-11-07,299.6265869140625,0.0007295661388422303
2013-11-08,299.8451843261719,0.0007591604839207733
2013-11-11,300.07281494140625,-0.007658053373682749
2013-11-12,297.77484130859375,-0.0014384852819671057
2013-11-13,297.34649658203125,0.0066626297666636525
2013-11-14,299.3276062011719,0.014861801154055554
2013-11-18,303.7761535644531,0.011412943181312363
2013-11-19,307.2431335449219,-0.011836019254762409
2013-11-20,303.6065979003906,-0.017003530453237548
2013-11-21,298.4442138671875,0.0009715300089372381
2013-11-22,298.7341613769531,-0.006452396540946648
2013-11-25,296.8066101074219,-0.0029464024350182028
2013-11-26,295.9320983886719,-0.006905670693608146
2013-11-27,293.88848876953125,0.01047617386168298
2013-11-28,296.9673156738281,0.008038310455476205
2013-11-29,299.35443115234375,-0.004725133817624738
2013-12-02,297.93994140625,0.003010582105965387
2013-12-03,298.8369140625,0.0049568599289564474
2013-12-04,300.3182067871094,-0.00417495399522827
2013-12-05,299.06439208984375,-0.007609179915144759
2013-12-06,296.78875732421875,0.003908721838807194
2013-12-09,297.9488220214844,0.009599529334017642
2013-12-10,300.8089904785156,0.001038662323046724
2013-12-11,301.1214294433594,-0.003112044444052553
2013-12-12,300.184326171875,0.0029727218383885923
2013-12-13,301.0766906738281,0.023237524099958273
2013-12-16,308.0729675292969,0.0011875262198319803
2013-12-17,308.4388122558594,0.00031839561852797793
2013-12-18,308.5370178222656,0.01584963058378719
2013-12-19,313.4272155761719,0.01113259359461094
2013-12-20,316.9164733886719,-0.023342855979059274
2013-12-23,309.51873779296875,0.005174856615504764
2013-12-24,311.1204528808594,0.009823836575428846
2013-12-26,314.1768493652344,0.011546344046258872
2013-12-27,317.804443359375,-0.0165529139366396
2013-12-30,312.5438537597656,-0.004768276170619368
2013-12-31,311.0535583496094,-0.005063966486284266
2014-01-01,309.4783935546875,0.003619272599474588
2014-01-02,310.5984802246094,0.024306298943443938
2014-01-03,318.1479797363281,-0.013253336451456987
2014-01-06,313.93145751953125,-0.017268749223527502
2014-01-07,308.51025390625,-0.008402787779604903
2014-01-08,305.91790771484375,0.006621697356368861
2014-01-09,307.943603515625,0.02910919127877798
2014-01-10,316.9075927734375,0.03203084464546335
2014-01-13,327.05841064453125,0.005934375597762553
2014-01-14,328.9992980957031,0.00686275937561831
2014-01-15,331.25714111328125,0.003502006608421704
2014-01-16,332.4172058105469,0.0012616767990369926
2014-01-17,332.83660888671875,0.005241881135737758
2014-01-20,334.581298828125,0.002413449645917831
2014-01-21,335.3887939453125,0.00200900453320374
2014-01-22,336.0625915527344,0.0070633218971243306
2014-01-23,338.4363098144531,-0.009057175636059567
2014-01-24,335.37103271484375,-0.006905084682219398
2014-01-27,333.0552673339844,-0.015299414352151985
2014-01-28,327.959716796875,0.01161885488449177
2014-01-29,331.7702331542969,-0.003644685017550997
2014-01-30,330.56103515625,-0.0008504569498174464
2014-01-31,330.2799072265625,-0.019440039058962855
2014-02-03,323.8592529296875,-0.018750836300039042
2014-02-04,317.78662109375,0.005658185662241966
2014-02-05,319.584716796875,-0.004900616415804526
2014-02-06,318.0185546875,0.0008000320895682478
2014-02-07,318.2729797363281,0.0020327602323828575
2014-02-10,318.9199523925781,0.006281596372338605
2014-02-11,320.92327880859375,0.0010708430019206183
2014-02-12,321.2669372558594,-0.003972632993818448
2014-02-13,319.99066162109375,0.016314791901237635
2014-02-14,325.21124267578125,0.003800301824554042
2014-02-17,326.4471435546875,0.006519759708778716
2014-02-18,328.57550048828125,0.019391623962710325
2014-02-19,334.9471130371094,-0.011229781987175724
2014-02-20,331.18572998046875,0.010630010576565763
2014-02-21,334.70623779296875,-0.00021353700618198523
2014-02-24,334.634765625,0.008800296790460571
2014-02-25,337.57965087890625,0.006502733277827133
2014-02-26,339.77484130859375,0.004556958478110884
2014-02-28,341.32318115234375,-0.00695419133552766
2014-03-03,338.9495544433594,0.0003417757157189172
2014-03-04,339.0653991699219,0.005829893267581765
2014-03-05,341.0421142578125,0.0026688397987413293
2014-03-06,341.9523010253906,-0.023904576249389464
2014-03-07,333.778076171875,-0.01836752233653094
2014-03-10,327.64739990234375,0.0010212036679131398
2014-03-11,327.98199462890625,-0.0011017636592733915
2014-03-12,327.6206359863281,-0.08544653784700496
2014-03-13,299.6265869140625,0.010885843829864683
2014-03-14,302.8882751464844,-0.012845788174418948
2014-03-18,298.9974365234375,-0.02351843542894605
2014-03-19,291.9654846191406,0.00956692841370832
2014-03-20,294.7586975097656,0.0007870662710420806
2014-03-21,294.9906921386719,-0.009030177664462569
2014-03-24,292.3268737792969,-0.006532750347714944
2014-03-25,290.41717529296875,-0.0016898214554048607
2014-03-26,289.9264221191406,-0.005494452864638455
2014-03-27,288.33343505859375,0.009764810104878174
2014-03-28,291.1489562988281,0.006191374778061531
2014-03-31,292.9515686035156,0.009488889817184099
2014-04-01,295.7313537597656,0.0024441400233734534
2014-04-02,296.45416259765625,0.004846405420512845
2014-04-03,297.8908996582031,-0.0066204371164505504
2014-04-04,295.9187316894531,-0.0068303896236489026
2014-04-07,293.8974914550781,-0.011796458165484358
2014-04-09,290.4305419921875,-0.016392331562575246
2014-04-10,285.6697082519531,0.010605368650733249
2014-04-11,288.6993408203125,0.007619686895487421
2014-04-15,290.8991394042969,-0.03144389905229472
2014-04-16,281.75213623046875,0.01100628283661087
2014-04-17,284.8531799316406,-0.0028508467207603028
2014-04-21,284.0411071777344,-0.010147882467169578
2014-04-22,281.15869140625,0.006983169883278073
2014-04-23,283.1220703125,0.0
2014-04-24,283.1220703125,0.0009294686065322022
2014-04-25,283.3852233886719,0.0007717020747544101
2014-04-28,283.6039123535156,-9.44783637553126e-05
2014-04-29,283.5771179199219,0.000959723985189731
2014-04-30,283.8492736816406,0.012229425256362836
2014-05-02,287.3205871582031,-0.013293048343156588
2014-05-05,283.501220703125,-0.003698585368332119
2014-05-06,282.4526672363281,-0.030898796584786226
2014-05-07,273.7252197265625,-0.0006683815289001416
2014-05-08,273.5422668457031,0.01505539228106012
2014-05-09,277.6605529785156,0.02045693623953526
2014-05-12,283.34063720703125,0.028392571451836046
2014-05-13,291.3854064941406,-0.003414599967721421
2014-05-14,290.39044189453125,0.00563889664814754
2014-05-15,292.0279235839844,-0.02899937727103008
2014-05-16,283.5592956542969,-0.05114010171044581
2014-05-19,269.05804443359375,0.035538276326167795
2014-05-20,278.6199035644531,0.011177989657404908
2014-05-21,281.73431396484375,-0.013683468246411645
2014-05-22,277.87921142578125,-0.014242528674282662
2014-05-23,273.9215087890625,0.008242329982865115
2014-05-26,276.17926025390625,0.012666187984276434
2014-05-27,279.6773986816406,0.012523475173520593
2014-05-28,283.179931640625,-0.06574439285976008
2014-05-29,264.56243896484375,0.005094829016163205
2014-05-30,265.91033935546875,0.018286078259222904
2014-06-02,270.7727966308594,0.008034999109063135
2014-06-03,272.9484558105469,-0.01083779862980383
2014-06-04,269.99029541015625,0.018981259498937586
2014-06-05,275.11505126953125,-0.012528050564782789
2014-06-06,271.66839599609375,-0.005527503277342305
2014-06-09,270.166748046875,0.02970035324321363
2014-06-10,278.1907958984375,0.0384376238240689
2014-06-11,288.8837890625,-0.005730844576207539
2014-06-12,287.2282409667969,0.003763854144144263
2014-06-13,288.309326171875,0.01793217547410264
2014-06-16,293.4793395996094,0.0008322994581007048
2014-06-17,293.7236022949219,-0.0019560019055070432
2014-06-18,293.1490783691406,0.02203372944715598
2014-06-19,299.6082458496094,0.0014191913003258616
2014-06-20,300.033447265625,-0.02534222665604502
2014-06-23,292.429931640625,-0.008893752927258691
2014-06-24,289.8291320800781,0.0023250203930222924
2014-06-25,290.50299072265625,-0.008952746249107801
2014-06-26,287.9021911621094,0.01285152320139793
2014-06-27,291.6021728515625,0.009973815359562543
2014-06-30,294.51055908203125,-0.010597043351644575
2014-07-01,291.3896179199219,-0.001785142939730866
2014-07-02,290.86944580078125,-0.0014305633807250029
2014-07-03,290.4533386230469,0.010978741958954874
2014-07-04,293.64215087890625,0.030653396058601068
2014-07-07,302.6432800292969,-0.0009860830098572526
2014-07-08,302.3448486328125,-0.009515065554106084
2014-07-09,299.468017578125,-0.005331618323834331
2014-07-10,297.8713684082031,0.01031058488016523
2014-07-11,300.9425964355469,-0.03048111265801312
2014-07-14,291.76953125,0.0001240494423841998
2014-07-15,291.80572509765625,0.0012247578669071224
2014-07-16,292.1631164550781,0.003003258648443863
2014-07-17,293.0405578613281,0.003781677261812888
2014-07-18,294.14874267578125,-0.015638886128018115
2014-07-21,289.548583984375,0.010310364918452164
2014-07-22,292.533935546875,0.03579500074694186
2014-07-23,303.00518798828125,0.009792651211003367
2014-07-24,305.972412109375,-0.008884707359907651
2014-07-25,303.2539367675781,0.005638005338620022
2014-07-28,304.96368408203125,0.0003265269362207057
2014-07-30,305.0632629394531,-0.0013492974859831142
2014-07-31,304.6516418457031,-0.007824438473077455
2014-08-01,302.2679138183594,0.03718622898286328
2014-08-04,313.50811767578125,0.013691768176762542
2014-08-05,317.80059814453125,0.017890872495724297
2014-08-06,323.486328125,-0.019156698113207526
2014-08-07,317.2893981933594,-0.007042168853736652
2014-08-08,315.05499267578125,0.026086618760172042
2014-08-11,323.2737121582031,0.0009233427291315266
2014-08-12,323.57220458984375,0.008834918730065366
2014-08-13,326.4309387207031,0.0011500035198466207
2014-08-14,326.80633544921875,-0.014601929816533854
2014-08-18,322.0343322753906,-0.003371169516454997
2014-08-19,320.9486999511719,0.0019028516816874674
2014-08-20,321.5594177246094,-0.0015755169543409941
2014-08-21,321.05279541015625,0.01466637034947249
2014-08-22,325.761474609375,0.00744246690633954
2014-08-25,328.1859436035156,-0.0010064164979775025
2014-08-26,327.85565185546875,0.001765958551914082
2014-08-27,328.43463134765625,-0.008745096005945308
2014-08-28,325.56243896484375,0.0002361260701366774
2014-09-01,325.6393127441406,0.00391704306873053
2014-09-02,326.91485595703125,0.033344983442469056
2014-09-03,337.8158264160156,-0.006828823830130726
2014-09-04,335.5089416503906,0.0059318041720555215
2014-09-05,337.4991149902344,0.013643427703577515
2014-09-08,342.103759765625,-0.012058280529553156
2014-09-09,337.97857666015625,-0.018401369874640694
2014-09-10,331.7593078613281,0.004594203947736908
2014-09-11,333.2834777832031,-0.003867857555233112
2014-09-12,331.994384765625,-0.007793052758063634
2014-09-15,329.4071350097656,0.0027325333034156074
2014-09-16,330.3072509765625,0.02459452148046637
2014-09-17,338.4309997558594,-0.011774882780942741
2014-09-18,334.4460144042969,0.0013659847175784279
2014-09-19,334.9028625488281,-0.013897726619329087
2014-09-22,330.24847412109375,-0.011915817853618837
2014-09-23,326.31329345703125,0.010451400468771244
2014-09-24,329.7237243652344,0.012675684423373523
2014-09-25,333.9031982421875,-0.0029394937000404298
2014-09-26,332.92169189453125,0.018721850537226636
2014-09-29,339.15460205078125,-0.00034660803723929323
2014-09-30,339.03704833984375,0.026562693808200866
2014-10-01,348.04278564453125,-0.004158911799784448
2014-10-07,346.5953063964844,-0.04728140255968993
2014-10-08,330.2077941894531,-0.0009178162166139092
2014-10-09,329.90472412109375,0.06631830812007555
2014-10-10,351.783447265625,0.013860993611653827
2014-10-13,356.6595153808594,-0.006150841373664284
2014-10-14,354.46575927734375,0.0
2014-10-15,354.46575927734375,-0.005915213720306678
2014-10-16,352.3690185546875,-0.003531654984554544
2014-10-17,351.12457275390625,-0.0102033348832965
2014-10-20,347.54193115234375,-0.010334771247638153
2014-10-21,343.9501647949219,0.006122588950556951
2014-10-22,346.0560302734375,0.001844162615070477
2014-10-27,346.6942138671875,-0.0038916503146523285
2014-10-28,345.3450012207031,0.024602021956891207
2014-10-29,353.8411865234375,0.016772364676590934
2014-10-30,359.77593994140625,0.026529590204135367
2014-10-31,369.3206481933594,0.008552872569833836
2014-11-03,372.4794006347656,0.009520290395935271
2014-11-05,376.0255126953125,0.010134070207093115
2014-11-07,379.836181640625,-0.00026409090061829676
2014-11-10,379.7358703613281,-0.00967461305124051
2014-11-11,376.06207275390625,-0.004654542043278753
2014-11-12,374.3116760253906,0.017681706615618076
2014-11-13,380.9301452636719,0.0031228171624198
2014-11-14,382.1197204589844,0.006393665705131779
2014-11-17,384.5628662109375,-0.008557571105839767
2014-11-18,381.2719421386719,-0.002151675600765457
2014-11-19,380.4515686035156,0.012519575247117665
2014-11-20,385.21466064453125,-0.018801899496415753
2014-11-21,377.9718933105469,0.031101097156220447
2014-11-24,389.72723388671875,0.006572997221270027
2014-11-25,392.2889099121094,-0.0006390746665589919
2014-11-26,392.0382080078125,0.015219236530838343
2014-11-27,398.0047302246094,-0.0013856962744230872
2014-11-28,397.4532165527344,-0.002293656349436124
2014-12-01,396.5415954589844,-0.02221916095083265
2014-12-02,387.73077392578125,-0.0014579113591782766
2014-12-03,387.1654968261719,-0.01021886096073199
2014-12-04,383.2091064453125,-0.014986944329678842
2014-12-05,377.4659729003906,-0.04837484300221406
2014-12-08,359.20611572265625,-0.0027155254515836003
2014-12-09,358.2306823730469,-0.0005342248496251756
2014-12-10,358.039306640625,-0.021744114845325235
2014-12-11,350.2540588378906,0.009161614951479491
2014-12-12,353.46295166015625,-0.0071440202502548455
2014-12-15,350.93780517578125,0.0068575846143277275
2014-12-16,353.3443908691406,0.0002579806223472758
2014-12-17,353.435546875,0.014134848916052878
2014-12-18,358.4313049316406,0.016658894616016662
2014-12-19,364.4023742675781,0.0004754312903800795
2014-12-22,364.57562255859375,-0.01397791839459106
2014-12-23,359.4796142578125,-0.020845239683964234
2014-12-24,351.9861755371094,0.011240186847742528
2014-12-26,355.94256591796875,0.002842879588899727
2014-12-29,356.9544677734375,0.004367049669803835
2014-12-30,358.5133056640625,0.003153110668549397
2014-12-31,359.64373779296875,0.0009377328740074464
2015-01-01,359.9809875488281,0.019651645488750757
2015-01-02,367.0552062988281,-0.008593105976928972
2015-01-05,363.90106201171875,-0.020892948942119127
2015-01-06,356.298095703125,0.004784681618503983
2015-01-07,358.00286865234375,0.0050414976066055495
2015-01-08,359.8077392578125,0.051179456123655376
2015-01-09,378.2225036621094,0.020005575460550373
2015-01-12,385.7890625,-0.012784047761284723
2015-01-13,380.85711669921875,0.01902943975789606
2015-01-14,388.1046142578125,0.002630645291667788
2015-01-15,389.1255798339844,-0.007473138885379371
2015-01-16,386.21759033203125,-0.007459161485947163
2015-01-19,383.33673095703125,0.01032124534816714
2015-01-20,387.2932434082031,0.02151404656513667
2015-01-21,395.62548828125,0.012235479937450666
2015-01-22,400.4661560058594,0.008468219600342053
2015-01-23,403.8573913574219,-0.035462159613571465
2015-01-27,389.5357360839844,0.003768007146804031
2015-01-28,391.0035095214844,0.0004429301825739085
2015-01-29,391.17669677734375,-0.0016777866385272455
2015-01-30,390.5203857421875,-0.0023578970993168857
2015-02-02,389.5995788574219,-0.007464203492308252
2015-02-03,386.6915283203125,0.010349450103337432
2015-02-04,390.6935729980469,0.023776919786034467
2015-02-05,399.9830627441406,0.016728766209811896
2015-02-06,406.6742858886719,0.008249122029478917
2015-02-09,410.02899169921875,0.013073103782944573
2015-02-10,415.38934326171875,0.0028750735225080426
2015-02-11,416.5836181640625,0.011532449973671532
2015-02-12,421.3878479003906,-0.006533368935787154
2015-02-13,418.634765625,-0.007556373372336611
2015-02-16,415.4714050292969,0.007789532771266927
2015-02-18,418.7077331542969,0.01227939941174383
2015-02-19,423.8492126464844,-0.017894846965779587
2015-02-20,416.2644958496094,-0.00766494222389702
2015-02-23,413.0738525390625,0.0031779889541685424
2015-02-24,414.3865966796875,0.019711207766326844
2015-02-25,422.5546569824219,-0.025673049444142726
2015-02-26,411.7063903808594,0.003387791453357547
2015-02-27,413.1011657714844,0.011453256857626215
2015-03-02,417.83251953125,0.002683555738377308
2015-03-03,418.95379638671875,-0.010096459293729376
2015-03-04,414.7238464355469,-0.011891825784450583
2015-03-05,409.7920227050781,-0.025604954995377183
2015-03-09,399.29931640625,0.0036300159581297287
2015-03-10,400.748779296875,-0.00718846312475363
2015-03-11,397.8680114746094,0.01654317648716508
2015-03-12,404.45001220703125,0.0009464259386051666
2015-03-13,404.8327941894531,0.020829650551529744
2015-03-16,413.26531982421875,-0.011536878415238982
2015-03-17,408.4975280761719,-0.0049094376984542
2015-03-18,406.4920349121094,0.00042597818261969067
2015-03-19,406.6651916503906,0.012105266515103796
2015-03-20,411.5879821777344,-0.010631638147048483
2015-03-23,407.2121276855469,-0.009850094356611994
2015-03-24,403.2010498046875,0.00345910397838578
2015-03-25,404.59576416015625,-0.032783432899922915
2015-03-26,391.33172607421875,0.02599741810870615
2015-03-27,401.5053405761719,0.011738660210251606
2015-03-30,406.2184753417969,-0.004331465925803912
2015-03-31,404.4589538574219,-0.020014772157689542
2015-04-01,396.3638000488281,0.0019551050354060795
2015-04-06,397.13873291015625,-0.008585276670077024
2015-04-07,393.72918701171875,0.019009328835120964
2015-04-08,401.2137145996094,0.006566531560767919
2015-04-09,403.8482971191406,0.008555159442077187
2015-04-10,407.30328369140625,0.0021712036566252646
2015-04-13,408.1876220703125,-0.011211475435819462
2015-04-15,403.6112365722656,-0.008605475484428471
2015-04-16,400.1379699707031,-0.0070170040988517535
2015-04-17,397.3302001953125,-0.021613067443252976
2015-04-20,388.74267578125,0.004901352768653888
2015-04-21,390.6480407714844,-0.0022870525996318003
2015-04-22,389.7546081542969,-0.007344255117202936
2015-04-23,386.89215087890625,-0.059755087720294586
2015-04-24,363.77337646484375,-0.005287695784423785
2015-04-27,361.849853515625,-0.011966758133694744
2015-04-28,357.5196838378906,0.00012735585932976967
2015-04-29,357.5652160644531,-0.009637186999032266
2015-04-30,354.1192932128906,0.026181207659813577
2015-05-04,363.39056396484375,-0.015227608762215517
2015-05-05,357.85699462890625,-0.02073628262315219
2015-05-06,350.4363708496094,0.01142026207385305
2015-05-07,354.4384460449219,0.007175416314405103
2015-05-08,356.981689453125,0.018233692176909067
2015-05-11,363.49078369140625,-0.023349267803029594
2015-05-12,355.0035400390625,0.004930645841793702
2015-05-13,356.7539367675781,-0.011192364008799527
2015-05-14,352.7610168457031,0.01392899017092164
2015-05-15,357.67462158203125,0.01595516217101256
2015-05-18,363.3813781738281,0.014700921226264763
2015-05-19,368.7234191894531,0.012337356481519457
2015-05-20,373.2724914550781,0.000561669468064574
2015-05-21,373.4821472167969,-0.0009765274696253989
2015-05-22,373.117431640625,-0.014488424636963315
2015-05-25,367.7115478515625,-0.004710116180597357
2015-05-26,365.9795837402344,-0.019329628159256318
2015-05-27,358.90533447265625,0.02443478697108392
2015-05-28,367.67510986328125,0.0032481799020549484
2015-05-29,368.869384765625,0.01218405190586469
2015-06-01,373.36370849609375,-0.019118170415146407
2015-06-02,366.2256774902344,0.006098587865171812
2015-06-03,368.4591369628906,0.003537946915722179
2015-06-04,369.7627258300781,-0.008086817974172988
2015-06-05,366.77252197265625,-0.005766240803061873
2015-06-08,364.6576232910156,-0.003974943386954366
2015-06-09,363.2081298828125,0.017268428692468696
2015-06-10,369.48016357421875,-0.014236409202316058
2015-06-11,364.2200927734375,-0.011313336401121976
2015-06-12,360.09954833984375,0.018169719304032217
2015-06-15,366.6424560546875,0.008985745130321465
2015-06-16,369.93701171875,-0.003652421165448616
2015-06-17,368.5858459472656,0.00627712565039662
2015-06-18,370.8995056152344,-0.006587165074481871
2015-06-19,368.4563293457031,0.02863293951742718
2015-06-22,379.0063171386719,-0.022903584016431222
2015-06-23,370.3257141113281,-0.0052979715501647595
2015-06-24,368.3637390136719,-0.004672780669436327
2015-06-25,366.6424560546875,0.01494272582140721
2015-06-26,372.12109375,-0.015021161809936734
2015-06-29,366.5314025878906,-0.005857790611732194
2015-06-30,364.38433837890625,0.013257543081969025
2015-07-01,369.2151794433594,-0.009424683820885016
2015-07-02,365.7354431152344,0.0023280227435305
2015-07-03,366.5868835449219,-0.007068576850148611
2015-07-06,363.9956359863281,-0.002847558929185756
2015-07-07,362.9591369628906,-0.02345729096994187
2015-07-08,354.4450988769531,-0.020365652909989707
2015-07-09,347.2265930175781,-0.000532874151613516
2015-07-10,347.04156494140625,0.013493221600199279
2015-07-13,351.7242736816406,0.022207055590131697
2015-07-14,359.5350341796875,0.013127306420272822
2015-07-15,364.2547607421875,0.005132164311028031
2015-07-16,366.1241760253906,0.012941732778857462
2015-07-17,370.8624572753906,-0.0005988930107013735
2015-07-20,370.6403503417969,0.11126093780863666
2015-07-21,411.8781433105469,-0.008538114135871355
2015-07-22,408.3614807128906,-0.004668344494648369
2015-07-23,406.4551086425781,-0.009471780360892024
2015-07-24,402.6052551269531,-0.020503891243623618
2015-07-27,394.35028076171875,-0.002300018495488776
2015-07-28,393.4432678222656,0.02121661459831725
2015-07-29,401.7908020019531,-0.01418841625562317
2015-07-30,396.09002685546875,0.00658875769141698
2015-07-31,398.69976806640625,0.001764233928738923
2015-08-03,399.4031677246094,-0.02011217757085826
2015-08-04,391.37030029296875,0.027524437358658282
2015-08-05,402.1425476074219,0.0005519295260441037
2015-08-06,402.364501953125,0.007958175700889303
2015-08-07,405.56658935546875,-0.008762411767512135
2015-08-10,402.0128479003906,0.021317213481931496
2015-08-11,410.5826416015625,0.031780949150184146
2015-08-12,423.63134765625,0.011883901742398839
2015-08-13,428.6657409667969,-0.007556249345478383
2015-08-14,425.4266357421875,-0.006177808639362792
2015-08-17,422.7984313964844,0.019436766701127706
2015-08-18,431.0162658691406,0.009619117472027705
2015-08-19,435.1622619628906,-0.034877141017954694
2015-08-20,419.98504638671875,0.013529505372374961
2015-08-21,425.667236328125,-0.05030869791394832
2015-08-24,404.2524719238281,-0.0058604715418246744
2015-08-25,401.88336181640625,-0.019389374097211087
2015-08-26,394.0910949707031,0.017095573132061004
2015-08-27,400.82830810546875,0.02608984903849776
2015-08-28,411.2858581542969,-0.014985736826737983
2015-08-31,405.1224365234375,-0.004934217960125498
2015-09-01,403.12347412109375,0.009595784867766133
2015-09-02,406.99176025390625,-9.095472164477592e-05
2015-09-03,406.9547424316406,-0.02310460077031329
2015-09-04,397.5522155761719,-0.014153153249280681
2015-09-07,391.92559814453125,4.710877486191478e-05
2015-09-08,391.9440612792969,0.028239562608233237
2015-09-09,403.01239013671875,-0.0075778950485048124
2015-09-10,399.9584045410156,0.009533233169312316
2015-09-11,403.77130126953125,0.008250913136022664
2015-09-14,407.102783203125,-0.0005000020989592846
2015-09-15,406.89923095703125,0.0022290849194279705
2015-09-16,407.8062438964844,0.00254149612418475
2015-09-18,408.8426818847656,0.00018116054265160386
2015-09-21,408.916748046875,0.0025348180184998625
2015-09-22,409.9532775878906,0.007946119765071202
2015-09-23,413.2108154296875,0.02176920215903988
2015-09-24,422.2060852050781,-0.03068692690465935
2015-09-28,409.2498779296875,0.014743741750743888
2015-09-29,415.28375244140625,0.0357448821716726
2015-09-30,430.1280212402344,0.009552706440520753
2015-10-01,434.2369079589844,0.007416293750647895
2015-10-05,437.45733642578125,-0.022974199074379587
2015-10-06,427.4071044921875,-0.018534586537244935
2015-10-07,419.48529052734375,-0.0009265447055637477
2015-10-08,419.09661865234375,0.03113546258570077
2015-10-09,432.1453857421875,-0.03811881467797129
2015-10-12,415.6725158691406,-0.020928205385354115
2015-10-13,406.9732360839844,-0.0016371845225361392
2015-10-14,406.30694580078125,-0.00022758228151009696
2015-10-15,406.2144775390625,0.006943290413915504
2015-10-16,409.0349426269531,0.015572409004766419
2015-10-19,415.40460205078125,0.012590234865204719
2015-10-20,420.6346435546875,0.011057394149871724
2015-10-21,425.2857666015625,0.010101921932661906
2015-10-23,429.58197021484375,0.0019566595261819586
2015-10-26,430.4225158691406,-0.0023866135236706443
2015-10-27,429.395263671875,0.0033057283845887575
2015-10-28,430.8147277832031,-0.00706718461660627
2015-10-29,427.77008056640625,-0.008384003333055112
2015-10-30,424.18365478515625,-0.003743043889594344
2015-11-02,422.5959167480469,0.01264166420475199
2015-11-03,427.938232421875,-0.007594981843698889
2015-11-04,424.68804931640625,-0.012227279645316447
2015-11-05,419.4952697753906,0.013714368688946488
2015-11-06,425.2483825683594,-0.003250340754006986
2015-11-09,423.8661804199219,-0.02710233319344091
2015-11-10,412.37841796875,-0.002762710600070384
2015-11-13,411.2391357421875,-0.01871383617835176
2015-11-16,403.54327392578125,-0.017311480200185914
2015-11-17,396.5573425292969,-0.03909571445095039
2015-11-18,381.05364990234375,0.027255087669222577
2015-11-19,391.4393005371094,0.004389989212331802
2015-11-20,393.15771484375,0.0012351168113742261
2015-11-23,393.643310546875,-0.011910159188718628
2015-11-24,388.9549560546875,0.010805258356115566
2015-11-26,393.15771484375,0.013255228288583831
2015-11-27,398.3691101074219,0.02020935119148448
2015-11-30,406.4198913574219,-0.008180848649006256
2015-12-01,403.09503173828125,-0.016960290622380025
2015-12-02,396.2584228515625,-0.0027809875640335546
2015-12-03,395.15643310546875,-0.008225208723243838
2015-12-04,391.90618896484375,-0.002668980535870502
2015-12-07,390.8601989746094,-0.0017681541278231627
2015-12-08,390.1690979003906,-0.015511462948827548
2015-12-09,384.11700439453125,0.018624829642228447
2015-12-10,391.2711181640625,0.005203736444686857
2015-12-11,393.30718994140625,0.01586225518684592
2015-12-14,399.5459289550781,0.007527007625309556
2015-12-15,402.5533142089844,0.01698296253005971
2015-12-16,409.3898620605469,0.010265982859192224
2015-12-17,413.5926513671875,-0.02163311198349782
2015-12-18,404.6453552246094,0.01874169599738873
2015-12-21,412.2290954589844,-0.017853151813198798
2015-12-22,404.8695068359375,0.015778452077688243
2015-12-23,411.2577209472656,-0.0040876090718577895
2015-12-24,409.57666015625,0.007661719596620431
2015-12-28,412.7147216796875,-4.5327376049231205e-05
2015-12-29,412.6960144042969,-0.01665594067331433
2015-12-30,405.8221740722656,0.017582669128493933
2015-12-31,412.9576110839844,-0.00013597604752357828
2016-01-01,412.9014587402344,-0.023840434059093307
2016-01-04,403.0577087402344,-0.004495284649243869
2016-01-05,401.245849609375,-0.0043761708983798275
2016-01-06,399.48992919921875,-0.017346873141302788
2016-01-07,392.5600280761719,0.011895526589495331
2016-01-08,397.229736328125,-0.00714743158335962
2016-01-11,394.39056396484375,-0.005446713284981697
2016-01-12,392.242431640625,0.03185878783163454
2016-01-13,404.7388000488281,0.04578185635100995
2016-01-14,423.26849365234375,0.006090126781748584
2016-01-15,425.84625244140625,-0.007018495599510732
2016-01-18,422.8574523925781,0.006847263169616591
2016-01-19,425.75286865234375,-0.016145643309079527
2016-01-20,418.8788146972656,0.014091470375433346
2016-01-21,424.78143310546875,-0.0007033430996725709
2016-01-22,424.482666015625,0.0012321840521636318
2016-01-25,425.0057067871094,0.0007469166709690445
2016-01-27,425.3231506347656,-0.007817183467677236
2016-01-28,421.9983215332031,0.031249835027246542
2016-01-29,435.1856994628906,0.007253843135756055
2016-02-01,438.34246826171875,0.0018748077606696167
2016-02-02,439.1642761230469,-0.015184147080007815
2016-02-03,432.4959411621094,0.01904632273139195
2016-02-04,440.7333984375,-0.004280654027931985
2016-02-05,438.8467712402344,-0.020345642191993973
2016-02-08,429.91815185546875,-0.037495497800257516
2016-02-09,413.79815673828125,0.0008123552934515832
2016-02-10,414.1343078613281,-0.026972032341384233
2016-02-11,402.9642639160156,0.00556249225159644
2016-02-12,405.20574951171875,0.0065458975000494135
2016-02-15,407.8581848144531,-0.011541451332566677
2016-02-16,403.1509094238281,0.017328706995500376
2016-02-17,410.1369934082031,0.023273042060233617
2016-02-18,419.68212890625,0.0034268111212332197
2016-02-19,421.12030029296875,-0.0005320571305583721
2016-02-22,420.896240234375,-0.0024409930214253084
2016-02-23,419.86883544921875,0.0012900612010442458
2016-02-24,420.4104919433594,-0.013373537521130019
2016-02-25,414.7881164550781,0.00977230571101928
2016-02-26,418.841552734375,-0.03309101904609246
2016-02-29,404.9816589355469,0.03818976900462756
2016-03-01,420.44781494140625,0.027144853604141428
2016-03-02,431.8608093261719,0.011505443172194152
2016-03-03,436.8295593261719,0.0011543917992073993
2016-03-04,437.3338317871094,-0.006150354958339044
2016-03-08,434.6440734863281,0.012935374662881971
2016-03-09,440.266357421875,-0.030547151354909374
2016-03-10,426.8174743652344,0.00043765334580303517
2016-03-11,427.0042724609375,-0.0015749628575487673
2016-03-14,426.3317565917969,-0.00595853740995278
2016-03-15,423.79144287109375,0.015911371361490234
2016-03-16,430.5345458984375,0.008069958113820608
2016-03-17,434.0089416503906,0.02724354951498098
2016-03-18,445.8328857421875,0.0012569604105727716
2016-03-21,446.3932800292969,-0.004143042362577343
2016-03-22,444.5438537597656,0.015000604456170352
2016-03-23,451.2122802734375,-0.002400826657569355
2016-03-28,450.1289978027344,-0.0063490236190566485
2016-03-29,447.2711181640625,0.007266559226210445
2016-03-30,450.521240234375,0.010240823481915129
2016-03-31,455.13494873046875,-0.010547435667568883
2016-04-01,450.3344421386719,0.03173090691400349
2016-04-04,464.62396240234375,-0.019216872368355897
2016-04-05,455.6953430175781,-0.015658215704625444
2016-04-06,448.5599670410156,-0.015990705935395866
2016-04-07,441.3871765136719,-0.013330498586948014
2016-04-08,435.5032653808594,0.015569384014136434
2016-04-11,442.2837829589844,-0.0014363038635510916
2016-04-12,441.6485290527344,-0.008035550730278729
2016-04-13,438.0996398925781,0.05628021415123752
2016-04-18,462.7559814453125,0.003955791993293323
2016-04-20,464.5865478515625,-0.013910927080714064
2016-04-21,458.12371826171875,-0.012272747075333656
2016-04-22,452.50128173828125,0.003797455036775421
2016-04-25,454.2196350097656,0.013406258816172079
2016-04-26,460.30902099609375,0.006492764300052745
2016-04-27,463.2976989746094,-0.024996872805488346
2016-04-28,451.7167053222656,-0.0008684723459961852
2016-04-29,451.32440185546875,-0.00583575709456452
2016-05-02,448.6905822753906,-0.019357746230571515
2016-05-03,440.00494384765625,0.009381691684094973
2016-05-04,444.1329345703125,0.0030283066137084536
2016-05-05,445.4779052734375,-0.009182787095253775
2016-05-06,441.3871765136719,0.014854140198950816
2016-05-09,447.943603515625,0.011467265504200297
2016-05-10,453.0802917480469,-0.009028840736239108
2016-05-11,448.989501953125,0.006781381911747264
2016-05-12,452.0342712402344,-0.0022728471059005884
2016-05-13,451.0068664550781,0.006419826298755149
2016-05-16,453.9022521972656,-0.000617609785585338
2016-05-17,453.6219177246094,-0.003623450925954508
2016-05-18,451.9782409667969,-0.0033890996901303483
2016-05-19,450.4464416503906,-0.0034416132703631863
2016-05-20,448.89617919921875,-0.011318385552669286
2016-05-23,443.8153991699219,-0.00021027380771554416
2016-05-24,443.7220764160156,0.017596562833887663
2016-05-25,451.5300598144531,0.021097698614134686
2016-05-26,461.0563049316406,0.01081706098924573
2016-05-27,466.0435791015625,0.01611216741242205
2016-05-30,473.55255126953125,-0.014949311642372343
2016-05-31,466.4732666015625,0.007648019063424938
2016-06-01,470.0408630371094,0.0026626544517802664
2016-06-02,471.29241943359375,0.004240735956216657
2016-06-03,473.2910461425781,-0.00011844887299794493
2016-06-06,473.2349853515625,-0.0073810063659141
2016-06-07,469.7420349121094,-0.015349026640039898
2016-06-08,462.5319519042969,-0.03133552785198079
2016-06-09,448.03826904296875,-0.004133348245709323
2016-06-10,446.1863708496094,0.00025395613801992845
2016-06-13,446.2996826171875,-0.0049959834106791945
2016-06-14,444.0699768066406,0.01272313750984888
2016-06-15,449.7199401855469,-0.0033193944012057663
2016-06-16,448.2271423339844,-0.005480371856163235
2016-06-17,445.77069091796875,0.02479829210816109
2016-06-20,456.8250427246094,-0.0021922284246438384
2016-06-21,455.8235778808594,-0.005472058344341613
2016-06-22,453.32928466796875,0.01008751846386069
2016-06-23,457.9022521972656,-0.014072273187163753
2016-06-24,451.4585266113281,-0.023733027304824517
2016-06-27,440.7440490722656,-0.006044881629319265
2016-06-28,438.0798034667969,0.015269663202345019
2016-06-29,444.7691345214844,-0.0051407298996617445
2016-06-30,442.4826965332031,0.0013665512746743325
2016-07-01,443.0873718261719,0.009851652517820053
2016-07-04,447.4525146484375,-0.007179519147430535
2016-07-05,444.2400207519531,-0.01548342475302189
2016-07-07,437.3616638183594,0.0008207115154366118
2016-07-08,437.7206115722656,0.014548467433658008
2016-07-11,444.0887756347656,0.0012769465652631151
2016-07-12,444.6558532714844,0.014661284735722147
2016-07-13,451.1750793457031,-0.014701059008982997
2016-07-14,444.5423278808594,-0.0881611789798461
2016-07-15,405.3509521484375,0.008763911119409329
2016-07-18,408.9034118652344,0.004621184037820303
2016-07-19,410.79302978515625,-0.0035418969329313876
2016-07-20,409.3380432128906,-0.0029544801016372357
2016-07-21,408.128662109375,-0.006898836211150949
2016-07-22,405.31304931640625,0.007832442280867324
2016-07-25,408.4876403808594,0.007262880395191074
2016-07-26,411.4544372558594,-0.0030770910434599896
2016-07-27,410.1883544921875,-0.00723261839921463
2016-07-28,407.22161865234375,-0.0033876310548733857
2016-07-29,405.84210205078125,0.010615977550777034
2016-08-01,410.1505126953125,-0.0013358817816796487
2016-08-02,409.60260009765625,0.0010149116463606944
2016-08-03,410.018310546875,-0.012074968665056973
2016-08-04,405.0673522949219,-0.0035453269271641386
2016-08-05,403.6312561035156,0.010018380956146933
2016-08-08,407.67498779296875,0.004357461889612946
2016-08-09,409.451416015625,-0.0009693741566608738
2016-08-10,409.05450439453125,-0.004619626320641945
2016-08-11,407.1648254394531,-0.013737169536418792
2016-08-12,401.571533203125,-0.0101171879037254
2016-08-16,397.5087585449219,-0.017588869643831995
2016-08-17,390.51702880859375,-0.009580929478788747
2016-08-18,386.7755126953125,-0.0020521766849247447
2016-08-19,385.9817810058594,-0.005727929590568337
2016-08-22,383.7709045410156,0.023831916347823334
2016-08-23,392.9169006347656,0.017072953447122563
2016-08-24,399.6251525878906,-0.02009634730789056
2016-08-25,391.5941467285156,-0.01534528747699948
2016-08-26,385.58502197265625,0.0024992777911887476
2016-08-29,386.5487060546875,0.017207771599064836
2016-08-30,393.2003479003906,-0.004373354452430811
2016-08-31,391.4807434082031,0.0016410923538519029
2016-09-01,392.1231994628906,-0.005493850811103984
2016-09-02,389.96893310546875,0.01274413855395573
2016-09-06,394.9387512207031,0.008947596128472846
2016-09-07,398.4725036621094,-0.015839371341993758
2016-09-08,392.16094970703125,-0.0020718534076556994
2016-09-09,391.34844970703125,0.017865740215815995
2016-09-12,398.3401794433594,-0.007969547708918778
2016-09-14,395.16558837890625,-0.003251656178424711
2016-09-15,393.8806457519531,0.017223018063280637
2016-09-16,400.6644592285156,0.0009903287941868122
2016-09-19,401.0612487792969,-0.010412590192874327
2016-09-20,396.8851623535156,0.00533250986360545
2016-09-21,399.0015563964844,0.00288906261150057
2016-09-22,400.154296875,-0.01534754965125762
2016-09-23,394.0129089355469,-0.006378661940986019
2016-09-26,391.4996337890625,0.0037167560758488705
2016-09-27,392.9547424316406,-0.0007695509151240953
2016-09-28,392.65234375,-0.009384653025796164
2016-09-29,388.9674377441406,0.006655821166143605
2016-09-30,391.55633544921875,0.001978408042450086
2016-10-03,392.33099365234375,0.010692754191810039
2016-10-04,396.5260925292969,-0.007338898377918568
2016-10-05,393.61602783203125,-0.013537979889921004
2016-10-06,388.2872619628906,-0.014454158743926637
2016-10-07,382.6748962402344,0.01718434982727768
2016-10-10,389.25091552734375,0.021748691922069074
2016-10-13,397.71661376953125,-0.023946358830291725
2016-10-14,388.1927490234375,-0.004624419235395361
2016-10-17,386.3975830078125,0.016285226145830167
2016-10-18,392.6901550292969,0.002646555075895174
2016-10-19,393.72943115234375,-0.004943369592564584
2016-10-20,391.7830810546875,0.012333668900980088
2016-10-21,396.6152038574219,-0.010786773176061693
2016-10-24,392.3370056152344,-0.009638927018219112
2016-10-25,388.5552978515625,-0.002949377090176286
2016-10-26,387.4093017578125,-0.010549974367110249
2016-10-27,383.3221435546875,-0.0059791253672167866
2016-10-28,381.03021240234375,-0.00807017813644173
2016-11-01,377.9552307128906,-0.008489817023833224
2016-11-02,374.7464599609375,-0.014474141533843077
2016-11-03,369.32232666015625,0.004292364687553674
2016-11-04,370.9075927734375,0.007157620187758562
2016-11-07,373.5624084472656,0.004754800160413186
2016-11-08,375.338623046875,-0.024730435472655854
2016-11-09,366.05633544921875,-0.01972240947720094
2016-11-10,358.8368225097656,-0.01900128121554312
2016-11-11,352.0184631347656,0.0021700154339758804
2016-11-15,352.7823486328125,0.01878629117786801
2016-11-16,359.4098205566406,-0.011797090652137077
2016-11-17,355.1698303222656,-0.010539941511599094
2016-11-18,351.4263610839844,-0.009674058678451836
2016-11-21,348.0266418457031,0.0034026248544716253
2016-11-22,349.2108459472656,0.006617791702325571
2016-11-23,351.5218505859375,0.010920880782395948
2016-11-24,355.36077880859375,0.05073639297375876
2016-11-25,373.3905029296875,0.0023017083413021666
2016-11-28,374.24993896484375,-0.007297636826001708
2016-11-29,371.518798828125,0.0030331212735938973
2016-11-30,372.6456604003906,5.1183975435575846e-05
2016-12-01,372.66473388671875,-0.011377574442667737
2016-12-02,368.4247131347656,-0.002955053124276019
2016-12-05,367.33599853515625,0.005043671666694616
2016-12-06,369.188720703125,-0.00010357446814135418
2016-12-07,369.1504821777344,0.018884664372801563
2016-12-08,376.12176513671875,0.004773075463226029
2016-12-09,377.9170227050781,-0.012129040176976247
2016-12-12,373.333251953125,0.013147629470308564
2016-12-13,378.24169921875,0.009644573149557356
2016-12-14,381.8896789550781,-0.007401851449776009
2016-12-15,379.06298828125,0.01289857868072608
2016-12-16,383.9523620605469,-0.0004972438969391701
2016-12-19,383.7614440917969,0.007465152350737636
2016-12-20,386.62628173828125,-0.010472753507191235
2016-12-21,382.5772399902344,-0.01682403511533037
2016-12-22,376.1407470703125,0.0038084018504906947
2016-12-23,377.5732421875,-0.005766663002573447
2016-12-26,375.3959045410156,0.016484387048081528
2016-12-27,381.5840759277344,-0.0004505849326605915
2016-12-28,381.4121398925781,-0.006159089776192617
2016-12-29,379.06298828125,0.01839058842927077
2016-12-30,386.0341796875,-0.009400241968737566
2017-01-02,382.4053649902344,-0.007242236820904635
2017-01-03,379.6358947753906,0.003924224847625446
2017-01-04,381.12567138671875,-0.0016032860357413359
2017-01-05,380.5146179199219,-0.023992551590971356
2017-01-06,371.3851013183594,-0.001954386634112182
2017-01-09,370.6592712402344,0.00020616242882387503
2017-01-10,370.7356872558594,-0.001494040261051266
2017-01-11,370.1817932128906,0.03193670761790668
2017-01-12,382.0041809082031,-0.024248666648079342
2017-01-13,372.7410888671875,-0.02064945251261263
2017-01-16,365.044189453125,-0.00026183420377323685
2017-01-17,364.9486083984375,-0.004814846776839743
2017-01-18,363.1914367675781,0.007677805425182038
2017-01-19,365.9799499511719,-0.009810938249300794
2017-01-20,362.38934326171875,0.004216332875050854
2017-01-23,363.91729736328125,-0.007505172814868288
2017-01-24,361.18603515625,-0.009465208615820564
2017-01-25,357.767333984375,0.00592571046427115
2017-01-27,359.8873596191406,0.007641873351587947
2017-01-30,362.6375732421875,-0.021856855241158102
2017-01-31,354.7114562988281,-0.012761390272975959
2017-02-01,350.1848449707031,0.02088932350093775
2017-02-02,357.4999694824219,0.00021358038317953465
2017-02-03,357.5763244628906,-0.0009080775460672541
2017-02-06,357.2516174316406,0.007484524945754023
2017-02-07,359.92547607421875,-0.0061024053000338085
2017-02-08,357.72906494140625,0.010144201542629183
2017-02-09,361.3579406738281,0.023572970372292668
2017-02-10,369.876220703125,0.01657551783384026
2017-02-13,376.0071105957031,0.0034032137486232905
2017-02-14,377.2867431640625,-0.00597342119167199
2017-02-15,375.0330505371094,0.030861700584168927
2017-02-16,386.6072082519531,-0.011856481647760653
2017-02-17,382.0234069824219,0.010148869524816861
2017-02-20,385.9005126953125,0.0033158858531798785
2017-02-21,387.18011474609375,-0.02313527784639502
2017-02-22,378.22259521484375,0.01888604100278224
2017-02-23,385.36572265625,0.003518861445790833
2017-02-27,386.7217712402344,0.0
2017-02-28,386.7217712402344,0.0125938883526715
2017-03-01,391.59210205078125,-0.0018047505823473031
2017-03-02,390.8853759765625,0.0077200103805807885
2017-03-03,393.90301513671875,0.0026184950757759395
2017-03-06,394.9344482421875,-0.013637594376786355
2017-03-07,389.5484924316406,-0.01176703767609566
2017-03-08,384.96466064453125,0.0037208702795079596
2017-03-09,386.3970642089844,0.01018263377072115
2017-03-10,390.33160400390625,0.012672956078104258
2017-03-14,395.27825927734375,-0.022081720578873032
2017-03-15,386.5498352050781,0.01670047641547967
2017-03-16,393.0054016113281,0.011129056442843899
2017-03-17,397.3791809082031,-0.018071745562527775
2017-03-20,390.1978454589844,0.011111134574268489
2017-03-21,394.53338623046875,-0.004986204437321229
2017-03-22,392.566162109375,0.012406239369234573
2017-03-23,397.4364318847656,-0.008698171424420642
2017-03-24,393.9794616699219,-0.002472362529927552
2017-03-27,393.0054016113281,0.006123543553071542
2017-03-28,395.4119873046875,-0.0031881952880559172
2017-03-29,394.1513366699219,-0.006153821853980501
2017-03-30,391.7257995605469,-0.003169271968034404
2017-03-31,390.48431396484375,-0.013157316814884079
2017-04-03,385.3465881347656,-0.012737746788894388
2017-04-05,380.4381408691406,0.0036647904729887326
2017-04-06,381.8323669433594,-0.018057234071002792
2017-04-07,374.9375305175781,-0.02867901252755889
2017-04-10,364.1846923828125,0.014422047187086173
2017-04-11,369.4369812011719,0.0017577654051050828
2017-04-12,370.08636474609375,-0.038654192013022226
2017-04-13,355.7809753417969,-0.00697876032821787
2017-04-17,353.2980651855469,-0.002432781707596088
2017-04-18,352.4385681152344,-0.0037391198858884866
2017-04-19,351.1207580566406,0.008812114179926667
2017-04-20,354.2148742675781,-0.0038824276532442026
2017-04-21,352.83966064453125,0.0030854923736254314
2017-04-24,353.9283447265625,0.0030220243562333327
2017-04-25,354.9979248046875,-0.016247739536879746
2017-04-26,349.2300109863281,0.012031386362069352
2017-04-27,353.4317321777344,-0.00680884992476205
2017-04-28,351.0252685546875,0.003971868122085276
2017-05-02,352.41949462890625,0.012681586431409153
2017-05-03,356.88873291015625,0.0035856079722742518
2017-05-04,358.16839599609375,-0.006558876090597021
2017-05-05,355.8192138671875,0.015029395812027335
2017-05-08,361.1669616699219,0.0012165054362507366
2017-05-09,361.6063232421875,-0.0031690971714682936
2017-05-10,360.4603576660156,0.00047665148521813805
2017-05-11,360.6321716308594,0.02134338986536144
2017-05-12,368.32928466796875,-0.01317122770003576
2017-05-15,363.4779357910156,0.0036258930711656756
2017-05-16,364.7958679199219,-0.0023039024711403178
2017-05-17,363.9554138183594,0.009393606002167765
2017-05-18,367.374267578125,-0.003951281429326214
2017-05-19,365.92266845703125,0.0036536260126096565
2017-05-22,367.2596130371094,-0.004316389658513664
2017-05-23,365.67437744140625,-0.0026115763946809034
2017-05-24,364.7193908691406,0.029849407482559265
2017-05-25,375.6060485839844,0.012610560455721842
2017-05-26,380.3426513671875,-0.010595625411014331
2017-05-29,376.31268310546875,0.01121635252380715
2017-05-30,380.5335388183594,-0.019222855964193042
2017-05-31,373.2185974121094,0.009456298217435322
2017-06-01,376.74786376953125,-0.002007245849707351
2017-06-02,375.99163818359375,-0.011037057442664255
2017-06-05,371.841796875,0.02148621134765194
2017-06-06,379.8312683105469,-0.018430521300648817
2017-06-07,372.8307800292969,-0.005045134538421703
2017-06-08,370.9497985839844,-0.008207542350104013
2017-06-09,367.90521240234375,0.01607637266187978
2017-06-12,373.8197937011719,-0.006277079548941744
2017-06-13,371.4732971191406,0.0008353298521899255
2017-06-14,371.7835998535156,-0.006780815761489478
2017-06-15,369.2626037597656,-0.012446118788293936
2017-06-16,364.6667175292969,-0.011060891012175555
2017-06-19,360.6331787109375,0.014733742972548258
2017-06-20,365.9466552734375,-0.000212153103823276
2017-06-21,365.8690185546875,-0.003392250564610455
2017-06-22,364.6278991699219,0.0032974205915285992
2017-06-23,365.8302307128906,-0.01717460443252461
2017-06-27,359.5472412109375,-0.0025348754384362238
2017-06-28,358.6358337402344,0.0059476952383124004
2017-06-29,360.7688903808594,0.00575155381957293
2017-06-30,362.8438720703125,0.017476518267793617
2017-07-03,369.18511962890625,0.010767881979834026
2017-07-04,373.16046142578125,-0.011692693046178149
2017-07-05,368.7972106933594,-0.004101120197220531
2017-07-06,367.28472900390625,-0.01224941600404017
2017-07-07,362.78570556640625,0.023145147084876028
2017-07-10,371.18243408203125,0.019121252766403085
2017-07-11,378.2799072265625,-0.0030757189155140585
2017-07-12,377.1164245605469,0.0048336411258367296
2017-07-13,378.93927001953125,-0.005117466406358573
2017-07-14,377.00006103515625,0.012345046415043193
2017-07-17,381.6541442871094,0.0015752384667155894
2017-07-18,382.2553405761719,-0.005834144928568263
2017-07-19,380.02520751953125,-0.010613952064561949
2017-07-20,375.99163818359375,0.010985598467074364
2017-07-21,380.12213134765625,0.01066230608898211
2017-07-24,384.17510986328125,0.003331493051280221
2017-07-25,385.4549865722656,0.00020125743937993157
2017-07-26,385.5325622558594,-0.02313765289064129
2017-07-27,376.61224365234375,0.02708399678141582
2017-07-28,386.8124084472656,0.013886867203642073
2017-07-31,392.18402099609375,-0.005587465526259772
2017-08-01,389.9927062988281,-0.012132607460466627
2017-08-02,385.2610778808594,-0.009412847590368867
2017-08-03,381.6346740722656,-0.00025389021786981214
2017-08-04,381.53778076171875,-0.01575614910300005
2017-08-07,375.5262145996094,-0.004544079300181192
2017-08-08,373.8197937011719,0.005706191042169184
2017-08-09,375.952880859375,0.012276260257951366
2017-08-10,380.56817626953125,0.006573295062619167
2017-08-11,383.06976318359375,-0.006327619433050047
2017-08-14,380.6458435058594,-0.006368314029909228
2017-08-16,378.2217712402344,0.04681064077496311
2017-08-17,395.92657470703125,-0.09560641117483482
2017-08-18,358.0734558105469,-0.053994208474629324
2017-08-21,338.73956298828125,0.00229012763993075
2017-08-22,339.51531982421875,0.01987651859672579
2017-08-23,346.2637023925781,0.02167336528540531
2017-08-24,353.7684020996094,0.031628627423951006
2017-08-28,364.9576110839844,-0.014399614815070017
2017-08-29,359.7023620605469,-0.0008626652674657009
2017-08-30,359.3920593261719,-0.012625929186955154
2017-08-31,354.8544006347656,0.005464801848042766
2017-09-01,356.7936096191406,-0.02146866251324797
2017-09-04,349.13372802734375,0.0018885680186049303
2017-09-05,349.7930908203125,-0.006985243438765609
2017-09-06,347.3497009277344,0.0001671944758172561
2017-09-07,347.40777587890625,-0.01278248551589456
2017-09-08,342.967041015625,-0.006332516605649374
2017-09-11,340.7951965332031,0.006088468016581139
2017-09-12,342.8701171875,-0.00033929176670965955
2017-09-13,342.7537841796875,0.009787687256997302
2017-09-14,346.1085510253906,0.017760862195068672
2017-09-15,352.2557373046875,0.0009361748136227366
2017-09-18,352.58551025390625,0.0034650040048394004
2017-09-19,353.8072204589844,0.0004933775705553423
2017-09-20,353.9817810058594,-0.0034515088227496937
2017-09-21,352.760009765625,-0.0123687197428205
2017-09-22,348.3968200683594,-0.0032838229869711633
2017-09-25,347.25274658203125,0.011782987593219607
2017-09-26,351.34442138671875,-0.006733777740949409
2017-09-27,348.9785461425781,-0.004222965513279053
2017-09-28,347.50482177734375,0.004352668358531764
2017-09-29,349.01739501953125,0.0040560124414577015
2017-10-03,350.4330139160156,-0.0043715969770588
2017-10-04,348.90106201171875,0.0038350218975420347
2017-10-05,350.2391052246094,0.01893577690673265
2017-10-06,356.87115478515625,0.00407535381103763
2017-10-09,358.3255310058594,0.012501350964531088
2017-10-10,362.8050842285156,-0.005077808219224211
2017-10-11,360.96282958984375,-0.0036529329059868942
2017-10-12,359.6442565917969,0.0030192222657905443
2017-10-13,360.7301025390625,0.009568962279123516
2017-10-16,364.1819152832031,-0.009052070417152058
2017-10-17,360.88531494140625,-0.00660936671545953
2017-10-18,358.5000915527344,0.0028126388879312625
2017-10-19,359.5084228515625,0.013539046135385258
2017-10-23,364.3758239746094,-0.013837172558119781
2017-10-24,359.3338928222656,0.00949819922506423
2017-10-25,362.7469177246094,0.01288344895057758
2017-10-26,367.42034912109375,-0.0010555141644718047
2017-10-27,367.03253173828125,-0.0023774994133993754
2017-10-30,366.159912109375,-0.009934467535809954
2017-10-31,362.5223083496094,0.00564081665569649
2017-11-01,364.5672302246094,-0.00447659281379531
2017-11-02,362.9352111816406,0.004063178123045796
2017-11-03,364.4098815917969,0.002212380672512504
2017-11-06,365.2160949707031,0.028857644195260157
2017-11-07,375.75537109375,-0.0033490482062823457
2017-11-08,374.4969482421875,0.002310146521424139
2017-11-09,375.3620910644531,0.007909680309499345
2017-11-10,378.3310852050781,-0.010498216808326855
2017-11-13,374.3592834472656,-0.0029938032959144767
2017-11-14,373.238525390625,0.0028449062490800703
2017-11-15,374.30035400390625,0.03845333505529602
2017-11-16,388.6934509277344,-0.01765495586889143
2017-11-17,381.8310852050781,-0.010710973708825122
2017-11-20,377.7413024902344,0.005933997946489411
2017-11-21,379.9828186035156,5.1882228625954596e-05
2017-11-22,380.0025329589844,0.025820188576495484
2017-11-23,389.81427001953125,0.018461441144174806
2017-11-24,397.01080322265625,-0.010697772738628264
2017-11-27,392.763671875,-0.014067667023048847
2017-11-28,387.2384033203125,-0.0020311248426593265
2017-11-29,386.4518737792969,-0.006716203693284184
2017-11-30,383.85638427734375,-0.0177235926967646
2017-12-01,377.0530700683594,0.02769092553585417
2017-12-04,387.4940185546875,-0.0010148531148571616
2017-12-05,387.10076904296875,0.0060446916469352185
2017-12-06,389.440673828125,0.00959291263700135
2017-12-07,393.1765441894531,0.002050357163120964
2017-12-08,393.9826965332031,0.0034436803956614526
2017-12-11,395.3394470214844,0.005172803885728161
2017-12-12,397.38446044921875,-0.006679878668300221
2017-12-13,394.72998046875,0.00931484697683227
2017-12-14,398.4068298339844,0.009673232352827466
2017-12-15,402.2607116699219,-0.006159038132794281
2017-12-18,399.7831726074219,-0.012443268541182384
2017-12-19,394.8085632324219,0.01185320930438194
2017-12-20,399.4883117675781,0.006103159460042251
2017-12-21,401.92645263671875,0.016926839927880355
2017-12-22,408.72979736328125,-0.0036080093432083737
2017-12-26,407.2550964355469,-0.001303715604459632
2017-12-27,406.7241516113281,-0.0009667202574639155
2017-12-28,406.3309631347656,0.008516707119592182
2017-12-29,409.79156494140625,-0.008156806088747026
2018-01-01,406.448974609375,-0.003725263768046272
2018-01-02,404.9348449707031,-0.008157643754326371
2018-01-03,401.63153076171875,-0.005776913045863474
2018-01-04,399.31134033203125,-0.003348584301249846
2018-01-05,397.9742126464844,0.02376491844568962
2018-01-08,407.4320373535156,0.0051156741730959965
2018-01-09,409.5163269042969,0.01046707470904562
2018-01-10,413.8027648925781,0.022380563161340294
2018-01-11,423.06390380859375,0.0024631828214440876
2018-01-12,424.1059875488281,0.002503686918966297
2018-01-15,425.1678161621094,0.03856990349987455
2018-01-16,441.5664978027344,0.026049724343022218
2018-01-17,453.0691833496094,0.0005210097606984654
2018-01-18,453.30523681640625,-0.0080245559652794
2018-01-19,449.66766357421875,0.005728378773657505
2018-01-22,452.2435302734375,0.023565305784771562
2018-01-23,462.9007873535156,0.007390858309874959
2018-01-24,466.322021484375,-0.008770362633536699
2018-01-25,462.2322082519531,0.006380713600734111
2018-01-29,465.18157958984375,-0.010355919116031065
2018-01-30,460.36419677734375,-0.017426136612977428
2018-01-31,452.3418273925781,-0.004912113386708161
2018-02-01,450.119873046875,-0.001179495370970507
2018-02-02,449.5889587402344,-0.0044171477975589735
2018-02-05,447.6030578613281,-0.026752810737696087
2018-02-06,435.62841796875,0.0011736872132683818
2018-02-07,436.13970947265625,0.022722085255872937
2018-02-08,446.0497131347656,-0.022129004224571425
2018-02-09,436.1790771484375,-0.005725223953236047
2018-02-12,433.6818542480469,-0.004579376361236287
2018-02-14,431.69586181640625,0.01521298532922466
2018-02-15,438.26324462890625,0.012203389594464431
2018-02-16,443.6115417480469,0.0032800727394655116
2018-02-19,445.0666198730469,0.00459443649772906
2018-02-20,447.1114501953125,0.009191350621133854
2018-02-21,451.22100830078125,0.011634893656737866
2018-02-22,456.4709167480469,-0.0043935409859804375
2018-02-23,454.46539306640625,-0.014753434781621833
2018-02-26,447.7604675292969,0.010187623341124663
2018-02-27,452.32208251953125,0.01947497215229843
2018-02-28,461.13104248046875,-0.01010585994678348
2018-03-01,456.4709167480469,-0.004178199513974135
2018-03-05,454.5636901855469,-0.003936316690615227
2018-03-06,452.7743835449219,-0.006296763437172004
2018-03-07,449.9233703613281,0.010969071678262221
2018-03-08,454.8586120605469,0.005836036655825216
2018-03-09,457.51318359375,0.019210845507995344
2018-03-12,466.3023986816406,-0.0016445899117638607
2018-03-13,465.5355224609375,-0.0025343717739383376
2018-03-14,464.3556823730469,0.0014397338276723737
2018-03-15,465.02423095703125,-0.008964022240839475
2018-03-16,460.8557434082031,-0.021460837763795593
2018-03-19,450.96539306640625,0.015522120039514808
2018-03-20,457.96533203125,0.0025331507293320232
2018-03-21,459.12542724609375,-0.005310402614302934
2018-03-22,456.6872863769531,0.005424755770719214
2018-03-23,459.1647033691406,-0.010577160874760017
2018-03-26,454.30804443359375,-0.0010819005282947103
2018-03-27,453.8165283203125,-0.019237478363435145
2018-03-28,445.08624267578125,0.0047271139544173835
2018-04-02,447.1902160644531,0.0029018948268366707
2018-04-03,448.4879150390625,-0.014248724759547637
2018-04-04,442.0975341796875,0.020770154484279768
2018-04-05,451.27996826171875,-0.017907641445752076
2018-04-06,443.1986083984375,-0.013975056483862658
2018-04-09,437.0048828125,0.0019346671344580013
2018-04-10,437.850341796875,0.009744847178738025
2018-04-11,442.11712646484375,0.03411154629705182
2018-04-12,457.19842529296875,0.007612199543996834
2018-04-13,460.6787109375,-0.03265174038390195
2018-04-16,445.6367492675781,-0.007059484168086216
2018-04-17,442.49078369140625,0.000666503994817047
2018-04-18,442.78570556640625,0.006128179895765529
2018-04-19,445.4991760253906,0.04025252023942549
2018-04-20,463.431640625,0.00784921210231082
2018-04-23,467.0692138671875,-0.027953226033660794
2018-04-24,454.01312255859375,0.0050671158939421534
2018-04-25,456.31365966796875,0.013875017171057769
2018-04-26,462.64501953125,0.007438018273408842
2018-04-27,466.086181640625,0.012065244208101289
2018-04-30,471.7096252441406,-0.002042507524593562
2018-05-02,470.74615478515625,-0.01211319504635533
2018-05-03,465.0439147949219,-0.007991175543566764
2018-05-04,461.3276672363281,0.008439294466382918
2018-05-07,465.220947265625,-0.014750635644920518
2018-05-08,458.358642578125,0.004418057703134748
2018-05-09,460.3836975097656,-0.0023058689488755224
2018-05-10,459.3221130371094,0.010915903835920782
2018-05-11,464.3360290527344,0.007241430914267433
2018-05-14,467.698486328125,0.004414133684259358
2018-05-15,469.7629699707031,-0.003850857973391242
2018-05-16,467.9539794921875,-0.005924513998902814
2018-05-17,465.18157958984375,0.0002534266391218676
2018-05-18,465.2994689941406,-0.0031270551264309665
2018-05-21,463.8444519042969,0.01216625420127504
2018-05-22,469.4877014160156,-0.007496600564749212
2018-05-23,465.9681396484375,0.030466484561634033
2018-05-24,480.16455078125,0.005978887039253422
2018-05-25,483.035400390625,-0.011316453316202568
2018-05-28,477.56915283203125,0.001893732923014868
2018-05-29,478.4735412597656,-0.004109353749924827
2018-05-30,476.50732421875,0.01658830633054853
2018-05-31,484.4117736816406,-0.008930017598840267
2018-06-01,480.0859680175781,0.015235778860152704
2018-06-04,487.40045166015625,-0.014966748142806074
2018-06-05,480.10565185546875,0.013596848024504338
2018-06-06,486.6335754394531,0.01212165376301999
2018-06-07,492.5323791503906,0.006068230588177181
2018-06-08,495.52117919921875,0.001864972355519967
2018-06-11,496.4453125,-0.0030890387717366075
2018-06-12,494.9117736816406,0.012951687488195418
2018-06-13,501.32171630859375,-0.0036967708042278113
2018-06-14,499.46844482421875,0.03351610006292094
2018-06-15,516.2086791992188,-0.010809792371632376
2018-06-18,510.6285705566406,-0.02035652410009703
2018-06-19,500.23394775390625,0.0012483782917489528
2018-06-20,500.8584289550781,0.0027349894702874966
2018-06-21,502.228271484375,0.0010427771352958803
2018-06-22,502.7519836425781,0.019713943828574942
2018-06-25,512.6632080078125,0.004243718118539297
2018-06-26,514.8388061523438,-0.00614312613728385
2018-06-27,511.67608642578125,0.01543330008072008
2018-06-28,519.5729370117188,0.013647401177748542
2018-06-29,526.6637573242188,0.021037543897750588
2018-07-02,537.7434692382812,0.014272922569026125
2018-07-03,545.4186401367188,-0.006316038727687601
2018-07-04,541.9737548828125,-0.04549490309242499
2018-07-05,517.3167114257812,0.00019443782750183658
2018-07-06,517.4172973632812,0.011368508964755053
2018-07-09,523.299560546875,0.0019634371931036565
2018-07-10,524.3270263671875,0.014637904289049875
2018-07-11,532.0020751953125,-0.019766135303399768
2018-07-12,521.4864501953125,0.017808332691559903
2018-07-13,530.7732543945312,0.011727665992540048
2018-07-16,536.9979858398438,-0.003713952041190405
2018-07-17,535.0036010742188,-0.004028635449048634
2018-07-18,532.8482666015625,-0.004423388001126183
2018-07-19,530.4912719726562,0.02384747794097941
2018-07-20,543.1421508789062,0.005822893116081085
2018-07-23,546.3048095703125,0.01563493991168019
2018-07-24,554.8462524414062,0.004792752426379776
2018-07-25,557.5054931640625,-0.007588209985143646
2018-07-26,553.2750244140625,0.0001455069676767895
2018-07-27,553.3555297851562,-0.01634580926447826
2018-07-30,544.3104858398438,0.010436889148588868
2018-07-31,549.9913940429688,-0.008094720054546256
2018-08-01,545.5393676757812,-0.0002952523445374222
2018-08-02,545.3782958984375,0.007719788465709421
2018-08-03,549.5885009765625,-0.0025290805954117923
2018-08-06,548.1985473632812,0.005364917607330932
2018-08-07,551.1395874023438,-0.0038011617220223837
2018-08-08,549.0446166992188,0.012621578209752071
2018-08-09,555.9744262695312,0.003985581427772278
2018-08-10,558.1903076171875,0.016817544139725138
2018-08-13,567.5776977539062,-0.00031916748044691357
2018-08-14,567.3965454101562,0.015088920502677183
2018-08-16,575.9579467773438,0.0005595297830391921
2018-08-17,576.2802124023438,-0.0322297449367307
2018-08-20,557.7068481445312,-0.0002166902016302874
2018-08-21,557.5859985351562,0.009718472650998677
2018-08-23,563.0048828125,-0.013668178908861295
2018-08-24,555.3096313476562,0.026916993297460223
2018-08-27,570.2568969726562,0.006570632046853042
2018-08-28,574.0038452148438,-0.010247457620990996
2018-08-29,568.1217651367188,0.00432579900510377
2018-08-30,570.579345703125,0.017582205757323388
2018-08-31,580.6113891601562,-0.004753626637633346
2018-09-03,577.8513793945312,0.027924428337440466
2018-09-04,593.987548828125,-0.009835292048041677
2018-09-05,588.1455078125,-0.0037675733610511575
2018-09-06,585.9296264648438,0.007769896074645066
2018-09-07,590.4822387695312,-0.00266102680035607
2018-09-10,588.9109497070312,0.00472073126406336
2018-09-11,591.6910400390625,0.011711768585677351
2018-09-12,598.6207885742188,-0.012383915133695078
2018-09-14,591.20751953125,-0.010562808836853232
2018-09-17,584.9627075195312,-0.009436010679850781
2018-09-18,579.4429931640625,0.0009038726534966735
2018-09-19,579.9667358398438,-0.02007614046257833
2018-09-21,568.3232421875,0.018360595948539782
2018-09-24,578.7579956054688,0.011068645173237801
2018-09-25,585.1640625,-0.011498094150945937
2018-09-26,578.435791015625,0.009681556325505714
2018-09-27,584.0359497070312,0.0072436119510765895
2018-09-28,588.2664794921875,0.022738058454737864
2018-10-01,601.6425170898438,-0.0243087592549327
2018-10-03,587.017333984375,-0.02923788784253023
2018-10-04,569.8541870117188,0.024603783155791703
2018-10-05,583.874755859375,-0.014007332480051593
2018-10-08,575.6962280273438,0.004618643335541739
2018-10-09,578.3551635742188,-0.0241031574106213
2018-10-10,564.4149780273438,-0.038689249651928215
2018-10-11,542.5781860351562,0.008093501609352405
2018-10-12,546.9695434570312,0.02946399110243103
2018-10-15,563.08544921875,-0.00508010759634725
2018-10-16,560.2249145507812,0.01452718106272921
2018-10-17,568.3634033203125,-0.030906567887298064
2018-10-19,550.7972412109375,-0.005266691060166417
2018-10-22,547.8963623046875,-0.03287008393030244
2018-10-23,529.886962890625,-0.011861199944526835
2018-10-24,523.6018676757812,0.009256305127133047
2018-10-25,528.448486328125,-0.02335292962659241
2018-10-26,516.107666015625,0.017598110102427844
2018-10-29,525.190185546875,0.02303190482986306
2018-10-30,537.2863159179688,0.04063093305966592
2018-10-31,559.1167602539062,-0.028700182270337105
2018-11-01,543.0700073242188,-0.006674677013358221
2018-11-02,539.4451904296875,0.005662080927602453
2018-11-05,542.4995727539062,0.0006758312854193704
2018-11-06,542.8662109375,0.01357922809163603
2018-11-07,550.2379150390625,-0.023685932199516868
2018-11-09,537.2050170898438,0.007126685509523556
2018-11-12,541.0335083007812,0.0022581609159353366
2018-11-13,542.2552490234375,-0.01877726013612757
2018-11-14,532.0731811523438,0.0048988888655641105
2018-11-15,534.6797485351562,-0.0084549507071362
2018-11-16,530.1590576171875,0.0013061058520218438
2018-11-19,530.8515014648438,-0.015805284087753835
2018-11-20,522.4612426757812,-0.03476773670108835
2018-11-21,504.29644775390625,0.0026656320995623872
2018-11-22,505.6407165527344,0.0011277799555611256
2018-11-26,506.2109680175781,0.028079241014977496
2018-11-27,520.4249877929688,0.043042613605377866
2018-11-28,542.825439453125,-0.008028310529802574
2018-11-29,538.4674682617188,0.00968188277572235
2018-11-30,543.6808471679688,0.004344684191719406
2018-12-03,546.04296875,0.022227455879302083
2018-12-04,558.1801147460938,-0.005618343040951546
2018-12-05,555.0440673828125,-0.018931822215516814
2018-12-06,544.5360717773438,0.021391152943296854
2018-12-07,556.184326171875,-0.01991786249342109
2018-12-10,545.1063232421875,0.007919810297186691
2018-12-11,549.4234619140625,0.0059302886970695745
2018-12-12,552.6817016601562,0.02837174081408156
2018-12-13,568.3622436523438,0.011895128965736523
2018-12-14,575.1229858398438,-0.016500270885080548
2018-12-17,565.63330078125,-0.025633903853275686
2018-12-18,551.1339111328125,-0.01736609692951474
2018-12-19,541.5628662109375,0.0033089273643107653
2018-12-20,543.3548583984375,-0.031256999575167255
2018-12-21,526.3712158203125,0.0043331069126790744
2018-12-24,528.6520385742188,-0.007627142615513449
2018-12-26,524.6199340820312,0.01979658125365824
2018-12-27,535.005615234375,0.00022873682966428888
2018-12-28,535.1279907226562,0.0030440704156708964
2018-12-31,536.7569580078125,0.009257210355976708
2019-01-01,541.725830078125,0.006014554900629188
2019-01-02,544.9840698242188,0.0001494005108511054
2019-01-03,545.0654907226562,-0.012105008615000967
2019-01-04,538.4674682617188,0.016111080947481593
2019-01-07,547.1427612304688,-0.002456498140921415
2019-01-08,545.7987060546875,0.00902926585648589
2019-01-09,550.7268676757812,0.005324439724711194
2019-01-10,553.6591796875,0.005590690135056642
2019-01-11,556.7545166015625,0.026920369143769385
2019-01-14,571.7425537109375,0.035190228269653456
2019-01-15,591.8623046875,0.014038051898552562
2019-01-16,600.1708984375,-0.004682707562136401
2019-01-17,597.3604736328125,-0.003272452849929608
2019-01-18,595.4056396484375,0.01922158668170959
2019-01-21,606.8502807617188,0.0004696944019366711
2019-01-22,607.1353149414062,-0.018380556341642262
2019-01-23,595.975830078125,0.005978205878702347
2019-01-24,599.5386962890625,-0.002254235586808817
2019-01-25,598.1871948242188,-0.0032859901115216417
2019-01-28,596.2215576171875,-6.869021980260293e-05
2019-01-29,596.1806030273438,-0.00274759278500436
2019-01-30,594.5425415039062,0.03258027807249464
2019-01-31,613.9129028320312,0.010006015897837672
2019-02-01,620.0557250976562,-0.0015191466319545155
2019-02-04,619.11376953125,-0.001389157258398388
2019-02-05,618.2537231445312,0.011194367641581104
2019-02-06,625.1746826171875,0.0009170288538495885
2019-02-07,625.7479858398438,-0.004057448824673182
2019-02-08,623.2090454101562,0.002496803095040745
2019-02-11,624.7650756835938,-0.016190362959671023
2019-02-12,614.64990234375,-0.013858304277952982
2019-02-14,606.1318969726562,0.0025674500660315402
2019-02-15,607.6881103515625,-0.0012128928216953438
2019-02-18,606.9510498046875,-0.022603231644785726
2019-02-19,593.2319946289062,0.022642698250416426
2019-02-20,606.6643676757812,-0.009788030470877618
2019-02-21,600.726318359375,0.0020451520477937635
2019-02-22,601.9548950195312,0.02714453001385353
2019-02-25,618.294677734375,-0.016425834193801836
2019-02-26,608.138671875,-0.009764401815221313
2019-02-27,602.2005615234375,-0.0012921562295835631
2019-02-28,601.4224243164062,0.010350117037195572
2019-03-01,607.647216796875,-0.012670239296273977
2019-03-05,599.9481811523438,0.0
2019-03-06,599.9481811523438,-0.013037421546518213
2019-03-07,592.1264038085938,-0.01466231829038267
2019-03-08,583.4444580078125,-0.0015440696948705313
2019-03-11,582.5435791015625,-0.0060458526754029185
2019-03-12,579.0216064453125,0.0021219202904279033
2019-03-13,580.250244140625,-0.00014116181856815846
2019-03-14,580.1683349609375,0.014399591477672224
2019-03-15,588.5225219726562,-0.011620503833452256
2019-03-18,581.68359375,0.016967244696496575
2019-03-19,591.5531616210938,0.023121939552870785
2019-03-20,605.2310180664062,0.005616015562562193
2019-03-22,608.6300048828125,-0.010563796243684975
2019-03-25,602.2005615234375,-0.010200422563162004
2019-03-26,596.057861328125,0.0026791422976399915
2019-03-27,597.65478515625,0.01110061952766217
2019-03-28,604.2891235351562,0.02344800196915897
2019-04-01,618.45849609375,0.005694661231656628
2019-04-02,621.9804077148438,-0.00803265621100857
2019-04-03,616.9842529296875,-0.0071684009864799725
2019-04-04,612.5614624023438,0.015242511438833484
2019-04-05,621.8984375,0.010470318329711237
2019-04-08,628.409912109375,-0.00866726341091395
2019-04-09,622.9633178710938,-0.010386679012888811
2019-04-10,616.4927978515625,-0.013285622721302848
2019-04-11,608.3023071289062,0.006799629756908843
2019-04-12,612.4385375976562,-0.027081101589335632
2019-04-15,595.85302734375,-0.0046736190155428625
2019-04-16,593.0682373046875,-0.009736199974683113
2019-04-18,587.2940063476562,0.0055784394981410745
2019-04-22,590.5701904296875,0.009915974758735624
2019-04-23,596.42626953125,0.011329586788496826
2019-04-24,603.1835327148438,-0.01072738346414126
2019-04-25,596.7129516601562,0.012971146759923835
2019-04-26,604.4530029296875,0.01808911684299397
2019-04-30,615.3870239257812,-0.027350555184671
2019-05-02,598.5558471679688,-0.009852408634511423
2019-05-03,592.6586303710938,-0.007186214710653949
2019-05-06,588.399658203125,0.008560797648215823
2019-05-07,593.4368286132812,-0.007176996830873694
2019-05-08,589.177734375,0.0023633887933063313
2019-05-09,590.5701904296875,-0.00582498665240716
2019-05-10,587.130126953125,0.0039757618347655566
2019-05-13,589.4644165039062,-0.008128468380689813
2019-05-14,584.6729736328125,0.003152219550484059
2019-05-15,586.5159912109375,0.023739478877000453
2019-05-16,600.4395751953125,-0.012549399741928924
2019-05-17,592.9044189453125,-0.0020721327433209646
2019-05-20,591.6758422851562,-0.018133865455362774
2019-05-21,580.9464721679688,0.0006343618407083085
2019-05-22,581.3150024414062,-0.012257953763361251
2019-05-23,574.1892700195312,0.011625490551864015
2019-05-24,580.864501953125,-0.001551032880089731
2019-05-27,579.9635620117188,0.028244740675320568
2019-05-28,596.344482421875,-0.00041226106155378694
2019-05-29,596.0986328125,0.007900492296098571
2019-05-30,600.80810546875,0.005725727474795939
2019-05-31,604.2481689453125,0.009352927403448952
2019-06-03,609.899658203125,-0.012556396756158272
2019-06-04,602.2415161132812,0.0004078188935481286
2019-06-06,602.4871215820312,0.004758210011823305
2019-06-07,605.3538818359375,0.019483030954058123
2019-06-10,617.1480102539062,0.0018580104957268695
2019-06-11,618.294677734375,-0.0014572355367250545
2019-06-12,617.3936767578125,-0.0008743123588659252
2019-06-13,616.8538818359375,-0.0029622420505387437
2019-06-14,615.026611328125,0.00013496621279651677
2019-06-17,615.109619140625,0.012963442190063068
2019-06-18,623.0835571289062,0.0023327388346356948
2019-06-19,624.5370483398438,0.00398977172055659
2019-06-20,627.02880859375,-0.006225981287305671
2019-06-21,623.1249389648438,-0.006264889028892218
2019-06-24,619.2211303710938,0.003487618279917948
2019-06-25,621.3807373046875,-0.011896822046259636
2019-06-26,613.98828125,-0.011702173767821789
2019-06-27,606.8032836914062,0.001985241199714549
2019-06-28,608.0079345703125,-0.0009563722782741646
2019-07-01,607.4264526367188,0.01189651404355363
2019-07-02,614.6527099609375,-0.011756650881239894
2019-07-03,607.4264526367188,0.0034183825986038308
2019-07-04,609.5028686523438,-0.021531639745065556
2019-07-05,596.3792724609375,-0.0005570521492102021
2019-07-08,596.0470581054688,-0.002926486603277767
2019-07-09,594.302734375,0.0024460165372366394
2019-07-10,595.7564086914062,0.005925289674396872
2019-07-11,599.2864379882812,0.007276414852502411
2019-07-12,603.6470947265625,0.07237703275398943
2019-07-15,647.3372802734375,0.007057249056050763
2019-07-16,651.9057006835938,0.011849367787482246
2019-07-17,659.63037109375,-0.0018258812678443315
2019-07-18,658.4259643554688,-0.009208862986019861
2019-07-19,652.3626098632812,-0.001273260344550331
2019-07-22,651.531982421875,0.007203012731036962
2019-07-23,656.2249755859375,-0.004746739784534215
2019-07-24,653.1100463867188,0.010428617954863162
2019-07-25,659.9210815429688,-0.009439938247232438
2019-07-26,653.6914672851562,0.005654392343064529
2019-07-29,657.3876953125,0.001579386183179432
2019-07-30,658.4259643554688,0.001198500025631155
2019-07-31,659.215087890625,-0.031247766323660442
2019-08-01,638.6160888671875,0.008778863138465987
2019-08-02,644.222412109375,0.0014183879775726549
2019-08-05,645.1361694335938,-0.0028968077403868087
2019-08-06,643.267333984375,0.002130598525973193
2019-08-07,644.6378784179688,0.016299292153088007
2019-08-08,655.14501953125,0.0013945542233686492
2019-08-09,656.0586547851562,-0.031778145878657904
2019-08-13,635.2103271484375,0.013141754728370092
2019-08-14,643.55810546875,-0.00032264623784239443
2019-08-16,643.3504638671875,0.004002313328945295
2019-08-19,645.9253540039062,0.019417470223732858
2019-08-20,658.4675903320312,0.00845135203001246
2019-08-21,664.0325317382812,-0.004690560943513167
2019-08-22,660.9178466796875,0.008168922723950756
2019-08-23,666.3168334960938,0.00043629461932304103
2019-08-26,666.6075439453125,-0.022303857879974354
2019-08-27,651.7396240234375,0.022748986664484105
2019-08-28,666.5660400390625,0.005545087463458165
2019-08-29,670.26220703125,0.009851864613968031
2019-08-30,676.8655395507812,-0.0007974921019516801
2019-09-03,676.3257446289062,0.008658215323437357
2019-09-04,682.1815185546875,0.015524124749862755
2019-09-05,692.7717895507812,0.0073137684550101945
2019-09-06,697.8385620117188,-0.013152445552660819
2019-09-09,688.6602783203125,-0.010855170739013764
2019-09-11,681.1847534179688,-0.004511613291518168
2019-09-12,678.1115112304688,0.01580100554635533
2019-09-13,688.8263549804688,-0.0019292503073128353
2019-09-16,687.4974365234375,0.00428890093517742
2019-09-17,690.446044921875,-0.0016841008363662757
2019-09-18,689.2832641601562,-0.011026264703848376
2019-09-19,681.6830444335938,-0.01912998788130571
2019-09-20,668.6424560546875,-0.050496675593457496
2019-09-23,634.8782348632812,0.03885627982343509
2019-09-24,659.5472412109375,-0.0017629059056144536
2019-09-25,658.384521484375,-0.012742130043537747
2019-09-26,649.9953002929688,-0.0004472500787124911
2019-09-27,649.70458984375,0.02997963317162622
2019-09-30,669.1824951171875,-0.015019036133721242
2019-10-01,659.1320190429688,-0.010018224466047054
2019-10-03,652.5286865234375,0.009992395494166528
2019-10-04,659.0490112304688,-0.004915233658820739
2019-10-07,655.8096313476562,-0.007472741427585583
2019-10-09,650.908935546875,-0.0007655310726474296
2019-10-10,650.41064453125,0.040546424622065036
2019-10-11,676.782470703125,-0.035223373895828525
2019-10-14,652.9439086914062,-0.02264327738150329
2019-10-15,638.1591186523438,0.004099812932764513
2019-10-16,640.7754516601562,-0.002527607607397897
2019-10-17,639.1558227539062,-0.0021443040723442275
2019-10-18,637.7852783203125,-0.16188039704199464
2019-10-22,534.5403442382812,0.0236799674442838
2019-10-23,547.1982421875,-0.02343982842284298
2019-10-24,534.3720092773438,0.003305140025569031
2019-10-25,536.13818359375,0.01788392830308627
2019-10-27,545.7264404296875,0.0027740180213309262
2019-10-29,547.2402954101562,0.015292463683577395
2019-10-30,555.6089477539062,0.03784448303692689
2019-10-31,576.6356811523438,0.003354714779914003
2019-11-01,578.5701293945312,0.030672962635504675
2019-11-04,596.3165893554688,-0.018194582607603538
2019-11-05,585.4668579101562,0.023272443105081697
2019-11-06,599.0921020507812,0.010950407645031746
2019-11-07,605.6524047851562,-0.01659476475331223
2019-11-08,595.6017456054688,-0.005295573355260541
2019-11-11,592.4476928710938,-0.018526449306007664
2019-11-13,581.4717407226562,0.020177954205768067
2019-11-14,593.2046508789062,-0.001984964603076511
2019-11-15,592.0271606445312,0.00184695043894334
2019-11-18,593.12060546875,0.010847950664808259
2019-11-19,599.5547485351562,0.00021032046384528158
2019-11-20,599.6808471679688,0.0003506300297471121
2019-11-21,599.89111328125,-0.028110671939976073
2019-11-22,583.0277709960938,0.0070684347384673
2019-11-25,587.1488647460938,-0.010743310158675135
2019-11-26,580.8409423828125,0.007457260013084666
2019-11-27,585.1724243164062,0.008767593936457763
2019-11-28,590.302978515625,-0.00783630377177369
2019-11-29,585.6771850585938,-0.0052417037360869
2019-12-02,582.6072387695312,0.008156253087208132
2019-12-03,587.359130859375,0.015035499286522702
2019-12-04,596.1903686523438,0.008464695321439342
2019-12-05,601.2369384765625,0.00034962103069990924
2019-12-06,601.4471435546875,0.0030065627438702336
2019-12-09,603.2554321289062,-0.0037645679969023904
2019-12-10,600.9844360351562,0.009096911205969116
2019-12-11,606.4515380859375,-0.026281332458141016
2019-12-12,590.51318359375,0.013103505872060772
2019-12-13,598.2509765625,0.00379595712762959
2019-12-16,600.5219116210938,0.02198882787402834
2019-12-17,613.7266845703125,0.0037688589637026038
2019-12-18,616.0397338867188,-0.0021846402452345703
2019-12-19,614.6939086914062,0.0009579844198450704
2019-12-20,615.2827758789062,0.00608275559273963
2019-12-23,619.025390625,-0.003532498950908791
2019-12-24,616.8386840820312,-0.006067610402833434
2019-12-26,613.095947265625,0.010974753120071012
2019-12-27,619.8245239257812,-0.0054957039271978925
2019-12-30,616.4181518554688,-0.0023876677761390797
2019-12-31,614.9463500976562,0.007795812345084974
2020-01-01,619.7403564453125,-0.0029180133675720255
2020-01-02,617.9319458007812,0.015380577837432519
2020-01-03,627.4360961914062,-0.009584516911767649
2020-01-06,621.4224243164062,-0.014820184090867827
2020-01-07,612.2128295898438,-0.013326161869379294
2020-01-08,604.0543823242188,0.013018819061907383
2020-01-09,611.91845703125,0.014569397442884657
2020-01-10,620.833740234375,0.047957871514608064
2020-01-13,650.6076049804688,0.00271465366049517
2020-01-14,652.373779296875,-0.010442913743117344
2020-01-15,645.5610961914062,-0.0007165633926019543
2020-01-16,645.0985107421875,0.0011083048688020902
2020-01-17,645.8134765625,0.0007814945419188923
2020-01-20,646.3181762695312,-0.007743115984216842
2020-01-21,641.3136596679688,0.010098519284195584
2020-01-22,647.7899780273438,0.018371602440727886
2020-01-23,659.69091796875,-0.0020398069053112478
2020-01-24,658.3452758789062,-0.005940575333832299
2020-01-27,654.434326171875,-0.00012851777779521179
2020-01-28,654.3502197265625,0.015038605994249998
2020-01-29,664.1907348632812,-0.011396788175371597
2020-01-30,656.62109375,-0.006084264106606341
2020-01-31,652.6260375976562,-0.011018716171192766
2020-02-03,645.4349365234375,0.026648337567611202
2020-02-04,662.6347045898438,-0.004188509356560455
2020-02-05,659.8592529296875,-0.016824969517536315
2020-02-06,648.7571411132812,0.007713629868258742
2020-02-07,653.7614135742188,-0.005274559114469279
2020-02-10,650.3131103515625,0.000452850518032788
2020-02-11,650.6076049804688,0.009695432876888344
2020-02-12,656.91552734375,0.014339531412711715
2020-02-13,666.3353881835938,-0.007320807028223908
2020-02-14,661.457275390625,0.0038146899103062015
2020-02-17,663.9805297851562,0.010386851979982348
2020-02-18,670.877197265625,0.0035103913406282494
2020-02-19,673.2322387695312,-0.004310061515450658
2020-02-20,670.33056640625,-0.0014429061862406556
2020-02-24,669.3633422851562,0.0032041108617433256
2020-02-25,671.508056640625,-0.01960182105270425
2020-02-26,658.3452758789062,-0.00625996110446847
2020-02-27,654.2240600585938,-0.059330110151251
2020-02-28,615.4088745117188,0.012778320117339703
2020-03-02,623.2727661132812,0.008029122670160538
2020-03-03,628.277099609375,0.01572963325500698
2020-03-04,638.15966796875,-0.005469600620069182
2020-03-05,634.669189453125,-0.020739112288213013
2020-03-06,621.5067138671875,-0.046688100266666255
2020-03-09,592.48974609375,-0.026190561545517244
2020-03-11,576.9721069335938,-0.07988354310025558
2020-03-12,530.8815307617188,0.017664940630352177
2020-03-13,540.259521484375,-0.09216146166370598
2020-03-16,490.4684143066406,-0.04835832544834018
2020-03-17,466.75018310546875,-0.037210508111755414
2020-03-18,449.3821716308594,0.021055519544350476
2020-03-19,458.8441467285156,0.07267905320807788
2020-03-20,492.1925048828125,-0.10039301435674886
2020-03-23,442.7798156738281,0.12033433847894082
2020-03-24,496.0614318847656,0.027805883761743644
2020-03-25,509.8548583984375,0.06070608808659217
2020-03-26,540.80615234375,0.015085488876108277
2020-03-27,548.9644775390625,-0.039834298284878944
2020-03-30,527.0968627929688,0.02361557002091841
2020-03-31,539.5445556640625,-0.06032733635614351
2020-04-01,506.9952697753906,-0.02836752728444414
2020-04-03,492.6130676269531,0.09100198272265203
2020-04-07,537.4418334960938,-0.011580672735864495
2020-04-08,531.2178955078125,0.007362577288103633
2020-04-09,535.1290283203125,0.001807573697293563
2020-04-13,536.0963134765625,0.0025882909606096405
2020-04-15,537.48388671875,-0.023785119830082135
2020-04-16,524.6997680664062,0.007854426609525289
2020-04-17,528.8209838867188,0.03904559946252406
2020-04-20,549.4691162109375,-0.03076666908821568
2020-04-21,532.5637817382812,0.013660725285871145
2020-04-22,539.8389892578125,0.0583468875562172
2020-04-23,571.3369140625,-0.03135592061519632
2020-04-24,553.422119140625,0.010030364162612049
2020-04-27,558.97314453125,-0.005868173452122094
2020-04-28,555.6929931640625,0.02398996361569039
2020-04-29,569.0240478515625,0.05757152556771561
2020-04-30,601.7836303710938,-0.058420793573953134
2020-05-04,566.626953125,0.0
2020-05-05,566.626953125,-0.011577923946875845
2020-05-06,560.0665893554688,-0.0014265271496233245
2020-05-07,559.2676391601562,0.013910774818097993
2020-05-08,567.0474853515625,0.012904141066159447
2020-05-11,574.36474609375,0.006955714490958442
2020-05-12,578.35986328125,0.009452346639583054
2020-05-13,583.8267211914062,-0.051861722285604483
2020-05-14,553.5484619140625,-0.008888631121698243
2020-05-15,548.628173828125,0.017783169224018902
2020-05-18,558.384521484375,0.007079246903232583
2020-05-19,562.3374633789062,0.0014209835155274408
2020-05-20,563.1365356445312,0.003957869290491578
2020-05-21,565.3653564453125,0.02997599251901062
2020-05-22,582.312744140625,-0.017043141467235068
2020-05-26,572.3883056640625,0.03658814609922567
2020-05-27,593.3309326171875,0.002763875078771738
2020-05-28,594.9708251953125,-0.00988664138558859
2020-05-29,589.0885620117188,0.01237335425415842
2020-06-01,596.3775634765625,0.012222125564806285
2020-06-02,603.6665649414062,-0.00925021482794608
2020-06-03,598.08251953125,0.008837855026602837
2020-06-04,603.3682861328125,-0.005934600133972845
2020-06-05,599.7875366210938,0.024589701003946418
2020-06-08,614.5361328125,-0.004508489793972559
2020-06-09,611.7655029296875,-0.002438750390844624
2020-06-10,610.2735595703125,-0.016623724511992677
2020-06-11,600.1285400390625,-0.016904540917646038
2020-06-12,589.983642578125,-0.0065022865024148
2020-06-15,586.1473999023438,0.019853200504527546
2020-06-16,597.7843017578125,0.0034938388404934795
2020-06-17,599.8728637695312,0.014566990462354878
2020-06-18,608.6112060546875,-0.011696350975170633
2020-06-19,601.49267578125,-0.0026219561199067876
2020-06-22,599.9155883789062,0.024086844086239845
2020-06-23,614.3656616210938,-0.009019680268776309
2020-06-24,608.8242797851562,-0.019113527780565298
2020-06-25,597.1875,0.06809405252485612
2020-06-26,637.8524169921875,-0.021985969383117143
2020-06-29,623.82861328125,0.00573966363520384
2020-06-30,627.4091796875,-0.0055032982238776285
2020-07-01,623.9563598632812,0.03374785689502424
2020-07-02,645.0135498046875,0.008062432827253607
2020-07-03,650.2139282226562,0.0017044795859986195
2020-07-06,651.3222045898438,0.03946346369684628
2020-07-07,677.025634765625,-0.024491840710945234
2020-07-08,660.4440307617188,0.009036001779919367
2020-07-09,666.4118041992188,0.00019160156838515796
2020-07-10,666.5394897460938,0.01944117818618296
2020-07-13,679.497802734375,-0.017313830045238898
2020-07-14,667.7330932617188,0.06090032311289639
2020-07-15,708.3982543945312,0.0963353226673187
2020-07-16,776.6420288085938,-0.008616918083166003
2020-07-17,769.9497680664062,0.034490442499665264
2020-07-20,796.5056762695312,0.002622309098679221
2020-07-21,798.5943603515625,-0.02012278959995173
2020-07-22,782.5244140625,-0.010839895545391554
2020-07-23,774.0419311523438,0.01641054974162781
2020-07-24,786.744384765625,0.027740143149506347
2020-07-27,808.5687866210938,0.01518268491229846
2020-07-28,820.8450317382812,-0.009035652078542733
2020-07-29,813.4281616210938,0.007650740323910332
2020-07-30,819.6514892578125,0.004732533730677391
2020-07-31,823.530517578125,-0.00942041058573495
2020-08-03,815.7725219726562,-0.007367486289634018
2020-08-04,809.7623291015625,-0.005421964904886112
2020-08-05,805.371826171875,0.027680646586049518
2020-08-06,827.6650390625,-0.020549001863063077
2020-08-07,810.6573486328125,0.00047327886786519
2020-08-10,811.041015625,-0.0030482169906057566
2020-08-11,808.5687866210938,0.006853245997706203
2020-08-12,814.110107421875,-0.003926863682096382
2020-08-13,810.9132080078125,0.0025230313829547324
2020-08-14,812.9591674804688,0.00408978609819588
2020-08-17,816.2839965820312,0.010496039441312943
2020-08-18,824.8517456054688,-0.008526552956108713
2020-08-19,817.818603515625,-0.0043260239089971675
2020-08-20,814.2807006835938,-0.006648140062625707
2020-08-21,808.8672485351562,-0.001475723677702323
2020-08-24,807.673583984375,-0.009816273410169996
2020-08-25,799.7452392578125,0.01353801785938602
2020-08-26,810.5722045898438,-0.003944153853625787
2020-08-27,807.3751831054688,-0.01245982490974662
2020-08-28,797.3154296875,-0.007110270548998043
2020-08-31,791.6463012695312,-0.015561127073607128
2020-09-01,779.327392578125,0.01077518894153573
2020-09-02,787.7247924804688,0.012499997094393311
2020-09-03,797.5713500976562,-0.017529871453476398
2020-09-04,783.5900268554688,0.006418976785081076
2020-09-07,788.619873046875,0.01540452611567078
2020-09-08,800.7681884765625,-0.01229631336974546
2020-09-09,790.9216918945312,0.013257824366643467
2020-09-10,801.4075927734375,0.006010390348646588
2020-09-11,806.224365234375,0.0345776195040115
2020-09-14,834.1016845703125,0.004139274320459352
2020-09-15,837.5542602539062,0.019644832653901156
2020-09-16,854.0078735351562,0.009233805017343721
2020-09-17,861.8936157226562,-0.008753748336285727
2020-09-18,854.3488159179688,0.007733511858525333
2020-09-21,860.9559326171875,-0.0023765938541187026
2020-09-22,858.9097900390625,0.012158925804863996
2020-09-23,869.3532104492188,-0.043491118008144536
2020-09-24,831.5440673828125,0.03695914083495788
2020-09-25,862.2772216796875,-0.001038113473319835
2020-09-28,861.382080078125,-0.0013856133161727069
2020-09-29,860.1885375976562,-0.0007432594527524428
2020-09-30,859.5491943359375,0.009323181224487609
2020-10-01,867.5629272460938,0.030511495199396776
2020-10-05,894.0335693359375,0.006722694927295159
2020-10-06,900.0438842773438,0.010229468113364337
2020-10-07,909.2508544921875,0.02545598270167626
2020-10-08,932.396728515625,0.011977700487837861
2020-10-09,943.564697265625,0.0228586376515878
2020-10-12,965.13330078125,0.022701373019129445
2020-10-13,987.0431518554688,-0.01796531784043931
2020-10-14,969.3106079101562,-0.025285770551756737
2020-10-15,944.8008422851562,0.0173697450007968
2020-10-16,961.2117919921875,-0.0014193103162752907
2020-10-19,959.8475341796875,0.010303099132641602
2020-10-20,969.7369384765625,0.009538354637444124
2020-10-21,978.9866333007812,-0.01680671797388944
2020-10-22,962.5330810546875,0.004879093669543311
2020-10-23,967.2293701171875,-0.008953317979090936
2020-10-26,958.5694580078125,-0.019416560194513877
2020-10-27,939.9573364257812,-0.013108998607231359
2020-10-28,927.6354370117188,-0.0015792473657881834
2020-10-29,926.1704711914062,-0.013257611828149551
2020-10-30,913.8916625976562,0.011031442107803047
2020-11-02,923.9732055664062,-0.009092520288007111
2020-11-03,915.5719604492188,0.029551559853983056
2020-11-04,942.6285400390625,0.009186853220785718
2020-11-05,951.288330078125,0.007925749337157617
2020-11-06,958.8280029296875,0.021388479969811858
2020-11-09,979.3358764648438,-0.040033370230630694
2020-11-10,940.1297607421875,0.02882539252199212
2020-11-11,967.2293701171875,-0.0042317559202997845
2020-11-12,963.1362915039062,0.005770396434733094
2020-11-13,968.6939697265625,0.008228298486517849
2020-11-14,976.6646728515625,-0.008602162498748567
2020-11-17,968.2632446289062,-0.011702200418872266
2020-11-18,956.9324340820312,-0.01242647439171174
2020-11-19,945.0411376953125,0.006017804439471641
2020-11-20,950.7282104492188,0.03308113878322727
2020-11-23,982.1793823242188,0.00017536634757076008
2020-11-24,982.3516235351562,-0.02140249964445151
2020-11-25,961.3268432617188,-0.0021962011199857523
2020-11-26,959.215576171875,-0.011857502786369989
2020-11-27,947.8416748046875,0.034408843385060006
2020-12-01,980.455810546875,0.0026806255162232784
2020-12-02,983.0840454101562,-0.012665481622134767
2020-12-03,970.6328125,0.007279639470867183
2020-12-04,977.6986694335938,0.007799800419699299
2020-12-07,985.3245239257812,0.008613715056725146
2020-12-08,993.8118286132812,0.01894493224152649
2020-12-09,1012.6395263671875,-0.006339307746340395
2020-12-10,1006.2200927734375,-0.00389641821409914
2020-12-11,1002.2994384765625,0.001160843894477459
2020-12-14,1003.4629516601562,-0.008544203340762668
2020-12-15,994.88916015625,0.009613525277872847
2020-12-16,1004.4535522460938,-0.005576057848326488
2020-12-17,998.8526611328125,0.02639759655884477
2020-12-18,1025.219970703125,-0.010506034218552118
2020-12-21,1014.448974609375,0.036694292405412776
2020-12-22,1051.6734619140625,0.026669385857199135
2020-12-23,1079.720947265625,-0.013566873493653042
2020-12-24,1065.072509765625,0.0034383662533978843
2020-12-28,1068.734619140625,0.008062753096090391
2020-12-29,1077.3515625,-0.0027994494238620105
2020-12-30,1074.3355712890625,0.0072184195423292685
2020-12-31,1082.090576171875,0.003702752759719985
2021-01-01,1086.0972900390625,0.02205565750273486
2021-01-04,1110.0518798828125,0.004308110863255221
2021-01-05,1114.8341064453125,-0.009043197531162894
2021-01-06,1104.75244140625,-0.015560215033327718
2021-01-07,1087.562255859375,0.03957523085401671
2021-01-08,1130.602783203125,0.04885294569212495
2021-01-11,1185.8360595703125,-0.003233663452561819
2021-01-12,1182.00146484375,0.011226633685002874
2021-01-13,1195.2713623046875,-0.012003068324553223
2021-01-14,1180.9244384765625,-0.01864280757769199
2021-01-15,1158.90869140625,-0.024461910851104607
2021-01-18,1130.5595703125,0.0035061108601330826
2021-01-19,1134.5234375,0.017316410903531976
2021-01-20,1154.1693115234375,0.00018667460606636155
2021-01-21,1154.384765625,0.0008585429197438543
2021-01-22,1155.3758544921875,-0.011746317079455837
2021-01-25,1141.804443359375,-0.01818731529961204
2021-01-27,1121.0380859375,-0.019062248735346565
2021-01-28,1099.6685791015625,-0.02910977817024729
2021-01-29,1067.657470703125,0.01763452908389307
2021-02-01,1086.485107421875,0.00820842816897871
2021-02-02,1095.4034423828125,0.010540873200056478
2021-02-03,1106.949951171875,-0.004125876393092587
2021-02-04,1102.3828125,-0.00566676854115733
2021-02-05,1096.1358642578125,0.024722967589114964
2021-02-08,1123.235595703125,0.0015341987096515464
2021-02-09,1124.9588623046875,-0.0069320026133767865
2021-02-10,1117.16064453125,-0.00296958624442456
2021-02-11,1113.8431396484375,0.013267426538995819
2021-02-12,1128.6209716796875,-0.00011454019035739282
2021-02-15,1128.49169921875,-0.01469852034765362
2021-02-16,1111.904541015625,-0.007052032107248363
2021-02-17,1104.0633544921875,0.008701986082792823
2021-02-18,1113.6708984375,-0.0008899297526567818
2021-02-19,1112.6798095703125,-0.02021201585549559
2021-02-22,1090.1903076171875,0.0009088731752973089
2021-02-23,1091.18115234375,0.00627802620350737
2021-02-24,1098.0316162109375,0.0001958849703864729
2021-02-25,1098.2467041015625,-0.016672303833002666
2021-02-26,1079.9364013671875,0.010931135968451633
2021-03-01,1091.7413330078125,0.0295973241035854
2021-03-02,1124.053955078125,0.029934786740151598
2021-03-03,1157.7022705078125,-0.009824547862550603
2021-03-04,1146.328369140625,-0.010260552915952625
2021-03-05,1134.56640625,0.014468009013630656
2021-03-08,1150.9813232421875,0.007336746337486488
2021-03-09,1159.42578125,0.016796034034897378
2021-03-10,1178.8995361328125,0.004897103767054656
2021-03-12,1184.6727294921875,-0.0009093401755557728
2021-03-15,1183.595458984375,0.007571668110215146
2021-03-16,1192.5572509765625,0.0021675780641836617
2021-03-17,1195.1422119140625,-0.035977041255366715
2021-03-18,1152.14453125,0.005496924892099964
2021-03-19,1158.477783203125,0.019599167566713316
2021-03-22,1181.1829833984375,0.0005473194112057822
2021-03-23,1181.8294677734375,-0.012978091207944353
2021-03-24,1166.4915771484375,-0.014736865678467326
2021-03-25,1149.3011474609375,0.001799029747505898
2021-03-26,1151.3687744140625,0.03674623858130821
2021-03-30,1193.67724609375,-0.012451981898438658
2021-03-31,1178.8135986328125,0.012535880004651556
2021-04-01,1193.591064453125,0.01783143984525104
2021-04-05,1214.87451171875,0.0008157952592036111
2021-04-06,1215.8656005859375,0.013571281631979293
2021-04-07,1232.366455078125,0.006747331942224877
2021-04-08,1240.681640625,0.0008334592721679357
2021-04-09,1241.7156982421875,-0.010617436752461518
2021-04-12,1228.5318603515625,-0.020059552074679465
2021-04-13,1203.8880615234375,-0.026052977155012536
2021-04-15,1172.523193359375,-0.005144133817648777
2021-04-16,1166.4915771484375,0.006500382643223945
2021-04-19,1174.07421875,-0.008219886512977337
2021-04-20,1164.4234619140625,-0.00018482104490036289
2021-04-22,1164.208251953125,-0.01280449993991939
2021-04-23,1149.3011474609375,0.007309766518057481
2021-04-26,1157.7022705078125,0.0036844558729391963
2021-04-27,1161.9677734375,0.005561707098764135
2021-04-28,1168.4302978515625,0.0002580501998530327
2021-04-29,1168.7318115234375,-0.0014745801003127612
2021-04-30,1167.0084228515625,-0.0016981981317624184
2021-05-03,1165.026611328125,-0.016752274594720062
2021-05-04,1145.509765625,0.00910196657806206
2021-05-05,1155.9361572265625,0.014983163187558546
2021-05-06,1173.2557373046875,-0.0066467519363383465
2021-05-07,1165.4573974609375,-0.009611385350210111
2021-05-10,1154.2557373046875,-0.00664416656981115
2021-05-11,1146.586669921875,-0.002743153879583571
2021-05-12,1143.44140625,-0.007987661459205153
2021-05-14,1134.3079833984375,0.009875432766506265
2021-05-17,1145.509765625,0.007973665006538733
2021-05-18,1154.6436767578125,-0.0022390692474902885
2021-05-19,1152.058349609375,0.0017204472887459854
2021-05-20,1154.0404052734375,0.01134907406986252
2021-05-21,1167.1376953125,-0.00476185396130524
2021-05-24,1161.5799560546875,0.01005163802038811
2021-05-25,1173.2557373046875,0.02618248436659676
2021-05-26,1203.9744873046875,0.003578337900421058
2021-05-27,1208.28271484375,0.0019969182437464816
2021-05-28,1210.695556640625,0.0026615196705632727
2021-05-31,1213.9178466796875,-0.004699522294674963
2021-06-01,1208.2130126953125,-0.006163564980524172
2021-06-02,1200.76611328125,0.007979016488903312
2021-06-03,1210.3470458984375,-0.0028785205044031814
2021-06-04,1206.863037109375,0.0028868303046278854
2021-06-07,1210.3470458984375,0.016766542315038047
2021-06-08,1230.640380859375,0.001663458450140709
2021-06-09,1232.6875,0.006358970174415557
2021-06-10,1240.526123046875,0.01586752722538698
2021-06-11,1260.210205078125,0.01029791618113074
2021-06-14,1273.187744140625,0.00827731359121997
2021-06-15,1283.726318359375,0.004545901471298963
2021-06-16,1289.56201171875,0.00992834973417489
2021-06-17,1302.365234375,0.0053499979754383364
2021-06-18,1309.3328857421875,-0.001995514660329434
2021-06-21,1306.7200927734375,0.007698429402322349
2021-06-22,1316.77978515625,-0.005754580024585065
2021-06-23,1309.2022705078125,0.03728844376006113
2021-06-24,1358.0203857421875,0.00962021871112051
2021-06-25,1371.0848388671875,-0.0015244044944380253
2021-06-28,1368.9947509765625,-0.005566837764900967
2021-06-29,1361.373779296875,0.011355967796632394
2021-06-30,1376.83349609375,-0.012904933230014626
2021-07-01,1359.0655517578125,0.004742458884094081
2021-07-02,1365.5108642578125,0.00711166774611538
2021-07-05,1375.221923828125,-0.010608284280821834
2021-07-06,1360.6331787109375,0.001536203874521025
2021-07-07,1362.723388671875,-0.002460534083162602
2021-07-08,1359.370361328125,0.001377519068402
2021-07-09,1361.242919921875,-0.009629548190874915
2021-07-12,1348.134765625,-0.0018734289998478815
2021-07-13,1345.609130859375,0.020680236192114343
2021-07-14,1373.4366455078125,0.002473248836812214
2021-07-15,1376.83349609375,-0.016036322304597395
2021-07-16,1354.754150390625,-0.008839854873057162
2021-07-19,1342.7783203125,0.005416162123046853
2021-07-20,1350.051025390625,0.025902250873402588
2021-07-22,1385.0203857421875,0.00015723482465812566
2021-07-23,1385.2381591796875,0.008456740475812685
2021-07-26,1396.9527587890625,-0.000841675742148329
2021-07-27,1395.7769775390625,0.001903061909420023
2021-07-28,1398.4332275390625,0.007100405771141904
2021-07-29,1408.3626708984375,-0.0040198288907454804
2021-07-30,1402.7012939453125,0.013070396658094507
2021-08-02,1421.03515625,0.014495340654507416
2021-08-03,1441.633544921875,-0.0035947075418831798
2021-08-04,1436.4512939453125,0.002607370917421248
2021-08-05,1440.1966552734375,-0.002025920973147244
2021-08-06,1437.2789306640625,0.00793846608033899
2021-08-09,1448.688720703125,0.008386911722599422
2021-08-10,1460.8387451171875,0.00017890581006008155
2021-08-11,1461.10009765625,0.007182940535027438
2021-08-12,1471.5950927734375,0.013375934764664255
2021-08-13,1491.279052734375,-0.004555456618795528
2021-08-16,1484.485595703125,0.021855032840480737
2021-08-17,1516.9290771484375,-0.004708014198157251
2021-08-18,1509.787353515625,-0.0002884822647281071
2021-08-20,1509.351806640625,0.0033468908441107725
2021-08-23,1514.4034423828125,-0.010294701923497795
2021-08-24,1498.8131103515625,0.00854224090236766
2021-08-25,1511.6163330078125,-0.004523158505328362
2021-08-26,1504.779052734375,-0.01093934932243057
2021-08-27,1488.3177490234375,-0.00629085621997949
2021-08-30,1478.9549560546875,0.004946763259497056
2021-08-31,1486.27099609375,-0.01681840267842094
2021-09-01,1461.2742919921875,0.0067648175023822255
2021-09-02,1471.1595458984375,0.0068381002940738345
2021-09-03,1481.219482421875,0.01749310829353523
2021-09-06,1507.130615234375,-0.013725037893594028
2021-09-07,1486.4451904296875,-0.007851631922222935
2021-09-08,1474.774169921875,-0.0009744771900491722
2021-09-09,1473.3370361328125,0.00017747100830467488
2021-09-13,1473.5985107421875,-0.0033986874611644513
2021-09-14,1468.5902099609375,0.015004707543398776
2021-09-15,1490.6259765625,-0.005375553344108108
2021-09-16,1482.613037109375,-0.006432717915328068
2021-09-17,1473.0758056640625,-0.002039869775164349
2021-09-20,1470.0709228515625,0.018129639226556638
2021-09-21,1496.7227783203125,-0.0009019543268076191
2021-09-22,1495.372802734375,0.014939722095193675
2021-09-23,1517.7132568359375,0.012223412860518312
2021-09-24,1536.264892578125,-0.024208344450993624
2021-09-27,1499.074462890625,-0.019783284249770605
2021-09-28,1469.4178466796875,0.0030527176347923124
2021-09-29,1473.903564453125,-0.010075600755262148
2021-09-30,1459.0531005859375,-0.005999215398404534
2021-10-01,1450.2999267578125,0.008167340116962851
2021-10-04,1462.14501953125,0.008369252285794548
2021-10-05,1474.382080078125,-0.011371620360688062
2021-10-06,1457.615966796875,0.01042703204729345
2021-10-07,1472.8145751953125,0.01942637632542321
2021-10-08,1501.426025390625,-0.019085208869627723
2021-10-11,1472.77099609375,-0.0034300212019289233
2021-10-12,1467.7193603515625,0.014271733398028452
2021-10-13,1488.666259765625,0.003832177929036451
2021-10-14,1494.37109375,0.04452867074098377
2021-10-18,1560.9134521484375,0.016739653537267474
2021-10-19,1587.0426025390625,-0.010866273677985983
2021-10-20,1569.79736328125,-0.027020368933216576
2021-10-21,1527.380859375,-0.019302520143372526
2021-10-22,1497.8985595703125,-0.007122934677773252
2021-10-25,1487.2291259765625,0.006587744403626639
2021-10-26,1497.026611328125,0.014820556568758247
2021-10-27,1519.21337890625,-0.014488490362219109
2021-10-28,1497.2022705078125,-0.021216003383915716
2021-10-29,1465.4376220703125,0.0193674814335687
2021-11-01,1493.8194580078125,-0.0012647326398346204
2021-11-02,1491.93017578125,0.002709073194232081
2021-11-03,1495.971923828125,0.003641778271435525
2021-11-04,1501.419921875,0.016854975823666907
2021-11-08,1526.726318359375,0.0028778417617991714
2021-11-09,1531.1199951171875,-0.0013488071173134442
2021-11-10,1529.0548095703125,-0.003936367003174235
2021-11-11,1523.035888671875,0.02705809464193676
2021-11-12,1564.246337890625,0.003904152124976523
2021-11-15,1570.3533935546875,0.002881688015742734
2021-11-16,1574.878662109375,-0.0027060616494046785
2021-11-17,1570.616943359375,-0.00450355784567269
2021-11-18,1563.5435791015625,-0.011239758695539948
2021-11-22,1545.9697265625,-0.012788497435051949
2021-11-23,1526.1990966796875,-0.023547618767677747
2021-11-24,1490.2607421875,0.015565992606946022
2021-11-25,1513.4581298828125,-0.01785300488802899
2021-11-26,1486.4383544921875,0.0027782926414048337
2021-11-29,1490.568115234375,0.00960884087721503
2021-11-30,1504.8907470703125,0.001313831489369921
2021-12-01,1506.867919921875,0.019447173107634885
2021-12-02,1536.1722412109375,-0.007264355817949042
2021-12-03,1525.012939453125,-0.023191481629654453
2021-12-06,1489.6456298828125,0.009644373756112934
2021-12-07,1504.0123291015625,0.0243623237938817
2021-12-08,1540.653564453125,0.005760304583602327
2021-12-09,1549.5281982421875,-0.0023817261034675408
2021-12-10,1545.837646484375,-0.008298889201423076
2021-12-13,1533.0089111328125,0.0042990318279967354
2021-12-14,1539.599365234375,-0.010244760750493298
2021-12-15,1523.8265380859375,0.021566127303868754
2021-12-16,1556.6895751953125,0.027799784526851168
2021-12-17,1599.9652099609375,-0.01205485806537998
2021-12-20,1580.6778564453125,0.007059974841131522
2021-12-21,1591.83740234375,0.007231104238757169
2021-12-22,1603.34814453125,0.01803035457113822
2021-12-23,1632.257080078125,0.003176244909864012
2021-12-24,1637.4415283203125,0.001422030143162445
2021-12-27,1639.77001953125,0.011708482605071957
2021-12-28,1658.96923828125,-0.001297545392014099
2021-12-29,1656.816650390625,0.003871390699025312
2021-12-30,1663.2308349609375,-0.0026943483417879444
2021-12-31,1658.74951171875,0.005668038122891739
2022-01-03,1668.1513671875,0.00036895843370787773
2022-01-04,1668.766845703125,-0.028697114919690847
2022-01-05,1620.8780517578125,-0.014555551179136539
2022-01-06,1597.2852783203125,-0.001925340090811134
2022-01-07,1594.2099609375,0.020090326260007174
2022-01-10,1626.2381591796875,0.0026205243405659218
2022-01-11,1630.499755859375,0.011775126461269103
2022-01-12,1649.6990966796875,0.01030646347008557
2022-01-13,1666.70166015625,0.01716065043556214
2022-01-14,1695.3033447265625,0.005260829101539688
2022-01-17,1704.2220458984375,-0.009667439701791847
2022-01-18,1687.74658203125,-0.027957792625788236
2022-01-19,1640.5609130859375,-0.02321854090282549
2022-01-20,1602.469482421875,-0.020836751748057325
2022-01-21,1569.0792236328125,-0.02738422441069821
2022-01-24,1526.1112060546875,-0.008435035850142159
2022-01-25,1513.2384033203125,-0.0252881288827147
2022-01-27,1474.971435546875,0.004527613501519312
2022-01-28,1481.6495361328125,0.029652388888710357
2022-01-31,1525.583984375,0.02064855095192808
2022-02-01,1557.0850830078125,0.008492791542189071
2022-02-02,1570.30908203125,-0.027166648061733967
2022-02-03,1527.6490478515625,0.0014666186050886765
2022-02-04,1529.8895263671875,-0.014990518920070528
2022-02-07,1506.9556884765625,0.0013411118251214216
2022-02-08,1508.9766845703125,0.011646205483994532
2022-02-09,1526.550537109375,0.018592136485204636
2022-02-10,1554.932373046875,-0.02726611998769668
2022-02-11,1512.535400390625,-0.022743689011669233
2022-02-14,1478.134765625,0.033319431689801116
2022-02-15,1527.3853759765625,-0.0028476685537902613
2022-02-16,1523.035888671875,-0.0049040171647813935
2022-02-17,1515.56689453125,-0.010348979229551691
2022-02-18,1499.88232421875,0.013913851965600132
2022-02-21,1520.75146484375,0.0021087661289986848
2022-02-22,1523.9583740234375,0.004900968555062057
2022-02-23,1531.42724609375,-0.037123174198904874
2022-02-24,1474.5758056640625,0.009802623818009115
2022-02-25,1489.030517578125,0.012392301185639942
2022-02-28,1507.4830322265625,-0.007460827135074233
2022-03-02,1496.2359619140625,0.010600085745765764
2022-03-03,1512.09619140625,0.0014237401320664755
2022-03-04,1514.2490234375,0.009603596306182682
2022-03-07,1528.791259765625,0.02204216943373205
2022-03-08,1562.4891357421875,0.019767090568051593
2022-03-09,1593.375,0.006920975891386183
2022-03-10,1604.4027099609375,-0.002136074691322931
2022-03-11,1600.9755859375,0.03770596724775355
2022-03-14,1661.3419189453125,-0.02718580472637444
2022-03-15,1616.177001953125,0.027238638394371018
2022-03-16,1660.199462890625,-0.018418564693242545
2022-03-17,1629.6209716796875,-0.000835664507217504
2022-03-21,1628.2591552734375,0.01853689029192429
2022-03-22,1658.4420166015625,-0.007947397448703875
2022-03-23,1645.26171875,0.00763734398260163
2022-03-24,1657.8271484375,-0.005379826992574888
2022-03-25,1648.9083251953125,-0.0014121410968446213
2022-03-28,1646.579833984375,0.006457143424810408
2022-03-29,1657.2120361328125,0.009517393383162487
2022-03-30,1672.984375,0.001523229912861579
2022-03-31,1675.53271484375,-0.0017306616861300084
2022-04-01,1672.6329345703125,-0.010821904701643348
2022-04-04,1654.5318603515625,-0.011604092541459443
2022-04-05,1635.33251953125,-0.017328518993264264
2022-04-06,1606.99462890625,-0.009760112423563339
2022-04-07,1591.3101806640625,0.0019878010247458278
2022-04-08,1594.473388671875,-0.026479632482989124
2022-04-11,1552.2523193359375,-0.013642442925087317
2022-04-12,1531.0758056640625,0.0035008765745274673
2022-04-13,1536.4359130859375,-0.0727173746629618
2022-04-18,1424.7103271484375,-0.0366349656295778
2022-04-19,1372.51611328125,0.016453195100666562
2022-04-20,1395.098388671875,0.019588234686768624
2022-04-21,1422.4259033203125,-0.020601907931791175
2022-04-22,1393.1212158203125,-0.015358491415821462
2022-04-25,1371.7249755859375,0.012747603467100355
2022-04-26,1389.211181640625,-0.017836866800498896
2022-04-27,1364.4320068359375,0.01919108932672975
2022-04-28,1390.616943359375,-0.009509623212353602
2022-04-29,1377.3927001953125,-0.016937146217772092
2022-05-02,1354.0635986328125,-0.0035367175031680853
2022-05-04,1349.274658203125,0.032301155007871785
2022-05-05,1392.8577880859375,-0.026685208992478837
2022-05-06,1355.6890869140625,0.017824101899862388
2022-05-09,1379.85302734375,-0.01104845150585343
2022-05-10,1364.6077880859375,-0.016902696847542753
2022-05-11,1341.542236328125,-0.011757143868459718
2022-05-12,1325.76953125,-0.0029161093056214726
2022-05-13,1321.9034423828125,-0.01017016016111505
2022-05-16,1308.45947265625,0.019709764994542356
2022-05-17,1334.2489013671875,-0.006091672707288054
2022-05-18,1326.12109375,-0.054366588411338235
2022-05-19,1254.0244140625,0.019619451749484762
2022-05-20,1278.627685546875,0.009105717322744677
2022-05-23,1290.2705078125,-0.018659880854078437
2022-05-24,1266.1942138671875,-0.02120053452040238
2022-05-25,1239.3502197265625,0.009571390312995698
2022-05-26,1251.2125244140625,0.02626514729413354
2022-05-27,1284.0758056640625,0.04478727319101572
2022-05-30,1341.5860595703125,-0.004765759685860349
2022-05-31,1335.1923828125,-0.01665987681725989
2022-06-01,1312.9482421875,0.019918234769524368
2022-06-02,1339.099853515625,0.009084763351664193
2022-06-03,1351.2652587890625,0.005487297829679827
2022-06-06,1358.6800537109375,-0.015261034578830546
2022-06-07,1337.9451904296875,-0.0044468076895038955
2022-06-08,1331.99560546875,0.010000084313106727
2022-06-09,1345.315673828125,-0.025214534736325622
2022-06-10,1311.3941650390625,-0.03541432462488625
2022-06-13,1264.9520263671875,0.011267082892359781
2022-06-14,1279.204345703125,-0.012738421347650908
2022-06-15,1262.9093017578125,-0.017578227510360978
2022-06-16,1240.7095947265625,-0.007085670815306644
2022-06-17,1231.9183349609375,0.01935418343964823
2022-06-20,1255.7611083984375,0.025280166264953774
2022-06-21,1287.5069580078125,-0.008724827696907411
2022-06-22,1276.273681640625,0.010575851291324545
2022-06-23,1289.7713623046875,-0.00781435814604603
2022-06-24,1279.692626953125,0.023246243862347082
2022-06-27,1309.440673828125,0.003763702186029283
2022-06-28,1314.3690185546875,-0.011417706797918203
2022-06-29,1299.3619384765625,-0.000922647111295305
2022-06-30,1298.1630859375,0.011970602992961155
2022-07-01,1313.702880859375,0.005813310606146427
2022-07-04,1321.33984375,-0.008098265994211595
2022-07-05,1310.6392822265625,0.010637290198520777
2022-07-06,1324.5809326171875,0.004726214723535627
2022-07-07,1330.8411865234375,0.010509297575335586
2022-07-08,1344.827392578125,-0.027270740229536128
2022-07-11,1308.1529541015625,-0.023453235973423525
2022-07-12,1277.4725341796875,0.004066581589872165
2022-07-13,1282.66748046875,-0.010800075221658378
2022-07-14,1268.8145751953125,0.0010498234147373608
2022-07-15,1270.1466064453125,0.04163328140657985
2022-07-18,1323.0269775390625,-0.003859299256880999
2022-07-19,1317.9210205078125,0.020988367521089568
2022-07-20,1345.58203125,0.011614887696715925
2022-07-21,1361.2108154296875,-0.01735264310348117
2022-07-22,1337.5902099609375,-0.0017926470533210503
2022-07-25,1335.1923828125,-0.03488294275242698
2022-07-26,1288.616943359375,0.01371335736310364
2022-07-27,1306.2882080078125,0.031508030987057234
2022-07-28,1347.44677734375,0.021286370236533125
2022-07-29,1376.1290283203125,0.000871266127449255
2022-08-01,1377.3280029296875,-0.004803302221531691
2022-08-02,1370.7122802734375,0.014576348921864435
2022-08-03,1390.6922607421875,0.02158234797456693
2022-08-04,1420.7066650390625,0.010469368331413209
2022-08-05,1435.58056640625,0.001701065519210676
2022-08-08,1438.0225830078125,-0.010466728255463464
2022-08-10,1422.97119140625,0.010920581488515824
2022-08-11,1438.5108642578125,-0.015957273931264893
2022-08-12,1415.55615234375,0.0014741852442465841
2022-08-16,1417.6429443359375,0.006138721095609867
2022-08-17,1426.345458984375,-0.014505989153949517
2022-08-18,1405.6549072265625,0.008939025846441018
2022-08-19,1418.2200927734375,-0.013430642760550615
2022-08-22,1399.1724853515625,-0.021102299498491628
2022-08-23,1369.646728515625,-0.003176874882020231
2022-08-24,1365.2955322265625,-0.012585362547689827
2022-08-25,1348.11279296875,0.00223954928312331
2022-08-26,1351.1319580078125,-0.039301898283530146
2022-08-29,1298.0299072265625,0.02134413245132505
2022-08-30,1325.7352294921875,-0.019257076819199415
2022-09-01,1300.2054443359375,-0.007649313232969246
2022-09-02,1290.259765625,0.005712497332023503
2022-09-05,1297.63037109375,-0.004242916494045068
2022-09-06,1292.1246337890625,0.0017524658517149572
2022-09-07,1294.3890380859375,0.012520140498989196
2022-09-08,1310.594970703125,0.024222471716295102
2022-09-09,1342.3408203125,0.016240505122741444
2022-09-12,1364.14111328125,0.005695905984799632
2022-09-13,1371.9111328125,-0.04501758922921306
2022-09-14,1310.1510009765625,-0.028873475845954566
2022-09-15,1272.3223876953125,-0.03890983908934831
2022-09-16,1222.8165283203125,0.009621941532624634
2022-09-19,1234.5823974609375,-0.0012585899580360715
2022-09-20,1233.028564453125,-0.00813812930837332
2022-09-21,1222.9940185546875,-0.0067526273442630735
2022-09-22,1214.735595703125,-0.001827634574380288
2022-09-23,1212.5155029296875,0.010839101102827042
2022-09-26,1225.6580810546875,0.009635886971195218
2022-09-27,1237.4683837890625,0.0008252657181009315
2022-09-28,1238.4896240234375,0.002832133827637584
2022-09-29,1241.9971923828125,0.010581514994288055
2022-09-30,1255.139404296875,-0.013937422523137788
2022-10-03,1237.64599609375,0.02557848091627446
2022-10-04,1269.3031005859375,0.018014583582376398
2022-10-06,1292.1690673828125,-0.002714386513033129
2022-10-07,1288.66162109375,0.007889858929614135
2022-10-10,1298.8289794921875,-0.02656116673607456
2022-10-11,1264.33056640625,0.0034412124437455116
2022-10-12,1268.681396484375,-0.006159315495623097
2022-10-13,1260.8671875,0.038277382257994486
2022-10-14,1309.1298828125,0.010649461526583526
2022-10-17,1323.0714111328125,0.009228312768409852
2022-10-18,1335.2811279296875,-0.012136628166086405
2022-10-19,1319.0753173828125,0.010400833251202002
2022-10-20,1332.7947998046875,-0.00026652610696487056
2022-10-21,1332.4395751953125,0.011562804473885135
2022-10-24,1347.8463134765625,0.005567149632973001
2022-10-25,1355.3499755859375,0.00937203881428017
2022-10-27,1368.0523681640625,-0.0070211834745609325
2022-10-28,1358.447021484375,0.01612415371916076
2022-10-31,1380.350830078125,0.022989813964372052
2022-11-01,1412.0848388671875,-0.012523817192881759
2022-11-02,1394.400146484375,-0.014517558811113718
2022-11-03,1374.1568603515625,-0.010942345417240484
2022-11-04,1359.120361328125,-0.0043262414277674965
2022-11-07,1353.240478515625,0.0024876088627685533
2022-11-09,1356.6068115234375,-0.006121031486262085
2022-11-10,1348.302978515625,0.04537433032589977
2022-11-11,1409.4813232421875,0.009680879984888868
2022-11-14,1423.1263427734375,0.005487958699808448
2022-11-15,1430.9364013671875,0.005520706766485084
2022-11-16,1438.836181640625,-0.009608171616294792
2022-11-17,1425.0115966796875,0.0037797800953340843
2022-11-18,1430.3978271484375,-0.015815229779534867
2022-11-21,1407.7757568359375,0.01074493914978869
2022-11-22,1422.9022216796875,-0.001198824853095859
2022-11-23,1421.1964111328125,0.029466672839484342
2022-11-24,1463.0743408203125,0.0035893356183156477
2022-11-25,1468.3258056640625,-0.007489363824741635
2022-11-28,1457.3289794921875,0.0034802707456143
2022-11-29,1462.40087890625,0.003621873410891485
2022-11-30,1467.697509765625,0.013547690174924298
2022-12-01,1487.5814208984375,-0.011586402956705322
2022-12-02,1470.345703125,0.0011294245480641951
2022-12-05,1472.00634765625,-0.016374517401412936
2022-12-06,1447.9029541015625,-0.004587976229428636
2022-12-07,1441.260009765625,0.009124909522493896
2022-12-08,1454.411376953125,-0.03138602604649887
2022-12-09,1408.76318359375,-0.01408281796386801
2022-12-12,1388.923828125,0.016126117764849957
2022-12-13,1411.32177734375,0.004611406707821564
2022-12-14,1417.8299560546875,-0.024629563000441723
2022-12-15,1382.909423828125,-0.01187919914511637
2022-12-16,1366.4815673828125,-0.009755572899828535
2022-12-19,1353.1507568359375,-3.319798239265204e-05
2022-12-20,1353.1058349609375,0.0014927860103388646
2022-12-21,1355.125732421875,0.008280463625971679
2022-12-22,1366.3468017578125,-0.016392311951107796
2022-12-23,1343.94921875,0.0035402636527723796
2022-12-26,1348.7071533203125,0.008286654003232474
2022-12-27,1359.8834228515625,-0.003102557278101381
2022-12-28,1355.664306640625,0.004900139587210139
2022-12-29,1362.3072509765625,-0.006161368334342776
2022-12-30,1353.91357421875,0.010476086576277188
2023-01-02,1368.0972900390625,-0.0009513312257477535
2023-01-03,1366.7957763671875,-0.01822602565324294
2023-01-04,1341.884521484375,-0.013112134778678008
2023-01-05,1324.28955078125,-0.01809923510726752
2023-01-06,1300.3209228515625,0.02481865532556604
2023-01-09,1332.5931396484375,-0.00990262263819619
2023-01-10,1319.39697265625,0.0010205856501828148
2023-01-11,1320.7435302734375,0.006355081380144956
2023-01-12,1329.136962890625,0.015568284827094159
2023-01-13,1349.829345703125,0.014531278458413288
2023-01-16,1369.444091796875,0.009177174174839653
2023-01-17,1382.01171875,0.0038324630082391398
2023-01-18,1387.3082275390625,-0.0042061345577658615
2023-01-19,1381.4730224609375,-0.008674893149941187
2023-01-20,1369.4888916015625,0.01471594288649647
2023-01-23,1389.6422119140625,0.002519424498475864
2023-01-24,1393.143310546875,-0.005734962055196746
2023-01-25,1385.1536865234375,-0.015456881397570288
2023-01-27,1363.7435302734375,0.01293490468445202
2023-01-30,1381.3834228515625,-0.0032818167574840684
2023-01-31,1376.8499755859375,0.011312194929496089
2023-02-01,1392.4251708984375,0.02104955952823362
2023-02-02,1421.735107421875,0.00988163842356049
2023-02-03,1435.7841796875,-0.01847577237232212
2023-02-06,1409.2569580078125,-0.004745495157793211
2023-02-07,1402.5693359375,0.017984920253079073
2023-02-08,1427.79443359375,0.016661491325775213
2023-02-09,1451.5836181640625,-0.005225721201412181
2023-02-10,1443.998046875,-0.02555102478335025
2023-02-13,1407.1024169921875,0.016459814333030565
2023-02-14,1430.2630615234375,0.002385224868916014
2023-02-15,1433.674560546875,0.0029741170925139393
2023-02-16,1437.9384765625,-0.011237316199066982
2023-02-17,1421.7799072265625,0.005461474458156257
2023-02-20,1429.544921875,-0.00813204390601796
2023-02-21,1417.9197998046875,-0.011206051448573562
2023-02-22,1402.030517578125,-0.007107262990671437
2023-02-23,1392.06591796875,-3.2269933787021365e-05
2023-02-24,1392.02099609375,-0.02666608555526595
2023-02-27,1354.9012451171875,-0.01441075248453716
2023-02-28,1335.3760986328125,0.005714115425515587
2023-03-01,1343.006591796875,-0.015975498799753907
2023-03-02,1321.5513916015625,0.00485694405277437
2023-03-03,1327.9700927734375,0.019029333476487276
2023-03-06,1353.240478515625,-0.009784907574104662
2023-03-08,1339.9991455078125,-0.008240115737305653
2023-03-09,1328.9573974609375,-0.005977962892558475
2023-03-10,1321.012939453125,-0.024769865986406292
2023-03-13,1288.2916259765625,-0.010521917226068433
2023-03-14,1274.736328125,-0.0002465851547118758
2023-03-15,1274.4219970703125,-0.010953380079530173
2023-03-16,1260.4627685546875,0.011822624127287629
2023-03-17,1275.36474609375,-0.012001009208839175
2023-03-20,1260.05908203125,-0.009226048505755036
2023-03-21,1248.4337158203125,-0.0010427127976471162
2023-03-22,1247.1319580078125,-0.010581113600003134
2023-03-23,1233.9359130859375,0.004437694065026809
2023-03-24,1239.4117431640625,0.006011763117288238
2023-03-27,1246.86279296875,-0.008171778780728944
2023-03-28,1236.6737060546875,0.004319191584579718
2023-03-29,1242.01513671875,0.03209132399267656
2023-03-31,1281.873046875,-0.011975217081937273
2023-04-03,1266.5223388671875,0.009001719556283039
2023-04-05,1277.9232177734375,-0.0011590689888675287
2023-04-06,1276.4420166015625,0.004008755033776179
2023-04-10,1281.5589599609375,-0.01502514970904023
2023-04-11,1262.3033447265625,0.015752182933043146
2023-04-12,1282.1873779296875,-0.02737536057604195
2023-04-13,1247.0870361328125,-0.0942268099967728
2023-04-17,1129.5780029296875,0.0008344947853802243
2023-04-18,1130.5206298828125,-0.021558919041487545
2023-04-19,1106.1478271484375,-0.0071414832076982515
2023-04-20,1098.248291015625,0.003228685595513925
2023-04-21,1101.794189453125,-0.000855427349167881
2023-04-24,1100.8516845703125,-0.0011416941583648477
2023-04-25,1099.5948486328125,0.0021634388820190864
2023-04-26,1101.9737548828125,0.015233452847668083
2023-04-27,1118.7606201171875,0.005215885367708228
2023-04-28,1124.595947265625,0.01971639119518831
2023-05-02,1146.7689208984375,-0.006497109799516343
2023-05-03,1139.3182373046875,0.0034668356673608347
2023-05-04,1143.26806640625,-0.01134646044930987
2023-05-05,1130.2960205078125,0.005162545892626769
2023-05-08,1136.1312255859375,0.004029789022182539
2023-05-09,1140.7095947265625,-0.0058628999368947055
2023-05-10,1134.021728515625,-0.005660014213276221
2023-05-11,1127.6031494140625,-0.00867772867144978
2023-05-12,1117.818115234375,0.010560472530475096
2023-05-15,1129.622802734375,0.0047286162437985
2023-05-16,1134.96435546875,-0.013762757554937721
2023-05-17,1119.3441162109375,-0.0007217274084216907
2023-05-18,1118.5362548828125,0.018378816920001206
2023-05-19,1139.0936279296875,0.018835433488132436
2023-05-22,1160.5489501953125,0.005607845071801787
2023-05-23,1167.05712890625,-0.0010768229215696312
2023-05-24,1165.8004150390625,0.004389001026885442
2023-05-25,1170.9171142578125,0.010043313529298326
2023-05-26,1182.677001953125,-0.0023149118180438855
2023-05-29,1179.939208984375,0.007189484197390739
2023-05-30,1188.42236328125,-0.004192159132976103
2023-05-31,1183.4403076171875,0.0009100808551603112
2023-06-01,1184.517333984375,-0.002304101399423719
2023-06-02,1181.7880859375,0.004233872467154898
2023-06-05,1186.7916259765625,-0.019547639283589935
2023-06-06,1163.5926513671875,0.00777956622802134
2023-06-07,1172.6448974609375,-0.004771136296185419
2023-06-08,1167.050048828125,-0.013135436590277827
2023-06-09,1151.7203369140625,0.020537911770700523
2023-06-12,1175.374267578125,0.00998476839886231
2023-06-13,1187.110107421875,-0.0034102479782115447
2023-06-14,1183.061767578125,-0.010458289730470804
2023-06-15,1170.68896484375,0.003769127170790698
2023-06-16,1175.1014404296875,0.0018192619881656213
2023-06-19,1177.2392578125,0.00726424790521385
2023-06-20,1185.791015625,-0.0031071649166152238
2023-06-21,1182.1065673828125,-0.013699143633135624
2023-06-22,1165.9127197265625,-0.012914037534929035
2023-06-23,1150.8560791015625,0.0042291886782226396
2023-06-26,1155.7232666015625,0.006927353413215487
2023-06-27,1163.7293701171875,0.01110101663951446
2023-06-28,1176.64794921875,0.032589764604579186
2023-06-30,1214.99462890625,-0.0013479033351565528
2023-07-03,1213.35693359375,0.008585165526136196
2023-07-04,1223.7738037109375,0.00159847902601018
2023-07-05,1225.72998046875,-0.0025237073730378645
2023-07-06,1222.6365966796875,-0.01019425332216306
2023-07-07,1210.1727294921875,-0.0007891072335501903
2023-07-10,1209.2177734375,0.014633281620107352
2023-07-11,1226.91259765625,-0.011344990303325031
2023-07-12,1212.9932861328125,0.023850436974889755
2023-07-13,1241.9237060546875,0.04457540560647755
2023-07-14,1297.282958984375,-0.002103818621815301
2023-07-17,1294.5537109375,0.03671962164205067
2023-07-18,1342.0892333984375,-0.00016954093426690964
2023-07-19,1341.8616943359375,-0.017254897893851706
2023-07-20,1318.7080078125,-0.08133839791995745
2023-07-21,1211.4464111328125,0.0037548735818586643
2023-07-24,1215.9952392578125,-0.0014963710542449382
2023-07-25,1214.1756591796875,0.010677395235543008
2023-07-26,1227.139892578125,0.003187989730152996
2023-07-27,1231.052001953125,-0.00934864406534286
2023-07-28,1219.5433349609375,0.011339073253498144
2023-07-31,1233.371826171875,0.007007475022719145
2023-08-01,1242.0146484375,-0.0061163188588349016
2023-08-02,1234.4180908203125,0.005490611334473705
2023-08-03,1241.19580078125,0.010298512688392325
2023-08-04,1253.978271484375,0.010628673002621492
2023-08-07,1267.306396484375,-0.0020102537389081743
2023-08-08,1264.7587890625,0.003021261465215863
2023-08-09,1268.5799560546875,-0.003801021284506767
2023-08-10,1263.758056640625,-0.012418105952202274
2023-08-11,1248.0645751953125,0.015818242014368877
2023-08-14,1267.8067626953125,0.017903646616899804
2023-08-16,1290.505126953125,-0.004899251954583406
2023-08-17,1284.1826171875,-0.01611707349717073
2023-08-18,1263.4853515625,0.011952691626043732
2023-08-21,1278.58740234375,-0.0011740289557529149
2023-08-22,1277.0863037109375,0.0029919065300909597
2023-08-23,1280.9072265625,0.011115492788085879
2023-08-24,1295.1451416015625,-0.002458475061190901
2023-08-25,1291.9610595703125,-0.0031336733830983343
2023-08-28,1287.9124755859375,0.001412718676387259
2023-08-29,1289.73193359375,0.012344441579770438
2023-08-30,1305.6529541015625,0.00020895839708434671
2023-08-31,1305.92578125,0.005851856172435221
2023-09-01,1313.56787109375,0.014717657174017962
2023-09-04,1332.9005126953125,0.009419256366881568
2023-09-05,1345.4554443359375,-0.0009806775938713264
2023-09-06,1344.135986328125,-0.007614455222800243
2023-09-07,1333.901123046875,0.0023190502921210943
2023-09-08,1336.9945068359375,0.004660968628713791
2023-09-11,1343.2261962890625,0.016695552381474243
2023-09-12,1365.652099609375,-0.0018319680798668525
2023-09-13,1363.1502685546875,0.0057396273836123335
2023-09-14,1370.9742431640625,0.003085739043672042
2023-09-15,1375.2047119140625,-0.013098813324756264
2023-09-18,1357.191162109375,-0.0010389355744816475
2023-09-20,1355.7811279296875,0.007716971566080977
2023-09-21,1366.24365234375,-0.0037290922626227463
2023-09-22,1361.1488037109375,-0.014704411834736808
2023-09-25,1341.1339111328125,-0.009157727039260433
2023-09-26,1328.8521728515625,0.004347252152475001
2023-09-27,1334.6290283203125,-0.018779815500946095
2023-09-28,1309.56494140625,-0.00277890774346945
2023-09-29,1305.92578125,-0.0010100817487593838
2023-10-03,1304.606689453125,0.007217512911072976
2023-10-04,1314.022705078125,0.013223962452786786
2023-10-05,1331.3992919921875,0.010420633029434967
2023-10-06,1345.2733154296875,-0.0021979080945574436
2023-10-09,1342.3165283203125,0.013351906926147628
2023-10-10,1360.239013671875,-0.0005015669817621804
2023-10-11,1359.5567626953125,-0.019338829425555426
2023-10-12,1333.2645263671875,-0.023439167347167444
2023-10-13,1302.013916015625,0.0020961742522898064
2023-10-16,1304.7431640625,0.005787458918294686
2023-10-17,1312.2943115234375,-0.0013171707061606641
2023-10-18,1310.5657958984375,-0.004789889862804708
2023-10-19,1304.288330078125,-0.004464221370123478
2023-10-20,1298.4656982421875,-0.013032019931125571
2023-10-23,1281.5440673828125,-0.014813101680454577
2023-10-25,1262.5604248046875,-0.007737002067602972
2023-10-26,1252.7919921875,0.01537376671949131
2023-10-27,1272.0521240234375,-0.0023906375906841415
2023-10-30,1269.0111083984375,-0.006281515917242686
2023-10-31,1261.039794921875,-0.010413692042873679
2023-11-01,1247.90771484375,0.011815578028066431
2023-11-02,1262.6524658203125,0.013794164902540595
2023-11-03,1280.0697021484375,0.010258783553561246
2023-11-06,1293.20166015625,0.0007125793427693594
2023-11-07,1294.1231689453125,-0.009470962340365152
2023-11-08,1281.8665771484375,-0.01164626283597714
2023-11-09,1266.9376220703125,-0.0043278802376355285
2023-11-10,1261.4544677734375,0.003433478471448481
2023-11-13,1265.78564453125,0.02690109935891627
2023-11-15,1299.836669921875,0.02438848706014185
2023-11-16,1331.5377197265625,-0.005086837067656225
2023-11-17,1324.764404296875,-0.0006607712345668704
2023-11-20,1323.8890380859375,0.0016705855689178595
2023-11-21,1326.1007080078125,0.013064581797789687
2023-11-22,1343.4256591796875,-0.00586496940622383
2023-11-23,1335.5465087890625,-0.008176552402900827
2023-11-24,1324.6263427734375,0.003687010423321979
2023-11-28,1329.51025390625,0.011714252450660823
2023-11-29,1345.08447265625,-0.0030486620663418007
2023-11-30,1340.9837646484375,-0.001958701502065563
2023-12-01,1338.357177734375,0.00829719782024907
2023-12-04,1349.4617919921875,-0.007102079089509661
2023-12-05,1339.8778076171875,0.013996364341686274
2023-12-06,1358.6312255859375,-0.005697711580159637
2023-12-07,1350.89013671875,0.017224970659175387
2023-12-08,1374.1591796875,-0.0017771876125954877
2023-12-11,1371.717041015625,-0.008363986243433152
2023-12-12,1360.2440185546875,-0.018325928315043538
2023-12-13,1335.3162841796875,0.036197113222696586
2023-12-14,1383.65087890625,0.05125061888678362
2023-12-15,1454.5638427734375,-0.008901468279015057
2023-12-18,1441.6160888671875,-0.003867407852803262
2023-12-19,1436.040771484375,-0.01405375327502123
2023-12-20,1415.8590087890625,-0.00026037362580710877
2023-12-21,1415.4903564453125,0.017513048159157663
2023-12-22,1440.2799072265625,-0.012124820097818678
2023-12-26,1422.8167724609375,0.0149937605715309
2023-12-27,1444.150146484375,-0.002839445709632349
2023-12-28,1440.049560546875,-0.0126388438440449
2023-12-29,1421.8489990234375,0.005476748501668238
2024-01-01,1429.6361083984375,-0.010926024577898485
2024-01-02,1414.015869140625,-0.028936296069155598
2024-01-03,1373.0994873046875,0.015234746961598544
2024-01-04,1394.018310546875,0.01312238622784756
2024-01-05,1412.3111572265625,-0.006361988557478826
2024-01-08,1403.3260498046875,0.004268423746006
2024-01-09,1409.3160400390625,-0.006146581277608587
2024-01-10,1400.653564453125,-0.016909046191989408
2024-01-11,1376.9698486328125,0.07934008248304081
2024-01-12,1486.21875,0.024399298765743538
2024-01-15,1522.4814453125,-0.012438655412595478
2024-01-16,1503.5438232421875,0.005301683498239118
2024-01-17,1511.51513671875,0.0014632946362607147
2024-01-18,1513.7269287109375,0.010105922760389907
2024-01-19,1529.0245361328125,-0.010276095623350523
2024-01-23,1513.3121337890625,0.020247876652620622
2024-01-24,1543.9534912109375,-0.0037603374491927966
2024-01-25,1538.147705078125,-0.00748898496615924
2024-01-29,1526.6285400390625,-0.003108792712316344
2024-01-30,1521.882568359375,0.005722186635686244
2024-01-31,1530.591064453125,-0.002317882009493566
2024-02-01,1527.0433349609375,0.02190624290791221
2024-02-02,1560.4951171875,-0.0036318476144703293
2024-02-05,1554.82763671875,0.025041555613548594
2024-02-06,1593.762939453125,-0.020642372235642137
2024-02-07,1560.8638916015625,-0.0009743014501825131
2024-02-08,1559.3431396484375,-0.013444820038360339
2024-02-09,1538.3780517578125,0.006439649993457586
2024-02-12,1548.28466796875,0.0026487068129517066
2024-02-13,1552.3856201171875,-0.010893169951772919
2024-02-14,1535.4752197265625,0.006091848123477517
2024-02-15,1544.8291015625,0.015092246373834106
2024-02-16,1568.14404296875,-0.0011165138177439138
2024-02-19,1566.3931884765625,-0.008530697692070821
2024-02-20,1553.03076171875,-0.017623601406901224
2024-02-21,1525.6607666015625,0.015583907875469816
2024-02-22,1549.4365234375,-0.0026763604208435154
2024-02-23,1545.2896728515625,-0.009959149263848666
2024-02-26,1529.89990234375,0.0020781237283511445
2024-02-27,1533.0792236328125,0.0045984607832558755
2024-02-28,1540.1290283203125,0.0015856714774984404
2024-02-29,1542.5711669921875,-0.011470202408959351
2024-03-01,1524.8775634765625,-0.010575980381365424
2024-03-04,1508.75048828125,-0.018751450279796744
2024-03-05,1480.459228515625,0.006878342390394643
2024-03-06,1490.642333984375,-0.0006800235387723896
2024-03-07,1489.628662109375,-0.009805591033970384
2024-03-11,1475.02197265625,0.0077159702003910535
2024-03-12,1486.4031982421875,-0.0009609402941621603
2024-03-13,1484.974853515625,0.026002156694243883
2024-03-14,1523.58740234375,-0.011673691082319748
2024-03-15,1505.801513671875,-0.019185967424494077
2024-03-18,1476.9112548828125,-0.025707387069704213
2024-03-19,1438.9437255859375,-0.004162853764311247
2024-03-20,1432.95361328125,-0.00016074957176037685
2024-03-21,1432.7232666015625,-0.029491340492937224
2024-03-22,1390.4703369140625,-0.010736446899422547
2024-03-26,1375.5416259765625,-0.005895671245266798
2024-03-27,1367.431884765625,0.009569807254096174
2024-03-28,1380.5179443359375,-0.0017357545001182029
2024-04-01,1378.1217041015625,-0.00842547366494728
2024-04-02,1366.5103759765625,-0.0014835025882907749
2024-04-03,1364.483154296875,0.004085849813998177
2024-04-04,1370.0582275390625,-0.005112033955131934
2024-04-05,1363.054443359375,-0.0016224941434561657
2024-04-08,1360.8428955078125,0.01229087663509909
2024-04-09,1377.56884765625,0.007994297585370624
2024-04-10,1388.58154296875,-0.014633775403814941
2024-04-12,1368.2613525390625,-0.011180325596047425
2024-04-15,1352.9637451171875,-0.03657687265884657
2024-04-16,1303.4765625,0.0033937749108454707
2024-04-18,1307.9002685546875,-0.00563675582181189
2024-04-19,1300.5279541015625,0.015234573173736443
2024-04-22,1320.3409423828125,0.0067353393736988565
2024-04-23,1329.23388671875,-0.00807689609153539
2024-04-24,1318.497802734375,0.005381934896835805
2024-04-25,1325.5938720703125,-0.00570056997411883
2024-04-26,1318.0372314453125,0.0031463243657408047
2024-04-29,1322.1842041015625,-0.009897212097532249
2024-04-30,1309.0982666015625,-0.00429433316427541
2024-05-02,1303.4765625,0.0013081939824388655
2024-05-03,1305.1817626953125,0.006778120826045564
2024-05-06,1314.0284423828125,0.01055467307834701
2024-05-07,1327.8975830078125,-0.009472853669704628
2024-05-08,1315.318603515625,0.008582758937512258
2024-05-09,1326.607666015625,-0.010176884068839653
2024-05-10,1313.10693359375,-0.0010176655661091605
2024-05-13,1311.7706298828125,0.0008780921317417256
2024-05-14,1312.9224853515625,-0.003334027244392357
2024-05-15,1308.545166015625,0.023522141960121257
2024-05-16,1339.324951171875,-0.006227083190922134
2024-05-17,1330.98486328125,-0.0070276063637967345
2024-05-21,1321.6312255859375,0.01439880267517557
2024-05-22,1340.6611328125,0.012097849198411836
2024-05-23,1356.8802490234375,-0.004957913512792844
2024-05-24,1350.1529541015625,0.004265828895073209
2024-05-27,1355.9124755859375,-0.002922404274177226
2024-05-28,1351.949951171875,-0.010974455119170168
2024-05-29,1337.113037109375,-0.01619618336569706
2024-05-30,1315.4569091796875,0.005323479293255051
2024-05-31,1322.459716796875,-0.0007106600858994838
2024-06-03,1321.5198974609375,-0.008713278195762397
2024-06-04,1310.005126953125,0.02615425415237782
2024-06-05,1344.267333984375,0.029473391330626875
2024-06-06,1383.887451171875,0.04167090801412665
2024-06-07,1441.5552978515625,-0.022072328056185975
2024-06-10,1409.73681640625,-0.0026669982519038626
2024-06-11,1405.97705078125,-0.007053278744034053
2024-06-12,1396.060302734375,0.005891474386540141
2024-06-13,1404.28515625,-0.0033803307120782167
2024-06-14,1399.5382080078125,0.006246131165788871
2024-06-18,1408.2799072265625,0.008777260671206433
2024-06-19,1420.6407470703125,0.002679781530825709
2024-06-20,1424.44775390625,0.0114159852930944
2024-06-21,1440.709228515625,-0.0036209074679575126
2024-06-24,1435.4925537109375,0.009691098004984022
2024-06-25,1449.404052734375,-0.0008105432610621133
2024-06-26,1448.229248046875,0.021191608758473368
2024-06-27,1478.9195556640625,-0.004194857927272033
2024-06-28,1472.7156982421875,0.015350341875290718
2024-07-01,1495.3223876953125,0.019015515587712084
2024-07-02,1523.7567138671875,0.003917208052960142
2024-07-03,1529.7255859375,0.014286623992380232
2024-07-04,1551.5802001953125,-0.0019386265498450017
2024-07-05,1548.572265625,0.008619409385409282
2024-07-08,1561.9200439453125,-0.0027081927049641408
2024-07-09,1557.6900634765625,-0.005370673488082067
2024-07-10,1549.32421875,0.002699797290653505
2024-07-11,1553.507080078125,0.035729389384056454
2024-07-12,1609.012939453125,-0.0027456116113501183
2024-07-15,1604.59521484375,0.011130295650522815
2024-07-16,1622.454833984375,0.01853940403953014
2024-07-18,1652.5341796875,0.019851583298615028
2024-07-19,1685.339599609375,0.009983484353739414
2024-07-22,1702.1651611328125,0.014385544261362293
2024-07-23,1726.6517333984375,-0.0016060397330992515
2024-07-24,1723.878662109375,-0.004961898494081685
2024-07-25,1715.324951171875,0.029618895381150923
2024-07-26,1766.1309814453125,-0.004151396049735467
2024-07-29,1758.799072265625,0.0032333935911803557
2024-07-30,1764.4859619140625,-0.004741236205408783
2024-07-31,1756.1201171875,-0.008376815011341465
2024-08-01,1741.409423828125,-0.016949203631162035
2024-08-02,1711.8939208984375,-0.038051788259060415
2024-08-05,1646.7532958984375,-0.00045662767268961346
2024-08-06,1646.0013427734375,0.02315685288158753
2024-08-07,1684.1175537109375,-0.027069956700681352
2024-08-08,1638.528564453125,0.01583340199746308
2024-08-09,1664.4720458984375,0.015050066536588247
2024-08-12,1689.5224609375,2.7816777461664444e-05
2024-08-13,1689.5694580078125,0.014353708158679535
2024-08-14,1713.821044921875,0.019580370468663677
2024-08-16,1747.3782958984375,0.003147013700701029
2024-08-19,1752.8773193359375,0.003968224398904319
2024-08-20,1759.8331298828125,0.0002669847639724665
2024-08-21,1760.302978515625,0.00403157970214707
2024-08-22,1767.3997802734375,-0.009652907658707854
2024-08-23,1750.3392333984375,0.007545272857612195
2024-08-26,1763.5460205078125,0.012765445817735088
2024-08-27,1786.0584716796875,0.0205252528621509
2024-08-28,1822.7177734375,-0.002965301214114646
2024-08-29,1817.3128662109375,0.005353443546692205
2024-08-30,1827.041748046875,0.01070118605268644
2024-09-02,1846.59326171875,-0.011835032998635864
2024-09-03,1824.73876953125,-0.009684538534919795
2024-09-04,1807.0670166015625,0.005565916098315471
2024-09-05,1817.125,-0.016191308170530383
2024-09-06,1787.703369140625,-0.0037856952736884386
2024-09-09,1780.9356689453125,0.009315720119196014
2024-09-10,1797.5263671875,-0.0011243206946177642
2024-09-11,1795.50537109375,0.021097738901526775
2024-09-12,1833.386474609375,-0.003255587451233777
2024-09-13,1827.417724609375,0.003163349923174019
2024-09-16,1833.198486328125,0.0011794191360754436
2024-09-17,1835.360595703125,-0.030933922454622342
2024-09-18,1778.585693359375,0.0010833775904117715
2024-09-19,1780.5125732421875,0.0060976450022929285
2024-09-20,1791.3695068359375,-0.004880033586602495
2024-09-23,1782.6275634765625,0.0011336490385553954
2024-09-24,1784.6484375,-0.0017380491168166312
2024-09-25,1781.546630859375,0.0026116813058132404
2024-09-26,1786.199462890625,0.003420662405571706
2024-09-27,1792.3094482421875,-0.01633675345897545
2024-09-30,1763.0289306640625,0.015328470034030373
2024-10-01,1790.053466796875,-0.005749953730596058
2024-10-03,1779.7607421875,0.01307164707334807
2024-10-04,1803.025146484375,0.008419552046792012
2024-10-07,1818.205810546875,0.007367029250993307
2024-10-08,1831.6005859375,0.0021554240629060306
2024-10-09,1835.5484619140625,-0.01728325011423626
2024-10-10,1803.82421875,0.008389768157495148
2024-10-11,1818.9578857421875,0.012299120395589558
2024-10-14,1841.3294677734375,0.00020425384994648965
2024-10-15,1841.70556640625,-0.020007221991122037
2024-10-16,1804.858154296875,0.024998650695774227
2024-10-17,1849.9771728515625,-0.04496716696976766
2024-10-18,1766.7889404296875,-0.01428496908322674
2024-10-21,1741.5504150390625,-0.0006207426889078826
2024-10-22,1740.4693603515625,0.01177366271740099
2024-10-23,1760.9610595703125,-0.005364557775090817
2024-10-24,1751.5142822265625,-0.0006977082121671918
2024-10-25,1750.292236328125,0.0017723044854256464
2024-10-28,1753.394287109375,-0.002738132219273881
2024-10-29,1748.59326171875,-0.02022517263458712
2024-10-30,1713.2276611328125,-0.024887563101359533
2024-10-31,1670.589599609375,0.00204859606575436
2024-11-01,1674.011962890625,0.001590257079407742
2024-11-04,1676.674072265625,-0.005358304877485898
2024-11-05,1667.68994140625,0.0396191810750568
2024-11-06,1733.762451171875,-0.011323044695825124
2024-11-07,1714.1309814453125,0.01491914243114012
2024-11-08,1739.704345703125,0.016475837407829985
2024-11-11,1768.367431640625,0.004677193181553019
2024-11-12,1776.638427734375,-0.00021402724240426885
2024-11-13,1776.2581787109375,-0.002060599238257299
2024-11-14,1772.5980224609375,-0.02847878914048174
2024-11-18,1722.1165771484375,0.007342223637379686
2024-11-19,1734.7607421875,0.005096628283686844
2024-11-21,1743.6021728515625,0.037185472082681637
2024-11-22,1808.4388427734375,-0.006597554825666374
2024-11-25,1796.507568359375,0.01823049414316369
2024-11-26,1829.2587890625,0.00018191175238002621
2024-11-27,1829.591552734375,-0.035255905151943434
2024-11-28,1765.087646484375,0.0006462835273843837
2024-11-29,1766.2283935546875,0.011814753848985449
2024-12-02,1787.095947265625,0.006543218562434561
2024-12-03,1798.789306640625,-0.001506207856548425
2024-12-04,1796.0799560546875,0.024136494632441607
2024-12-05,1839.4310302734375,-0.006434564441505919
2024-12-06,1827.5950927734375,0.0006502285418068521
2024-12-09,1828.783447265625,0.012944189305748255
2024-12-10,1852.45556640625,0.013137914228606551
2024-12-11,1876.79296875,0.006509140217999976
2024-12-12,1889.00927734375,0.006391567587072711
2024-12-13,1901.0830078125,-0.00982645582878594
2024-12-16,1882.402099609375,-0.0017424700586318176
2024-12-17,1879.1220703125,0.0012901324743883613
2024-12-18,1881.54638671875,-0.01664857877717041
2024-12-19,1850.2213134765625,-0.012357316049013134
2024-12-20,1827.3575439453125,0.001118458316468729
2024-12-23,1829.4013671875,-0.007924955706672732
2024-12-24,1814.9034423828125,-0.000864290341289764
2024-12-26,1813.3348388671875,0.004901971674011518
2024-12-27,1822.2237548828125,-0.005608448800772936
2024-12-30,1812.00390625,-0.013641193279194996
2024-12-31,1787.2860107421875,0.0013297865982782042
2025-01-01,1789.6627197265625,0.04002662316415817
2025-01-02,1861.296875,-0.009755607124568688
2025-01-03,1843.1387939453125,-0.0004642031425539095
2025-01-06,1842.283203125,-0.0036123149878770633
2025-01-07,1835.6282958984375,0.001191224559295767
2025-01-08,1837.81494140625,-0.008198995973532353
2025-01-09,1822.7467041015625,0.025895628706274598
2025-01-10,1869.9478759765625,-0.0024148400380634705
2025-01-13,1865.4322509765625,-0.011288265819444199
2025-01-14,1844.374755859375,0.004948270309358849
2025-01-15,1853.501220703125,-0.01087376732774925
2025-01-16,1833.3466796875,-0.058596319700087385
2025-01-17,1725.9193115234375,-0.001184193970448999
2025-01-20,1723.87548828125,-0.006948738378760866
2025-01-21,1711.896728515625,0.030960239329291595
2025-01-22,1764.8974609375,0.004847960027776876
2025-01-23,1773.45361328125,0.005360634113181328
2025-01-24,1782.96044921875,-0.028499839655068082
2025-01-27,1732.1463623046875,0.004253635883327833
2025-01-28,1739.5142822265625,0.028145835597937152
2025-01-29,1788.474365234375,-0.011322226425144355
2025-01-30,1768.224853515625,0.010672338256347835
2025-01-31,1787.095947265625,-0.015134608251837989
2025-02-01,1760.0489501953125,0.006454773756250809
2025-02-03,1771.40966796875,0.019052209202868875
2025-02-04,1805.158935546875,-0.0009216342430028446
2025-02-05,1803.4952392578125,0.009804772944896678
2025-02-06,1821.1781005859375,-0.006264255643993355
2025-02-07,1809.769775390625,-0.012265917261953141
2025-02-10,1787.5712890625,-0.00247292639661989
2025-02-11,1783.1507568359375,-0.006664420799323834
2025-02-12,1771.26708984375,-0.010680816693337536
2025-02-13,1752.3485107421875,0.007134050502398459
2025-02-14,1764.849853515625,-0.00759528692422351
2025-02-17,1751.4453125,0.005238000981332425
2025-02-18,1760.619384765625,-0.022219797082353332
2025-02-19,1721.498779296875,0.007924684088330913
2025-02-20,1735.14111328125,-0.005561169629744067
2025-02-21,1725.49169921875,-0.02804418860452762
2025-02-24,1677.1016845703125,0.0020407142769278686
2025-02-25,1680.524169921875,-0.0019233878706057528
2025-02-27,1677.2918701171875,-0.04341664619779295
2025-02-28,1604.469482421875,0.012383696239158581
2025-03-03,1624.3387451171875,-0.011881036626758323
2025-03-04,1605.0399169921875,0.013741657119940909
2025-03-05,1627.0958251953125,0.0025415687954739585
2025-03-06,1631.231201171875,-0.017396632474362517
2025-03-07,1602.853271484375,0.009163727343526551
2025-03-10,1617.5413818359375,-0.02342120334627862
2025-03-11,1579.6566162109375,-0.04257934382526485
2025-03-12,1512.3958740234375,-0.006914699948270875
2025-03-13,1501.9381103515625,0.00645642019990933
2025-03-17,1511.63525390625,0.0
2025-03-18,1511.63525390625,-0.002201187468687693
2025-03-19,1508.307861328125,0.01827864517955491
2025-03-20,1535.877685546875,-0.014236630209562784
2025-03-21,1514.011962890625,0.00012561693800083873
2025-03-24,1514.2021484375,0.02241400270743865
2025-03-25,1548.1414794921875,-0.017808415221912344
2025-03-26,1520.571533203125,0.0025634763861051013
2025-03-27,1524.469482421875,-0.020516951097389602
2025-03-28,1493.1920166015625,-0.028109431241027272
2025-04-01,1451.21923828125,0.015493017219828209
2025-04-02,1473.7030029296875,-0.03460960068585206
2025-04-03,1422.69873046875,-0.029969845765862924
2025-04-04,1380.0606689453125,-0.03781908152850433
2025-04-07,1327.8680419921875,0.022946167434048537
2025-04-08,1358.3375244140625,-0.01756737653854179
2025-04-09,1334.47509765625,0.004096406702512434
2025-04-11,1339.941650390625,0.011742217815352785
2025-04-15,1355.675537109375,-0.00904635045770219
2025-04-16,1343.41162109375,0.004529120159982192
2025-04-17,1349.49609375,0.022190900249224876
2025-04-21,1379.442626953125,-0.019434897579677313
2025-04-22,1352.63330078125,0.036617936006624774
2025-04-23,1402.1639404296875,-0.002373041041909385
2025-04-24,1398.8365478515625,0.00598066072102843
2025-04-25,1407.2025146484375,0.0012835923722847031
2025-04-28,1409.0087890625,0.01039072652608608
2025-04-29,1423.6494140625,0.0017362433007710454
2025-04-30,1426.1212158203125,0.0045329944871876915
2025-05-02,1432.5858154296875,0.0011281773978861764
2025-05-05,1434.2020263671875,0.0019222940402585653
2025-05-06,1436.958984375,-0.0021171351174287256
2025-05-07,1433.916748046875,0.0020553100859599382
2025-05-08,1436.8638916015625,-0.0025141900003474715
2025-05-09,1433.2513427734375,0.07913240517681541
2025-05-12,1546.66796875,-0.03583505178723412
2025-05-13,1491.2430419921875,0.015172806937768124
2025-05-14,1513.869384765625,0.0129364571622832
2025-05-15,1533.4534912109375,-0.014321148672298833
2025-05-16,1511.49267578125,-0.018932014057657875
2025-05-19,1482.8770751953125,0.0005127707409344762
2025-05-20,1483.637451171875,0.0050622192375520125
2025-05-21,1491.14794921875,-0.01338858124655562
2025-05-22,1471.18359375,0.011179282731006879
2025-05-23,1487.63037109375,0.010033259296142294
2025-05-26,1502.55615234375,-0.006580176684588546
2025-05-27,1492.6690673828125,0.0010827657468199803
2025-05-28,1494.2852783203125,0.008779705559551543
2025-05-29,1507.4046630859375,-0.0005756090600607111
2025-05-30,1506.5369873046875,-0.005695232309131937
2025-06-02,1497.9569091796875,-0.006950710778507507
2025-06-03,1487.5450439453125,0.005314308611814145
2025-06-04,1495.4503173828125,0.001998493314153027
2025-06-05,1498.43896484375,0.006112073665204276
2025-06-06,1507.5975341796875,0.005819158641383382
2025-06-09,1516.3704833984375,0.014686236400958341
2025-06-10,1538.6402587890625,0.021992470808734677
2025-06-11,1572.478759765625,-0.013794403336317873
2025-06-12,1550.787353515625,-0.004102943549498028
2025-06-13,1544.424560546875,0.0136080467116233
2025-06-16,1565.441162109375,0.009915008420867677
2025-06-17,1580.9625244140625,-0.00426854715511904
2025-06-18,1574.214111328125,-0.008879911401724061
2025-06-19,1560.2352294921875,0.002780514600576822
2025-06-20,1564.573486328125,-0.023969441801684144
2025-06-23,1527.071533203125,-0.0015152157074030947
2025-06-24,1524.7576904296875,0.02105467097223035
2025-06-25,1556.8609619140625,0.0006811300627538319
2025-06-26,1557.92138671875,-0.004950443847486885
2025-06-27,1550.208984375,-0.0038557206878608863
2025-06-30,1544.2318115234375,0.003121574451673048
2025-07-01,1549.05224609375,0.0023026302309974156
2025-07-02,1552.619140625,0.005091572833707092
2025-07-03,1560.5244140625,0.013591090485032042
2025-07-04,1581.733642578125,-0.008349950399619943
2025-07-07,1568.5262451171875,0.007191015713069682
2025-07-08,1579.8055419921875,-0.0030511289532565433
2025-07-09,1574.9853515625,-0.010956668123773494
2025-07-10,1557.728759765625,-0.012934888519740784
2025-07-11,1537.5797119140625,-0.015424124114500226
2025-07-14,1513.8638916015625,0.00974336078173299
2025-07-15,1528.614013671875,0.014064150291884792
2025-07-16,1550.1126708984375,-0.015175071935531359
2025-07-17,1526.589599609375,0.0016417953174130417
2025-07-18,1529.095947265625,-0.0011347276310409438
2025-07-21,1527.36083984375,-0.008458025565570737
2025-07-22,1514.4423828125,0.002291656053789337
2025-07-23,1517.9129638671875,-0.013972705346624426
2025-07-24,1496.70361328125,-0.023703702374586855
2025-07-25,1461.2261962890625,0.0001979054105702982
2025-07-28,1461.515380859375,-0.001517197325189068
2025-07-29,1459.2979736328125,0.003501506411481614
2025-07-30,1464.40771484375,-0.006583292960204434
2025-07-31,1454.76708984375,-0.026110111456710716
2025-08-01,1416.782958984375,0.007417015227782597
2025-08-04,1427.291259765625,-0.013644025975914187
2025-08-05,1407.8172607421875,-0.0161610684064869
2025-08-06,1385.0654296875,0.00013916239572964173
2025-08-07,1385.2581787109375,-0.009603953459784043
2025-08-08,1371.9542236328125,0.003583666198091917
2025-08-11,1376.870849609375,-0.0028706502498464515
2025-08-12,1372.9183349609375,0.0017554986255381433
2025-08-13,1375.3284912109375,0.01479032308598871
2025-08-14,1395.6700439453125,-0.008219915651863086
2025-08-18,1384.19775390625,0.002925300467010894
2025-08-19,1388.2469482421875,0.03902767715754085
2025-08-20,1442.427001953125,0.00013371289742147852
2025-08-21,1442.619873046875,-0.005947651460804226
2025-08-22,1434.0396728515625,0.029983180470175563
2025-08-25,1477.0367431640625,-0.0016317510455677864
2025-08-26,1474.6265869140625,-0.01928603316799038
2025-08-28,1446.1868896484375,-0.020332040675054452
2025-08-29,1416.782958984375,0.020277718470835593
2025-09-01,1445.5120849609375,-0.00046691187492264863
2025-09-02,1444.837158203125,-0.013078034279179307
2025-09-03,1425.9415283203125,-0.010884906516930082
2025-09-04,1410.4202880859375,-0.012577025267862307
2025-09-05,1392.681396484375,-0.008098978634648923
2025-09-08,1381.402099609375,0.04982898341051589
2025-09-09,1450.2359619140625,0.01881268816286541
2025-09-10,1477.518798828125,-0.014941959712930664
2025-09-11,1455.4417724609375,0.010531931659025773
2025-09-12,1470.7703857421875,-0.011274218783652867
2025-09-15,1454.1885986328125,0.0019226518761930045
2025-09-16,1456.9844970703125,0.007344655915148657
2025-09-17,1467.685546875,0.01195472450113444
2025-09-18,1485.2313232421875,-0.0002596364021906217
2025-09-19,1484.845703125,-0.0264251730701186
2025-09-22,1445.6083984375,-0.0013337641009982804
2025-09-23,1443.6802978515625,-0.0019365619738304085
2025-09-24,1440.884521484375,-0.006556912622336375
2025-09-25,1431.436767578125,-0.024178323482282993
2025-09-26,1396.8270263671875,-0.0049002836454377086
2025-09-29,1389.982177734375,0.0
2025-09-30,1389.982177734375,0.002774281018595781
2025-10-01,1393.83837890625,0.0005533211353960787
2025-10-03,1394.609619140625,0.020323525236064288
2025-10-06,1422.9530029296875,-0.011856395619015192
2025-10-07,1406.0819091796875,0.025025734412872147
2025-10-08,1441.2701416015625,0.009565266367886238
2025-10-09,1455.0562744140625,0.003710290615941192
2025-10-10,1460.4549560546875,-0.014324417147475232
2025-10-13,1439.5347900390625,-0.0022099322892892292
2025-10-14,1436.353515625,-0.010403337988314054
2025-10-15,1421.41064453125,-0.0019669885323125857
2025-10-16,1418.61474609375,-0.020659148741809408
2025-10-17,1389.307373046875,0.013739492985189727
2025-10-20,1408.395751953125,0.007871842773240711
2025-10-21,1419.482421875,0.03810102851639097
2025-10-23,1473.566162109375,-0.0020280904023657342
2025-10-24,1470.57763671875,0.0013976956201109392
2025-10-27,1472.633056640625,-0.0028580523068583163
2025-10-28,1468.4241943359375,0.006799131223506949
2025-10-29,1478.408203125,-0.010990478172126061
2025-10-30,1462.1597900390625,-0.007698438797820617
2025-10-31,1450.9034423828125,0.0021587102122944124
2025-11-03,1454.0355224609375,-0.011847834929373469
2025-11-04,1436.808349609375,-0.0008175638856127154
2025-11-06,1435.6336669921875,0.0068863183526914895
2025-11-07,1445.5198974609375,0.024850994777016355
2025-11-10,1481.4425048828125,0.011100136396105631
2025-11-11,1497.88671875,0.013984138460696016
2025-11-12,1518.8333740234375,-0.006380099214911006
2025-11-13,1509.14306640625,-0.02529511684151775
2025-11-14,1470.9691162109375,0.003194060436778612
2025-11-17,1475.66748046875,-0.014062095178724365
2025-11-18,1454.91650390625,0.03680031238369086
2025-11-19,1508.4578857421875,-0.0029848784769667125
2025-11-20,1503.955322265625,0.005532043516112584
2025-11-21,1512.2752685546875,0.0019417916159578663
2025-11-24,1515.2117919921875,-0.011240338961612806
2025-11-25,1498.1802978515625,0.017836172185772492
2025-11-26,1524.902099609375,0.0054560527467264475
2025-11-27,1533.2220458984375,-0.004022004505517596
2025-11-28,1527.055419921875,0.0024998325291267776
2025-12-01,1530.872802734375,-0.0019181223691103755
2025-12-02,1527.9364013671875,0.011338870666792955
2025-12-03,1545.261474609375,0.011971846896486671
2025-12-04,1563.7611083984375,0.011642478246658872
2025-12-05,1581.9671630859375,-0.003341107568014867
2025-12-08,1576.681640625,-0.007325620214527873
2025-12-09,1565.1314697265625,-0.008880512717761135
2025-12-10,1551.2322998046875,0.008329126564652345
2025-12-11,1564.1527099609375,0.00012510205026106114
2025-12-12,1564.348388671875,0.005381134286299716
2025-12-15,1572.766357421875,-0.00865073871659816
2025-12-16,1559.1607666015625,0.005712833950994423
2025-12-17,1568.0679931640625,0.015480693681181323
2025-12-18,1592.3427734375,0.007314899368866756
2025-12-19,1603.9906005859375,0.03106121656564742
2025-12-22,1653.8125,-0.012606480409848464
2025-12-23,1632.9637451171875,-0.002937153174881635
2025-12-24,1628.16748046875,-0.004388606103427617
2025-12-26,1621.0220947265625,-0.0068836627040668175
2025-12-29,1609.863525390625,-0.014045114642839751
2025-12-30,1587.2528076171875,-0.003823337710604058
2025-12-31,1581.1842041015625,0.008914186384206824
2026-01-01,1595.2791748046875,0.006503869946475227
2026-01-02,1605.6546630859375,-0.020726690484366816
2026-01-05,1572.374755859375,0.003610541318017191
2026-01-06,1578.0518798828125,0.016623294968570956
2026-01-07,1604.2843017578125,-0.01568028785226816
2026-01-08,1579.128662109375,0.0004958170940481121
2026-01-09,1579.91162109375,-0.011275601044485883
2026-01-12,1562.09716796875,0.0019424539138996888
2026-01-13,1565.1314697265625,0.0005003292501839507
2026-01-14,1565.91455078125,0.0
2026-01-15,1565.91455078125,0.05625706074194747
2026-01-16,1654.00830078125,-0.005089435612882887
2026-01-19,1645.59033203125,-0.013264245798949581
2026-01-20,1623.7628173828125,-0.0027126271391266776
2026-01-21,1619.358154296875,0.005500467292467226
2026-01-22,1628.265380859375,0.004388342235966736
2026-01-23,1635.4107666015625,0.007122263951240937
2026-01-27,1647.05859375,-0.009627351196617062
2026-01-28,1631.2017822265625,-0.004200390561712175
2026-01-29,1624.35009765625,-0.011147938072588515
2026-01-30,1606.241943359375,-0.0070689040117084545
2026-02-02,1594.8875732421875,0.01632505107605864
2026-02-03,1620.9241943359375,-0.07258454969424133
2026-02-04,1503.2701416015625,-0.010157624300343282
2026-02-05,1488.00048828125,-0.008617275240571987
2026-02-06,1475.177978515625,-0.006568907452738859
2026-02-09,1465.4876708984375,0.00040082380453587696
2026-02-10,1466.0750732421875,-0.01729204792604755
2026-02-11,1440.7236328125,-0.05835995501934854
2026-02-12,1356.64306640625,-0.012193416726503203
2026-02-13,1340.1009521484375,-0.002556360582020245
2026-02-16,1336.6751708984375,0.018746319078381646
2026-02-17,1361.73291015625,-0.012579114746727016
2026-02-18,1344.603515625,-0.0023293707339959724
2026-02-19,1341.471435546875,-0.012623239952484822
2026-02-20,1324.5377197265625,-0.018991922391850102
2026-02-23,1299.3822021484375,-0.039171447443614005
2026-02-24,1248.4835205078125,0.011446503898235205
2026-02-25,1262.7742919921875,-0.0007750868637663721
2026-02-26,1261.7955322265625,0.008533052700256505
2026-02-27,1272.5625,-0.008614719162860385
2026-03-02,1261.5997314453125,0.01435332764071684
2026-03-04,1279.7078857421875,-0.00122374805727965
2026-03-05,1278.141845703125,0.0019911106764523012
2026-03-06,1280.686767578125,0.005044328747412452
2026-03-09,1287.14697265625,-0.014752888477840398
2026-03-10,1268.1578369140625,-0.014896500050198491
2026-03-11,1249.2667236328125,-0.00822689638345464
2026-03-12,1238.9891357421875,-0.013825298412313392
2026-03-13,1221.8597412109375,0.0012016614257990277
2026-03-16,1223.3280029296875,-0.013522223163531466
2026-03-17,1206.785888671875,0.027739457555591374
2026-03-18,1240.261474609375,-0.0365400480422573
2026-03-19,1194.9422607421875,0.0287515526408455
2026-03-20,1229.2987060546875,0.0007166536830904846
2026-03-23,1230.1796875,0.017106994976597623
2026-03-24,1251.224365234375,0.0006257542660850213
2026-03-25,1252.00732421875,-0.007348940821984673
2026-03-27,1242.806396484375,-0.015042917885841112
2026-03-30,1224.1109619140625,0.02007036954932917
2026-04-01,1248.6793212890625,0.019675573244817945
2026-04-02,1273.247802734375,0.004151212709408547
2026-04-06,1278.5333251953125,0.025417269563083655
2026-04-07,1311.0301513671875,0.005076835023299475
2026-04-08,1317.68603515625,-0.010845353978939598
2026-04-09,1303.395263671875,-0.029363102339199365
2026-04-10,1265.12353515625,-0.012146981076221142
2026-04-13,1249.756103515625,0.02232144514134693
2026-04-15,1277.6524658203125,0.01064880248265676
2026-04-16,1291.2579345703125,-0.0003789946762072782
2026-04-17,1290.7685546875,-0.004625790714864464
2026-04-20,1284.7977294921875,0.000457099401685257
2026-04-21,1285.385009765625,-0.033962799554866474
2026-04-22,1241.729736328125,-0.022071616407382866
2026-04-23,1214.32275390625,-0.06932132872095875
2026-04-24,1130.144287109375,0.013597868773237654
2026-04-27,1145.5118408203125,-0.01555162902773255
2026-04-28,1127.697265625,0.013366931887263345
2026-04-29,1142.7711181640625,0.012248465296620381
2026-04-30,1156.768310546875,0.0
2026-05-01,1156.768310546875,-0.011338667231728716
2026-05-04,1143.652099609375,0.008301918773358175
2026-05-05,1153.1466064453125,-0.009252240255914868
2026-05-06,1142.4774169921875,-0.0038553611830102197
2026-05-07,1138.07275390625,0.01419110741372065
2026-05-08,1154.2232666015625,-0.0018656012010918044
2026-05-11,1152.0699462890625,-0.031180925722075647
2026-05-12,1116.1473388671875,-0.015083864686515902
2026-05-13,1099.3115234375,-0.025019987652072695
2026-05-14,1071.8067626953125,0.021917849407550483
2026-05-15,1095.2984619140625,0.021000848686875795
2026-05-18,1118.3006591796875,0.04761492564390868
2026-05-19,1171.5484619140625,-0.0026736616713510797
2026-05-20,1168.4161376953125,-0.010471636857328326
2026-05-21,1156.180908203125,-0.00567221394352746
2026-05-22,1149.622802734375,-0.005108460549326788
2026-05-25,1143.75,-0.0006847677595628321
2026-05-26,1142.966796875,-0.0066796722140674
2026-05-27,1135.3321533203125,0.0
2026-05-28,1135.3321533203125,0.0008620911182357638
2026-05-29,1136.3109130859375,0.03583427000602346
2026-06-01,1177.02978515625,0.05679838726070363
2026-06-02,1243.8831787109375,-0.037928963126298454
2026-06-03,1196.7039794921875,-0.01742181461756276
2026-06-04,1175.855224609375,-0.003163214606722198
2026-06-05,1172.1357421875,-0.00826732718636769
2026-06-08,1162.4453125,-0.006146752535401534
2026-06-09,1155.300048828125,-0.00865576004272095
2026-06-10,1145.300048828125,-0.02680526668413219
2026-06-11,1114.5999755859375,0.0016149729656855794
2026-06-12,1116.4000244140625,0.016571121099455022
2026-06-15,1134.9000244140625,0.007665830456182077
2026-06-16,1143.5999755859375,0.012329464748994212
2026-06-17,1157.699951171875,-0.02608616433066724
2026-06-18,1127.5,-0.06749443510947895
2026-06-19,1051.4000244140625,0.013315578918501547
2026-06-22,1065.4000244140625,-0.03388396354298129
2026-06-23,1029.300048828125,0.026522807211457833
2026-06-24,1056.5999755859375,-0.014575075496781498
2026-06-25,1041.199951171875,0.0
2026-06-26,1041.199951171875,-0.004321936430111473
2026-06-29,1036.699951171875,-0.03501488228756977
2026-06-30,1000.4000244140625,-0.015093998653126661
2026-07-01,985.2999877929688,0.05642955172021824
2026-07-02,1040.9000244140625,0.006052384100345032
2026-07-03,1047.199951171875,-0.0047746373502067785
2026-07-06,1042.199951171875,0.02840155348593809
2026-07-07,1071.800048828125,-0.0023325246184989767
2026-07-08,1069.300048828125,-0.017301037272255515
2026-07-09,1050.800048828125,0.01636843392903975
2026-07-10,1068.0,0.03239698088570919
2026-07-13,1102.5999755859375,-0.00879734390227993
2026-07-14,1092.9000244140625,-0.015188924160594919
2026-07-15,1076.300048828125,0.0056675418649094755
2026-07-16,1082.4000244140625,0.013026584689491472
2026-07-17,1096.5,-0.008572753683595558
2026-07-20,1087.0999755859375,-0.012510326456963816
2026-07-21,1073.5,-0.019934815476537082
2026-07-22,1052.0999755859375,-0.004467209657768034
2026-07-23,1047.4000244140625,-0.006205842895255054
2026-07-24,1040.9000244140625,0.03679500995244189
2026-07-27,1079.199951171875,0.0245552272043974
2026-07-28,1105.699951171875,0.045129806111663395
2026-07-29,1155.5999755859375,-0.00043267567546156904
2026-07-30,1155.0999755859375,-0.0216431482368602
2026-07-31,1130.0999755859375,0.04415540703661214
2026-08-03,1180.0,-0.010593220338983023
2026-08-04,1167.5,0.005567451820128522
2026-08-05,1174.0,-0.0076660988074956915
2026-08-06,1165.0,0.008669506940718774
2026-08-07,1175.0999755859375,0.006722853015228125
2026-08-10,1183.0,0.006508834464814095
2026-08-11,1190.699951171875,-0.012261674800245315
2026-08-12,1176.0999755859375,-0.0009352738787273829
2026-08-13,1175.0,-0.004936211768617027
2026-08-14,1169.199951171875,-0.025059808400133443
2026-08-17,1139.9000244140625,-0.02184404235525983
2026-08-18,1115.0,0.004304976527466309
2026-08-19,1119.800048828125,0.00910872542160468
2026-08-20,1130.0,-0.007964601769911539
2026-08-21,1121.0,0.00802854594112401
2026-08-24,1130.0,0.012389380530973382
2026-08-25,1144.0,-0.020979020979020935
2026-08-26,1120.0,-0.008214242117745574
2026-08-27,1110.800048828125,0.02988832347180792
2026-08-28,1144.0,-0.008916041234156458
2026-08-31,1133.800048828125,0.019580128960851928
2026-09-01,1156.0,-0.01384083044982698
2026-09-02,1140.0,-0.008508729098135936
2026-09-03,1130.300048828125,-0.00026545944896316787
2026-09-04,1130.0,-0.03761061946902655
2026-09-07,1087.5,-0.005057471264367841
2026-09-08,1082.0,-0.043438077634011085
2026-09-09,1035.0,0.0014492753623187582
2026-09-10,1036.5,0.0011576952936565021
2026-09-11,1037.699951171875,
