ds,y,next_return
1996-01-01,4.595799922943115,-0.007776436225804484
1996-01-02,4.560060977935791,0.007592589087622947
1996-01-03,4.594683647155762,-0.009236956126923213
1996-01-04,4.552242755889893,-0.006869357042636026
1996-01-05,4.520971775054932,-0.04001987097577142
1996-01-08,4.340043067932129,-0.028821553704625358
1996-01-09,4.214956283569336,-0.025702298480757335
1996-01-10,4.106622219085693,0.031275708409838066
1996-01-11,4.23505973815918,-0.010548592567705461
1996-01-12,4.190385818481445,-0.010394206745748313
1996-01-15,4.146830081939697,0.001885349023570626
1996-01-16,4.154648303985596,-0.039785358058122555
1996-01-17,3.989354133605957,-0.02771547743669167
1996-01-18,3.8787872791290283,-0.017563973474893357
1996-01-19,3.8106603622436523,0.01699898918029996
1996-01-22,3.8754377365112305,-0.04236296509749393
1996-01-23,3.7112627029418945,-0.03430652535846335
1996-01-24,3.583942174911499,-0.04206911815567482
1996-01-25,3.433168888092041,0.0
1996-01-26,3.433168888092041,0.07872440043072948
1996-01-29,3.7034430503845215,0.08986757924843847
1996-01-30,4.036262512207031,-0.021859364397088354
1996-01-31,3.9480323791503906,0.0401693361920783
1996-02-01,4.106622219085693,0.10851266881408272
1996-02-02,4.552242755889893,0.08317012761941367
1996-02-05,4.930853366851807,-0.08380563148762243
1996-02-06,4.517620086669922,0.018541849093152152
1996-02-07,4.601385116577148,0.08737845867128491
1996-02-08,5.00344705581665,0.058035703649360615
1996-02-09,5.293825626373291,-0.06265832231200319
1996-02-12,4.962123394012451,0.060094594375133426
1996-02-13,5.26032018661499,0.0006368923857638098
1996-02-14,5.263670444488525,-0.015913534154376796
1996-02-15,5.179906845092773,-0.017680206262475795
1996-02-16,5.088325023651123,0.010096906650937987
1996-02-19,5.1397013664245605,-0.05280322783703284
1996-02-20,4.8683085441589355,0.0
1996-02-21,4.8683085441589355,0.05276444689268889
1996-02-22,5.125182151794434,-0.010677609434657787
1996-02-23,5.070457458496094,0.0022026572574274095
1996-02-26,5.081625938415527,-0.011428794489075744
1996-02-27,5.0235490798950195,0.004891341800104199
1996-02-28,5.048120975494385,-0.06261048674669112
1996-02-29,4.7320556640625,0.005664339610473412
1996-03-01,4.758859634399414,-0.010326699700562658
1996-03-04,4.709716320037842,0.0
1996-03-05,4.709716320037842,0.03557054977573637
1996-03-06,4.877243518829346,0.008930693512649857
1996-03-07,4.920800685882568,-0.005220226582892673
1996-03-08,4.895112991333008,0.003194199456135749
1996-03-11,4.9107489585876465,0.05139850738746965
1996-03-12,5.163154125213623,-0.017088325097371015
1996-03-13,5.074924468994141,-0.00022014701272810022
1996-03-14,5.073807239532471,-0.03279775612997271
1996-03-15,4.907397747039795,-0.045516330421853435
1996-03-18,4.684031009674072,-0.06151667621047274
1996-03-19,4.395884990692139,0.0
1996-03-20,4.395884990692139,0.07164633203812332
1996-03-21,4.71083402633667,-0.04054048172270708
1996-03-22,4.519854545593262,-0.005930378268523273
1996-03-25,4.4930500984191895,-0.006462647447219805
1996-03-26,4.46401309967041,0.0355265072186568
1996-03-27,4.622603893280029,0.013046528461097218
1996-03-28,4.682912826538086,-0.013355660141047832
1996-03-29,4.6203694343566895,0.009427101195021326
1996-04-01,4.663926124572754,0.002634301206772882
1996-04-02,4.676212310791016,0.008359261111351213
1996-04-03,4.715301990509033,-0.011842703367124452
1996-04-04,4.659460067749023,0.0
1996-04-05,4.659460067749023,0.016778221285448147
1996-04-08,4.737637519836426,0.0011784958773277676
1996-04-09,4.743220806121826,-0.0004705820852084486
1996-04-10,4.740988731384277,-0.010365022176349936
1996-04-11,4.691848278045654,0.027374508855565027
1996-04-12,4.820285320281982,0.025718104425311195
1996-04-15,4.944253921508789,0.0022588807324088744
1996-04-16,4.955422401428223,0.042596451941124824
1996-04-17,5.166505813598633,0.054907231672916224
1996-04-18,5.450184345245361,0.006352218508267615
1996-04-19,5.484805107116699,-0.03176535126803204
1996-04-22,5.310578346252441,-0.006729675346073383
1996-04-23,5.274839878082275,0.08109225872279158
1996-04-24,5.7025885581970215,-0.05092023334346496
1996-04-25,5.4122114181518555,0.00887294794907234
1996-04-26,5.460233688354492,-0.008181599065229528
1996-04-29,5.415560245513916,0.009074377404465706
1996-04-30,5.46470308303833,0.08747152019320947
1996-05-01,5.942708969116211,0.0007517594010446604
1996-05-02,5.947176456451416,-0.02272257680382339
1996-05-03,5.812041282653809,-0.05611099561283395
1996-05-06,5.485921859741211,0.012215062705935642
1996-05-07,5.5529327392578125,0.005430324771857231
1996-05-08,5.583086967468262,-0.02440449236295228
1996-05-09,5.446834564208984,-0.010457644508721109
1996-05-10,5.389873504638672,0.021135352032630284
1996-05-13,5.503790378570557,0.02780030124017907
1996-05-14,5.656797409057617,0.002171764632099782
1996-05-15,5.6690826416015625,0.005713214849984771
1996-05-16,5.701471328735352,-0.019784388064684633
1996-05-17,5.5886712074279785,-0.0313749835435001
1996-05-20,5.413326740264893,-0.0035070476118664873
1996-05-21,5.394341945648193,0.0053828620879705635
1996-05-22,5.423378944396973,-0.008237109459144576
1996-05-23,5.378705978393555,0.0549257072097038
1996-05-24,5.674135208129883,-0.029417647294127103
1996-05-27,5.50721549987793,-0.0324290261681317
1996-05-28,5.328621864318848,0.056955077123525655
1996-05-29,5.632113933563232,-0.018238144355296138
1996-05-30,5.529394626617432,0.006332797544252644
1996-05-31,5.564411163330078,0.030627239615075963
1996-06-03,5.734833717346191,-0.014248074594626736
1996-06-04,5.653123378753662,-0.006400848756678235
1996-06-05,5.616938591003418,0.01641740185171381
1996-06-06,5.70915412902832,-0.0008177590778690735
1996-06-07,5.7044854164123535,-0.009003798574174215
1996-06-10,5.653123378753662,-0.007846090142946016
1996-06-11,5.608768463134766,0.015192426061259479
1996-06-12,5.693979263305664,-0.0038949380042441195
1996-06-13,5.671801567077637,0.010495828789966577
1996-06-14,5.731331825256348,-0.013645771853244115
1996-06-17,5.653123378753662,-0.02560364807469706
1996-06-18,5.508382797241211,-0.02987928582583188
1996-06-19,5.343796253204346,0.0015292565116764578
1996-06-20,5.351968288421631,-0.027699128582057697
1996-06-21,5.203723430633545,-0.00852405466178452
1996-06-24,5.159366607666016,-0.02104089694838507
1996-06-25,5.050808906555176,-0.019181549942722587
1996-06-26,4.9539265632629395,0.01790745468078825
1996-06-27,5.042638778686523,-0.011111111111111072
1996-06-28,4.98660945892334,-0.02270599649367666
1996-07-01,4.873383522033691,-0.021077909627438718
1996-07-02,4.770662784576416,-0.06704168646965136
1996-07-03,4.45082950592041,-0.003671711770625974
1996-07-04,4.434487342834473,-0.01500398826038507
1996-07-05,4.367952346801758,0.007749889195284743
1996-07-08,4.401803493499756,-0.0490588978676888
1996-07-09,4.185855865478516,-0.017010435643221467
1996-07-10,4.114652633666992,0.0025534670552453953
1996-07-11,4.12515926361084,-0.03735155331943296
1996-07-12,3.9710781574249268,0.05555535876186646
1996-07-15,4.19169282913208,0.20774173189435974
1996-07-16,5.0624823570251465,0.01775451065976119
1996-07-17,5.152364253997803,0.04825506319080164
1996-07-18,5.400991916656494,0.049492257277736984
1996-07-19,5.668299198150635,-0.01482685070644807
1996-07-22,5.584256172180176,0.008570122843123862
1996-07-23,5.632113933563232,-0.09740929080458627
1996-07-24,5.083493709564209,-0.045005754226746686
1996-07-25,4.85470724105835,0.0004809912210508305
1996-07-26,4.85704231262207,0.0199471703981442
1996-07-29,4.9539265632629395,-0.026390738711020933
1996-07-30,4.823188781738281,0.034850459121934296
1996-07-31,4.991279125213623,-0.01824146443778063
1996-08-01,4.900230884552002,-0.013578125454616008
1996-08-02,4.833694934844971,-0.015455076273604984
1996-08-05,4.7589898109436035,0.010301868927114155
1996-08-06,4.808016300201416,0.022335500415991305
1996-08-07,4.915405750274658,-0.01947294587214854
1996-08-08,4.819688320159912,0.00799228779794725
1996-08-09,4.858208656311035,-0.00024007690312966012
1996-08-12,4.85704231262207,0.005767647140828114
1996-08-13,4.885056018829346,-0.0136200115083841
1996-08-14,4.818521499633789,0.0
1996-08-15,4.818521499633789,0.0
1996-08-16,4.818521499633789,-0.04433135823912748
1996-08-19,4.604909896850586,0.010900058360625575
1996-08-20,4.65510368347168,0.050149962202149956
1996-08-21,4.888556957244873,0.007163544997403903
1996-08-22,4.923576354980469,0.012091147653263468
1996-08-23,4.983108043670654,-0.019676881171751925
1996-08-26,4.885056018829346,-0.008124196841197473
1996-08-27,4.8453688621521,0.02794476195631046
1996-08-28,4.980771541595459,-0.00937375992479006
1996-08-29,4.934082984924316,0.0009460235986935572
1996-08-30,4.938750743865967,0.005435966922302526
1996-09-02,4.965597629547119,-0.025152557522542862
1996-09-03,4.840700149536133,0.0012057112888856913
1996-09-04,4.846536636352539,0.014932520156585083
1996-09-05,4.918907642364502,-0.0083057887411776
1996-09-06,4.878052234649658,-0.0076571720262048615
1996-09-09,4.840700149536133,-0.008922263537753938
1996-09-10,4.797510147094727,-0.010705679732291862
1996-09-11,4.74614953994751,-0.007378285021686581
1996-09-12,4.7111310958862305,-0.00867149435250636
1996-09-13,4.670278549194336,-0.03574125479718582
1996-09-16,4.50335693359375,0.01503363325562801
1996-09-17,4.571058750152588,0.04877404562076437
1996-09-18,4.794007778167725,-0.03603605933420151
1996-09-19,4.621250629425049,-0.005556848216446086
1996-09-20,4.595571041107178,-0.012954040166178071
1996-09-23,4.53603982925415,0.007720152868277541
1996-09-24,4.571058750152588,0.007149857529648029
1996-09-25,4.60374116897583,-0.01571983516913189
1996-09-26,4.531371116638184,-0.03065408786765067
1996-09-27,4.392466068267822,0.015413059240404703
1996-09-30,4.460167407989502,-0.002617267335988327
1996-10-01,4.448493957519531,0.0
1996-10-02,4.448493957519531,-0.004460847955573333
1996-10-03,4.42864990234375,0.005271572099946331
1996-10-04,4.451995849609375,-0.019402213588971984
1996-10-07,4.365617275238037,0.004278148228530121
1996-10-08,4.384294033050537,0.013045798638342765
1996-10-09,4.441490650177002,0.026806753913610537
1996-10-10,4.560552597045898,-0.0012795671177807666
1996-10-11,4.554717063903809,-0.02947204199694009
1996-10-14,4.420480251312256,-0.0029048309466918054
1996-10-15,4.407639503479004,-0.0015887938430181325
1996-10-16,4.400636672973633,0.025729119396186162
1996-10-17,4.513861179351807,0.007499799551100139
1996-10-18,4.5477142333984375,0.0
1996-10-21,4.5477142333984375,0.03567758749693839
1996-10-22,4.709965705871582,0.058240464149177607
1996-10-23,4.984276294708252,-0.01311497366491321
1996-10-24,4.918907642364502,0.015424745414682084
1996-10-25,4.994780540466309,-0.011217669354319781
1996-10-28,4.938750743865967,-0.015599029516444984
1996-10-29,4.861711025238037,0.0
1996-10-30,4.861711025238037,-0.03001221980106017
1996-10-31,4.7158002853393555,-0.025990040193129227
1996-11-01,4.593236446380615,-0.040914840727666046
1996-11-04,4.405304908752441,-0.01881314407798418
1996-11-05,4.322427272796631,-0.011882022158932193
1996-11-06,4.271068096160889,0.013938026001556914
1996-11-07,4.3305983543396,0.008895032472748365
1996-11-08,4.369119167327881,-0.019770139981557855
1996-11-11,4.282741069793701,0.0
1996-11-12,4.282741069793701,0.0177160780216441
1996-11-13,4.358614444732666,-0.013122660389378149
1996-11-14,4.301417827606201,0.01275429352867019
1996-11-15,4.356279373168945,0.027331328031104052
1996-11-18,4.475342273712158,-0.012519773910169452
1996-11-19,4.419312000274658,-0.034072945215936734
1996-11-20,4.268733024597168,-0.01750064956230779
1996-11-21,4.194027423858643,-0.010019426950991894
1996-11-22,4.152005672454834,0.04779298313030078
1996-11-25,4.350442409515381,0.01636711368253052
1996-11-26,4.421646595001221,-0.041182741256343136
1996-11-27,4.239551067352295,-0.005230917661185441
1996-11-28,4.217374324798584,0.003597952394008619
1996-11-29,4.232548236846924,-0.0024823414538742705
1996-12-02,4.222041606903076,0.00801817158582252
1996-12-03,4.255894660949707,-0.013988279106329493
1996-12-04,4.196362018585205,0.017246130265081927
1996-12-05,4.268733024597168,0.001640717313387885
1996-12-06,4.2757368087768555,-0.0016380297695851587
1996-12-09,4.268733024597168,-0.017226973267522983
1996-12-10,4.19519567489624,0.06983832507592957
1996-12-11,4.488181114196777,-0.021846717488996914
1996-12-12,4.390129089355469,0.0002664344317138134
1996-12-13,4.391298770904541,0.035619407982499185
1996-12-16,4.5477142333984375,-0.013347141649247218
1996-12-17,4.487015247344971,0.014828341863131422
1996-12-18,4.5535502433776855,0.0005123835447915503
1996-12-19,4.555883407592773,0.04534988141564389
1996-12-20,4.7624921798706055,-0.014951034625693471
1996-12-23,4.691287994384766,-0.0019905789023030307
1996-12-24,4.681949615478516,0.0
1996-12-25,4.681949615478516,0.045873918906256916
1996-12-26,4.896728992462158,0.0
1996-12-27,4.896728992462158,0.0
1996-12-30,4.896728992462158,-0.014779361750713371
1996-12-31,4.8243584632873535,0.06169847964099118
1997-01-01,5.122014045715332,-0.023701125023529945
1997-01-02,5.000616550445557,0.011671248347843832
1997-01-03,5.0589799880981445,-0.00646046684795154
1997-01-06,5.026296615600586,0.006967046861617643
1997-01-07,5.061315059661865,0.016374629546217045
1997-01-08,5.144192218780518,-0.0022689704159738477
1997-01-09,5.1325201988220215,0.012508367263039721
1997-01-10,5.196719646453857,-0.0015725372491205425
1997-01-13,5.188547611236572,0.03982006351704914
1997-01-14,5.395155906677246,0.07009957698386371
1997-01-15,5.7733540534973145,-0.024868427692653516
1997-01-16,5.629779815673828,0.01036699771583538
1997-01-17,5.688143730163574,-0.03570722602968823
1997-01-20,5.4850358963012695,-0.01957853608733895
1997-01-21,5.3776469230651855,0.06837423055304592
1997-01-22,5.745339393615723,0.0
1997-01-23,5.745339393615723,0.05282429443473857
1997-01-24,6.048832893371582,0.03550741557841408
1997-01-27,6.263611316680908,0.025903821975837626
1997-01-28,6.425862789154053,-0.00363282576720958
1997-01-29,6.4025187492370605,-0.0010941341939837423
1997-01-30,6.395513534545898,-0.022449286345046948
1997-01-31,6.251938819885254,-0.055078510343699816
1997-02-03,5.907591342926025,0.04248139718109045
1997-02-04,6.1585540771484375,-0.0028429573818095077
1997-02-05,6.141045570373535,0.016156669777227517
1997-02-06,6.240264415740967,0.023756564160955396
1997-02-07,6.388511657714844,-0.0036545133187237955
1997-02-10,6.365164756774902,0.008252402964838979
1997-02-11,6.4176926612854,-0.003819709475017863
1997-02-12,6.393178939819336,-0.003651696203936461
1997-02-13,6.369832992553711,0.00421484195690125
1997-02-14,6.39668083190918,0.004197226170594037
1997-02-17,6.423529148101807,-0.02507750470877801
1997-02-18,6.2624430656433105,0.01714824802153614
1997-02-19,6.369832992553711,-0.009895266746855258
1997-02-20,6.306801795959473,-0.014251505444975554
1997-02-21,6.216920375823975,-0.037551809822296334
1997-02-24,5.983463764190674,0.020288753006100446
1997-02-25,6.104860782623291,0.008986925615846797
1997-02-26,6.159724712371826,0.022171519024136943
1997-02-27,6.296295166015625,0.08917315344833443
1997-02-28,6.857755661010742,0.03897868938952942
1997-03-03,7.125061988830566,0.008846473691064949
1997-03-04,7.188093662261963,-0.01282853025219699
1997-03-05,7.09588098526001,-0.010692862865824604
1997-03-06,7.020005702972412,0.0
1997-03-07,7.020005702972412,-0.04822069581624644
1997-03-10,6.6814961433410645,-0.05328425484436217
1997-03-11,6.325477600097656,0.028787482224551297
1997-03-12,6.507572174072266,-0.013094246451037295
1997-03-13,6.422360420227051,0.020174455287554016
1997-03-14,6.5519280433654785,0.013896113130421606
1997-03-17,6.642974376678467,0.013179074757200038
1997-03-18,6.730522632598877,-0.02063814844552181
1997-03-19,6.591617107391357,0.006729277845612502
1997-03-20,6.635973930358887,0.015127279949493477
1997-03-21,6.736358165740967,0.0
1997-03-24,6.736358165740967,0.0
1997-03-25,6.736358165740967,0.010916696886219324
1997-03-26,6.809896945953369,-0.0003431739027625058
1997-03-27,6.807559967041016,0.0
1997-03-28,6.807559967041016,-0.09876504641757833
1997-03-31,6.135210990905762,-0.006468984888629126
1997-04-01,6.095522403717041,0.016851913173478783
1997-04-02,6.198243618011475,0.009039624779756172
1997-04-03,6.254273414611816,-0.004292947891311516
1997-04-04,6.227424144744873,-0.010121705026587158
1997-04-07,6.164391994476318,0.0
1997-04-08,6.164391994476318,0.038629398483113864
1997-04-09,6.4025187492370605,-0.029717611196200533
1997-04-10,6.21225118637085,0.006388607337944663
1997-04-11,6.251938819885254,0.0
1997-04-14,6.251938819885254,-0.00840185837126639
1997-04-15,6.199410915374756,0.0
1997-04-16,6.199410915374756,0.053285616370975175
1997-04-17,6.529750347137451,0.0
1997-04-18,6.529750347137451,0.06971764538010006
1997-04-21,6.984989166259766,0.012198994797039786
1997-04-22,7.070199012756348,0.012382377296122016
1997-04-23,7.157744884490967,-0.006522935798763063
1997-04-24,7.111055374145508,0.0027903909645325964
1997-04-25,7.1308979988098145,-0.0008184116474841963
1997-04-28,7.125061988830566,-0.00016403055532543398
1997-04-29,7.1238932609558105,0.01491075534908659
1997-04-30,7.23011589050293,0.0
1997-05-01,7.23011589050293,-0.014045695964004179
1997-05-02,7.12856388092041,-0.02030477972708722
1997-05-05,6.983819961547852,0.012201310216239936
1997-05-06,7.069031715393066,-0.006604728255304559
1997-05-07,7.022342681884766,0.0034907502722905104
1997-05-08,7.046855926513672,-0.002153491247453676
1997-05-09,7.031680583953857,-0.027556499327332062
1997-05-12,6.837912082672119,-0.0008536178270492911
1997-05-13,6.832075119018555,0.01161824133334255
1997-05-14,6.911451816558838,-0.006418080405730109
1997-05-15,6.867093563079834,0.041967625371502004
1997-05-16,7.155289173126221,0.008142623394038262
1997-05-19,7.213551998138428,-0.00016836424583299703
1997-05-20,7.212337493896484,-0.015483127418784104
1997-05-21,7.100667953491211,-0.00905999390243084
1997-05-22,7.0363359451293945,0.0013801594522624416
1997-05-23,7.046047210693359,-0.007235072241089879
1997-05-26,6.995068550109863,-0.012146515114601408
1997-05-27,6.910102844238281,-0.007377409820463421
1997-05-28,6.859124183654785,0.041408862489716425
1997-05-29,7.143152713775635,0.02310938576102428
1997-05-30,7.308226585388184,0.011625644587772488
1997-06-02,7.393189430236816,-0.003939916832649271
1997-06-03,7.364060878753662,0.001318932072311041
1997-06-04,7.373773574829102,0.02304479768524481
1997-06-05,7.543700695037842,-0.00836672558468754
1997-06-06,7.480584621429443,0.002433655494102016
1997-06-09,7.4987897872924805,0.015215467888991085
1997-06-10,7.612887382507324,0.011798402318215828
1997-06-11,7.702707290649414,0.021115718779319836
1997-06-12,7.865355491638184,-0.003395060493441404
1997-06-13,7.83865213394165,-0.02338199551124187
1997-06-16,7.655368804931641,0.014270104927773364
1997-06-17,7.764611721038818,0.012193332776944343
1997-06-18,7.859288215637207,0.05606171341287247
1997-06-19,8.299893379211426,0.052061979515501955
1997-06-20,8.732002258300781,0.014873361869288448
1997-06-23,8.861876487731934,0.010409744530743614
1997-06-24,8.954126358032227,-0.0008134980608327513
1997-06-25,8.946842193603516,0.030253871365644835
1997-06-26,9.21751880645752,-0.026468585613085405
1997-06-27,8.973544120788574,-0.0035166799990180575
1997-06-30,8.941987037658691,-0.00719437504112741
1997-07-01,8.877655029296875,0.012168575092041056
1997-07-02,8.98568344116211,-0.0132378182015781
1997-07-03,8.866732597351074,-0.017248505852630713
1997-07-04,8.713794708251953,0.0039001536158831396
1997-07-07,8.747779846191406,-0.01207123912753394
1997-07-08,8.642183303833008,0.026544402076984053
1997-07-09,8.87158489227295,0.0043781633192085945
1997-07-10,8.910426139831543,-0.022612345435356174
1997-07-11,8.708940505981445,-0.035261552087355374
1997-07-14,8.401849746704102,0.004478671796910305
1997-07-15,8.439478874206543,0.009060804446837656
1997-07-16,8.515947341918945,-0.0022803887019579028
1997-07-17,8.496527671813965,0.0
1997-07-18,8.496527671813965,-0.013857275383856504
1997-07-21,8.378788948059082,-0.0024629524219601517
1997-07-22,8.358152389526367,0.04603556896167316
1997-07-23,8.742924690246582,-0.014299456751102557
1997-07-24,8.617905616760254,-0.01169021866692399
1997-07-25,8.517160415649414,0.00227995194207975
1997-07-28,8.536579132080078,0.007820693686201752
1997-07-29,8.603341102600098,-0.002821668864993021
1997-07-30,8.579065322875977,0.01867571118172684
1997-07-31,8.739285469055176,0.010416524576854158
1997-08-01,8.830318450927734,-0.0024741718020662162
1997-08-04,8.808470726013184,0.02246092639831465
1997-08-05,9.006317138671875,0.0060650322412314495
1997-08-06,9.060940742492676,-0.0016077111193090188
1997-08-07,9.04637336730957,0.0
1997-08-08,9.04637336730957,0.014893298516415632
1997-08-11,9.181103706359863,0.00092540992418777
1997-08-12,9.189599990844727,-0.01069884435378432
1997-08-13,9.09128189086914,-0.004539332207407987
1997-08-14,9.050013542175293,0.0
1997-08-15,9.050013542175293,-0.02025200779756675
1997-08-18,8.866732597351074,-0.00862441426099625
1997-08-19,8.790262222290039,0.010218657218882266
1997-08-20,8.880086898803711,-0.018179560940373762
1997-08-21,8.718650817871094,-0.030349693858174542
1997-08-22,8.454042434692383,-0.0238330521057325
1997-08-25,8.252556800842285,0.004706455807770071
1997-08-26,8.291397094726562,0.016981053948857516
1997-08-27,8.432193756103516,-0.02360696853897104
1997-08-28,8.233135223388672,-0.02609477882022937
1997-08-29,8.018293380737305,0.023463716386826983
1997-09-01,8.206432342529297,0.0019227041552722923
1997-09-02,8.222210884094238,0.004576173855170618
1997-09-03,8.25983715057373,0.01190280597067317
1997-09-04,8.358152389526367,0.003195058783741711
1997-09-05,8.384857177734375,-0.0018816764026132748
1997-09-08,8.36907958984375,0.0010149714846228175
1997-09-09,8.37757396697998,-0.008403188198152556
1997-09-10,8.307175636291504,0.015488183792241816
1997-09-11,8.43583869934082,-0.006043444335941284
1997-09-12,8.384857177734375,-0.0021712525704719043
1997-09-15,8.36665153503418,0.01958504833541741
1997-09-16,8.530512809753418,0.002134402755718412
1997-09-17,8.548720359802246,-0.01448240140571444
1997-09-18,8.424914360046387,0.0
1997-09-19,8.424914360046387,-0.028382428533410553
1997-09-22,8.185794830322266,-0.0007410792051847359
1997-09-23,8.179728507995605,0.009645255190381619
1997-09-24,8.258624076843262,0.020870009047558202
1997-09-25,8.430981636047363,0.012813153065004634
1997-09-26,8.539009094238281,0.018621367464093375
1997-09-29,8.698017120361328,0.008791153849358802
1997-09-30,8.774482727050781,-0.0015214039956907843
1997-10-01,8.761133193969727,0.0
1997-10-02,8.761133193969727,0.0
1997-10-03,8.761133193969727,0.0
1997-10-06,8.761133193969727,0.0
1997-10-07,8.761133193969727,0.0
1997-10-08,8.761133193969727,0.06220548500802359
1997-10-09,9.306123733520508,0.09951745090118247
1997-10-10,10.232245445251465,0.020640514136680332
1997-10-13,10.44344425201416,-0.07136217672861522
1997-10-14,9.698177337646484,0.006758396566284519
1997-10-15,9.763721466064453,0.005345573219154742
1997-10-16,9.815914154052734,0.004698946790803404
1997-10-17,9.862038612365723,0.009969348513025222
1997-10-20,9.960356712341309,-0.004265146051044111
1997-10-21,9.917874336242676,0.009301279034043874
1997-10-22,10.010123252868652,-0.016733396053399407
1997-10-23,9.842619895935059,-0.02343088936979776
1997-10-24,9.611998558044434,0.9113525260814388
1997-10-27,18.371917724609375,-0.09844089227605479
1997-10-28,16.563369750976562,0.09673184264903534
1997-10-29,18.16557502746582,-0.0311374651367341
1997-10-30,17.599945068359375,0.0
1997-10-31,17.599945068359375,0.0008280736585661863
1997-11-03,17.614519119262695,-0.023842454657409085
1997-11-04,17.19454574584961,-0.4842581621037363
1997-11-05,8.86794662475586,-0.011771195076825669
1997-11-06,8.76356029510498,-0.010803156163081251
1997-11-07,8.668886184692383,-0.02240278477876645
1997-11-10,8.474678993225098,0.005156000582916764
1997-11-11,8.5183744430542,-0.03533780115745766
1997-11-12,8.217353820800781,-0.031019019279244997
1997-11-13,7.962459564208984,0.0
1997-11-14,7.962459564208984,0.019512185773945534
1997-11-17,8.11782455444336,-0.02272743826593404
1997-11-18,7.9333271980285645,-0.03733163002160256
1997-11-19,7.637163162231445,-0.012396564697996215
1997-11-20,7.5424885749816895,0.0003218537155580403
1997-11-21,7.544916152954102,-0.04568871218787829
1997-11-24,7.200198650360107,0.06203639213502643
1997-11-25,7.6468729972839355,0.03936519180589726
1997-11-26,7.9478936195373535,0.019853262019585927
1997-11-27,8.105685234069824,-0.04971546905456092
1997-11-28,7.702707290649414,0.01292170708618201
1997-12-01,7.802239418029785,-0.01649046886652039
1997-12-02,7.673576831817627,0.0037962034485665708
1997-12-03,7.702707290649414,0.013867122354514816
1997-12-04,7.809521675109863,0.015231575709343304
1997-12-05,7.928472995758057,0.026025828862600076
1997-12-08,8.134818077087402,-0.06923314546642867
1997-12-09,7.571619033813477,-0.011221162558766928
1997-12-10,7.486656665802002,0.012321331521349732
1997-12-11,7.578902244567871,-0.036194791655525194
1997-12-12,7.3045854568481445,0.027916238489816392
1997-12-15,7.508502006530762,0.010346001357764534
1997-12-16,7.586184978485107,0.00576005995958484
1997-12-17,7.629881858825684,0.00031797968904734297
1997-12-18,7.632308006286621,0.022582688735738987
1997-12-19,7.804666042327881,0.012441736162317474
1997-12-22,7.901769638061523,0.011059782470950186
1997-12-23,7.989161491394043,-0.011850318774327073
1997-12-24,7.894487380981445,0.0
1997-12-25,7.894487380981445,0.023985228262484615
1997-12-26,8.08383846282959,0.01771776834334937
1997-12-29,8.227066040039062,-0.02301574274485363
1997-12-30,8.037714004516602,0.012987185568749782
1997-12-31,8.142101287841797,0.009242397054352036
1998-01-01,8.217353820800781,0.000295711029510759
1998-01-02,8.219783782958984,0.018605956003595825
1998-01-05,8.372720718383789,-0.008118177094332046
1998-01-06,8.304749488830566,0.009938378493461464
1998-01-07,8.387285232543945,-0.02575981505237357
1998-01-08,8.17123031616211,-0.025549488127900588
1998-01-09,7.962459564208984,-0.04634156098444364
1998-01-12,7.593466758728027,0.009590789225310647
1998-01-13,7.666294097900391,-0.019316202188117138
1998-01-14,7.518210411071777,0.010009875161969717
1998-01-15,7.593466758728027,0.005115087586832434
1998-01-16,7.632308006286621,0.024490897538502532
1998-01-19,7.819230079650879,-0.016454148324618334
1998-01-20,7.690571308135986,0.002524879099138566
1998-01-21,7.709989070892334,-0.017946852557969017
1998-01-22,7.571619033813477,-0.009938952704089843
1998-01-23,7.496365070343018,0.0
1998-01-26,7.496365070343018,-0.018782563494460947
1998-01-27,7.355564117431641,-0.021782429052331742
1998-01-28,7.195342063903809,0.010121588688886796
1998-01-29,7.268170356750488,0.030060702807906736
1998-01-30,7.486656665802002,0.016536314372067373
1998-02-02,7.6104583740234375,0.015311252528776409
1998-02-03,7.726984024047852,-0.030474505481756453
1998-02-04,7.4915080070495605,0.011989754074752668
1998-02-05,7.581329345703125,0.0016009610546443565
1998-02-06,7.593466758728027,0.010549868147841757
1998-02-09,7.673576831817627,-0.004428852239875658
1998-02-10,7.639591693878174,-0.030823115479716612
1998-02-11,7.404115676879883,-0.02131140277323751
1998-02-12,7.246323585510254,0.01072026306864382
1998-02-13,7.324006080627441,0.0
1998-02-16,7.324006080627441,0.002983159537054192
1998-02-17,7.345854759216309,-0.007931453011137513
1998-02-18,7.287591457366943,0.017988132972527326
1998-02-19,7.418681621551514,-0.01603408847466814
1998-02-20,7.299729824066162,0.0156302554053942
1998-02-23,7.4138264656066895,0.0
1998-02-24,7.4138264656066895,0.029142224224061763
1998-02-25,7.629881858825684,0.0009543140431904629
1998-02-26,7.637163162231445,0.018436040002267617
1998-02-27,7.7779622077941895,0.043071086539866243
1998-03-02,8.112967491149902,-0.039796460893730345
1998-03-03,7.79010009765625,0.035837004340570244
1998-03-04,8.069273948669434,0.0033092048961578246
1998-03-05,8.095976829528809,-0.0059971161164235065
1998-03-06,8.04742431640625,0.09079953678071129
1998-03-09,8.77812671661377,-0.024059993049077022
1998-03-10,8.566925048828125,-0.0252192123140057
1998-03-11,8.350873947143555,-0.009883942558955416
1998-03-12,8.26833438873291,0.0
1998-03-13,8.26833438873291,0.03552558443926679
1998-03-16,8.562071800231934,-0.008789502051852804
1998-03-17,8.486815452575684,0.02259741494364964
1998-03-18,8.678595542907715,-0.014265672267333107
1998-03-19,8.554789543151855,0.006526280421482067
1998-03-20,8.610620498657227,0.01606997094880991
1998-03-23,8.748992919921875,-0.008323864528213654
1998-03-24,8.676167488098145,0.02881918250936155
1998-03-25,8.926207542419434,-0.023932544762942265
1998-03-26,8.712580680847168,0.005293787530225913
1998-03-27,8.758703231811523,-0.017183813968519313
1998-03-30,8.608195304870605,-0.012972246690715505
1998-03-31,8.496527671813965,0.04485683707560284
1998-04-01,8.877655029296875,-0.005468962162645252
1998-04-02,8.829103469848633,0.017047012168737385
1998-04-03,8.979613304138184,-0.0005405803241294027
1998-04-06,8.974759101867676,0.0027048948555141727
1998-04-07,8.999034881591797,0.0
1998-04-08,8.999034881591797,0.07607226744065287
1998-04-09,9.683611869812012,-0.0225620378485214
1998-04-10,9.465129852294922,-0.02949468146203471
1998-04-13,9.185958862304688,0.0
1998-04-14,9.185958862304688,0.05047551041426157
1998-04-15,9.649624824523926,-0.0191193933011905
1998-04-16,9.465129852294922,0.02026164877296588
1998-04-17,9.656908988952637,-0.005530612621781783
1998-04-20,9.603500366210938,0.007331082423038815
1998-04-21,9.673904418945312,-0.00602267941557344
1998-04-22,9.615641593933105,-0.03610232188084761
1998-04-23,9.268494606018066,0.00366714920615574
1998-04-24,9.302483558654785,-0.018006202559039952
1998-04-27,9.134981155395508,-0.016742003787144077
1998-04-28,8.982043266296387,0.02945928455659197
1998-04-29,9.246647834777832,0.007876080118294437
1998-04-30,9.319475173950195,0.0
1998-05-01,9.319475173950195,0.014587126841119735
1998-05-04,9.455419540405273,0.0002568906089790435
1998-05-05,9.45784854888916,0.011494389637151325
1998-05-06,9.566560745239258,0.0
1998-05-07,9.566560745239258,-0.004714260393453795
1998-05-08,9.521461486816406,0.003947024712399161
1998-05-11,9.559042930603027,-0.028309005053483438
1998-05-12,9.288435935974121,-0.056919404852196154
1998-05-13,8.759743690490723,0.022311188462119214
1998-05-14,8.955183982849121,-0.008393758976787624
1998-05-15,8.880016326904297,0.011004608128641014
1998-05-18,8.977737426757812,0.009768064891691353
1998-05-19,9.06543254852295,0.012714349509956868
1998-05-20,9.180693626403809,-0.012008740315301636
1998-05-21,9.07044506072998,0.004696010987639498
1998-05-22,9.11303997039795,0.003849214841589621
1998-05-25,9.148118019104004,-0.0038344551997253618
1998-05-26,9.11303997039795,-0.04536709183980481
1998-05-27,8.699607849121094,-0.04205049220582757
1998-05-28,8.333785057067871,0.0033073921278299334
1998-05-29,8.361348152160645,-0.009589496857089097
1998-06-01,8.281167030334473,-0.058699479802515886
1998-06-02,7.795066833496094,0.06589557753385233
1998-06-03,8.308727264404297,-0.01447534368524983
1998-06-04,8.188455581665039,-0.03304743718363545
1998-06-05,7.917848110198975,-0.015190066131560598
1998-06-08,7.7975754737854,-0.005141658249606551
1998-06-09,7.757483005523682,-0.03326846202883449
1998-06-10,7.499403476715088,0.013698777336784929
1998-06-11,7.602136135101318,0.0003292388085305298
1998-06-12,7.604639053344727,-0.039868112056595684
1998-06-15,7.301456451416016,-0.004804253636170319
1998-06-16,7.266378402709961,0.05931024299973098
1998-06-17,7.6973490715026855,-0.030599018950645318
1998-06-18,7.461817741394043,-0.04600370410937338
1998-06-19,7.118546485900879,-0.020415610924319205
1998-06-22,6.973217010498047,0.0007186183490364151
1998-06-23,6.9782280921936035,0.03482949938859825
1998-06-24,7.22127628326416,0.022206779478812777
1998-06-25,7.3816375732421875,-0.024779243658568317
1998-06-26,7.198726177215576,0.0180993047345126
1998-06-29,7.3290181159973145,-0.018461405335631342
1998-06-30,7.193714141845703,-0.009055957479866539
1998-07-01,7.128568172454834,0.0010544030642505309
1998-07-02,7.13608455657959,-0.01966301857598174
1998-07-03,6.995767593383789,0.028295186456611443
1998-07-06,7.193714141845703,-0.0006967242888785696
1998-07-07,7.18870210647583,0.017079225176824808
1998-07-08,7.311479568481445,0.00034252284116043086
1998-07-09,7.313983917236328,0.026379179864362445
1998-07-10,7.50692081451416,-0.014018474315883545
1998-07-13,7.4016852378845215,0.0
1998-07-14,7.4016852378845215,0.0013539091969900774
1998-07-15,7.411706447601318,0.020283945514114388
1998-07-16,7.562045097351074,-0.010272052830366696
1998-07-17,7.484367370605469,-0.023099855146479387
1998-07-20,7.311479568481445,-0.03324206347446512
1998-07-21,7.0684309005737305,-0.0014180790678415267
1998-07-22,7.058407306671143,-0.036563354983427554
1998-07-23,6.800328254699707,-0.012896069522867482
1998-07-24,6.712630748748779,-0.023889555796745787
1998-07-27,6.552268981933594,0.027533450005181592
1998-07-28,6.732675552368164,0.030889530777557628
1998-07-29,6.94064474105835,-0.014079473400832265
1998-07-30,6.842924118041992,-0.0043941557498572426
1998-07-31,6.812855243682861,-0.025744784303416313
1998-08-03,6.637459754943848,0.006039973959324874
1998-08-04,6.677549839019775,-0.006754291698767956
1998-08-05,6.632447719573975,-0.015489115840960799
1998-08-06,6.529716968536377,-0.0007672810391907703
1998-08-07,6.524706840515137,-0.02726571407983247
1998-08-10,6.346806049346924,-0.018949878878759097
1998-08-11,6.226534843444824,-0.018108682883047122
1998-08-12,6.113780498504639,0.00819683958080808
1998-08-13,6.163894176483154,-0.020731787412690883
1998-08-14,6.036105632781982,-0.004566212570695782
1998-08-17,6.008543491363525,-0.04545454906181168
1998-08-18,5.7354278564453125,-0.0432503518438212
1998-08-19,5.487368583679199,0.07990887260743662
1998-08-20,5.925858020782471,-0.01902751374480227
1998-08-21,5.813103675842285,-0.013793251098641712
1998-08-24,5.732922077178955,0.008741135287102964
1998-08-25,5.783034324645996,0.0
1998-08-26,5.783034324645996,-0.014731237109270823
1998-08-27,5.697843074798584,-0.051891153272219825
1998-08-28,5.402175426483154,-0.006493319068109349
1998-08-31,5.3670973777771,-0.038282212644191294
1998-09-01,5.161633014678955,0.018932390824749623
1998-09-02,5.259355068206787,0.012386593357714304
1998-09-03,5.324500560760498,0.07952956967701086
1998-09-04,5.747955799102783,0.02179588972831925
1998-09-07,5.873237609863281,-0.004266273672833942
1998-09-08,5.848180770874023,0.011139527306563313
1998-09-09,5.913326740264893,0.014407056767742121
1998-09-10,5.998520374298096,-0.0171261741732327
1998-09-11,5.895788669586182,0.04419879225500045
1998-09-14,6.156375408172607,-0.017907876744026607
1998-09-15,6.046127796173096,-0.007045068834318657
1998-09-16,6.003532409667969,0.003756139637435707
1998-09-17,6.026082515716553,-0.002495091833416896
1998-09-18,6.011046886444092,0.021676050102494182
1998-09-21,6.141342639923096,-0.012239923368678629
1998-09-22,6.066173076629639,0.015695874297174672
1998-09-23,6.161386966705322,0.022366831987177926
1998-09-24,6.299197673797607,0.007159978426047653
1998-09-25,6.344299793243408,-0.010268650919006861
1998-09-28,6.2791523933410645,-0.03631293761695198
1998-09-29,6.051137924194336,-0.012422384720881308
1998-09-30,5.975968360900879,0.0
1998-10-01,5.975968360900879,0.0
1998-10-02,5.975968360900879,-0.07966430358665466
1998-10-05,5.499897003173828,-0.0036447513984595448
1998-10-06,5.479851245880127,0.04755378943117439
1998-10-07,5.740438938140869,-0.05194236891698045
1998-10-08,5.442266941070557,0.017955867302079653
1998-10-09,5.539987564086914,-0.030303241570378003
1998-10-12,5.372107982635498,-0.03498096550837748
1998-10-13,5.1841864585876465,0.05993197036762332
1998-10-14,5.494884967803955,-0.02963975955796483
1998-10-15,5.33201789855957,0.0070489745531499
1998-10-16,5.369603157043457,-0.015399071155578148
1998-10-19,5.286916255950928,-0.03981026504971785
1998-10-20,5.076442718505859,0.0
1998-10-21,5.076442718505859,0.046396548886763034
1998-10-22,5.311972141265869,0.006603762491121046
1998-10-23,5.34705114364624,0.08013141923733724
1998-10-26,5.77551794052124,0.0004338622600021935
1998-10-27,5.778023719787598,-0.011708705683746823
1998-10-28,5.7103705406188965,-0.007898198950107793
1998-10-29,5.665268898010254,-0.020787261603258278
1998-10-30,5.547503471374512,-0.001806521907677494
1998-11-02,5.537481784820557,-0.016742270541114435
1998-11-03,5.444771766662598,0.0
1998-11-04,5.444771766662598,0.023930259226375705
1998-11-05,5.575066566467285,0.06471907313884762
1998-11-06,5.935879707336426,0.03461372917189154
1998-11-09,6.141342639923096,-0.002040168396971631
1998-11-10,6.12881326675415,-0.017170628643638164
1998-11-11,6.023577690124512,0.039101330092133235
1998-11-12,6.25910758972168,-0.01681357275088946
1998-11-13,6.15386962890625,-0.03745924249938015
1998-11-16,5.9233503341674805,0.01818966193174365
1998-11-17,6.031094074249268,0.010386523025831318
1998-11-18,6.093736171722412,-0.017269936650841533
1998-11-19,5.988497734069824,0.001673648496391733
1998-11-20,5.998520374298096,-0.019632174065599917
1998-11-23,5.880756378173828,-0.004261062334385279
1998-11-24,5.855698108673096,0.0
1998-11-25,5.855698108673096,-0.02909703509420669
1998-11-26,5.685314655303955,-0.013221790646272713
1998-11-27,5.61014461517334,0.0026798237464902286
1998-11-30,5.625178813934326,-0.0008909154177109135
1998-12-01,5.620167255401611,0.00802496448220369
1998-12-02,5.665268898010254,-0.009287993448324317
1998-12-03,5.612649917602539,0.013393222763874002
1998-12-04,5.687821388244629,0.02070441991960914
1998-12-07,5.80558443069458,0.002158076672788667
1998-12-08,5.818113327026367,0.018087823530742453
1998-12-09,5.9233503341674805,0.010575450368317307
1998-12-10,5.985992431640625,0.003348458952123101
1998-12-11,6.006036281585693,-0.014184112812352878
1998-12-14,5.920845985412598,-0.02454514865770996
1998-12-15,5.77551794052124,0.011279593142053512
1998-12-16,5.840663433074951,-0.03903897529537481
1998-12-17,5.612649917602539,0.005803707208990483
1998-12-18,5.645224094390869,0.035064427054117386
1998-12-21,5.843170642852783,0.013721949300380398
1998-12-22,5.9233503341674805,-0.013536206165655762
1998-12-23,5.843170642852783,-0.0021441948383130738
1998-12-24,5.830641746520996,0.0
1998-12-25,5.830641746520996,0.03566823703018929
1998-12-28,6.038610458374023,-0.009958635123316073
1998-12-29,5.978474140167236,0.029756968723861466
1998-12-30,6.156375408172607,-0.026454870726996815
1998-12-31,5.993509292602539,0.021739237666377642
1999-01-01,6.123803615570068,0.010638154565445701
1999-01-04,6.1889495849609375,-0.004048410499039701
1999-01-05,6.163894176483154,0.008129888215971048
1999-01-06,6.214005947113037,0.04838710791327161
1999-01-07,6.514683723449707,0.08000010539966906
1999-01-08,7.035859107971191,0.03347570962122948
1999-01-11,7.271389484405518,-0.024121316718788477
1999-01-12,7.095993995666504,-0.021186478832807
1999-01-13,6.94565486907959,-0.01767659881914807
1999-01-14,6.822879314422607,-0.008079607984420534
1999-01-15,6.7677531242370605,0.0033323452880704707
1999-01-18,6.7903056144714355,-0.0402213351780506
1999-01-19,6.517190456390381,0.0
1999-01-20,6.517190456390381,0.024605600174252285
1999-01-21,6.677549839019775,0.013883623466911299
1999-01-22,6.77025842666626,-0.014063412413675147
1999-01-25,6.675045490264893,0.0
1999-01-26,6.675045490264893,0.022897814314803977
1999-01-27,6.827889442443848,-0.027155854946972258
1999-01-28,6.642472267150879,0.0007544000929198269
1999-01-29,6.6474833488464355,-0.03128525851094588
1999-02-01,6.439515113830566,-0.024124741699928065
1999-02-02,6.284163475036621,0.030701929440559494
1999-02-03,6.477099418640137,-0.028239928819324578
1999-02-04,6.294186592102051,-0.024681462675454457
1999-02-05,6.138836860656738,-0.032653222282239436
1999-02-08,5.938384056091309,0.015189950869195945
1999-02-09,6.028587818145752,0.022444121644896065
1999-02-10,6.163894176483154,-0.007317146945493791
1999-02-11,6.1187920570373535,0.0
1999-02-12,6.1187920570373535,-0.02416077821471374
1999-02-15,5.970957279205322,0.005455595968856475
1999-02-16,6.003532409667969,0.017111955851797145
1999-02-17,6.106264591217041,0.08001630515631053
1999-02-18,6.594865322113037,0.07446808433718832
1999-02-19,7.085972309112549,-0.07355036664317915
1999-02-22,6.564796447753906,0.05190851183261058
1999-02-23,6.90556526184082,0.02249651636995398
1999-02-24,7.060916423797607,-0.008516786575196944
1999-02-25,7.00078010559082,0.001431441862999483
1999-02-26,7.010801315307617,0.0364547611475321
1999-03-01,7.266378402709961,0.0
1999-03-02,7.266378402709961,0.03793112273356658
1999-03-03,7.5420002937316895,0.0073088473900499995
1999-03-04,7.597123622894287,0.0072558785056013875
1999-03-05,7.652247428894043,0.0006549756024547548
1999-03-08,7.657259464263916,-0.018324572933218874
1999-03-09,7.516943454742432,-0.04000006850977844
1999-03-10,7.2162652015686035,-0.030555640906446246
1999-03-11,6.995767593383789,-0.014326447183418245
1999-03-12,6.895543098449707,0.011991077796683847
1999-03-15,6.9782280921936035,-0.041292488488599344
1999-03-16,6.690079689025879,-0.011236116826990883
1999-03-17,6.6149091720581055,0.009091027048535594
1999-03-18,6.675045490264893,-0.00525524544087852
1999-03-19,6.6399664878845215,-0.03094336891030458
1999-03-22,6.434503555297852,-0.0035047826714604824
1999-03-23,6.411952018737793,-0.0023446404277347455
1999-03-24,6.396918296813965,-0.02428538736712016
1999-03-25,6.2415666580200195,-0.020874877401865333
1999-03-26,6.111274719238281,0.0
1999-03-29,6.111274719238281,0.013120117925087715
1999-03-30,6.191455364227295,0.055442971936450425
1999-03-31,6.534728050231934,0.006901693320309654
1999-04-01,6.57982873916626,0.0
1999-04-02,6.57982873916626,-0.0795883672185198
1999-04-05,6.056150913238525,0.043028442045060844
1999-04-06,6.316737651824951,-0.0047600394922413525
1999-04-07,6.286669731140137,-0.00916687386065429
1999-04-08,6.229040622711182,-0.029766799903086838
1999-04-09,6.043622016906738,0.0
1999-04-12,6.043622016906738,-0.0008292309675712595
1999-04-13,6.038610458374023,0.0
1999-04-14,6.038610458374023,-0.0265559918268361
1999-04-15,5.878249168395996,0.08013639657801508
1999-04-16,6.349310874938965,0.01933713192249309
1999-04-19,6.47208833694458,0.0274872387755265
1999-04-20,6.649988174438477,-0.01770911820391108
1999-04-21,6.532222747802734,-0.03337147705857857
1999-04-22,6.31423282623291,0.003968084352811374
1999-04-23,6.339288234710693,-0.05810288818996734
1999-04-26,5.970957279205322,0.0
1999-04-27,5.970957279205322,0.040705142666849214
1999-04-28,6.214005947113037,0.08024208632555263
1999-04-29,6.712630748748779,0.012691328736890162
1999-04-30,6.797822952270508,-0.008846478566179705
1999-05-03,6.7376861572265625,0.0803272367804222
1999-05-04,7.278905868530273,0.01342518020996053
1999-05-05,7.376626491546631,0.02173936792250908
1999-05-06,7.536989688873291,0.057005178912874266
1999-05-07,7.966637134552002,0.014135720369044646
1999-05-10,8.079251289367676,0.0800648369768131
1999-05-11,8.726115226745605,-0.045618385583817256
1999-05-12,8.328043937683105,0.0660379335470691
1999-05-13,8.878010749816895,0.08023573064652023
1999-05-14,9.590344429016113,-0.02266560795051409
1999-05-17,9.372973442077637,0.030735200225878945
1999-05-18,9.661053657531738,-0.005150266787452229
1999-05-19,9.611296653747559,-0.04305194144773239
1999-05-20,9.197511672973633,-0.04840553322224861
1999-05-21,8.752301216125488,-0.00029910259415111273
1999-05-24,8.749683380126953,0.017659526602917586
1999-05-25,8.90419864654541,-0.03558826651175162
1999-05-26,8.587313652038574,-0.05946936687200588
1999-05-27,8.076631546020508,0.005188121047183802
1999-05-28,8.118534088134766,0.08000000000000007
1999-05-31,8.768016815185547,-0.008064666999929915
1999-06-01,8.697305679321289,0.04878064024747952
1999-06-02,9.121565818786621,0.022107227077192038
1999-06-03,9.32321834564209,0.033708012282603894
1999-06-04,9.63748550415039,-0.01739128541736512
1999-06-07,9.469877243041992,0.0785397737698097
1999-06-08,10.213639259338379,-0.03615397407434351
1999-06-09,9.844375610351562,0.006118627753382455
1999-06-10,9.904609680175781,-0.03410889704879849
1999-06-11,9.566774368286133,-0.029838538442444773
1999-06-14,9.281315803527832,-0.0225732917598499
1999-06-15,9.071805953979492,0.05196311623532801
1999-06-16,9.543205261230469,0.012623146555893694
1999-06-17,9.663670539855957,-0.007317015643693359
1999-06-18,9.592961311340332,0.02757315898509871
1999-06-21,9.85746955871582,-0.009298873311219702
1999-06-22,9.765806198120117,-0.025207637748908995
1999-06-23,9.519633293151855,-0.0060520579972528354
1999-06-24,9.462019920349121,-0.016330050847404687
1999-06-25,9.307504653930664,0.0011257603518823878
1999-06-28,9.31798267364502,-0.016020386847785284
1999-06-29,9.168704986572266,0.013710094482219937
1999-06-30,9.294408798217773,-0.01718754585264315
1999-07-01,9.134660720825195,0.034403499712790886
1999-07-02,9.448925018310547,0.03630803894582879
1999-07-05,9.791996955871582,0.0013372091947401188
1999-07-06,9.80509090423584,-0.010416497469260655
1999-07-07,9.702956199645996,-0.02186256393199837
1999-07-08,9.490824699401855,-0.006070328022395044
1999-07-09,9.433212280273438,0.03970018521064689
1999-07-12,9.80771255493164,0.021361550007331642
1999-07-13,10.017220497131348,0.014902296945957794
1999-07-14,10.166500091552734,-0.04353450750388266
1999-07-15,9.723906517028809,-0.0018849077430880268
1999-07-16,9.705577850341797,0.00026962663785412566
1999-07-19,9.708194732666016,-0.03857578454544208
1999-07-20,9.333693504333496,0.018237806611916207
1999-07-21,9.50391960144043,-0.004959870883607165
1999-07-22,9.456781387329102,-0.01606187237511636
1999-07-23,9.304887771606445,-0.027019492497705744
1999-07-26,9.053474426269531,-0.011860208973612396
1999-07-27,8.946098327636719,0.024883099959661648
1999-07-28,9.168704986572266,0.027134982386257445
1999-07-29,9.417497634887695,-0.0038933820707360844
1999-07-30,9.380831718444824,-0.015633687337436086
1999-08-02,9.234174728393555,-0.015598383679650829
1999-08-03,9.090136528015137,0.03341996007217607
1999-08-04,9.393928527832031,-0.0008364256412630722
1999-08-05,9.38607120513916,-0.013392895698429053
1999-08-06,9.260364532470703,-0.0014139776375265978
1999-08-09,9.247270584106445,-0.01784196427853202
1999-08-10,9.082281112670898,-0.009227001693291825
1999-08-11,8.998478889465332,-0.0148430585520416
1999-08-12,8.864913940429688,-0.010930407886107885
1999-08-13,8.768016815185547,0.019115977799270212
1999-08-16,8.935626029968262,0.000879111918727693
1999-08-17,8.9434814453125,0.028403953115403002
1999-08-18,9.197511672973633,-0.00711861630042232
1999-08-19,9.132038116455078,0.001720930077124816
1999-08-20,9.147753715515137,0.0715717023826341
1999-08-23,9.802474021911621,-0.01015231685829221
1999-08-24,9.702956199645996,-0.03292849906828854
1999-08-25,9.383452415466309,0.010326484819035642
1999-08-26,9.480350494384766,0.0226520460788735
1999-08-27,9.695099830627441,0.01863841104838282
1999-08-30,9.875801086425781,0.026252934664461325
1999-08-31,10.135069847106934,-0.019638121905931616
1999-09-01,9.936036109924316,-0.03136536660226641
1999-09-02,9.624388694763184,-0.002721092345021603
1999-09-03,9.598199844360352,0.012551416163956164
1999-09-06,9.718670845031738,-0.01050951523266408
1999-09-07,9.616532325744629,0.035947644036171456
1999-09-08,9.962224006652832,0.04810739345188364
1999-09-09,10.44148063659668,-0.008026259954847514
1999-09-10,10.357674598693848,0.0
1999-09-13,10.357674598693848,-0.018963136171532002
1999-09-14,10.161260604858398,-0.01958778599875699
1999-09-15,9.962224006652832,-0.019189942628618506
1999-09-16,9.771049499511719,0.016617332091314996
1999-09-17,9.933418273925781,-0.015554999143620574
1999-09-20,9.77890396118164,-0.016336380101900527
1999-09-21,9.619152069091797,0.017697076026638614
1999-09-22,9.789382934570312,0.03558023683008682
1999-09-23,10.137691497802734,0.07982406628699157
1999-09-24,10.94692325592041,0.030861472672687684
1999-09-27,11.284761428833008,0.045022069766321504
1999-09-28,11.792824745178223,0.061514565361707296
1999-09-29,12.518255233764648,0.003138041047536344
1999-09-30,12.557538032531738,-0.005839438564535948
1999-10-01,12.484209060668945,-0.03125652660885536
1999-10-04,12.093996047973633,0.029016658473612678
1999-10-05,12.444923400878906,0.0016836727499891513
1999-10-06,12.465876579284668,0.04264701483442623
1999-10-07,12.997509002685547,-0.02498489237116841
1999-10-08,12.672767639160156,-0.00867955112594787
1999-10-11,12.562773704528809,-0.009172230246618396
1999-10-12,12.447545051574707,0.018724740363633696
1999-10-13,12.680622100830078,0.004130831680529301
1999-10-14,12.733003616333008,-0.036405063033263185
1999-10-15,12.269457817077637,-0.0036284752840920476
1999-10-18,12.22493839263916,0.0
1999-10-19,12.22493839263916,0.07390775266626459
1999-10-20,13.128456115722656,0.057649817843492324
1999-10-21,13.885309219360352,-0.010373149305189733
1999-10-22,13.7412748336792,-0.01715302436273014
1999-10-25,13.505570411682129,-0.009501386741358697
1999-10-26,13.377248764038086,-0.015857704200637257
1999-10-27,13.165116310119629,-0.03143019096860655
1999-10-28,12.751334190368652,-0.03286092627761972
1999-10-29,12.332313537597656,-0.07475048270221685
1999-11-01,11.410467147827148,0.07551069634430907
1999-11-02,12.272079467773438,-0.0377720036853616
1999-11-03,11.808538436889648,0.002882859600311649
1999-11-04,11.842580795288086,0.02830603632868378
1999-11-05,12.177797317504883,0.0
1999-11-08,12.177797317504883,-0.014838739587759608
1999-11-09,11.99709415435791,0.028159841142969322
1999-11-10,12.334930419921875,0.002760220415595649
1999-11-11,12.368977546691895,-0.021808410036443848
1999-11-12,12.09922981262207,-0.0019477476168053842
1999-11-15,12.075663566589355,-0.012795434239930903
1999-11-16,11.921150207519531,-0.0017576473780646085
1999-11-17,11.90019702911377,-0.015625013773954533
1999-11-18,11.714256286621094,0.0011179417107209932
1999-11-19,11.727352142333984,0.0004466935891784818
1999-11-22,11.732590675354004,0.0
1999-11-23,11.732590675354004,0.028124904237044834
1999-11-24,12.062568664550781,-0.002605285045206851
1999-11-25,12.031142234802246,-0.017631867041727145
1999-11-26,11.819010734558105,-0.016618480027363547
1999-11-29,11.622596740722656,-0.009012998581459764
1999-11-30,11.517842292785645,0.014551888235589727
1999-12-01,11.68544864654541,-0.012326205955873415
1999-12-02,11.541411399841309,-0.015203213142371719
1999-12-03,11.365944862365723,0.0029954547121229247
1999-12-06,11.399991035461426,0.027797118512614905
1999-12-07,11.716877937316895,0.03933807134066103
1999-12-08,12.177797317504883,0.01784962205582019
1999-12-09,12.395166397094727,-0.00232417967029086
1999-12-10,12.366357803344727,-0.0343073753152795
1999-12-13,11.942100524902344,-0.019517496925460343
1999-12-14,11.709020614624023,-0.0033549175511765617
1999-12-15,11.669737815856934,0.004712499142940585
1999-12-16,11.7247314453125,-0.003573859436329374
1999-12-17,11.682828903198242,-0.011880574031695734
1999-12-20,11.54403018951416,-0.003856736748823364
1999-12-21,11.499507904052734,0.07948071123595835
1999-12-22,12.413496971130371,-0.01961995145390527
1999-12-23,12.169944763183594,-0.026253433086395606
1999-12-24,11.850441932678223,-0.015911844829052835
1999-12-27,11.661879539489746,0.0044912783530295375
1999-12-28,11.714256286621094,0.05924415351980672
1999-12-29,12.408257484436035,-0.01625132455220013
1999-12-30,12.2066068649292,0.0
1999-12-31,12.2066068649292,0.080025750895246
2000-01-03,13.183449745178223,0.08005548961074438
2000-01-04,14.23885726928711,0.039176186984462236
2000-01-05,14.79668140411377,0.041946976061595365
2000-01-06,15.417357444763184,0.06862553522701687
2000-01-07,16.47538185119629,-0.01923350094844256
2000-01-10,16.15850257873535,-0.06482995343678588
2000-01-11,15.110947608947754,0.04575393198740518
2000-01-12,15.802332878112793,0.03364265437903935
2000-01-13,16.333965301513672,0.014269646468314745
2000-01-14,16.567045211791992,-0.023869826775638647
2000-01-17,16.171592712402344,0.01765167530570011
2000-01-18,16.457048416137695,0.0171867171412734
2000-01-19,16.739891052246094,-0.021120206587482704
2000-01-20,16.386341094970703,0.043151555051575086
2000-01-21,17.09343719482422,-0.0006127059890531639
2000-01-24,17.082963943481445,-0.019009661590329907
2000-01-25,16.758222579956055,0.0
2000-01-26,16.758222579956055,0.046882730574934195
2000-01-27,17.543893814086914,0.010150517723696462
2000-01-28,17.721973419189453,-0.030146313512103284
2000-01-31,17.187721252441406,0.017979504880308195
2000-02-01,17.496747970581055,0.018260752496229493
2000-02-02,17.816251754760742,0.004409771405098573
2000-02-03,17.894817352294922,0.007317599864762769
2000-02-04,18.02576446533203,-0.0015980840344812508
2000-02-07,17.996957778930664,-0.0034924157887759044
2000-02-08,17.934104919433594,0.023364405470976513
2000-02-09,18.353124618530273,0.015268142630423087
2000-02-10,18.633342742919922,0.021222637835212943
2000-02-11,19.028791427612305,-0.030828540518998193
2000-02-14,18.442161560058594,-0.02201043664890412
2000-02-15,18.03624153137207,0.01103478834223326
2000-02-16,18.235267639160156,0.01838318202376188
2000-02-17,18.57048988342285,-0.014384541947981222
2000-02-18,18.303361892700195,-0.010873954394396201
2000-02-21,18.104331970214844,-0.032692139937656184
2000-02-22,17.512462615966797,-0.013608777754228196
2000-02-23,17.274139404296875,0.02107385710171905
2000-02-24,17.638172149658203,-0.024202047649295233
2000-02-25,17.211292266845703,0.013694532847706942
2000-02-28,17.446992874145508,-0.06679724144384835
2000-02-29,16.28158187866211,0.019141218883540922
2000-03-01,16.593231201171875,-0.07907173544812007
2000-03-02,15.28117561340332,-0.07986295606058957
2000-03-03,14.060775756835938,-0.05401398771767807
2000-03-06,13.301297187805176,-0.045874932720536665
2000-03-07,12.69110107421875,-0.03858859729910402
2000-03-08,12.201369285583496,-0.007083129104491714
2000-03-09,12.114945411682129,-0.06247291580289149
2000-03-10,11.358089447021484,-0.06294679516567003
2000-03-13,10.643134117126465,0.07874008692547174
2000-03-14,11.481175422668457,0.0800641421526993
2000-03-15,12.400405883789062,-0.00802552195040318
2000-03-16,12.300886154174805,0.0
2000-03-17,12.300886154174805,0.0
2000-03-20,12.300886154174805,0.012987023055702762
2000-03-21,12.460638046264648,0.02311891250570386
2000-03-22,12.748714447021484,-0.010065831856921559
2000-03-23,12.62038803100586,-0.0014524572454198692
2000-03-24,12.602057456970215,0.08000861193797748
2000-03-27,13.610330581665039,0.08004608636561938
2000-03-28,14.699784278869629,-0.0333155765652442
2000-03-29,14.210052490234375,0.07998506072352818
2000-03-30,15.346644401550293,0.08003425029749023
2000-03-31,16.574901580810547,0.0383948395067355
2000-04-03,17.211292266845703,-0.07988464565541709
2000-04-04,15.836374282836914,-0.0003304900828284829
2000-04-05,15.831140518188477,0.10441915177413419
2000-04-06,17.484214782714844,0.08002464119290087
2000-04-07,18.88338279724121,0.034918428484865816
2000-04-10,19.542760848999023,-0.02962550879437753
2000-04-11,18.963796615600586,-0.044664360269473735
2000-04-12,18.116790771484375,-0.07989353172149971
2000-04-13,16.669376373291016,0.0
2000-04-14,16.669376373291016,-0.0403601831397804
2000-04-17,15.996597290039062,0.005529625994297627
2000-04-18,16.085052490234375,0.049324930038419534
2000-04-19,16.878446578979492,0.07273283462725932
2000-04-20,18.106063842773438,0.0
2000-04-21,18.106063842773438,-0.0023683232498932227
2000-04-24,18.063182830810547,-0.014542396183440665
2000-04-25,17.800500869750977,0.07800054197179374
2000-04-26,19.188949584960938,-0.03436238387298651
2000-04-27,18.529571533203125,-0.001735902381019061
2000-04-28,18.497406005859375,0.0
2000-05-01,18.497406005859375,-0.04608006543226373
2000-05-02,17.645044326782227,-0.003494184736168804
2000-05-03,17.583389282226562,0.028048891607981963
2000-05-04,18.076583862304688,-0.005486562890668845
2000-05-05,17.977405548095703,-0.03384504619356887
2000-05-08,17.368959426879883,0.013425925265010408
2000-05-09,17.602153778076172,-0.009441195726588192
2000-05-10,17.43596839904785,-0.026133764715496
2000-05-11,16.980300903320312,-0.0026833830418369065
2000-05-12,16.934736251831055,0.011396177291689513
2000-05-15,17.127727508544922,-0.006572706796607819
2000-05-16,17.015151977539062,0.004568403872281079
2000-05-17,17.092884063720703,-0.027442662544185814
2000-05-18,16.623809814453125,0.017736342291304386
2000-05-19,16.918655395507812,-0.009981118904454522
2000-05-22,16.749788284301758,0.007361092306250594
2000-05-23,16.873085021972656,-0.006354367832359431
2000-05-24,16.765867233276367,0.00016017941915169587
2000-05-25,16.768552780151367,0.011668817026711187
2000-05-26,16.964221954345703,0.07268124240932616
2000-05-29,18.197202682495117,0.012814846065357655
2000-05-30,18.430397033691406,0.00029070140484632745
2000-05-31,18.435754776000977,-0.01366665132021716
2000-06-01,18.183799743652344,-0.005159149563205623
2000-06-02,18.08998680114746,0.0051859044197275495
2000-06-05,18.183799743652344,-0.001179204216520402
2000-06-06,18.162357330322266,-0.002508846071529347
2000-06-07,18.116790771484375,0.008581220279255009
2000-06-08,18.272254943847656,0.0010268348684185913
2000-06-09,18.291017532348633,-0.005275731063579148
2000-06-12,18.19451904296875,-0.00265159393355896
2000-06-13,18.14627456665039,-0.003397459331498376
2000-06-14,18.084623336791992,-0.017489227237189375
2000-06-15,17.76833724975586,0.0024135531680515854
2000-06-16,17.811222076416016,-0.002708549068825783
2000-06-19,17.76297950744629,-0.003169146680894963
2000-06-20,17.70668601989746,-0.0034812665140142585
2000-06-21,17.645044326782227,0.048153919242986065
2000-06-22,18.494722366333008,-0.021014563823194665
2000-06-23,18.106063842773438,-0.019540721001787498
2000-06-26,17.75225830078125,0.01011604229628027
2000-06-27,17.931840896606445,-0.002242313924162076
2000-06-28,17.891632080078125,0.025468403798230455
2000-06-29,18.34730339050293,-0.004236287760267854
2000-06-30,18.26957893371582,0.021566377523210445
2000-07-03,18.66358757019043,-0.007898850241106481
2000-07-04,18.51616668701172,0.025332814712781593
2000-07-05,18.985233306884766,0.023154335108547253
2000-07-06,19.424823760986328,-0.003173640899895691
2000-07-07,19.363176345825195,0.020210146277325425
2000-07-10,19.75450897216797,0.02021723942295539
2000-07-11,20.15389060974121,-0.015693739132459195
2000-07-12,19.837600708007812,-0.011619792519981464
2000-07-13,19.607091903686523,-0.012440170070068701
2000-07-14,19.363176345825195,0.005813700928921417
2000-07-17,19.47574806213379,-0.014175438582746058
2000-07-18,19.199670791625977,-0.011308387103439732
2000-07-19,18.982553482055664,0.009884524470412659
2000-07-20,19.17018699645996,-0.03831116621838937
2000-07-21,18.435754776000977,-0.05059589918727614
2000-07-24,17.502981185913086,0.022664487065638506
2000-07-25,17.899677276611328,-0.0248578893091288
2000-07-26,17.454729080200195,0.056664814471815816
2000-07-27,18.443798065185547,-0.010463644672488615
2000-07-28,18.250808715820312,-0.010721123498747986
2000-07-31,18.055139541625977,0.005047594609518313
2000-08-01,18.14627456665039,0.0014773161805590185
2000-08-02,18.17308235168457,-0.00398271229770919
2000-08-03,18.100704193115234,-0.022360316384161694
2000-08-04,17.695966720581055,0.00045463447463678364
2000-08-07,17.704011917114258,0.0018166341503302874
2000-08-08,17.736173629760742,0.008614171431496453
2000-08-09,17.88895606994629,-0.012436233635587768
2000-08-10,17.666484832763672,-0.0009104624475536616
2000-08-11,17.650400161743164,0.00030376404827681114
2000-08-14,17.65576171875,0.0
2000-08-15,17.65576171875,0.024441853169335337
2000-08-16,18.08730125427246,0.0010373348813739192
2000-08-17,18.106063842773438,-0.0023683232498932227
2000-08-18,18.063182830810547,-0.0013354367491665853
2000-08-21,18.039060592651367,0.0053491015698063915
2000-08-22,18.13555335998535,0.003694895371421092
2000-08-23,18.20256233215332,-0.011633188852802179
2000-08-24,17.990808486938477,-0.0059591629458783935
2000-08-25,17.88359832763672,-0.00419681583796172
2000-08-28,17.808544158935547,-0.005418448235938511
2000-08-29,17.71204948425293,0.0196733545368053
2000-08-30,18.060504913330078,-0.0010390851910453414
2000-08-31,18.041738510131836,0.0
2000-09-01,18.041738510131836,0.051552547412974326
2000-09-04,18.97183609008789,0.005227459221173403
2000-09-05,19.07101058959961,0.022066264201093366
2000-09-06,19.491836547851562,-0.004813326423556252
2000-09-07,19.39801597595215,0.02501045461781426
2000-09-08,19.883169174194336,0.03302784486594912
2000-09-11,20.539867401123047,0.0007828165908085882
2000-09-12,20.555946350097656,-0.020732588578370237
2000-09-13,20.12976837158203,0.0005324150665788618
2000-09-14,20.140485763549805,-0.025951627055097237
2000-09-15,19.617807388305664,-0.0539689292987785
2000-09-18,18.55905532836914,-0.02484108901173554
2000-09-19,18.0980281829834,0.029324622791252475
2000-09-20,18.628746032714844,0.0011512437815019982
2000-09-21,18.650192260742188,-0.027450401265198265
2000-09-22,18.13823699951172,0.010639602257073388
2000-09-25,18.331220626831055,-0.0019007705778860684
2000-09-26,18.296377182006836,0.031057784195707372
2000-09-27,18.864622116088867,-0.017902743998151727
2000-09-28,18.526893615722656,-0.00896995375885834
2000-09-29,18.360708236694336,0.0
2000-10-02,18.360708236694336,0.0018974062617418408
2000-10-03,18.395545959472656,0.010199942682738161
2000-10-04,18.583179473876953,-0.018750914765135573
2000-10-05,18.23472785949707,0.000734918096798598
2000-10-06,18.24812889099121,0.00014685477317200046
2000-10-09,18.250808715820312,-0.015420935803057478
2000-10-10,17.969364166259766,-0.014618110242070936
2000-10-11,17.70668601989746,-0.008930992223433631
2000-10-12,17.548547744750977,-0.027646453293318052
2000-10-13,17.063392639160156,-0.025133320187987418
2000-10-16,16.634532928466797,-0.026909334242679384
2000-10-17,16.186908721923828,-0.01192249854535421
2000-10-18,15.99392032623291,0.01608834047141694
2000-10-19,16.251235961914062,-0.01665845493272089
2000-10-20,15.980515480041504,-0.04109368235016442
2000-10-23,15.323817253112793,0.023963562286149598
2000-10-24,15.691030502319336,0.04219351838221752
2000-10-25,16.353090286254883,0.0016391934011443787
2000-10-26,16.37989616394043,-0.008509530340950588
2000-10-27,16.240510940551758,-0.006436629337129074
2000-10-30,16.135976791381836,0.003820612988405747
2000-10-31,16.1976261138916,0.021181855724197396
2000-11-01,16.540721893310547,0.02317258261030597
2000-11-02,16.924013137817383,-0.0001582318247250747
2000-11-03,16.921335220336914,-0.009345947141981337
2000-11-06,16.7631893157959,0.0015989779648706293
2000-11-07,16.789993286132812,0.01676252261782407
2000-11-08,17.071435928344727,0.002198238303333211
2000-11-09,17.108963012695312,-0.02506637663399791
2000-11-10,16.680103302001953,-0.028121783227282537
2000-11-13,16.211029052734375,0.02860476597458983
2000-11-14,16.674741744995117,0.006590434833037673
2000-11-15,16.784635543823242,-0.004631258946750205
2000-11-16,16.70690155029297,-0.002567121212052048
2000-11-17,16.664012908935547,-0.0020909396202840602
2000-11-20,16.629169464111328,-0.0035459187009102555
2000-11-21,16.57020378112793,-0.0030735906369095956
2000-11-22,16.51927375793457,0.009735872558570113
2000-11-23,16.680103302001953,0.007070181990578073
2000-11-24,16.79803466796875,0.017073675872668614
2000-11-27,17.0848388671875,0.03388760279796221
2000-11-28,17.663803100585938,-0.00698040799402222
2000-11-29,17.540502548217773,0.0029036756730307367
2000-11-30,17.591434478759766,-0.0001524453381542834
2000-12-01,17.58875274658203,0.013715340508104301
2000-12-04,17.829988479614258,0.01834040450579577
2000-12-05,18.156997680664062,-0.004281108999888206
2000-12-06,18.079265594482422,0.000889464023812403
2000-12-07,18.095346450805664,0.00548055780157064
2000-12-08,18.19451904296875,0.019298957728808297
2000-12-11,18.545654296875,-0.004769283236575661
2000-12-12,18.457204818725586,0.009003511561719524
2000-12-13,18.623384475708008,-0.0031664221805430826
2000-12-14,18.564414978027344,-0.02411194788916171
2000-12-15,18.116790771484375,0.009912705444781622
2000-12-18,18.296377182006836,-0.005567120639503265
2000-12-19,18.19451904296875,0.007218658901908537
2000-12-20,18.32585906982422,0.001316711400091597
2000-12-21,18.34998893737793,-0.011978052692538599
2000-12-22,18.130191802978516,0.0
2000-12-25,18.130191802978516,-0.030159775842091285
2000-12-26,17.583389282226562,0.015396430756414059
2000-12-27,17.854110717773438,0.01726474185252891
2000-12-28,18.162357330322266,0.0004427498969261645
2000-12-29,18.170398712158203,0.00826083223237184
2001-01-01,18.32050132751465,0.03672274416647858
2001-01-02,18.9932804107666,0.016228843911532342
2001-01-03,19.3015193939209,-0.006248693741967903
2001-01-04,19.180910110473633,0.018166583982353046
2001-01-05,19.529361724853516,-0.011254506050877966
2001-01-08,19.309568405151367,-0.006246582919908872
2001-01-09,19.188949584960938,-0.017460401712195095
2001-01-10,18.85390281677246,0.011657507049912086
2001-01-11,19.073692321777344,-0.003513262056769828
2001-01-12,19.006681442260742,0.002820579078221419
2001-01-15,19.060291290283203,0.036141302553106325
2001-01-16,19.749155044555664,-0.017236891728947934
2001-01-17,19.408740997314453,0.00745751918528037
2001-01-18,19.553482055664062,0.011925780576328426
2001-01-19,19.786672592163086,0.014630445689983063
2001-01-22,20.076160430908203,0.019092050022373908
2001-01-23,20.459455490112305,-0.0034063766617844493
2001-01-24,20.38976287841797,0.0035494496407333376
2001-01-25,20.462135314941406,0.0
2001-01-26,20.462135314941406,-0.010610593610098085
2001-01-29,20.245019912719727,0.03177557731273928
2001-01-30,20.888317108154297,-0.012960149546719424
2001-01-31,20.61760139465332,0.004029950892547873
2001-02-01,20.7006893157959,0.021623729870194897
2001-02-02,21.1483154296875,0.011787271208159478
2001-02-05,21.39759635925293,-0.003257029926363564
2001-02-06,21.327903747558594,-0.011059416753622209
2001-02-07,21.092029571533203,0.006353961522831186
2001-02-08,21.22604751586914,0.007450468443272351
2001-02-09,21.384191513061523,0.004136208661215335
2001-02-12,21.472640991210938,0.023717410290137186
2001-02-13,21.981916427612305,0.01341309717128758
2001-02-14,22.276762008666992,0.01720622026451779
2001-02-15,22.66006088256836,-0.0005913943287084722
2001-02-16,22.64665985107422,0.0068645200369363835
2001-02-19,22.8021183013916,-0.005994959212043738
2001-02-20,22.665420532226562,-0.02057710342190422
2001-02-21,22.199031829833984,0.0013281568039553715
2001-02-22,22.228515625,-0.008078928834241328
2001-02-23,22.048933029174805,-0.012278210251201793
2001-02-26,21.77821159362793,-0.01021548766405489
2001-02-27,21.555736541748047,0.02984334526635335
2001-02-28,22.199031829833984,0.058198666069348315
2001-03-01,23.490985870361328,-0.043587623361466266
2001-03-02,22.467069625854492,-0.02493425920148329
2001-03-05,21.906869888305664,0.0
2001-03-06,21.906869888305664,0.008197547013371276
2001-03-07,22.08645248413086,0.0033981993602232308
2001-03-08,22.16150665283203,-0.009433848592289906
2001-03-09,21.952438354492188,-0.003663179661841598
2001-03-12,21.87202262878418,-0.04877451320234971
2001-03-13,20.805225372314453,0.02911624845410632
2001-03-14,21.410995483398438,-0.005383176630978981
2001-03-15,21.29573631286621,-0.033354384049796626
2001-03-16,20.585430145263672,-0.0039061609640743677
2001-03-19,20.505020141601562,-0.023921504937056137
2001-03-20,20.014509201049805,0.07486272042138609
2001-03-21,21.512849807739258,-0.019686088989477657
2001-03-22,21.089345932006836,-0.035206008632987285
2001-03-23,20.346874237060547,0.012251652711354089
2001-03-26,20.59615707397461,0.01691828301407683
2001-03-27,20.944608688354492,0.0289223019346041
2001-03-28,21.55037498474121,-0.013805866088046459
2001-03-29,21.252853393554688,-0.01740470998910848
2001-03-30,20.882953643798828,0.0038508744705527675
2001-04-02,20.96337127685547,-0.0005116076617955878
2001-04-03,20.952646255493164,-0.019828549648659766
2001-04-04,20.537185668945312,0.0
2001-04-05,20.537185668945312,-0.0009134052788973834
2001-04-06,20.5184268951416,-0.06662325535564972
2001-04-09,19.15142250061035,-0.08019581189302394
2001-04-10,17.615558624267578,-0.013238193058055847
2001-04-11,17.382360458374023,-0.08296053827769179
2001-04-12,15.94031047821045,0.0
2001-04-13,15.94031047821045,0.03632070281915345
2001-04-16,16.51927375793457,0.02287845186683035
2001-04-17,16.89720916748047,0.03807098405193177
2001-04-18,17.540502548217773,0.13004287061881037
2001-04-19,19.82151985168457,-0.029479556031768106
2001-04-20,19.23719024658203,-0.01323669211888201
2001-04-23,18.982553482055664,-0.013131805884554648
2001-04-24,18.733278274536133,0.026327292009383774
2001-04-25,19.22647476196289,0.010162685102790503
2001-04-26,19.42186737060547,-0.026772003992672988
2001-04-27,18.901905059814453,-0.008252235459748847
2001-04-30,18.745922088623047,0.0
2001-05-01,18.745922088623047,-0.0005839282672766011
2001-05-02,18.734975814819336,0.004820248321128817
2001-05-03,18.82528305053711,-0.0007269599295633977
2001-05-04,18.81159782409668,-0.008146556291155682
2001-05-07,18.658348083496094,0.015254006502324335
2001-05-08,18.942962646484375,0.01632461258886808
2001-05-09,19.252199172973633,0.009665834034843668
2001-05-10,19.43828773498535,0.0005632276516125412
2001-05-11,19.449235916137695,0.0125228976637346
2001-05-14,19.69279670715332,0.03057232575445079
2001-05-15,20.294851303100586,-0.01038283807849505
2001-05-16,20.08413314819336,0.042512775561331706
2001-05-17,20.937965393066406,-0.020128218348691385
2001-05-18,20.516521453857422,0.004801718317909209
2001-05-21,20.615036010742188,0.0021242173546494048
2001-05-22,20.65882682800293,0.009537654040304933
2001-05-23,20.855863571166992,0.031098235224559012
2001-05-24,21.504444122314453,0.0016544382103294009
2001-05-25,21.540021896362305,0.013340181127096784
2001-05-28,21.827369689941406,0.011534601883216089
2001-05-29,22.079139709472656,-0.0293755228567667
2001-05-30,21.430553436279297,0.0019154875023386086
2001-05-31,21.471603393554688,-0.030716413095000394
2001-06-01,20.81207275390625,-0.014463979353930512
2001-06-04,20.51104736328125,-0.0048032787982847935
2001-06-05,20.412527084350586,-0.019841725547168898
2001-06-06,20.00750732421875,-0.003692957355484805
2001-06-07,19.93362045288086,0.017023415461051572
2001-06-08,20.272958755493164,0.0008099638823284572
2001-06-11,20.289379119873047,-0.0017534231328140137
2001-06-12,20.253803253173828,0.014457436255194356
2001-06-13,20.546621322631836,-0.030633807098861543
2001-06-14,19.917200088500977,-0.01731238823755077
2001-06-15,19.572385787963867,-0.04753923060678744
2001-06-18,18.641929626464844,0.018349884486388968
2001-06-19,18.984006881713867,-0.005765849328956962
2001-06-20,18.874547958374023,-0.01087462340962475
2001-06-21,18.669294357299805,0.003811367839292812
2001-06-22,18.740449905395508,-0.0027747490609281167
2001-06-25,18.68844985961914,0.015668397949404556
2001-06-26,18.98126792907715,0.03258383960611155
2001-06-27,19.599750518798828,0.011728591734029736
2001-06-28,19.829627990722656,0.017112691310753103
2001-06-29,20.16896629333496,-0.0267296883675181
2001-07-02,19.62985610961914,-0.08155612416920899
2001-07-03,18.028921127319336,-0.009714624314998144
2001-07-04,17.853776931762695,0.017014223887751534
2001-07-05,18.15754508972168,-0.018236655184262096
2001-07-06,17.826412200927734,0.004605413937296632
2001-07-09,17.908510208129883,0.019865554284238973
2001-07-10,18.264272689819336,0.008690504200250304
2001-07-11,18.422998428344727,0.0106949435637822
2001-07-12,18.620031356811523,0.011170160513053418
2001-07-13,18.828020095825195,-0.03488414145850016
2001-07-16,18.171220779418945,0.0030125056773135928
2001-07-17,18.225961685180664,-0.018768680696128248
2001-07-18,17.88388442993164,-0.008110443494484976
2001-07-19,17.73883819580078,-0.0314714857434093
2001-07-20,17.180570602416992,-0.0028670339060481442
2001-07-23,17.13131332397461,0.004312749130402471
2001-07-24,17.205196380615234,-0.011611136349980566
2001-07-25,17.00542449951172,-0.018828162328645703
2001-07-26,16.685243606567383,0.0039359281964883586
2001-07-27,16.75091552734375,0.022218543106683697
2001-07-30,17.123096466064453,0.019178865586759075
2001-07-31,17.45149803161621,-0.010506676185468411
2001-08-01,17.26814079284668,0.007289794343146916
2001-08-02,17.39402198791504,-0.0018880468693545094
2001-08-03,17.361181259155273,0.018915743882919722
2001-08-06,17.6895809173584,0.018409746793200954
2001-08-07,18.015241622924805,-0.002126906065795464
2001-08-08,17.976924896240234,0.022378045144627823
2001-08-09,18.379213333129883,0.01191168411045207
2001-08-10,18.598140716552734,-0.038993693018672726
2001-08-13,17.8729305267334,-0.01684242451600826
2001-08-14,17.57190704345703,0.0
2001-08-15,17.57190704345703,0.018221614850739254
2001-08-16,17.8920955657959,-0.02860229466929176
2001-08-17,17.380340576171875,0.0009446568068844918
2001-08-20,17.396759033203125,0.0033035073685614424
2001-08-21,17.4542293548584,0.0
2001-08-22,17.4542293548584,-0.0059577908223139575
2001-08-23,17.35024070739746,-0.005836076047958105
2001-08-24,17.24898338317871,0.00047603593103717756
2001-08-27,17.25719451904297,-0.007770559277786471
2001-08-28,17.123096466064453,0.01774014712890115
2001-08-29,17.426862716674805,0.002198606826647964
2001-08-30,17.465177536010742,-0.02491344394641659
2001-08-31,17.030059814453125,0.004981152818520407
2001-09-03,17.11488914489746,0.005276530566644011
2001-09-04,17.205196380615234,-0.010179283182110699
2001-09-05,17.030059814453125,0.0014456823064972202
2001-09-06,17.05467987060547,-0.012515707542886223
2001-09-07,16.841228485107422,-0.011537258424848762
2001-09-10,16.646926879882812,0.0029589412386923364
2001-09-11,16.696184158325195,-0.023438561169455974
2001-09-12,16.30484962463379,-0.025511798238672223
2001-09-13,15.888883590698242,-0.09989693111370701
2001-09-14,14.30163288116455,0.005166524198656708
2001-09-17,14.37552261352539,-0.036169976199807996
2001-09-18,13.855560302734375,-0.02468880707635579
2001-09-19,13.513483047485352,-0.02835161878893544
2001-09-20,13.130353927612305,-0.09691553869089686
2001-09-21,11.857818603515625,0.020771083779213884
2001-09-24,12.104118347167969,-0.0657925630518793
2001-09-25,11.307757377624512,0.09946746418984898
2001-09-26,12.432511329650879,0.06405471496689308
2001-09-27,13.228872299194336,0.09474556352250274
2001-09-28,14.48224925994873,-0.019085538082802556
2001-10-01,14.20584774017334,0.0
2001-10-02,14.20584774017334,-0.0498940950976412
2001-10-03,13.49705982208252,0.011557164420933796
2001-10-04,13.653047561645508,0.004810894019931844
2001-10-05,13.718730926513672,0.006782280482375835
2001-10-08,13.811775207519531,0.0029719604692386437
2001-10-09,13.852823257446289,0.019952514632991525
2001-10-10,14.12922191619873,0.028084589158036133
2001-10-11,14.52603530883789,0.006217250761769044
2001-10-12,14.616347312927246,0.024527299420455728
2001-10-15,14.974846839904785,0.0
2001-10-16,14.974846839904785,0.04002186945641273
2001-10-17,15.57416820526123,-0.030223507273019923
2001-10-18,15.103462219238281,0.0019931012744229815
2001-10-19,15.133564949035645,-0.013381442315381631
2001-10-22,14.931056022644043,0.007698028154332626
2001-10-23,15.045995712280273,-0.032557281640781754
2001-10-24,14.55613899230957,-0.007708466196315822
2001-10-25,14.443933486938477,0.0
2001-10-26,14.443933486938477,-0.013072872436163174
2001-10-29,14.255109786987305,-0.030332363141932217
2001-10-30,13.822718620300293,0.007325427580508137
2001-10-31,13.923975944519043,0.024764274438134892
2001-11-01,14.268793106079102,0.00863071395812054
2001-11-02,14.391942977905273,-0.005514727077235104
2001-11-05,14.312575340270996,0.003824338813164241
2001-11-06,14.367311477661133,-0.012952617081279594
2001-11-07,14.181217193603516,0.006175486298530597
2001-11-08,14.268793106079102,0.012849759729938404
2001-11-09,14.452143669128418,0.008142444743430621
2001-11-12,14.569819450378418,0.008452591555341726
2001-11-13,14.692972183227539,0.017694057480713843
2001-11-14,14.952950477600098,0.017752572578950465
2001-11-15,15.218403816223145,0.0
2001-11-16,15.218403816223145,0.09782434797899175
2001-11-19,16.707134246826172,-0.04651960476519379
2001-11-20,15.929924964904785,0.011510298563728538
2001-11-21,16.113283157348633,-0.008492127309170483
2001-11-22,15.976447105407715,0.0
2001-11-23,15.976447105407715,0.022953503291057276
2001-11-26,16.343162536621094,-0.018084561588436965
2001-11-27,16.047603607177734,-0.009038319780221626
2001-11-28,15.902560234069824,-0.002064942201348452
2001-11-29,15.869722366333008,0.0
2001-11-30,15.869722366333008,0.0017246963903365664
2001-12-03,15.897092819213867,0.02771524436224415
2001-12-04,16.337684631347656,0.049581397890084755
2001-12-05,17.147729873657227,-0.010692688348361123
2001-12-06,16.964374542236328,0.006613734900583701
2001-12-07,17.07657241821289,0.009775671777257466
2001-12-10,17.243507385253906,-0.014600748360389937
2001-12-11,16.99173927307129,0.0017716658070070501
2001-12-12,17.02184295654297,0.0
2001-12-13,17.02184295654297,-0.002250696633524396
2001-12-14,16.983531951904297,0.0
2001-12-17,16.983531951904297,-0.0037060904092893754
2001-12-18,16.920589447021484,-0.0014559371597863136
2001-12-19,16.895954132080078,0.005183360415138338
2001-12-20,16.983531951904297,0.00016115877991906835
2001-12-21,16.986268997192383,0.0011277051083142808
2001-12-24,17.00542449951172,0.0
2001-12-25,17.00542449951172,-0.01255251947679048
2001-12-26,16.791963577270508,-0.014830372025795624
2001-12-27,16.542932510375977,-0.0011579266437387048
2001-12-28,16.52377700805664,0.014242975300863936
2001-12-31,16.759124755859375,-0.0039188046172083935
2002-01-01,16.693449020385742,-0.004590173299779732
2002-01-02,16.616823196411133,-0.023550846699856853
2002-01-03,16.225482940673828,0.08298206640173422
2002-01-04,17.57190704345703,-0.0032709052898486357
2002-01-07,17.51443099975586,-0.006718572048065696
2002-01-08,17.396759033203125,0.033034415856660004
2002-01-09,17.971450805664062,-0.01126815602614073
2002-01-10,17.768945693969727,0.006622552810768845
2002-01-11,17.886621475219727,-0.003366162490518798
2002-01-14,17.826412200927734,-0.009057610097992996
2002-01-15,17.664947509765625,-0.007745812782351091
2002-01-16,17.528118133544922,-0.0048397230750414355
2002-01-17,17.443286895751953,-0.02227831414279635
2002-01-18,17.05467987060547,0.0025672242574117377
2002-01-21,17.09846305847168,0.0006405251637036091
2002-01-22,17.10941505432129,0.006557780202828045
2002-01-23,17.221614837646484,-0.003495813418988414
2002-01-24,17.16141128540039,0.003986653214073765
2002-01-25,17.229827880859375,-0.0011117639973998727
2002-01-28,17.21067237854004,0.006837372687236165
2002-01-29,17.32834815979004,-0.00805444552008272
2002-01-30,17.188777923583984,-0.0444196376556697
2002-01-31,16.42525863647461,0.001832419330003443
2002-02-01,16.45535659790039,0.007151446111005599
2002-02-04,16.573036193847656,-0.029391956123136165
2002-02-05,16.085922241210938,-0.007485840067463001
2002-02-06,15.965505599975586,0.05570786914987269
2002-02-07,16.854909896850586,0.010553788141377085
2002-02-08,17.032793045043945,-0.008354899934367999
2002-02-11,16.890485763549805,0.001944332994296527
2002-02-12,16.92332649230957,0.0025872629258048008
2002-02-13,16.967111587524414,0.004999857795712215
2002-02-14,17.051944732666016,0.012999587254324041
2002-02-15,17.27361297607422,0.0099811756350352
2002-02-18,17.44602394104004,0.006588248207749725
2002-02-19,17.560962677001953,-0.01184370330320339
2002-02-20,17.352975845336914,-0.008358360014231736
2002-02-21,17.20793342590332,0.001590128390730472
2002-02-22,17.23529624938965,-0.0006348866273089282
2002-02-25,17.224353790283203,0.021131336593831485
2002-02-26,17.588327407836914,0.013692031393671256
2002-02-27,17.829147338867188,-0.05495020758251734
2002-02-28,16.84943199157715,0.046938772044910815
2002-03-01,17.640323638916016,-0.02683851951806815
2002-03-04,17.16688346862793,0.00031887503554006713
2002-03-05,17.1723575592041,-0.01944239981491147
2002-03-06,16.838485717773438,0.01186468477889524
2002-03-07,17.03826904296875,-0.013974091454568294
2002-03-08,16.800174713134766,-0.027691916445374942
2002-03-11,16.334945678710938,-0.020773822145541354
2002-03-12,15.995606422424316,0.004790369822607721
2002-03-13,16.07223129272461,0.013110934366647564
2002-03-14,16.2829532623291,0.03546251902170772
2002-03-15,16.860387802124023,-0.004382502164383628
2002-03-18,16.786497116088867,-0.023149977178623327
2002-03-19,16.397890090942383,0.013851808090920681
2002-03-20,16.625030517578125,-0.0006581918207533288
2002-03-21,16.61408805847168,0.0008233677555089525
2002-03-22,16.62776756286621,0.0
2002-03-25,16.62776756286621,-0.012507715590017066
2002-03-26,16.41979217529297,0.0003329190237781887
2002-03-27,16.42525863647461,0.0006661970656671734
2002-03-28,16.436201095581055,0.0
2002-03-29,16.436201095581055,0.006160744260704343
2002-04-01,16.537460327148438,0.004633585194302681
2002-04-02,16.61408805847168,-0.015154237376280966
2002-04-03,16.362314224243164,0.02140835909036065
2002-04-04,16.712604522705078,0.001146285107263889
2002-04-05,16.731761932373047,-0.008832385535224585
2002-04-08,16.583980560302734,-0.009405871245535491
2002-04-09,16.427993774414062,-0.012993498200394749
2002-04-10,16.214536666870117,0.0010126940237171755
2002-04-11,16.23095703125,0.005732519704581662
2002-04-12,16.32400131225586,-0.012740699923514454
2002-04-15,16.11602210998535,-0.01833950593394562
2002-04-16,15.820462226867676,0.0034596508990891728
2002-04-17,15.875195503234863,0.007929486519836937
2002-04-18,16.00107765197754,-0.026167180006896995
2002-04-19,15.582374572753906,0.008956746260428305
2002-04-22,15.721941947937012,0.013751352615677614
2002-04-23,15.938139915466309,-0.0053230691480810055
2002-04-24,15.853300094604492,-0.009148976231683204
2002-04-25,15.708258628845215,0.005226605326852374
2002-04-26,15.790359497070312,-0.04575394482416073
2002-04-29,15.067888259887695,0.011078729601199377
2002-04-30,15.234821319580078,0.0
2002-05-01,15.234821319580078,0.021555796266986338
2002-05-02,15.563220024108887,0.012308554716987441
2002-05-03,15.754780769348145,0.006427085574922886
2002-05-06,15.856038093566895,0.011908811006876352
2002-05-07,16.044864654541016,-0.010915784706132636
2002-05-08,15.869722366333008,0.005173067573845058
2002-05-09,15.951817512512207,-0.011665665173623996
2002-05-10,15.765728950500488,-0.007117112021759575
2002-05-13,15.653522491455078,-0.008041655893282651
2002-05-14,15.527642250061035,-0.0028198774922824077
2002-05-15,15.483856201171875,-0.017674180832717434
2002-05-16,15.21019172668457,0.010435673816646895
2002-05-17,15.36892032623291,-0.016381949753780267
2002-05-20,15.117147445678711,-0.0505068360186981
2002-05-21,14.353628158569336,-0.013345939470608692
2002-05-22,14.162065505981445,-0.018164441998055003
2002-05-23,13.90481948852539,0.06514451731313442
2002-05-24,14.81064224243164,-0.0046191636825660964
2002-05-27,14.742229461669922,-0.034713023668505816
2002-05-28,14.23048210144043,0.020384483259394237
2002-05-29,14.520563125610352,-0.014511969527740698
2002-05-30,14.30984115600586,0.007841009330517235
2002-05-31,14.42204475402832,0.025995843310116395
2002-06-03,14.796957969665527,0.009802500493853561
2002-06-04,14.942005157470703,0.005128024126892283
2002-06-05,15.018628120422363,0.0030976926656824944
2002-06-06,15.06515121459961,-0.0018166158087672413
2002-06-07,15.0377836227417,0.03330297910504898
2002-06-10,15.538586616516113,0.01866855323959915
2002-06-11,15.828669548034668,-0.01002737570569845
2002-06-12,15.669949531555176,-0.006112420853753631
2002-06-13,15.57416820526123,-0.00948887735913817
2002-06-14,15.426386833190918,0.01082170032540719
2002-06-17,15.593326568603516,-0.005440716374036536
2002-06-18,15.508487701416016,0.01164635365716582
2002-06-19,15.689105033874512,-0.00034903188633017557
2002-06-20,15.683629035949707,-0.00924801390680241
2002-06-21,15.538586616516113,-0.00035204462374283096
2002-06-24,15.533116340637207,-0.03875978939384328
2002-06-25,14.931056022644043,-0.021077458234669888
2002-06-26,14.616347312927246,0.01759968827544145
2002-06-27,14.873590469360352,-0.008647680283968562
2002-06-28,14.74496841430664,0.00853723056783351
2002-07-01,14.870849609375,-0.016930182971876984
2002-07-02,14.619083404541016,0.003931185017894023
2002-07-03,14.676553726196289,-0.004288773332331797
2002-07-04,14.613609313964844,-0.013857752938627566
2002-07-05,14.411097526550293,0.03247228814309144
2002-07-08,14.879058837890625,0.01857641773167029
2002-07-09,15.155458450317383,0.0016255077351943203
2002-07-10,15.180093765258789,-0.0421849385474411
2002-07-11,14.539722442626953,-0.0013177223356363177
2002-07-12,14.520563125610352,0.002072979001457753
2002-07-15,14.550663948059082,-0.029904026727354704
2002-07-16,14.115540504455566,-0.015509940837972969
2002-07-17,13.89660930633545,0.021465240966860977
2002-07-18,14.194903373718262,0.0017350339465354025
2002-07-19,14.219532012939453,-0.01154728354837542
2002-07-22,14.05533504486084,-0.00019466569847226278
2002-07-23,14.05259895324707,-0.020253314202748784
2002-07-24,13.767987251281738,0.0009940581629659384
2002-07-25,13.781673431396484,-0.025416901596359343
2002-07-26,13.43138599395752,0.00957594699566422
2002-07-29,13.560004234313965,-0.003834318128351444
2002-07-30,13.508010864257812,-0.009927227676357564
2002-07-31,13.373913764953613,0.0028647494413867047
2002-08-01,13.412226676940918,-0.008977697893853165
2002-08-02,13.291815757751465,0.004529226555247234
2002-08-05,13.352017402648926,-0.009837717727198214
2002-08-06,13.220664024353027,-0.0012420226661562506
2002-08-07,13.204243659973145,-0.03357508670771969
2002-08-08,12.760910034179688,0.006433554267074371
2002-08-09,12.843008041381836,0.02684833224052796
2002-08-12,13.187821388244629,0.006640737963585552
2002-08-13,13.275398254394531,-0.016491569412763973
2002-08-14,13.056466102600098,0.0
2002-08-15,13.056466102600098,0.01781582048014063
2002-08-16,13.289077758789062,0.010090560136316817
2002-08-19,13.423171997070312,0.014882897711836263
2002-08-20,13.622947692871094,-0.014865559617089463
2002-08-21,13.420434951782227,0.009991866317101694
2002-08-22,13.554530143737793,0.008479869246050598
2002-08-23,13.66947078704834,0.0048047651236660105
2002-08-26,13.735149383544922,-0.01733432631956955
2002-08-27,13.49705982208252,-0.0036494114582998893
2002-08-28,13.447803497314453,0.01587322186924589
2002-08-29,13.661263465881348,0.023637626665171885
2002-08-30,13.984183311462402,0.03816058931171784
2002-09-02,14.517827987670898,-0.0035814777147753496
2002-09-03,14.465832710266113,0.018917791940877615
2002-09-04,14.739494323730469,-0.012439730115143655
2002-09-05,14.55613899230957,-0.0011278093518679588
2002-09-06,14.539722442626953,-0.017692898414561564
2002-09-09,14.282472610473633,0.0
2002-09-10,14.282472610473633,-0.013603865531696901
2002-09-11,14.088175773620605,0.012043237299410592
2002-09-12,14.257843017578125,-0.005757960706419762
2002-09-13,14.17574691772461,-0.0036677693498564645
2002-09-16,14.123753547668457,0.013756877273869872
2002-09-17,14.318052291870117,-0.011277067686650821
2002-09-18,14.156586647033691,-0.0021262094828996547
2002-09-19,14.126486778259277,-0.010073521394992624
2002-09-20,13.984183311462402,0.017612668862553083
2002-09-23,14.23048210144043,-0.017307831753155867
2002-09-24,13.984183311462402,-0.0005871048746344254
2002-09-25,13.975973129272461,0.0013707388738350978
2002-09-26,13.99513053894043,0.008799275609511215
2002-09-27,14.118277549743652,0.00038786586433858794
2002-09-30,14.123753547668457,-0.031195701179264068
2002-10-01,13.68315315246582,0.0
2002-10-02,13.68315315246582,-0.0316000486763639
2002-10-03,13.250764846801758,-0.0245766038400701
2002-10-04,12.925106048583984,0.01693851879988406
2002-10-07,13.144038200378418,0.00916094970420156
2002-10-08,13.264450073242188,-0.016298836763875224
2002-10-09,13.04825496673584,-0.006292022554746257
2002-10-10,12.966155052185059,0.011397250029218098
2002-10-11,13.113933563232422,0.010851463709141473
2002-10-14,13.25623893737793,0.0
2002-10-15,13.25623893737793,0.008257810297914281
2002-10-16,13.365706443786621,-0.002252450399605199
2002-10-17,13.335600852966309,-0.0030778657337122706
2002-10-18,13.2945556640625,-0.0030878703780220507
2002-10-21,13.253503799438477,-0.009085501895115478
2002-10-22,13.133089065551758,0.01828583487001212
2002-10-23,13.373238563537598,-0.02564106586838899
2002-10-24,13.03033447265625,-0.029795446135398085
2002-10-25,12.64208984375,-0.01457077567977294
2002-10-28,12.457884788513184,0.048908144574933976
2002-10-29,13.067176818847656,0.01669918277194271
2002-10-30,13.285387992858887,0.13267910625559787
2002-10-31,15.048081398010254,-0.02919033754678746
2002-11-01,14.6088228225708,0.02133863186386664
2002-11-04,14.920555114746094,-0.007787240874852386
2002-11-05,14.804365158081055,0.0
2002-11-06,14.804365158081055,-0.005934163566957973
2002-11-07,14.716513633728027,-0.006354777144731649
2002-11-08,14.622993469238281,-0.007751876305979399
2002-11-11,14.509637832641602,0.018749994248891344
2002-11-12,14.781693458557129,0.00786039549465678
2002-11-13,14.897883415222168,0.007799219578732197
2002-11-14,15.01407527923584,0.012457475034457266
2002-11-15,15.201112747192383,0.013609128303847529
2002-11-18,15.407986640930176,0.0
2002-11-19,15.407986640930176,0.005885824511518534
2002-11-20,15.498675346374512,0.0045710747763643145
2002-11-21,15.569520950317383,0.03876986071026356
2002-11-22,16.17314910888672,0.004204902523625487
2002-11-25,16.24115562438965,0.020415751276887217
2002-11-26,16.572731018066406,-0.01744228602890774
2002-11-27,16.28366470336914,0.012182731603440411
2002-11-28,16.482044219970703,-0.009972529717041545
2002-11-29,16.317676544189453,0.023098218362200607
2002-12-02,16.6945858001709,-0.010864216600662835
2002-12-03,16.513212203979492,0.00394759380660803
2002-12-04,16.578399658203125,0.006495505677958757
2002-12-05,16.686084747314453,0.005944345390437533
2002-12-06,16.7852725982666,-0.010805406214344337
2002-12-09,16.603900909423828,0.0013653867228720085
2002-12-10,16.626571655273438,-0.002386111363488319
2002-12-11,16.586898803710938,0.004100358864769449
2002-12-12,16.654911041259766,0.010549738489710858
2002-12-13,16.830615997314453,-0.004209612549282649
2002-12-16,16.759765625,-0.005410982475818615
2002-12-17,16.669078826904297,-0.014280846346624743
2002-12-18,16.4310302734375,-0.002759736038572713
2002-12-19,16.385684967041016,0.005880697274694979
2002-12-20,16.482044219970703,-0.0039548273658547295
2002-12-23,16.416860580444336,0.0065597688808727295
2002-12-24,16.524551391601562,0.0
2002-12-25,16.524551391601562,0.03069789270633172
2002-12-26,17.03182029724121,-0.005324327160328601
2002-12-27,16.941137313842773,-0.004683949117516462
2002-12-30,16.861785888671875,0.0015128219978390867
2002-12-31,16.88729476928711,-0.0005033993290568528
2003-01-01,16.878793716430664,-0.014439593240135551
2003-01-02,16.63507080078125,-0.018909558464716425
2003-01-03,16.32050895690918,-0.010939097990135593
2003-01-06,16.141977310180664,0.00087769827526607
2003-01-07,16.156145095825195,0.01368188057502806
2003-01-08,16.3771915435791,0.025609789474358546
2003-01-09,16.796607971191406,0.002361956153917877
2003-01-10,16.836280822753906,-0.00605932212990512
2003-01-13,16.734264373779297,-0.0025403558458616526
2003-01-14,16.691753387451172,-0.012563639218281741
2003-01-15,16.482044219970703,0.0022348390955198028
2003-01-16,16.518878936767578,0.003088220861020785
2003-01-17,16.56989288330078,-0.008551123950145678
2003-01-20,16.42820167541504,0.007762469974546882
2003-01-21,16.55572509765625,0.013522745705975003
2003-01-22,16.779603958129883,-0.011315686721391494
2003-01-23,16.589731216430664,-0.03433524603988802
2003-01-24,16.020118713378906,-0.03290288929030494
2003-01-27,15.493010520935059,0.019388820319890865
2003-01-28,15.793401718139648,-0.01973801403839548
2003-01-29,15.481671333312988,-0.017389679709054806
2003-01-30,15.21245002746582,0.024776555802904054
2003-01-31,15.589362144470215,0.022904658458369864
2003-02-03,15.946431159973145,0.00017779989229138593
2003-02-04,15.94926643371582,0.0040868169359780104
2003-02-05,16.014448165893555,0.008848068223382022
2003-02-06,16.156145095825195,-0.015085285083843658
2003-02-07,15.91242504119873,0.003205679316877763
2003-02-10,15.963435173034668,0.002840513475367956
2003-02-11,16.008779525756836,-0.004425362355360729
2003-02-12,15.937934875488281,0.0
2003-02-13,15.937934875488281,0.010312625507595152
2003-02-14,16.102296829223633,0.02710287469879158
2003-02-17,16.538715362548828,-0.007367850491001637
2003-02-18,16.416860580444336,0.0024168242195483636
2003-02-19,16.4565372467041,-0.004993761564864974
2003-02-20,16.374357223510742,0.020768027132356703
2003-02-21,16.714420318603516,0.02644978928857933
2003-02-24,17.156513214111328,-0.023620687776724547
2003-02-25,16.751264572143555,-0.009981569002037838
2003-02-26,16.584060668945312,0.009569371386930925
2003-02-27,16.742759704589844,-0.0022001524716029897
2003-02-28,16.705923080444336,0.003562508884008775
2003-03-03,16.765438079833984,-0.012170875769262013
2003-03-04,16.56138801574707,-0.011122043151988725
2003-03-05,16.3771915435791,-0.012458939260094337
2003-03-06,16.17314910888672,-0.015244673318404622
2003-03-07,15.926594734191895,-0.014413022084406535
2003-03-10,15.697044372558594,0.02960871820021249
2003-03-11,16.161813735961914,-0.024022696789794518
2003-03-12,15.773563385009766,-0.001257876465104113
2003-03-13,15.753722190856934,0.0
2003-03-14,15.753722190856934,0.005756713113252987
2003-03-17,15.844411849975586,0.0
2003-03-18,15.844411849975586,0.019674649258128785
2003-03-19,16.156145095825195,0.02911750028599358
2003-03-20,16.626571655273438,0.0005111784728704105
2003-03-21,16.63507080078125,-0.036286365020601785
2003-03-24,16.031444549560547,0.010076389389577223
2003-03-25,16.192983627319336,-0.004200223162253658
2003-03-26,16.124969482421875,-0.014059403879382981
2003-03-27,15.898262023925781,0.017646583169251384
2003-03-28,16.17881202697754,-0.025748798358758096
2003-03-31,15.762227058410645,0.010607643696628477
2003-04-01,15.929427146911621,0.004447946098999456
2003-04-02,16.000280380249023,0.011335174289867744
2003-04-03,16.1816463470459,0.027845753392654826
2003-04-04,16.63223648071289,0.022831895388139678
2003-04-07,17.011981964111328,-0.01332645228069218
2003-04-08,16.7852725982666,-0.02633802850510958
2003-04-09,16.343181610107422,-0.010750730521697172
2003-04-10,16.16748046875,0.026642982128295634
2003-04-11,16.598230361938477,-0.03602492366057386
2003-04-15,16.000280380249023,0.0053133033447752
2003-04-16,16.085294723510742,-0.019908216531862255
2003-04-17,15.76506519317627,0.0
2003-04-18,15.76506519317627,0.004134265415810967
2003-04-21,15.830242156982422,-0.006802792807273028
2003-04-22,15.722552299499512,-0.022350205998426187
2003-04-23,15.371150016784668,0.009586905027286985
2003-04-24,15.518511772155762,-0.020452929354532245
2003-04-25,15.201112747192383,0.014914374471204361
2003-04-28,15.427827835083008,0.0023878594940425213
2003-04-29,15.464667320251465,0.005863943607373967
2003-04-30,15.555351257324219,0.0
2003-05-01,15.555351257324219,-0.003643499269939121
2003-05-02,15.498675346374512,-0.010605703250627485
2003-05-05,15.334300994873047,-0.0024019881610878313
2003-05-06,15.297468185424805,-0.016117020367994672
2003-05-07,15.050918579101562,-0.022594935810547057
2003-05-08,14.710844039916992,0.005779738636919163
2003-05-09,14.795868873596191,-0.0009580657384953284
2003-05-12,14.781693458557129,0.003642708849941778
2003-05-13,14.835538864135742,0.018146667018080986
2003-05-14,15.104754447937012,0.0031900151043506852
2003-05-15,15.152938842773438,0.004862418094320198
2003-05-16,15.226618766784668,0.0016750941218757198
2003-05-19,15.252124786376953,0.011148306522873908
2003-05-20,15.422160148620605,-0.0011027556399739735
2003-05-21,15.405153274536133,0.010301746856434812
2003-05-22,15.56385326385498,0.016247114026491483
2003-05-23,15.816720962524414,0.034042498797409726
2003-05-26,16.355161666870117,0.0035787361010120033
2003-05-27,16.413692474365234,0.026920683999608563
2003-05-28,16.855560302734375,0.01944446456149751
2003-05-29,17.183307647705078,0.017030188249486544
2003-05-30,17.475942611694336,-0.013563545990598391
2003-06-02,17.238906860351562,-0.008147904571642495
2003-06-03,17.098445892333984,0.029094395566517273
2003-06-04,17.595914840698242,0.039414971415105304
2003-06-05,18.289457321166992,0.0031999355924838824
2003-06-06,18.34798240661621,-0.018819960482875264
2003-06-09,18.002674102783203,-0.0131660611027965
2003-06-10,17.765649795532227,0.013836011808487925
2003-06-11,18.011455535888672,0.0008123314261387904
2003-06-12,18.026086807250977,0.01607176319702508
2003-06-13,18.315797805786133,-0.01821404757573164
2003-06-16,17.982192993164062,0.04507741321243186
2003-06-17,18.792783737182617,-0.009654179595691814
2003-06-18,18.61135482788086,0.021697611427271335
2003-06-19,19.01517677307129,0.0324719700596694
2003-06-20,19.63263702392578,-0.03040729199091119
2003-06-23,19.035661697387695,-0.015065175750029858
2003-06-24,18.748886108398438,0.014047261922298437
2003-06-25,19.012256622314453,0.0009236651498640835
2003-06-26,19.029817581176758,-0.0012303168103372508
2003-06-27,19.006404876708984,0.0004615231770135342
2003-06-30,19.01517677307129,0.002770268989327196
2003-07-01,19.067853927612305,0.008287247224105343
2003-07-02,19.225873947143555,0.0068492776958490875
2003-07-03,19.35755729675293,0.006651633890649711
2003-07-04,19.486316680908203,-0.012614372009355113
2003-07-07,19.240509033203125,-0.007604806232780814
2003-07-08,19.094188690185547,0.0012263688991969168
2003-07-09,19.117605209350586,0.02280714479337842
2003-07-10,19.55362319946289,-0.01017662384787743
2003-07-11,19.354633331298828,0.027366117948219637
2003-07-14,19.884294509887695,-0.006180757838512241
2003-07-15,19.761394500732422,0.01806593053609884
2003-07-16,20.1184024810791,-0.01440001395546786
2003-07-17,19.828697204589844,0.0013280174160164027
2003-07-18,19.855030059814453,-0.010464128162874897
2003-07-21,19.64726448059082,-0.0049149461329554
2003-07-22,19.55069923400879,-0.01272287742372169
2003-07-23,19.301958084106445,0.03638575325463922
2003-07-24,20.004274368286133,0.022820363956868484
2003-07-25,20.460779190063477,-0.012585877525474354
2003-07-28,20.203262329101562,0.007097306654401114
2003-07-29,20.346651077270508,0.002732597734896869
2003-07-30,20.402250289916992,0.026678059636400242
2003-07-31,20.946542739868164,-0.007962833070525033
2003-08-01,20.779748916625977,-0.00042241214960880846
2003-08-04,20.770971298217773,-0.019583064087131175
2003-08-05,20.364212036132812,0.007616108779556763
2003-08-06,20.51930809020996,0.014118666926565604
2003-08-07,20.80901336669922,0.02179705141634458
2003-08-08,21.262588500976562,-0.00550498218469786
2003-08-11,21.145538330078125,-0.012455043823252243
2003-08-12,20.882169723510742,0.011631334299269769
2003-08-13,21.125057220458984,-0.0065109708590421755
2003-08-14,20.987512588500977,0.0
2003-08-15,20.987512588500977,0.007390102477384142
2003-08-18,21.14261245727539,0.021729991417089645
2003-08-19,21.602041244506836,-0.0005417770977506065
2003-08-20,21.5903377532959,0.005963750341775764
2003-08-21,21.719097137451172,0.028563733120975376
2003-08-22,22.339475631713867,-0.008121534258074714
2003-08-25,22.158044815063477,0.03182755702601936
2003-08-26,22.86328125,0.008063523113147175
2003-08-27,23.047639846801758,-0.0002539805807887374
2003-08-28,23.041786193847656,0.017780094452793938
2003-08-29,23.45147132873535,0.023708523361521516
2003-09-01,24.007471084594727,0.020477913857414043
2003-09-02,24.499094009399414,-0.025442168958255573
2003-09-03,23.875783920288086,0.0033094507839124265
2003-09-04,23.95479965209961,0.02577557799397323
2003-09-05,24.572248458862305,0.03751373425387916
2003-09-08,25.49404525756836,0.0016067367428134194
2003-09-09,25.53500747680664,-0.0037818301548182554
2003-09-10,25.438438415527344,-0.013689140671697908
2003-09-11,25.090208053588867,-0.02227679587851905
2003-09-12,24.531278610229492,-0.03483221766122102
2003-09-15,23.676799774169922,0.01384239142956245
2003-09-16,24.00454330444336,-0.007924010356849864
2003-09-17,23.8143310546875,-0.028385252477099998
2003-09-18,23.138355255126953,0.022005971068558727
2003-09-19,23.647537231445312,-0.0024750526692756125
2003-09-22,23.589008331298828,0.02357020866252446
2003-09-23,24.14500617980957,0.03987388514533241
2003-09-24,25.10776138305664,-0.025174764720369613
2003-09-25,24.475679397583008,0.019368928653114237
2003-09-26,24.94974708557129,0.018765978029108732
2003-09-29,25.417953491210938,0.021874292753412572
2003-09-30,25.973953247070312,-0.018251363359453987
2003-10-01,25.499893188476562,0.0
2003-10-02,25.499893188476562,0.02949289446079706
2003-10-03,26.2519588470459,0.019952938140326282
2003-10-06,26.7757625579834,-0.01245878125068789
2003-10-07,26.442169189453125,0.007635981935629754
2003-10-08,26.644081115722656,-0.00021969806084431998
2003-10-09,26.638227462768555,0.034603926378031113
2003-10-10,27.560014724731445,0.021554689005795158
2003-10-13,28.154062271118164,-0.02660872144309978
2003-10-14,27.404918670654297,0.02221022030098685
2003-10-15,28.013587951660156,0.02068346915692776
2003-10-16,28.593006134033203,0.002046832192980075
2003-10-17,28.651531219482422,-0.015830946445710925
2003-10-20,28.19795036315918,-0.02822736193089659
2003-10-21,27.401996612548828,0.0014950017881829591
2003-10-22,27.442962646484375,-0.021539800900972073
2003-10-23,26.85184669494629,0.025828199414111408
2003-10-24,27.545381546020508,-0.02475295001361677
2003-10-27,26.86355209350586,0.011546950569849779
2003-10-28,27.173744201660156,0.01744558874273272
2003-10-29,27.64780616760254,0.009843251792825747
2003-10-30,27.919950485229492,0.01970440825804176
2003-10-31,28.470096588134766,0.02394870073620603
2003-11-03,29.151918411254883,-0.013250195416762978
2003-11-04,28.765649795532227,-0.005900082120560368
2003-11-05,28.595930099487305,0.008698280734044106
2003-11-06,28.84466552734375,-0.021710236758634816
2003-11-07,28.218441009521484,0.0016589848045804878
2003-11-10,28.265254974365234,-0.004762221598104133
2003-11-11,28.13064956665039,0.007073503165935691
2003-11-12,28.329631805419922,-0.012808554512570791
2003-11-13,27.96677017211914,-0.02710050480670534
2003-11-14,27.2088565826416,0.021617526249227303
2003-11-17,27.79704475402832,-0.01884393189712097
2003-11-18,27.273239135742188,-0.009442247559135475
2003-11-19,27.015718460083008,-0.02339689369195197
2003-11-20,26.383634567260742,0.0191881901212807
2003-11-21,26.889888763427734,-0.007726673611364254
2003-11-24,26.682119369506836,0.024457158297719328
2003-11-25,27.334688186645508,0.0
2003-11-26,27.334688186645508,0.019591174502654907
2003-11-27,27.870206832885742,0.022784400371885782
2003-11-28,28.505212783813477,0.01067652257710483
2003-12-01,28.80954933166504,0.014931377077600949
2003-12-02,29.239715576171875,-0.0034026021602564516
2003-12-03,29.14022445678711,0.021691178155070157
2003-12-04,29.772310256958008,-0.030764677260588513
2003-12-05,28.856374740600586,-0.02667087314333194
2003-12-08,28.086750030517578,0.013961315933548324
2003-12-09,28.478878021240234,0.0226057176902974
2003-12-10,29.122663497924805,-0.009043358937190549
2003-12-11,28.859296798706055,-0.003650355045803577
2003-12-12,28.753950119018555,0.01567253724307971
2003-12-15,29.20459747314453,0.011623459829854799
2003-12-16,29.544055938720703,-0.004061113545003159
2003-12-17,29.424074172973633,0.008353834059920517
2003-12-18,29.669878005981445,0.027123483363923784
2003-12-19,30.474628448486328,0.013155139214051426
2003-12-22,30.875526428222656,-0.009762184398642182
2003-12-23,30.574113845825195,0.010528370535559661
2003-12-24,30.89600944519043,0.0
2003-12-25,30.89600944519043,0.004356909910956164
2003-12-26,31.030620574951172,0.013296836888749386
2003-12-29,31.44322967529297,0.04737078615698298
2003-12-30,32.93272018432617,0.018038216796602446
2003-12-31,33.52676773071289,-0.003840324338556078
2004-01-01,33.398014068603516,0.02549705662615187
2004-01-02,34.24956512451172,-0.008800089281756351
2004-01-05,33.94816589355469,-0.013188665905259134
2004-01-06,33.50043487548828,0.013539494357623472
2004-01-07,33.95401382446289,0.017150514204219647
2004-01-08,34.53634262084961,-0.019403556306155756
2004-01-09,33.866214752197266,-0.012788492676978902
2004-01-12,33.4331169128418,0.028271653691097187
2004-01-13,34.378326416015625,0.016343189446333728
2004-01-14,34.94017791748047,-0.03165833238530469
2004-01-15,33.83403015136719,0.005189422314143988
2004-01-16,34.00960922241211,0.006281031225130906
2004-01-19,34.22322463989258,-0.017614393630078107
2004-01-20,33.62040328979492,-0.03742704138601882
2004-01-21,32.362091064453125,-0.03200991380001339
2004-01-22,31.326183319091797,0.042222993724648994
2004-01-23,32.648868560791016,0.0
2004-01-26,32.648868560791016,0.040871370143029884
2004-01-27,33.983272552490234,-0.008525218187416472
2004-01-28,33.69355773925781,-0.0072953901041645786
2004-01-29,33.447750091552734,-0.019159964266028506
2004-01-30,32.80689239501953,0.0
2004-02-02,32.80689239501953,-0.012219931559174113
2004-02-03,32.4059944152832,0.031966547055651384
2004-02-04,33.44190216064453,-0.011900402824631784
2004-02-05,33.04393005371094,0.019128131339275045
2004-02-06,33.67599868774414,0.023114850643313867
2004-02-09,34.45441436767578,0.007728394695404761
2004-02-10,34.7206916809082,-0.010029311716853173
2004-02-11,34.372467041015625,0.0006810915577053489
2004-02-12,34.395877838134766,0.01310195013171711
2004-02-13,34.84653091430664,-0.004114809625466731
2004-02-16,34.70314407348633,0.009781668489750928
2004-02-17,35.042598724365234,0.010187882768154521
2004-02-18,35.39960861206055,-0.03719952865338083
2004-02-19,34.082759857177734,0.008757535739464695
2004-02-20,34.38124084472656,-0.037619790263575204
2004-02-23,33.087825775146484,0.0007075350697938187
2004-02-24,33.111236572265625,-0.01864811532651478
2004-02-25,32.4937744140625,-0.02323478336820828
2004-02-26,31.738788604736328,0.022865860437567553
2004-02-27,32.46452331542969,0.02271484939567925
2004-03-01,33.20195007324219,0.0
2004-03-02,33.20195007324219,0.02388526616061326
2004-03-03,33.99498748779297,-0.012395891099919232
2004-03-04,33.57358932495117,0.021790193628875354
2004-03-05,34.3051643371582,0.016378266704607736
2004-03-08,34.86702346801758,-0.019219641274062282
2004-03-09,34.19689178466797,-0.018141203479052348
2004-03-10,33.57651901245117,-0.013682981243899772
2004-03-11,33.11709213256836,-0.005743973326105656
2004-03-12,32.9268684387207,-0.03119451697203557
2004-03-15,31.899730682373047,-0.005870737114555324
2004-03-16,31.71245574951172,-0.0026760356684465414
2004-03-17,31.627592086791992,-0.03941528770380498
2004-03-18,30.3809814453125,0.007994533532089676
2004-03-19,30.623863220214844,-0.029718061919848604
2004-03-22,29.713781356811523,0.007976979158368591
2004-03-23,29.950807571411133,0.0010748368019077859
2004-03-24,29.982999801635742,0.003416153473912109
2004-03-25,30.085426330566406,0.022662924001047857
2004-03-26,30.767250061035156,0.005897067119627453
2004-03-29,30.948686599731445,-0.003120234314935466
2004-03-30,30.85211944580078,0.020677144473000952
2004-03-31,31.490053176879883,0.03308247915169704
2004-04-01,32.531822204589844,0.01790028215218009
2004-04-02,33.11415100097656,0.01643719913057473
2004-04-05,33.65845489501953,0.0005212298894683443
2004-04-06,33.67599868774414,-0.002432838115166147
2004-04-07,33.59407043457031,-0.0018291068262884513
2004-04-08,33.532623291015625,0.0
2004-04-09,33.532623291015625,-0.019547855518353252
2004-04-12,32.877132415771484,0.020560667853023462
2004-04-13,33.55310821533203,0.0
2004-04-14,33.55310821533203,-0.013867044364400671
2004-04-15,33.087825775146484,0.0014147242694213524
2004-04-16,33.13463592529297,-0.023933559642672853
2004-04-19,32.34160614013672,-0.0004521029214128447
2004-04-20,32.32698440551758,0.028967144875845507
2004-04-21,33.263404846191406,0.0007035710214520208
2004-04-22,33.286808013916016,-0.0025492964251289107
2004-04-23,33.20195007324219,-0.04909250005629795
2004-04-27,31.571983337402344,0.0017613321531109172
2004-04-28,31.627592086791992,-0.020540747668838066
2004-04-29,30.977937698364258,-0.005384093118797173
2004-04-30,30.81114959716797,0.003798893098119427
2004-05-03,30.928197860717773,0.004352560482601575
2004-05-04,31.062814712524414,-0.0014132504262439616
2004-05-05,31.0189151763916,0.019811355270249464
2004-05-06,31.633441925048828,-0.014986342506141392
2004-05-07,31.159372329711914,-0.024793215921295242
2004-05-10,30.386831283569336,-0.05575870019623452
2004-05-11,28.692501068115234,0.01305439411760867
2004-05-12,29.06706428527832,0.02979963992287682
2004-05-13,29.933252334594727,-0.06716189897248215
2004-05-14,27.92287826538086,-0.1525884875505733
2004-05-17,23.662168502807617,0.07271829744673264
2004-05-18,25.382841110229492,0.04323252944355915
2004-05-19,26.480205535888672,-0.00032895746198979836
2004-05-20,26.471494674682617,-0.008348412209310596
2004-05-21,26.250499725341797,0.03265057122732529
2004-05-24,27.107593536376953,0.004076290586120912
2004-05-25,27.21809196472168,0.0079000041975823
2004-05-26,27.433115005493164,-0.022316851879109145
2004-05-27,26.820894241333008,-0.03641008562657333
2004-05-28,25.844343185424805,-0.006701904865718755
2004-05-31,25.6711368560791,0.010237260838769746
2004-06-01,25.93393898010254,0.012091106670050866
2004-06-02,26.247509002685547,-0.02525859925265528
2004-06-03,25.58453369140625,0.012022516741138078
2004-06-04,25.89212417602539,0.026067095741930224
2004-06-07,26.56705665588379,0.02349364327365433
2004-06-08,27.191213607788086,-0.009774883282698599
2004-06-09,26.92542266845703,-0.006876689668304348
2004-06-10,26.740264892578125,-0.03573803817512622
2004-06-11,25.78462028503418,0.00741239807444094
2004-06-14,25.975746154785156,0.03610017114612085
2004-06-15,26.913475036621094,-0.009875615254891223
2004-06-16,26.647687911987305,0.018267471845198946
2004-06-17,27.13447380065918,-0.021021378815922254
2004-06-18,26.564069747924805,-0.023046805526126812
2004-06-21,25.951852798461914,-0.0063289320455423015
2004-06-22,25.78760528564453,-0.047481119267178795
2004-06-23,24.563180923461914,0.02869287207564475
2004-06-24,25.267969131469727,0.02021038681980336
2004-06-25,25.778644561767578,0.0234013202979646
2004-06-28,26.381898880004883,0.003509182123718091
2004-06-29,26.474477767944336,-0.03068258635956944
2004-06-30,25.662172317504883,0.020714758157740487
2004-07-01,26.193758010864258,-0.010603234978799003
2004-07-02,25.916019439697266,-0.00795115613236852
2004-07-05,25.709957122802734,0.018468892805641124
2004-07-06,26.184791564941406,0.0
2004-07-07,26.184791564941406,-0.014598234954588896
2004-07-08,25.802539825439453,0.015972102819330702
2004-07-09,26.21466064453125,-0.004898780794456825
2004-07-12,26.086240768432617,-0.01431010090662932
2004-07-13,25.71294403076172,-0.029036076584297854
2004-07-14,24.966341018676758,0.005023853755739438
2004-07-15,25.091768264770508,0.010354827741460904
2004-07-16,25.35158920288086,-0.0015314259437624322
2004-07-19,25.31276512145996,0.01120812250365999
2004-07-20,25.596473693847656,0.013417363615471967
2004-07-21,25.939910888671875,0.04743262933250514
2004-07-22,27.17030906677246,0.024950461798459722
2004-07-23,27.848220825195312,0.023699687298123218
2004-07-26,28.508214950561523,-0.025560205840625683
2004-07-27,27.779539108276367,0.01247033965306965
2004-07-28,28.125959396362305,0.007645002886525365
2004-07-29,28.34098243713379,0.030347664490834703
2004-07-30,29.201065063476562,0.010636020088612641
2004-08-02,29.511648178100586,-0.0095119095345495
2004-08-03,29.23093605041504,0.007866468207839317
2004-08-04,29.460880279541016,0.01976681838245864
2004-08-05,30.043228149414062,-0.01809132754976983
2004-08-06,29.499706268310547,-0.0034419256990437797
2004-08-09,29.398170471191406,0.009142283308467114
2004-08-10,29.66693687438965,-0.033722409622876204
2004-08-11,28.66649627685547,-0.009792408263747943
2004-08-12,28.38578224182129,0.0034715005887857586
2004-08-13,28.484323501586914,0.004088994574724891
2004-08-16,28.60079574584961,0.001566249778093498
2004-08-17,28.645591735839844,-0.018870010000972104
2004-08-18,28.10504913330078,0.009882091381554492
2004-08-19,28.38278579711914,-0.024831739036879408
2004-08-20,27.67799186706543,-0.026218850092676438
2004-08-23,26.952306747436523,0.005096607962863375
2004-08-24,27.089672088623047,0.009811593355953274
2004-08-25,27.355464935302734,0.005895214257396031
2004-08-26,27.51673126220703,-0.00542667716202716
2004-08-27,27.367406845092773,0.019642185963134606
2004-08-30,27.90496253967285,0.018086583286381464
2004-08-31,28.40966796875,0.0007358920346149933
2004-09-01,28.430574417114258,-0.008508561997540687
2004-09-02,28.188671112060547,0.0039198910994004965
2004-09-03,28.29916763305664,0.006965127653904224
2004-09-06,28.496274948120117,0.016034197542143636
2004-09-07,28.953189849853516,-0.004229038439875099
2004-09-08,28.830745697021484,0.00621522883556036
2004-09-09,29.00993537902832,0.004426557742199133
2004-09-10,29.138349533081055,0.006354239577736065
2004-09-13,29.323501586914062,-0.009369479301364114
2004-09-14,29.048755645751953,0.002673028882500539
2004-09-15,29.12640380859375,0.006561879855073283
2004-09-16,29.317527770996094,0.0372827020118891
2004-09-17,30.410564422607422,-0.013945087693131963
2004-09-20,29.986486434936523,0.010855605568278692
2004-09-21,30.312007904052734,-0.007980507697413208
2004-09-22,30.07010269165039,-0.006753208958811929
2004-09-23,29.867033004760742,-0.0023998451490322426
2004-09-24,29.79535675048828,-0.006916048474177816
2004-09-27,29.589290618896484,0.0018169558914249428
2004-09-28,29.64305305480957,0.036268256526382325
2004-09-29,30.718154907226562,0.006999992548971878
2004-09-30,30.933181762695312,0.029638924802576128
2004-10-01,31.850008010864258,0.024284883676016333
2004-10-04,32.62348175048828,-0.011533959693874607
2004-10-05,32.2472038269043,0.011946420208363229
2004-10-06,32.632442474365234,0.022787573972175013
2004-10-07,33.37605667114258,-0.0077847077028614375
2004-10-08,33.116233825683594,-0.013616976964763716
2004-10-11,32.66529083251953,-0.02157617473295026
2004-10-12,31.960498809814453,0.014576666519858117
2004-10-14,32.42637634277344,0.006263014124074484
2004-10-15,32.62946319580078,0.00805378495976794
2004-10-18,32.89225387573242,0.01661535328414354
2004-10-19,33.43877029418945,-0.02089844215678416
2004-10-20,32.739952087402344,-0.016327720492504416
2004-10-21,32.20538330078125,0.0
2004-10-22,32.20538330078125,-0.0044508417463750005
2004-10-25,32.062042236328125,0.02785003745446679
2004-10-26,32.95497131347656,-0.020208363333128032
2004-10-27,32.289005279541016,-0.003699389759591054
2004-10-28,32.1695556640625,-0.017545537465896155
2004-10-29,31.60512351989746,0.0013226163349877584
2004-11-01,31.64692497253418,0.025573430926748797
2004-11-02,32.45624542236328,0.0005518199480267771
2004-11-03,32.47415542602539,-0.011771187391378168
2004-11-04,32.091896057128906,0.00567677575018144
2004-11-05,32.27407455444336,0.003701219378863252
2004-11-08,32.39352798461914,-0.004333254943698961
2004-11-09,32.25315856933594,0.008055969907410754
2004-11-10,32.51298904418945,0.002847443149986084
2004-11-11,32.605567932128906,-0.0006412510819138184
2004-11-12,32.584659576416016,0.0
2004-11-15,32.584659576416016,-0.0012830909567491666
2004-11-16,32.542850494384766,-0.002018892936781813
2004-11-17,32.477149963378906,0.0036781935917329367
2004-11-18,32.59660720825195,-0.0337150183060162
2004-11-19,31.49761199951172,0.009860710604814527
2004-11-22,31.80820083618164,-0.007980375924240946
2004-11-23,31.554359436035156,-0.024891601402647456
2004-11-24,30.7689208984375,-0.022905785451025396
2004-11-25,30.06413459777832,0.0
2004-11-26,30.06413459777832,0.012814275105766937
2004-11-29,30.449384689331055,0.014221340975242969
2004-11-30,30.882415771484375,0.02021069365732675
2004-12-01,31.50657081604004,0.02748812136101564
2004-12-02,32.37262725830078,0.0031362350332124755
2004-12-03,32.47415542602539,-0.023450220576877068
2004-12-06,31.712629318237305,-0.02617927193679559
2004-12-07,30.882415771484375,-0.017890185334328068
2004-12-08,30.329923629760742,0.008665031822239433
2004-12-09,30.59273338317871,-0.025380620463242964
2004-12-10,29.81627082824707,0.006309814804757341
2004-12-13,30.004405975341797,0.006867671691792365
2004-12-14,30.210466384887695,-0.021154575245825424
2004-12-15,29.57137680053711,-0.008079119097508136
2004-12-16,29.33246612548828,-0.02148223577346786
2004-12-17,28.70233917236328,0.0002081299326195385
2004-12-20,28.70831298828125,0.009050240030444856
2004-12-21,28.968130111694336,0.02072158267085955
2004-12-22,29.568395614624023,0.022724934372874372
2004-12-23,30.24033546447754,0.03377432922654533
2004-12-24,31.261682510375977,-0.01232315189786537
2004-12-27,30.876440048217773,0.02050475573269761
2004-12-28,31.509553909301758,0.007487493554056979
2004-12-29,31.745481491088867,-0.015804347270976682
2004-12-30,31.243764877319336,0.02026374769233441
2004-12-31,31.876880645751953,0.019018390004323704
2005-01-03,32.48312759399414,-0.023168472777744697
2005-01-04,31.73054313659668,-0.0024469307210297497
2005-01-05,31.65290069580078,-0.0070760668905220925
2005-01-06,31.428922653198242,0.030501813742568995
2005-01-07,32.3875617980957,-0.01493786074658976
2005-01-10,31.90376091003418,-0.01572599928055396
2005-01-11,31.402042388916016,-0.01436055072385245
2005-01-12,30.951091766357422,0.003666663667602821
2005-01-13,31.064579010009766,-0.011920645362442861
2005-01-14,30.69426918029785,-0.004573023053959346
2005-01-17,30.553903579711914,-0.0013684336363372074
2005-01-18,30.51209259033203,0.005579127848230669
2005-01-19,30.682323455810547,-0.004282692917620845
2005-01-20,30.550920486450195,-0.009384434418870269
2005-01-24,30.264217376708984,-0.010064935351404292
2005-01-25,29.959609985351562,0.008971276330794087
2005-01-27,30.22838592529297,0.031910517037072594
2005-01-28,31.192989349365234,0.019243725277621415
2005-01-31,31.793258666992188,0.02000777019422606
2005-02-01,32.42937088012695,-0.017312862413563335
2005-02-02,31.8679256439209,0.013869128693124955
2005-02-03,32.309906005859375,-0.007024683323714864
2005-02-04,32.08293914794922,-0.012659104555696299
2005-02-07,31.67679786682129,0.006504607934902706
2005-02-08,31.882843017578125,0.006275981419247234
2005-02-09,32.08293914794922,0.009960108675620027
2005-02-10,32.402488708496094,0.00903260350280033
2005-02-11,32.695167541503906,-0.0070334979923792895
2005-02-14,32.465206146240234,-0.00800311706904333
2005-02-15,32.20538330078125,-0.007696405118515437
2005-02-16,31.957517623901367,0.001494902131269571
2005-02-17,32.00529098510742,-0.0030788456965706867
2005-02-18,31.90675163269043,0.0005613233170298493
2005-02-21,31.92466163635254,0.009448182210273881
2005-02-22,32.22629165649414,0.01621734747060488
2005-02-23,32.74891662597656,-0.002371364152913502
2005-02-24,32.67125701904297,-0.01252263101468909
2005-02-25,32.26212692260742,0.029806476588395636
2005-02-28,33.22374725341797,-0.015640217025133518
2005-03-01,32.70412063598633,0.0038352123113114533
2005-03-02,32.82954788208008,0.01628292778038376
2005-03-03,33.36410903930664,0.02407822550613692
2005-03-04,34.167457580566406,0.025959176910845594
2005-03-07,35.05441665649414,0.007156253927799838
2005-03-08,35.305274963378906,-0.005497961872989343
2005-03-09,35.111167907714844,0.010461657537845337
2005-03-10,35.47848892211914,-0.010184965861413708
2005-03-11,35.11714172363281,-0.015222988941257176
2005-03-14,34.58255386352539,-0.014075833184510778
2005-03-15,34.09577560424805,0.006043855657690056
2005-03-16,34.30184555053711,-0.02054665563021807
2005-03-17,33.5970573425293,0.0166218419402977
2005-03-18,34.15550231933594,-0.02124650701500841
2005-03-21,33.42981719970703,-0.02680002090506617
2005-03-22,32.533897399902344,0.014778334364768941
2005-03-23,33.01469421386719,0.013116140264765486
2005-03-24,33.44771957397461,0.010893442481791027
2005-03-28,33.81208038330078,-0.029942233625621317
2005-03-29,32.7996711730957,-0.01092596075218677
2005-03-30,32.44130325317383,0.0053395385130781126
2005-03-31,32.614524841308594,0.033971476432745895
2005-04-01,33.72248840332031,0.0007967061184948054
2005-04-04,33.74935531616211,-0.015927767355762956
2005-04-05,33.2118034362793,0.027965231973490434
2005-04-06,34.14057922363281,-0.010759297356752406
2005-04-07,33.773250579833984,-0.015208977738069507
2005-04-08,33.25959396362305,-0.01706048410544425
2005-04-11,32.692169189453125,0.0024664949680608395
2005-04-12,32.772804260253906,-0.0057408783924562945
2005-04-13,32.584659576416016,-0.028961622351444505
2005-04-15,31.640954971313477,-0.021142056232173023
2005-04-18,30.972000122070312,-0.00877434560674284
2005-04-19,30.700241088867188,0.031225350663603102
2005-04-20,31.65886688232422,0.024243112152498858
2005-04-21,32.42637634277344,0.008473385895689356
2005-04-22,32.70113754272461,-0.0014613165240521253
2005-04-25,32.653350830078125,0.0008229087323654571
2005-04-26,32.68022155761719,-0.014895194587929095
2005-04-27,32.193443298339844,0.008998238957223847
2005-04-28,32.48312759399414,-0.029052205940466647
2005-04-29,31.53942108154297,0.010983602790077818
2005-05-02,31.88583755493164,0.013299586382109707
2005-05-03,32.309906005859375,0.0007395646297312375
2005-05-04,32.33380126953125,-0.00036927308180922935
2005-05-05,32.321861267089844,0.014690695672432641
2005-05-06,32.79669189453125,0.007831153773860455
2005-05-09,33.05352783203125,-0.01653416865325208
2005-05-10,32.507015228271484,-0.0032155065311713082
2005-05-11,32.402488708496094,0.018047194540975253
2005-05-12,32.98726272583008,-0.005194270240128418
2005-05-13,32.81591796875,0.007459230437305564
2005-05-16,33.060699462890625,-0.02646923891361197
2005-05-17,32.18560791015625,0.006939571880173467
2005-05-18,32.40896224975586,-0.010007044644922192
2005-05-19,32.08464431762695,-0.007343358780386722
2005-05-20,31.849035263061523,0.02055872694725691
2005-05-23,32.50381088256836,-0.00028225450107910444
2005-05-24,32.49463653564453,-0.0006591710949894747
2005-05-25,32.47321701049805,-0.00047082821008104236
2005-05-26,32.45792770385742,0.0016024866926613868
2005-05-27,32.50994110107422,-0.008376391029355279
2005-05-30,32.23762512207031,0.015565442733910029
2005-05-31,32.739418029785156,0.011215106376483597
2005-06-01,33.10659408569336,-0.020609895842635284
2005-06-02,32.42427062988281,0.04397465454595073
2005-06-03,33.85011672973633,-0.0015368049400440453
2005-06-06,33.798095703125,-0.008057139709759631
2005-06-07,33.525779724121094,0.019348513787548427
2005-06-08,34.17445373535156,0.0010742716407021735
2005-06-09,34.21116638183594,0.013415769316027282
2005-06-10,34.670135498046875,0.0053833563219201075
2005-06-13,34.85677719116211,0.007812535054738667
2005-06-14,35.12909698486328,0.0015677255936170642
2005-06-15,35.18416976928711,0.026610919561602442
2005-06-16,36.120452880859375,0.016941922701599887
2005-06-17,36.73240280151367,0.05039567755464924
2005-06-20,38.58355712890625,0.02482181924312621
2005-06-21,39.5412712097168,0.012999942983975554
2005-06-22,40.05530548095703,-0.006034613625684249
2005-06-23,39.8135871887207,0.006225032679744835
2005-06-24,40.06142807006836,-0.009165326190219814
2005-06-27,39.694252014160156,-0.029445654795826504
2005-06-28,38.525428771972656,0.0195377658252478
2005-06-29,39.27812957763672,0.0010906591213386552
2005-06-30,39.32096862792969,-0.003812954051298889
2005-07-01,39.17103958129883,0.006717759724858219
2005-07-04,39.434181213378906,-0.009854186251636476
2005-07-05,39.045589447021484,0.011206023076200777
2005-07-06,39.48313522338867,-0.048434789170173076
2005-07-07,37.570777893066406,0.01034292575637985
2005-07-08,37.95936965942383,0.021924824092403927
2005-07-11,38.791622161865234,0.006941101629453605
2005-07-12,39.06087875366211,-0.01151454039840516
2005-07-13,38.61111068725586,0.016720559283146086
2005-07-14,39.256710052490234,0.03920498389306837
2005-07-15,40.79576873779297,-0.0072751390779032254
2005-07-18,40.49897384643555,0.004306195894094866
2005-07-19,40.673370361328125,0.02174084717339997
2005-07-20,41.55764389038086,-0.0012516881864446106
2005-07-21,41.5056266784668,0.016660430711925356
2005-07-22,42.19712829589844,-0.0029003616434473134
2005-07-25,42.07474136352539,0.005236163171584707
2005-07-26,42.29505157470703,0.011140760398701488
2005-07-27,42.76625061035156,3.37477544207806
2005-07-28,187.09274291992188,-0.7699448916959117
2005-07-29,43.04164123535156,0.006255545901005188
2005-08-01,43.310890197753906,0.0476157971549338
2005-08-02,45.373172760009766,-0.03634789926775883
2005-08-03,43.72395324707031,0.020573772122284062
2005-08-04,44.62351989746094,-0.0047311508808332015
2005-08-05,44.41239929199219,-0.019910252520862426
2005-08-08,43.52813720703125,-0.005131526364866468
2005-08-09,43.304771423339844,0.01667482082147731
2005-08-10,44.02687072753906,-0.00257135628495031
2005-08-11,43.91366195678711,-0.018673257987979697
2005-08-12,43.093650817871094,-0.006248173145850355
2005-08-16,42.82439422607422,0.02164890250074869
2005-08-17,43.751495361328125,-0.009231339051608889
2005-08-18,43.34761047363281,-0.0036705834810895066
2005-08-19,43.188499450683594,-0.009139162765423925
2005-08-22,42.793792724609375,-0.020234645042634503
2005-08-23,41.92787551879883,0.014157492839005581
2005-08-24,42.52146911621094,0.0021587462101053667
2005-08-25,42.61326217651367,0.003446482086215674
2005-08-26,42.760128021240234,0.0022898820453818303
2005-08-29,42.8580436706543,0.0103519552640019
2005-08-30,43.30170822143555,0.01667600041334527
2005-08-31,44.023807525634766,0.010147586208211212
2005-09-01,44.470542907714844,0.005228996560723953
2005-09-02,44.70307922363281,-0.00020539919123752082
2005-09-05,44.69389724731445,-0.001985279061869405
2005-09-06,44.605167388916016,0.013376405341428477
2005-09-08,45.20182418823242,0.004061391530211678
2005-09-09,45.385406494140625,0.014629613317473478
2005-09-12,46.04937744140625,-0.00026583124909707045
2005-09-13,46.03713607788086,-0.015087138193353389
2005-09-14,45.342567443847656,0.0267898742432664
2005-09-15,46.557289123535156,0.0042718739660756455
2005-09-16,46.75617599487305,0.00019629838039159075
2005-09-19,46.76535415649414,0.017992689116477445
2005-09-20,47.606788635253906,0.005527397239418308
2005-09-21,47.869930267333984,-0.035538495069056375
2005-09-22,46.168704986572266,-0.00888038841102623
2005-09-23,45.75870895385742,0.0434634326858252
2005-09-26,47.74753952026367,0.00993254548651712
2005-09-27,48.22179412841797,0.01579955279045553
2005-09-28,48.98367691040039,0.00980719468923108
2005-09-29,49.46406936645508,-0.018248115231089046
2005-09-30,48.56144332885742,0.0008820046926609759
2005-10-03,48.60427474975586,0.015612198391705023
2005-10-04,49.363094329833984,-0.005702522186800452
2005-10-05,49.081600189208984,-0.013964383485199905
2005-10-06,48.39620590209961,-0.0030979504247533596
2005-10-07,48.24627685546875,-0.006912685792069717
2005-10-10,47.91276550292969,0.0074716298764558875
2005-10-11,48.270751953125,-0.017177645321343138
2005-10-13,47.44157409667969,-0.014705153948161076
2005-10-14,46.74393844604492,0.009360563221892493
2005-10-17,47.181488037109375,-0.018871564374341454
2005-10-18,46.291099548339844,-0.012095986677801429
2005-10-19,45.731163024902344,0.0011372897402852633
2005-10-20,45.783172607421875,0.030809669629115133
2005-10-21,47.1937370300293,-0.018283473661960814
2005-10-24,46.33087158203125,0.013868588497994327
2005-10-25,46.97341537475586,-0.00527619461711204
2005-10-26,46.7255744934082,-0.01735300574446752
2005-10-27,45.91474533081055,-0.01159528176283775
2005-10-28,45.38235092163086,0.02818232703139545
2005-10-31,46.66133117675781,0.019934290321409698
2005-11-02,47.59149169921875,0.0
2005-11-04,47.59149169921875,0.013244014984501229
2005-11-07,48.22179412841797,0.00310931351135757
2005-11-08,48.37173080444336,0.0008854638894686406
2005-11-09,48.4145622253418,-0.006888500232476891
2005-11-10,48.081058502197266,0.012345764228178346
2005-11-11,48.67465591430664,0.0038343954345883002
2005-11-14,48.86129379272461,0.023796022935982153
2005-11-16,50.02399826049805,0.014496368663386328
2005-11-17,50.74916458129883,-0.0037984486742637102
2005-11-18,50.556396484375,0.0035102847222556743
2005-11-21,50.733863830566406,-0.011760448339037555
2005-11-22,50.137210845947266,0.01550105609994068
2005-11-23,50.914390563964844,0.01454322508699013
2005-11-24,51.654850006103516,-0.0017178188124681304
2005-11-25,51.56611633300781,0.006230549644807626
2005-11-28,51.88740158081055,0.0002949572528863076
2005-11-29,51.902706146240234,-0.018216324391997274
2005-11-30,50.95722961425781,0.008226299904807055
2005-12-01,51.37641906738281,-0.0001788681632489686
2005-12-02,51.36722946166992,0.001012579377200229
2005-12-05,51.41924285888672,-0.004165218143507454
2005-12-06,51.20507049560547,0.008007016559957503
2005-12-07,51.61507034301758,0.0032013407258713045
2005-12-08,51.78030776977539,0.0203273975041951
2005-12-09,52.83286666870117,-0.0001739372911659931
2005-12-12,52.82367706298828,0.009731206052250974
2005-12-13,53.33771514892578,-0.011071535289034706
2005-12-14,52.74718475341797,-0.019374633968398003
2005-12-15,51.72522735595703,0.004850562610983378
2005-12-16,51.97612380981445,0.009183405284417523
2005-12-19,52.45344161987305,-0.0030330126022201087
2005-12-20,52.294349670410156,0.006552942849952448
2005-12-21,52.63703155517578,-0.004882638539514761
2005-12-22,52.38002395629883,-0.015246547092445328
2005-12-23,51.5814094543457,-0.0121008682525503
2005-12-26,50.95722961425781,0.04107123660703449
2005-12-27,53.050106048583984,0.006459732876807456
2005-12-28,53.39279556274414,0.021318032856691316
2005-12-29,54.53102493286133,-0.002020009680320678
2005-12-30,54.42087173461914,0.00961453739475493
2006-01-02,54.9441032409668,0.024669819701321982
2006-01-03,56.299564361572266,0.010706643919240921
2006-01-04,56.90234375,-0.008764861287499093
2006-01-05,56.403602600097656,-0.0010850903153051261
2006-01-06,56.34239959716797,-0.011458702752138783
2006-01-09,55.6967887878418,-0.0176343691575519
2006-01-10,54.7146110534668,-0.008108703365316883
2006-01-12,54.27094650268555,-0.0019167342093652229
2006-01-13,54.16692352294922,-0.013783128375903009
2006-01-16,53.42033386230469,0.06363477965298037
2006-01-17,56.819725036621094,0.19582798196704254
2006-01-18,67.94661712646484,0.01556911885032597
2006-01-19,69.00448608398438,-0.00042622324412611157
2006-01-20,68.9750747680664,-0.002626676847293119
2006-01-23,68.79389953613281,-0.01267212852588584
2006-01-24,67.92213439941406,-0.0072825179805204865
2006-01-25,67.427490234375,0.01488981037935
2006-01-27,68.43147277832031,0.017748468412221552
2006-01-30,69.64602661132812,0.004008152799035658
2006-01-31,69.92517852783203,-0.012746866337167817
2006-02-01,69.03385162353516,0.005462730724365317
2006-02-02,69.41096496582031,-0.017004157253253882
2006-02-03,68.2306900024414,0.03409420389923756
2006-02-06,70.55696105957031,0.0002773560068174419
2006-02-07,70.57653045654297,-0.0056206041398148
2006-02-08,70.17984771728516,0.004326521835411601
2006-02-10,70.48348236083984,-0.003891145349562808
2006-02-13,70.20922088623047,-0.0036270724478870697
2006-02-14,69.9545669555664,-0.01736181963631045
2006-02-15,68.74002838134766,-0.006768448859492571
2006-02-16,68.27476501464844,-0.005595094821603919
2006-02-17,67.89276123046875,0.012839763384890679
2006-02-20,68.76448822021484,-0.006124641480139026
2006-02-21,68.34333038330078,0.008885567672858974
2006-02-22,68.95059967041016,-0.005113918207184209
2006-02-23,68.59799194335938,0.0035696824343953715
2006-02-24,68.84286499023438,-0.003912617145785391
2006-02-27,68.5735092163086,0.012498460458739258
2006-02-28,69.43057250976562,-0.0008466657084674756
2006-03-01,69.37178802490234,0.006918297856335132
2006-03-02,69.85172271728516,0.003645963319736989
2006-03-03,70.10639953613281,0.022982731718167893
2006-03-06,71.71763610839844,0.00040967326775009916
2006-03-07,71.74701690673828,-0.017201145254292727
2006-03-08,70.51288604736328,0.009515091809204845
2006-03-09,71.18382263183594,0.006467059784103446
2006-03-10,71.64417266845703,0.005332065391305818
2006-03-13,72.02618408203125,0.009722988415162837
2006-03-14,72.72649383544922,0.03501696895652895
2006-03-16,75.27315521240234,0.008523137016337445
2006-03-17,75.91471862792969,0.0038706394002026023
2006-03-20,76.20855712890625,0.0030845522308566853
2006-03-21,76.4436264038086,-0.010186215663489762
2006-03-22,75.66495513916016,0.006278159026461783
2006-03-23,76.1399917602539,0.0062391900616254325
2006-03-24,76.61504364013672,0.01553332489551229
2006-03-27,77.80513000488281,-0.004406224155659166
2006-03-28,77.4623031616211,0.0036669447744190897
2006-03-29,77.74635314941406,0.002456731207993501
2006-03-30,77.9373550415039,-0.0004398259295642637
2006-03-31,77.903076171875,0.04205667427160287
2006-04-03,81.1794204711914,0.009592354536491321
2006-04-04,81.95812225341797,0.00448148763569467
2006-04-05,82.3254165649414,-0.008387982195914412
2006-04-07,81.63487243652344,0.003359798640117928
2006-04-10,81.90914916992188,-0.008968706769264867
2006-04-12,81.17453002929688,0.021417787029493596
2006-04-13,82.9131088256836,0.005847572234756404
2006-04-17,83.39794921875,0.04680272937780661
2006-04-18,87.30120086669922,0.034219504886197294
2006-04-19,90.28860473632812,0.07675210075654615
2006-04-20,97.21844482421875,-0.017732308656244533
2006-04-21,95.49453735351562,0.002307724265099509
2006-04-24,95.71491241455078,-0.02261543838868696
2006-04-25,93.55027770996094,0.024657183899750024
2006-04-26,95.85696411132812,0.019720850507841226
2006-04-27,97.74734497070312,0.010972655195075953
2006-04-28,98.81989288330078,0.022053544634283995
2006-05-02,100.99922180175781,0.0042672061168576025
2006-05-03,101.43020629882812,0.04311723654459754
2006-05-04,105.80359649658203,0.01763563293591397
2006-05-05,107.66950988769531,0.05071639540043282
2006-05-08,113.13011932373047,-0.0007791240347524431
2006-05-09,113.04197692871094,0.01360349088639401
2006-05-10,114.57974243164062,-0.05090604757056039
2006-05-11,108.74694061279297,-0.03909018857517421
2006-05-12,104.49600219726562,-0.04236790420910452
2006-05-15,100.0687255859375,0.021582762334967587
2006-05-16,102.22848510742188,0.040720509710513
2006-05-17,106.39128112792969,-0.07494006060128855
2006-05-18,98.4183120727539,-0.02657248494850928
2006-05-19,95.80309295654297,-0.049790544841433526
2006-05-22,91.03300476074219,0.04056377378313791
2006-05-23,94.72564697265625,-0.02952098441673079
2006-05-24,91.92925262451172,0.01219949522592545
2006-05-25,93.05074310302734,0.008947351202782228
2006-05-26,93.88330078125,-0.0026604424438169127
2006-05-29,93.63352966308594,-0.0010460586858641596
2006-05-30,93.53558349609375,-0.000837609062915412
2006-05-31,93.45723724365234,-0.019045396239412038
2006-06-01,91.67730712890625,0.03539184349828006
2006-06-02,94.92193603515625,-0.0341820767862161
2006-06-05,91.67730712890625,-0.020370615715549656
2006-06-06,89.80978393554688,-0.01489251880891107
2006-06-07,88.4722900390625,-0.07536391106082663
2006-06-08,81.80467224121094,0.11753670060776122
2006-06-09,91.41972351074219,-0.02351674925053615
2006-06-12,89.26982879638672,-0.04705602834000311
2006-06-13,85.06914520263672,-0.00023309034479523927
2006-06-14,85.04931640625,0.042984560600754396
2006-06-15,88.70512390136719,0.029317974967742577
2006-06-16,91.30577850341797,0.013129331945478606
2006-06-19,92.50456237792969,-0.009317794219068087
2006-06-20,91.64262390136719,0.04232461095281281
2006-06-21,95.5213623046875,0.01135686910471545
2006-06-22,96.60618591308594,0.03773970836098095
2006-06-23,100.2520751953125,-0.030338943580939137
2006-06-26,97.21053314208984,0.0046374158179296465
2006-06-27,97.66133880615234,0.015419430878094165
2006-06-28,99.16722106933594,0.0073931881761304385
2006-06-29,99.90038299560547,0.05107352195557979
2006-06-30,105.00264739990234,0.010614617972787288
2006-07-03,106.1172103881836,0.0033612061834804585
2006-07-04,106.47389221191406,0.018097993471649643
2006-07-05,108.4008560180664,-0.009962122889009328
2006-07-06,107.32095336914062,-0.04768059082780329
2006-07-07,102.20382690429688,0.011341618356442096
2006-07-10,103.36298370361328,0.005655007350535257
2006-07-11,103.94750213623047,0.04655928791193764
2006-07-12,108.78722381591797,-0.0205819372928977
2006-07-13,106.54817199707031,-0.005904414899535859
2006-07-14,105.9190673828125,-0.035263282696911036
2006-07-17,102.18401336669922,-0.02617791978071693
2006-07-18,99.50904846191406,-0.02125647385349061
2006-07-19,97.39383697509766,0.012562820171860167
2006-07-20,98.61737823486328,-0.02797869747099191
2006-07-21,95.85819244384766,0.004082511396354294
2006-07-24,96.2495346069336,0.016778090714375526
2006-07-25,97.86441802978516,0.012249435480696125
2006-07-26,99.06320190429688,0.00020000905701400562
2006-07-27,99.08301544189453,-0.0210476484616281
2006-07-28,96.99755096435547,-0.00025547318660246177
2006-07-31,96.97277069091797,0.002860567495239108
2006-08-01,97.25016784667969,0.009474240305821668
2006-08-02,98.17153930664062,-0.002926511205716076
2006-08-03,97.88423919677734,-0.0204453150508076
2006-08-04,95.88296508789062,-0.013277743704193656
2006-08-07,94.60985565185547,0.023247472340882647
2006-08-08,96.80929565429688,0.011103722377229674
2006-08-09,97.88423919677734,-0.009159865292614144
2006-08-10,96.98763275146484,0.032739231880021036
2006-08-11,100.16293334960938,0.01805126169245108
2006-08-14,101.97100067138672,0.016759663262465363
2006-08-16,103.68000030517578,0.018729251052923335
2006-08-17,105.6218490600586,-0.009567564213608604
2006-08-18,104.6113052368164,0.011080534434570133
2006-08-21,105.77045440673828,-0.0026226336770285297
2006-08-22,105.49305725097656,-0.002723403012008352
2006-08-23,105.20575714111328,0.04232958210537863
2006-08-24,109.65907287597656,0.003433186991876669
2006-08-25,110.03555297851562,0.010309320523789856
2006-08-28,111.1699447631836,-0.0028963850569755367
2006-08-29,110.84795379638672,0.008893071769321859
2006-08-30,111.83373260498047,-0.010143624715356903
2006-08-31,110.69933319091797,0.004609298558063246
2006-09-01,111.20957946777344,0.008106974106611098
2006-09-04,112.11115264892578,-0.004993183565727755
2006-09-05,111.55136108398438,0.01025800785978781
2006-09-06,112.6956558227539,-0.01037366857025257
2006-09-07,111.5265884399414,0.0045308483444364
2006-09-08,112.03189849853516,-0.038114863923885745
2006-09-11,107.7618179321289,0.01760600350156105
2006-09-12,109.65907287597656,0.008402423560348371
2006-09-13,110.58047485351562,0.009138192593295846
2006-09-14,111.59098052978516,0.012651734497762357
2006-09-15,113.00279998779297,-0.006268506308914068
2006-09-18,112.29444122314453,-0.013763416050798671
2006-09-19,110.74888610839844,0.009214127948334205
2006-09-20,111.76934051513672,0.009528642344065252
2006-09-21,112.8343505859375,0.015014513073666746
2006-09-22,114.52850341796875,0.006141899399659367
2006-09-25,115.23192596435547,0.013756515879343123
2006-09-26,116.8171157836914,-0.004283068367188947
2006-09-27,116.31678009033203,-0.005153001077734309
2006-09-28,115.71739959716797,0.0032105888776197133
2006-09-29,116.08892059326172,-0.008491583895827604
2006-10-03,115.10314178466797,-0.010974296137968076
2006-10-04,113.8399658203125,0.005091268603021559
2006-10-05,114.4195556640625,0.006883684954524849
2006-10-06,115.20718383789062,-0.008083806321883658
2006-10-09,114.27587127685547,-0.002210721636076829
2006-10-10,114.02323913574219,-0.006603567928654797
2006-10-11,113.27027893066406,0.02226010304607895
2006-10-12,115.79168701171875,0.018780727319304802
2006-10-13,117.96633911132812,0.019064506440399587
2006-10-16,120.2153091430664,0.001483544216071886
2006-10-17,120.3936538696289,-0.005513415292812129
2006-10-18,119.72987365722656,-0.00943310983574197
2006-10-19,118.60044860839844,0.005387837453083577
2006-10-20,119.23944854736328,-0.008059465019825685
2006-10-23,118.2784423828125,-0.015831202131820765
2006-10-26,116.40595245361328,0.040640178335187294
2006-10-27,121.13671112060547,0.010999814770855876
2006-10-30,122.46919250488281,-0.008210732903894957
2006-10-31,121.46363067626953,0.03132147828950638
2006-11-01,125.26805114746094,0.014987331244144864
2006-11-02,127.1454849243164,0.0033893956230861555
2006-11-03,127.57643127441406,0.013046761160260267
2006-11-06,129.2408905029297,-0.010118795536823155
2006-11-07,127.9331283569336,-0.03024095666320048
2006-11-08,124.0643081665039,0.006667955202016573
2006-11-09,124.89156341552734,0.019593779686931878
2006-11-10,127.33866119384766,7.794837947949773e-05
2006-11-13,127.34858703613281,-0.004667851357735731
2006-11-14,126.75414276123047,-0.013092154837157977
2006-11-15,125.09465789794922,0.0024551720386056797
2006-11-16,125.40178680419922,-0.005135409784820633
2006-11-17,124.75779724121094,-0.00019826012976564833
2006-11-20,124.73306274414062,0.011953749865741159
2006-11-21,126.22409057617188,0.0032180591865160757
2006-11-22,126.63028717041016,-0.004850857212918558
2006-11-23,126.01602172851562,-0.007547236294445536
2006-11-24,125.06494903564453,-0.007525752762861937
2006-11-27,124.12374114990234,-0.001715762971469914
2006-11-28,123.91077423095703,-0.0011196194279091687
2006-11-29,123.77204132080078,-0.0038821925520905465
2006-11-30,123.29153442382812,0.013339362185852188
2006-12-01,124.93616485595703,-0.0009123311446952442
2006-12-04,124.82218170166016,0.015596833214827743
2006-12-05,126.76901245117188,0.0014066072262972629
2006-12-06,126.94732666015625,0.015335556191268251
2006-12-07,128.89413452148438,-0.02448123083537923
2006-12-08,125.7386474609375,-0.02296797682833185
2006-12-11,122.8506851196289,-0.027903431096890863
2006-12-12,119.4227294921875,0.027376838755774013
2006-12-13,122.69214630126953,0.016997476293419078
2006-12-14,124.77760314941406,-0.0045651289984316445
2006-12-15,124.20797729492188,0.028236406115211832
2006-12-18,127.71516418457031,-0.027577434536276924
2006-12-19,124.19310760498047,-0.0037094921631264377
2006-12-20,123.73241424560547,0.010048924472441101
2006-12-21,124.97579193115234,0.008799250489611943
2006-12-22,126.07548522949219,0.003496830190149902
2006-12-26,126.51634979248047,0.012803725992146964
2006-12-27,128.13623046875,-0.014420003677269144
2006-12-28,126.28850555419922,-0.003569588797410428
2006-12-29,125.83770751953125,0.008463847021304982
2007-01-02,126.90277862548828,0.0028494473258955377
2007-01-03,127.2643814086914,-0.0031528469532960957
2007-01-04,126.8631362915039,0.005974006214140459
2007-01-05,127.62101745605469,-0.00877211965750857
2007-01-08,126.50151062011719,0.0011356504623478703
2007-01-09,126.64517211914062,-0.004028763040346162
2007-01-10,126.13494873046875,0.018340192442157344
2007-01-11,128.4482879638672,0.03316636150661667
2007-01-12,132.7084503173828,0.01899960458451999
2007-01-15,135.2298583984375,-0.013187475571017626
2007-01-16,133.44651794433594,0.002153094756408125
2007-01-17,133.7338409423828,0.013001260442694118
2007-01-18,135.47254943847656,0.011225873697629396
2007-01-19,136.99334716796875,-0.006436402956739973
2007-01-22,136.11160278320312,-0.009680938004822726
2007-01-23,134.79391479492188,0.006578216031190909
2007-01-24,135.6806182861328,0.0008034219657859776
2007-01-25,135.7896270751953,0.008536360213140526
2007-01-29,136.9487762451172,-0.011466533705846493
2007-01-31,135.37844848632812,0.008159792393330978
2007-02-01,136.4831085205078,-0.001850958074279152
2007-02-02,136.23048400878906,0.008945227492693997
2007-02-05,137.4490966796875,0.0013333904685950415
2007-02-06,137.6323699951172,0.0041030502085672715
2007-02-07,138.19708251953125,0.00154158980064234
2007-02-08,138.41012573242188,-0.003758194108906765
2007-02-09,137.88995361328125,-0.02360238563484507
2007-02-12,134.6354217529297,0.0051877566947322595
2007-02-13,135.33387756347656,0.008089418248979907
2007-02-14,136.42864990234375,0.021712924790862065
2007-02-15,139.3909149169922,0.00980840652063475
2007-02-19,140.75811767578125,-0.0043285847901790575
2007-02-20,140.14883422851562,-0.005549389567147567
2007-02-21,139.37109375,0.0037675348244066154
2007-02-22,139.89617919921875,0.0008498908623206791
2007-02-23,140.01507568359375,-0.004740940197654142
2007-02-26,139.3512725830078,-0.0007820400163153218
2007-02-27,139.24229431152344,-0.03767447349881092
2007-02-28,133.9964141845703,0.011275180380225125
2007-03-01,135.5072479248047,-0.0376896703973818
2007-03-02,130.4000244140625,-0.04319254528723493
2007-03-05,124.76771545410156,0.030571214061481777
2007-03-06,128.58201599121094,-0.007088319092376172
2007-03-07,127.67058563232422,0.03639450105261499
2007-03-08,132.3170928955078,-0.012991013238374371
2007-03-09,130.59815979003906,-0.001896509602131391
2007-03-12,130.35047912597656,0.00839879995069448
2007-03-13,131.4452667236328,-0.031204099369926852
2007-03-14,127.34363555908203,-0.0015172080352593431
2007-03-15,127.15042877197266,0.01305141090520312
2007-03-16,128.80992126464844,0.010306470732686535
2007-03-19,130.1374969482422,0.007155963324266379
2007-03-20,131.06875610351562,0.02209547643101839
2007-03-21,133.96478271484375,0.026305892033228195
2007-03-22,137.4888458251953,0.0005817677193051818
2007-03-23,137.56883239746094,-0.00835718891166759
2007-03-26,136.4191436767578,-0.010663099325363135
2007-03-28,134.96449279785156,0.005333614922635066
2007-03-29,135.68434143066406,0.009652269756592613
2007-03-30,136.99400329589844,-0.0411225658520753
2007-04-02,131.36045837402344,0.020396827028592357
2007-04-03,134.039794921875,0.016781392354110025
2007-04-04,136.28916931152344,-0.0032277758452423644
2007-04-05,135.84925842285156,0.01872915664431507
2007-04-09,138.3936004638672,7.243849701477068e-05
2007-04-10,138.40362548828125,0.0015889010652208047
2007-04-11,138.62353515625,0.0006495442073117808
2007-04-12,138.7135772705078,0.01762113132131371
2007-04-13,141.15786743164062,0.03243763162201563
2007-04-16,145.7366943359375,0.012382054235158702
2007-04-17,147.5412139892578,0.006471228773326176
2007-04-18,148.49598693847656,0.004712781240697517
2007-04-19,149.19581604003906,0.03290099907984456
2007-04-20,154.10450744628906,0.008335946526687232
2007-04-23,155.3891143798828,0.01843300504999168
2007-04-24,158.25340270996094,0.00976011192430648
2007-04-25,159.7979736328125,-0.0009695851619285767
2007-04-26,159.64303588867188,-0.03610235008027818
2007-04-27,153.87954711914062,0.014195733119146459
2007-04-30,156.06398010253906,0.04170247997396115
2007-05-03,162.57223510742188,-0.02644276028891157
2007-05-04,158.27337646484375,0.014749044695044677
2007-05-07,160.60775756835938,-0.008309747957121694
2007-05-08,159.2731475830078,0.0032009580264655835
2007-05-09,159.78297424316406,-0.01054267391692354
2007-05-10,158.0984344482422,0.004868866251094506
2007-05-11,158.86819458007812,0.01960268109008556
2007-05-14,161.98243713378906,-0.013424197656278447
2007-05-15,159.80795288085938,0.022646525303599452
2007-05-16,163.4270477294922,0.030922877906474522
2007-05-17,168.48068237304688,0.007832777101041133
2007-05-18,169.80035400390625,0.03679840719422556
2007-05-21,176.04873657226562,0.010392259001710036
2007-05-22,177.87828063964844,-0.012983220745634294
2007-05-23,175.56884765625,-0.016484849749002217
2007-05-24,172.67462158203125,0.0004921174606349332
2007-05-25,172.7595977783203,-0.002401613217060339
2007-05-28,172.34469604492188,0.019142379197756965
2007-05-29,175.64378356933594,-0.002304840651860429
2007-05-30,175.23895263671875,0.003394238823593021
2007-05-31,175.83375549316406,-0.004292641408065512
2007-06-01,175.07896423339844,-0.005310365413904061
2007-06-04,174.14923095703125,0.0019804532427982746
2007-06-05,174.49412536621094,-0.03099588506011075
2007-06-06,169.0855255126953,-0.013096428551123918
2007-06-07,166.87110900878906,-0.007249042502947778
2007-06-08,165.6614532470703,0.005491586877114374
2007-06-11,166.57119750976562,0.019656187336313025
2007-06-12,169.84535217285156,-0.013832378715810001
2007-06-13,167.49598693847656,0.012325297482913555
2007-06-14,169.5604248046875,-0.008342998288744963
2007-06-15,168.14578247070312,-0.006123996129805742
2007-06-18,167.11605834960938,0.03287272836176536
2007-06-19,172.609619140625,0.003706724383989446
2007-06-20,173.2494354248047,0.00080790377023221
2007-06-21,173.389404296875,-0.016865072380713664
2007-06-22,170.46517944335938,0.0023752180304246195
2007-06-25,170.8700714111328,-0.003451912241505095
2007-06-26,170.28024291992188,-0.002759446089183659
2007-06-27,169.81036376953125,-0.003856428051023375
2007-06-28,169.15550231933594,0.0050534130450961
2007-06-29,170.01031494140625,-0.009555730512387783
2007-07-02,168.3857421875,0.013655597731213831
2007-07-03,170.68515014648438,0.0063548954221617215
2007-07-04,171.76983642578125,-0.0048306367852205545
2007-07-05,170.94007873535156,2.9010788353378558e-05
2007-07-06,170.94503784179688,0.0006142967801459065
2007-07-09,171.050048828125,-0.0048220614283613905
2007-07-10,170.22523498535156,0.0003523701982837135
2007-07-11,170.28521728515625,0.009422828986724863
2007-07-12,171.88978576660156,0.031232931044905765
2007-07-13,177.25840759277344,0.0020584830237775353
2007-07-16,177.623291015625,0.028789456322289242
2007-07-17,182.73696899414062,-0.00284480851046065
2007-07-18,182.2171173095703,0.03848789389120433
2007-07-19,189.2302703857422,-0.00034350974225072495
2007-07-20,189.16526794433594,0.009011033597682072
2007-07-23,190.86984252929688,0.001780739806054088
2007-07-24,191.20973205566406,-0.005228502701394411
2007-07-25,190.20999145507812,0.020682354530491276
2007-07-26,194.14398193359375,-0.03833780540137788
2007-07-27,186.700927734375,-0.010040102546398866
2007-07-30,184.82643127441406,0.02420533345551834
2007-07-31,189.3002166748047,-0.05056763355798044
2007-08-01,179.72775268554688,0.0015575654842265862
2007-08-02,180.0076904296875,0.00033305122733073844
2007-08-03,180.06764221191406,-0.011659097902001259
2007-08-06,177.9682159423828,0.016880520777737162
2007-08-07,180.972412109375,0.03604599514612228
2007-08-08,187.49574279785156,-0.015809847896123275
2007-08-09,184.53146362304688,-0.019909861979877763
2007-08-10,180.8574676513672,0.011138413902346933
2007-08-13,182.87193298339844,0.002104851229004945
2007-08-14,183.25685119628906,-0.05128068702533517
2007-08-16,173.85931396484375,0.007963985394474626
2007-08-17,175.24392700195312,0.0257288207198636
2007-08-20,179.75274658203125,-0.028448060130339847
2007-08-21,174.63912963867188,0.011076744297803032
2007-08-22,176.5735626220703,-0.012569213851628014
2007-08-23,174.3541717529297,0.01854929013540918
2007-08-24,177.58831787109375,0.03234165301362002
2007-08-27,183.33181762695312,0.02655683798877284
2007-08-28,188.20053100585938,0.003824740086477041
2007-08-29,188.92034912109375,0.011827235805847103
2007-08-30,191.15475463867188,0.025548636210301234
2007-08-31,196.0384979248047,-0.0015045636224536585
2007-09-03,195.74354553222656,0.0076354925757988745
2007-09-04,197.23814392089844,-0.00420703719631732
2007-09-05,196.40835571289062,0.009289519165047277
2007-09-06,198.23289489746094,-0.010061663142922894
2007-09-07,196.23834228515625,0.011564866419152553
2007-09-10,198.5078125,0.0022665135877051323
2007-09-11,198.95773315429688,0.011582040623997703
2007-09-12,201.26206970214844,0.007128251282362719
2007-09-13,202.69671630859375,0.0035758990636205468
2007-09-14,203.42153930664062,-0.0031699515595996486
2007-09-17,202.77670288085938,0.014667352538239031
2007-09-18,205.7509002685547,0.056291150808756685
2007-09-19,217.33285522460938,0.00754398999208461
2007-09-20,218.972412109375,0.04115883571502632
2007-09-21,227.9850616455078,0.0329102110676438
2007-09-24,235.48809814453125,0.018721892926743422
2007-09-25,239.89688110351562,-0.03235929388097425
2007-09-26,232.1339874267578,-0.001571997037033701
2007-09-27,231.76907348632812,-0.008734946065031113
2007-09-28,229.7445831298828,-0.0025455381817112155
2007-10-01,229.15975952148438,0.04524019966688453
2007-10-03,239.52699279785156,0.012521499249473322
2007-10-04,242.52622985839844,0.027453978649694788
2007-10-05,249.18453979492188,-0.0286057586029822
2007-10-08,242.05642700195312,0.07384755232323936
2007-10-09,259.93170166015625,0.007076655174170776
2007-10-10,261.7711486816406,0.004640278992650293
2007-10-11,262.98583984375,-0.024633537258979432
2007-10-12,256.507568359375,0.03920887446402488
2007-10-15,266.56494140625,-0.005550556395109263
2007-10-16,265.0853576660156,0.013576755257723061
2007-10-17,268.6843566894531,-0.03884567553689133
2007-10-18,258.24713134765625,-0.04407454903794994
2007-10-19,246.86500549316406,-0.023994370321929415
2007-10-22,240.94163513183594,0.07875372751372023
2007-10-23,259.91668701171875,0.005846459119755343
2007-10-24,261.436279296875,0.00497108352951825
2007-10-25,262.73590087890625,0.026730999973284764
2007-10-26,269.75909423828125,0.04803039007107435
2007-10-29,282.7157287597656,-0.020651597701172975
2007-10-30,276.877197265625,0.005163285244808913
2007-10-31,278.3067932128906,-0.03707153757578352
2007-11-01,267.9895324707031,0.01219873959756912
2007-11-02,271.2586669921875,-0.019219890997506428
2007-11-05,266.04510498046875,0.0018975044753437587
2007-11-06,266.5499267578125,0.039269167059371
2007-11-07,277.0171203613281,-0.010122947392819714
2007-11-08,274.212890625,-0.024518196613887766
2007-11-12,267.48968505859375,0.006540825195188837
2007-11-13,269.2392883300781,0.07253690676936841
2007-11-14,288.7690734863281,-0.004621773474657864
2007-11-15,287.4344482421875,0.002278032992407031
2007-11-16,288.0892333984375,-0.010670958425475607
2007-11-19,285.0150451660156,-0.023167936434276726
2007-11-20,278.4118347167969,-0.027057111373135045
2007-11-21,270.8788146972656,0.005628224016317018
2007-11-22,272.40338134765625,0.031727468414586735
2007-11-23,281.0460510253906,0.0260920543836205
2007-11-26,288.3791198730469,-0.014300171425118524
2007-11-27,284.2552490234375,-0.01793681147495574
2007-11-28,279.1566162109375,0.0072521121839594915
2007-11-29,281.18109130859375,0.013901952105886961
2007-11-30,285.0900573730469,0.029193634524109946
2007-12-03,293.4128723144531,-0.02466864554181558
2007-12-04,286.1747741699219,0.013589730601580863
2007-12-05,290.0638122558594,-0.009512866694561306
2007-12-06,287.3044738769531,-0.011256806466439229
2007-12-07,284.0703430175781,-0.006510666636443174
2007-12-10,282.2208557128906,0.022210656725000888
2007-12-11,288.4891662597656,-0.0016462127744292232
2007-12-12,288.0142517089844,-0.016713480928675972
2007-12-13,283.2005310058594,0.01973337040263834
2007-12-14,288.7890319824219,-0.03930904226432963
2007-12-17,277.43701171875,-0.0171343131095002
2007-12-18,272.6833190917969,-0.008707386791269256
2007-12-19,270.3089599609375,0.0036429080763793475
2007-12-20,271.2936706542969,0.027601223026381794
2007-12-24,278.7817077636719,0.03871170151149639
2007-12-26,289.5738220214844,-0.0009146616178834499
2007-12-27,289.3089599609375,0.0003454613654996219
2007-12-28,289.4089050292969,-0.0041970396329313875
2007-12-31,288.1942443847656,-0.011950380095449242
2008-01-01,284.7502136230469,0.0047394111585470355
2008-01-02,286.0997619628906,0.014659329783933028
2008-01-03,290.2937927246094,0.030753503840850183
2008-01-04,299.2213439941406,0.00910454329653021
2008-01-07,301.94561767578125,0.011389857081262278
2008-01-08,305.3847351074219,-0.006874692897772872
2008-01-09,303.2853088378906,-0.001928546768667827
2008-01-10,302.7004089355469,0.03296135947511036
2008-01-11,312.6778259277344,0.029815065196787005
2008-01-14,322.0003356933594,-0.017169152598820236
2008-01-15,316.47186279296875,-0.022713461232479748
2008-01-16,309.28369140625,-0.031386709777033284
2008-01-17,299.5762939453125,-0.06572566071302688
2008-01-18,279.8864440917969,-0.09244188322312197
2008-01-21,254.01321411132812,-0.07216232824993796
2008-01-22,235.6830291748047,0.0819742785753701
2008-01-23,255.0029754638672,-0.02422869965219343
2008-01-24,248.8245849609375,0.05082526684298383
2008-01-25,261.4711608886719,-0.01873460749423983
2008-01-28,256.5726013183594,0.004091290844664863
2008-01-29,257.622314453125,-0.04074691462736246
2008-01-30,247.125,0.00283194480668314
2008-01-31,247.82484436035156,0.025757430879473908
2008-02-01,254.2081756591797,0.019054205194820373
2008-02-04,259.0519104003906,0.009995508100086647
2008-02-05,261.6412658691406,-0.02468390536797216
2008-02-06,255.1829376220703,-0.04977484306822866
2008-02-07,242.4812469482422,0.0003914103427100635
2008-02-08,242.57615661621094,-0.06157249791491992
2008-02-11,227.64013671875,0.021014404545620202
2008-02-12,232.42385864257812,0.027808323589675332
2008-02-13,238.88717651367188,0.05325379685750442
2008-02-14,251.60882568359375,0.030674426948259503
2008-02-15,259.3267822265625,-0.015516756456513736
2008-02-18,255.30287170410156,0.00033290442254263475
2008-02-19,255.3878631591797,-0.027617330817007124
2008-02-20,248.33473205566406,0.004951500365748096
2008-02-21,249.56436157226562,-0.024776511804933565
2008-02-22,243.3810272216797,0.048059967076314214
2008-02-25,255.07791137695312,0.009877018225871836
2008-02-26,257.5973205566406,0.004579461385206818
2008-02-27,258.7769775390625,-0.02132546519861067
2008-02-28,253.25843811035156,-0.02755371351606517
2008-02-29,246.2802276611328,-0.06391436647614679
2008-03-03,230.5393829345703,-0.027233245319611687
2008-03-04,224.26104736328125,0.022089079450114513
2008-03-05,229.2147674560547,-0.01940910085522929
2008-03-07,224.7659149169922,0.011698097093880033
2008-03-10,227.39524841308594,0.032248118194338815
2008-03-11,234.7283172607422,0.011371789467115256
2008-03-12,237.39759826660156,-0.055398834651222306
2008-03-13,224.2460479736328,0.03546497666844095
2008-03-14,232.1989288330078,-0.061310452141297045
2008-03-17,217.96270751953125,-0.013393208425076741
2008-03-18,215.04348754882812,0.003765604278408885
2008-03-19,215.85325622558594,0.019058813067207803
2008-03-24,219.9671630859375,0.05160800312546643
2008-03-25,231.31922912597656,-0.006202152451589393
2008-03-26,229.88455200195312,-0.012459349752690141
2008-03-27,227.0203399658203,0.0359564336750795
2008-03-28,235.1831817626953,-0.036834054966062624
2008-03-31,226.5204315185547,0.035064969970515225
2008-04-01,234.46336364746094,-0.0007247918444289736
2008-04-02,234.29342651367188,0.02240154678835493
2008-04-03,239.54196166992188,-0.03125930416058176
2008-04-04,232.05404663085938,0.03608126148170143
2008-04-07,240.42684936523438,-0.009626243303288429
2008-04-08,238.11244201660156,0.015324701406997043
2008-04-09,241.76144409179688,0.020841351576279754
2008-04-10,246.80007934570312,0.03358113400959173
2008-04-11,255.08790588378906,0.023613602105728937
2008-04-15,261.1114501953125,0.011754070195532984
2008-04-16,264.1805725097656,-0.0009272619757091372
2008-04-17,263.93560791015625,0.0013447197837532787
2008-04-21,264.29052734375,-0.013712155923047198
2008-04-22,260.6665344238281,-0.011410262879409938
2008-04-23,257.6922607421875,0.0019590102391504605
2008-04-24,258.19708251953125,0.01620428428142584
2008-04-25,262.3809814453125,-0.012611396071042225
2008-04-28,259.0719909667969,0.026452448037057597
2008-04-29,265.9250793457031,-0.017086969649292127
2008-04-30,261.3812255859375,0.02304487830621116
2008-05-02,267.40472412109375,-0.002075135825930996
2008-05-05,266.8498229980469,-0.007193164332435442
2008-05-06,264.9303283691406,0.014698250952024372
2008-05-07,268.8243408203125,-0.002847141211392734
2008-05-08,268.0589599609375,-0.05205751389269009
2008-05-09,254.10447692871094,0.010065759358183657
2008-05-12,256.6622314453125,-0.020655069945119675
2008-05-13,251.36085510253906,0.011855084490340007
2008-05-14,254.34075927734375,0.036431644980621014
2008-05-15,263.6068115234375,0.004860805930352319
2008-05-16,264.8881530761719,-0.012425437982546916
2008-05-20,261.5968017578125,0.02487586333370828
2008-05-21,268.104248046875,-0.0156127777954842
2008-05-22,263.91839599609375,-0.02659874251827976
2008-05-23,256.89849853515625,-0.015883132079282047
2008-05-26,252.81814575195312,-0.008148984620993005
2008-05-27,250.7579345703125,0.010981294989945045
2008-05-28,253.51158142089844,-0.023706500518985818
2008-05-29,247.501708984375,-0.02403880773392708
2008-05-30,241.55206298828125,-0.018597812961376192
2008-06-02,237.05972290039062,0.020285793990272527
2008-06-03,241.86866760253906,-0.041406261582394466
2008-06-04,231.85379028320312,-0.02609443907344433
2008-06-05,225.80369567871094,-0.00369428293345897
2008-06-06,224.96951293945312,-0.033861874459172214
2008-06-09,217.35162353515625,0.016206699692144833
2008-06-10,220.87417602539062,0.02896130695167809
2008-06-11,227.27098083496094,0.007031218580958232
2008-06-12,228.8689727783203,-0.0030299702843299414
2008-06-13,228.17550659179688,0.00526330923897822
2008-06-16,229.37646484375,0.022148469015226935
2008-06-17,234.45680236816406,-0.01963227547989277
2008-06-18,229.8538818359375,-0.017030539102467768
2008-06-19,225.93934631347656,-0.06625436165649845
2008-06-20,210.96987915039062,-0.03501350559469962
2008-06-23,203.5830841064453,0.01826537373910586
2008-06-24,207.30160522460938,0.03553614170410424
2008-06-25,214.66830444335938,0.04847836677991735
2008-06-26,225.0750732421875,-0.025406833115036
2008-06-27,219.35662841796875,-0.04008895253926126
2008-06-30,210.56285095214844,-0.024341989936263353
2008-07-01,205.4373321533203,0.048846733559915645
2008-07-02,215.47227478027344,-0.03446826829266736
2008-07-03,208.04531860351562,0.013429430051418167
2008-07-04,210.83924865722656,-0.03322380845649964
2008-07-07,203.83436584472656,-0.02403617654661394
2008-07-08,198.93496704101562,0.050367780329240386
2008-07-09,208.9548797607422,-0.015631513997996338
2008-07-10,205.6885986328125,-0.014926994108608871
2008-07-11,202.6182861328125,0.013565842435064868
2008-07-14,205.36697387695312,-0.032322703216377535
2008-07-15,198.7289581298828,-0.01714363461454449
2008-07-16,195.322021484375,0.03861585185222216
2008-07-17,202.8645477294922,0.0468900515542352
2008-07-18,212.3768768310547,0.01876302553804754
2008-07-21,216.36170959472656,-0.00032511768237497574
2008-07-22,216.29136657714844,0.05350468445180212
2008-07-23,227.8639678955078,0.01797286104277207
2008-07-24,231.95933532714844,-0.06973416831960821
2008-07-25,215.78384399414062,0.015276266280854767
2008-07-28,219.08021545410156,-0.04440562345861687
2008-07-29,209.35182189941406,0.03955639912038422
2008-07-30,217.63302612304688,0.01939500229898794
2008-07-31,221.85401916503906,0.040815369246032684
2008-08-01,230.90907287597656,-0.02402500730694801
2008-08-04,225.36148071289062,0.015006273151925376
2008-08-05,228.74331665039062,0.00990746266307041
2008-08-06,231.00958251953125,-0.011311115520490689
2008-08-07,228.3966064453125,-0.009152603519461233
2008-08-08,226.30618286132812,0.032618664353705196
2008-08-11,233.68798828125,0.009460935492161315
2008-08-12,235.89889526367188,-0.004430373605987636
2008-08-13,234.85377502441406,-0.025739867199666366
2008-08-14,228.8086700439453,-0.02279615383717659
2008-08-18,223.59271240234375,-0.002337482457962614
2008-08-19,223.070068359375,0.0120518198085795
2008-08-20,225.7584686279297,-0.015002054367645123
2008-08-21,222.3716278076172,0.014530018395911393
2008-08-22,225.60269165039062,-0.005702025106630981
2008-08-25,224.31629943847656,-0.023588727492455663
2008-08-26,219.02496337890625,-0.014385029420329598
2008-08-27,215.87428283691406,-0.035917064574561675
2008-08-28,208.12071228027344,0.031557108931266065
2008-08-29,214.6884002685547,0.0025509923048760985
2008-09-01,215.23606872558594,0.03319889369631923
2008-09-02,222.3816680908203,-0.02734162640948734
2008-09-04,216.3013916015625,-0.033151357748367416
2008-09-05,209.13070678710938,0.02513339447626839
2008-09-08,214.38687133789062,0.00438297123043907
2008-09-09,215.32652282714844,-0.027957206104832988
2008-09-10,209.3065948486328,-0.04093338272174829
2008-09-11,200.7389678955078,-0.03241715010357926
2008-09-12,194.23158264160156,-0.02364633458560228
2008-09-15,189.6387176513672,0.021781336469436363
2008-09-16,193.76930236816406,-0.02665915418425191
2008-09-17,188.60357666015625,0.032824382273474395
2008-09-18,194.79437255859375,0.06028633459198485
2008-09-19,206.53781127929688,-0.00778550764639363
2008-09-22,204.9298095703125,-0.016011803179084905
2008-09-23,201.6485137939453,0.01976105309348597
2008-09-24,205.63330078125,-0.009970256116180742
2008-09-25,203.5830841064453,-0.030853421681767745
2008-09-26,197.30184936523438,-0.015459413625622864
2008-09-29,194.25167846679688,0.008536443014944162
2008-09-30,195.90989685058594,-0.02187901676676285
2008-10-01,191.6235809326172,-0.07617865015034353
2008-10-03,177.0259552001953,-0.06804051485087415
2008-10-06,164.98101806640625,0.020132635405425425
2008-10-07,168.30252075195312,-0.015585128171001772
2008-10-08,165.67950439453125,-0.07336756808730027
2008-10-10,153.5240020751953,0.028672298317054645
2008-10-13,157.92588806152344,0.03159616809202004
2008-10-14,162.91574096679688,-0.062212660930016206
2008-10-15,152.7803192138672,-0.08436400854881909
2008-10-16,139.8911590576172,-0.06171201343992694
2008-10-17,131.25819396972656,0.011370314144031779
2008-10-20,132.75064086914062,0.05606034796078041
2008-10-21,140.19268798828125,-0.05602400957457321
2008-10-22,132.33853149414062,-0.0752958801273571
2008-10-23,122.37398529052734,-0.16273161210271725
2008-10-24,102.45986938476562,0.056400330016783906
2008-10-27,108.23863983154297,0.1158310163737295
2008-10-29,120.77603149414062,0.14453926367796144
2008-10-31,138.23291015625,0.048166003475791364
2008-11-03,144.8910369873047,0.006866879839554807
2008-11-04,145.885986328125,-0.1257578876376665
2008-11-05,127.5396728515625,-0.07761711515545966
2008-11-06,117.64041137695312,0.04288607493798069
2008-11-07,122.685546875,0.06745850911406515
2008-11-10,130.96173095703125,-0.0732101686320914
2008-11-11,121.3740005493164,-0.037674967579127805
2008-11-12,116.80123901367188,-0.013293687030402013
2008-11-14,115.24851989746094,-0.00466527744806744
2008-11-17,114.71085357666016,-0.001270536476594808
2008-11-18,114.56510925292969,-0.006579326781243622
2008-11-19,113.81134796142578,-0.0674642052502028
2008-11-20,106.1331558227539,0.06467511340776078
2008-11-21,112.99732971191406,0.01818809616181083
2008-11-24,115.05253601074219,-0.06376640681541568
2008-11-25,107.71604919433594,0.06260490625175752
2008-11-26,114.45960235595703,0.0
2008-11-27,114.45960235595703,-0.003907228746453328
2008-11-28,114.01238250732422,-0.022081285581990295
2008-12-01,111.49484252929688,-0.03195420345026079
2008-12-02,107.93211364746094,-0.004515766658905185
2008-12-03,107.44471740722656,0.08418280942248502
2008-12-04,116.48971557617188,-0.035803750718798266
2008-12-05,112.3189468383789,0.0008498920891091277
2008-12-08,112.4144058227539,0.09713485758241225
2008-12-10,123.3337631225586,0.025912673965827304
2008-12-11,126.52967071533203,0.038204897019185946
2008-12-12,131.3637237548828,0.025591084176157297
2008-12-15,134.7254638671875,0.0357689247973354
2008-12-16,139.54444885253906,-0.026719634430577455
2008-12-17,135.8158721923828,0.007103720338858421
2008-12-18,136.78067016601562,-0.007127017696672677
2008-12-19,135.8058319091797,-0.048656817942037245
2008-12-22,129.1979522705078,-0.020069286865883607
2008-12-23,126.60504150390625,-0.01409025563841626
2008-12-24,124.8211441040039,-0.025643931316030377
2008-12-26,121.6202392578125,0.029872264037506202
2008-12-29,125.25331115722656,0.0033698799588381956
2008-12-30,125.67539978027344,-0.014194301469003578
2008-12-31,123.89152526855469,0.04352069838059802
2009-01-02,129.2833709716797,0.06176143066301654
2009-01-05,137.26809692382812,0.0036974202540194234
2009-01-06,137.775634765625,-0.12411570865576638
2009-01-07,120.6755142211914,-0.03955850287102358
2009-01-09,115.90177154541016,-0.047994740735216146
2009-01-12,110.33909606933594,-0.018535418063683307
2009-01-13,108.29391479492188,0.09484483208048311
2009-01-14,118.56503295898438,-0.03170176150711723
2009-01-15,114.80631256103516,0.06565430788217319
2009-01-16,122.34384155273438,0.010309461573978052
2009-01-19,123.60514068603516,-0.0376050548932475
2009-01-20,118.95696258544922,-0.05390097067540145
2009-01-21,112.5450668334961,0.014689550023601061
2009-01-22,114.19830322265625,0.017468833927927196
2009-01-23,116.1932144165039,0.060372521360761544
2009-01-27,123.20809173583984,0.03919449288014332
2009-01-28,128.03717041015625,-0.0030610017061047934
2009-01-29,127.64524841308594,0.04212216116487055
2009-01-30,133.02194213867188,-0.03293989739984948
2009-02-02,128.6402130126953,0.020468260430943852
2009-02-03,131.27325439453125,0.0009953361127887916
2009-02-04,131.40391540527344,-0.014302308014678244
2009-02-05,129.5245361328125,0.04349026685452828
2009-02-06,135.1575927734375,0.03334967318785664
2009-02-09,139.66505432128906,0.008814619851287286
2009-02-10,140.89614868164062,-0.014765366692044535
2009-02-11,138.81576538085938,-0.02150189668950464
2009-02-12,135.83096313476562,0.03022461254543729
2009-02-13,139.9364013671875,-0.05185319345859374
2009-02-16,132.6802520751953,-0.040069368246161474
2009-02-17,127.36383819580078,0.021975600211167734
2009-02-18,130.16273498535156,-0.00108073002909026
2009-02-19,130.02206420898438,-0.031188425097809835
2009-02-20,125.96688079833984,-0.0001197403070766212
2009-02-24,125.95179748535156,0.010612551377287449
2009-02-25,127.28846740722656,0.019146540442391613
2009-02-26,129.72560119628906,-0.019174583615482854
2009-02-27,127.23816680908203,-0.03191002461360648
2009-03-02,123.17799377441406,-0.023497716285213466
2009-03-03,120.2835922241211,0.011906079554042659
2009-03-04,121.7156982421875,-0.05061503668155998
2009-03-05,115.5550537109375,0.01748121224093535
2009-03-06,117.5750961303711,-0.014146310221472613
2009-03-09,115.9118423461914,0.04218150219475714
2009-03-12,120.80117797851562,0.06842767543457451
2009-03-13,129.06732177734375,0.03375505228079123
2009-03-16,133.4239959716797,-0.020639004125650784
2009-03-17,130.67025756835938,0.023996433278224094
2009-03-18,133.80587768554688,0.010740438416613207
2009-03-19,135.24301147460938,-0.004830037076542504
2009-03-20,134.58978271484375,0.07411141983720615
2009-03-23,144.56442260742188,0.009732563493134005
2009-03-24,145.97140502929688,0.0549070693601823
2009-03-25,153.98626708984375,0.021733723464680388
2009-03-26,157.3329620361328,-0.010699572193623275
2009-03-27,155.64956665039062,-0.020855435683020174
2009-03-30,152.40342712402344,0.005473316692549579
2009-03-31,153.23757934570312,0.03705522625764024
2009-04-01,158.91583251953125,0.050656148977004545
2009-04-02,166.9658966064453,0.006169556848176994
2009-04-06,167.99600219726562,0.03203522756936428
2009-04-08,173.37779235839844,0.006144517481076139
2009-04-09,174.443115234375,0.021777150082783026
2009-04-13,178.2419891357422,0.031857331914423304
2009-04-15,183.92030334472656,-0.05193886771044953
2009-04-16,174.36769104003906,-0.010403364346326383
2009-04-17,172.55368041992188,-0.0009026855780238652
2009-04-20,172.39791870117188,-0.005421626496800003
2009-04-21,171.46324157714844,0.006974984014882946
2009-04-22,172.65919494628906,0.026601020397612363
2009-04-23,177.25210571289062,0.014259760817341371
2009-04-24,179.77967834472656,-0.0018448416534961876
2009-04-27,179.44801330566406,-0.027106609905100276
2009-04-28,174.5837860107422,0.03977792117360601
2009-04-29,181.5283660888672,0.0021867513381716996
2009-04-30,181.92532348632812,0.04248155067435455
2009-05-04,189.65379333496094,-0.001828121647246883
2009-05-05,189.3070831298828,-0.0011415855440756184
2009-05-06,189.09097290039062,0.018097416566106528
2009-05-07,192.51303100585938,-0.007961140516087872
2009-05-08,190.98040771484375,-0.020365142729855346
2009-05-11,187.091064453125,0.05280380386911565
2009-05-12,196.97018432617188,-0.013725073086719108
2009-05-13,194.26675415039062,-0.01244177222010412
2009-05-14,191.8497314453125,0.021870722999580705
2009-05-15,196.04562377929688,0.21369249456298656
2009-05-18,237.93910217285156,-0.057717866785792604
2009-05-19,224.2057647705078,-0.03516522795139554
2009-05-20,216.32151794433594,-0.01718985892984526
2009-05-21,212.6029815673828,0.0332318989770366
2009-05-22,219.66818237304688,0.004117482881215606
2009-05-25,220.57266235351562,-0.02371583036155911
2009-05-26,215.3415985107422,0.020371685583413957
2009-05-27,219.7284698486328,0.015642433659430077
2009-05-28,223.16555786132812,0.023124804022159218
2009-05-29,228.3262176513672,0.004533872794003191
2009-06-01,229.36141967773438,-0.0013146453797143742
2009-06-02,229.0598907470703,-0.014610300826643607
2009-06-03,225.7132568359375,0.00705736697307735
2009-06-04,227.3061981201172,-0.021664741524973996
2009-06-05,222.3816680908203,-0.008473648801410438
2009-06-08,220.49728393554688,0.035619850095256256
2009-06-09,228.3513641357422,0.02114741265339304
2009-06-10,233.18040466308594,-0.007305464682586971
2009-06-11,231.47691345214844,0.025550968087097337
2009-06-12,237.39137268066406,-0.07760044700749424
2009-06-15,218.96969604492188,-0.016270489501406193
2009-06-16,215.40695190429688,-0.042923486797039834
2009-06-17,206.1609344482422,-0.01282069975323008
2009-06-18,203.51780700683594,0.008123263433700956
2009-06-19,205.17103576660156,-0.043595576379124035
2009-06-22,196.2264862060547,0.03216386069595112
2009-06-23,202.5378875732422,-0.006425649015713408
2009-06-24,201.2364501953125,-0.022099019792797048
2009-06-25,196.78932189941406,0.03631067742852201
2009-06-26,203.93487548828125,0.028484087931860635
2009-06-29,209.7437744140625,-0.030474252148006586
2009-06-30,203.35198974609375,0.017495172912241452
2009-07-01,206.90966796875,-0.023047438236133977
2009-07-02,202.14093017578125,0.008104014732431164
2009-07-03,203.77908325195312,-0.06633290068204356
2009-07-06,190.26182556152344,-0.019913948184613672
2009-07-07,186.47296142578125,-0.013905022727027205
2009-07-08,183.8800506591797,0.012980588863958253
2009-07-09,186.2669219970703,-0.04221954784184956
2009-07-10,178.40281677246094,-0.013632794314856533
2009-07-13,175.97068786621094,0.036037638257034654
2009-07-14,182.312255859375,0.03431565541927628
2009-07-15,188.56842041015625,0.0314981688005036
2009-07-16,194.5079803466797,0.0008524174774608984
2009-07-17,194.6737823486328,0.049688978982125986
2009-07-20,204.346923828125,-0.0072050794200752
2009-07-21,202.8745880126953,-0.021276454920500343
2009-07-22,198.55813598632812,0.03332980857325141
2009-07-23,205.17604064941406,-0.012098687702456368
2009-07-24,202.6936798095703,-0.0377816988643177
2009-07-27,195.0355682373047,-0.017030397240587414
2009-07-28,191.7140350341797,0.011952161427920771
2009-07-29,194.00543212890625,-0.015592472751239983
2009-07-30,190.98040771484375,0.028995472388665622
2009-07-31,196.51797485351562,0.031502285658469464
2009-08-03,202.708740234375,0.0112791989594061
2009-08-04,204.99513244628906,0.017968060139814
2009-08-05,208.67849731445312,-0.014255605129996796
2009-08-06,205.7036590576172,-0.02396425486397702
2009-08-07,200.7741241455078,-0.004830317953435359
2009-08-10,199.8043212890625,0.006186778201572984
2009-08-11,201.04046630859375,-0.004849268955115393
2009-08-12,200.06556701660156,0.016878774406919428
2009-08-13,203.4424285888672,0.00600196372810724
2009-08-14,204.66348266601562,-0.04640431479540552
2009-08-17,195.1662139892578,-0.00038614859426355785
2009-08-18,195.09085083007812,-0.02851329563534366
2009-08-19,189.52816772460938,0.006654902640851557
2009-08-20,190.78945922851562,0.0160135762739273
2009-08-21,193.8446807861328,0.023589704029619574
2009-08-24,198.41741943359375,0.026009106482539623
2009-08-25,203.5780792236328,0.007158162011372982
2009-08-26,205.0353240966797,0.0010784988980214738
2009-08-27,205.25645446777344,0.015545782473231906
2009-08-28,208.44732666015625,-0.03326766125917624
2009-08-31,201.5127716064453,-0.012093887322764063
2009-09-01,199.07569885253906,-0.004896821975031829
2009-09-02,198.10086059570312,-0.02047056637821698
2009-09-03,194.04562377929688,0.026077508690353524
2009-09-04,199.10585021972656,0.01095312823190775
2009-09-07,201.28668212890625,0.03632309655806254
2009-09-08,208.59803771972656,0.04473412846075475
2009-09-09,217.9294891357422,-0.009684274028132989
2009-09-10,215.81900024414062,-0.003073406696335934
2009-09-11,215.15570068359375,-0.0006306184401001502
2009-09-14,215.02001953125,0.019350388090680237
2009-09-15,219.1807403564453,0.0014214476809022436
2009-09-16,219.49229431152344,-0.04480311543272486
2009-09-17,209.65835571289062,0.007861256447336595
2009-09-18,211.30653381347656,-0.0021877957291875916
2009-09-22,210.84423828125,0.0017873932687832994
2009-09-23,211.22109985351562,-0.0003566530126668521
2009-09-24,211.14576721191406,0.01620687155744438
2009-09-25,214.56777954101562,0.016885254738437494
2009-09-29,218.19081115722656,0.014094553788552622
2009-09-30,221.26611328125,-0.012399716541653727
2009-10-01,218.52247619628906,-0.016211895617714522
2009-10-05,214.9798126220703,-0.0023373691533564722
2009-10-06,214.47732543945312,-0.015369537220654594
2009-10-07,211.180908203125,0.00873283375549283
2009-10-08,213.02511596679688,-0.009388421047655249
2009-10-09,211.025146484375,0.03300386471362016
2009-10-12,217.9897918701172,-0.0032500642754090814
2009-10-13,217.28131103515625,0.01026822946585848
2009-10-14,219.5124053955078,-0.005814625574301013
2009-10-15,218.23602294921875,0.028429521484492515
2009-10-16,224.44036865234375,-0.015414043882475692
2009-10-20,220.9808349609375,-0.001075665299471118
2009-10-21,220.74313354492188,-0.021537923642437007
2009-10-22,215.98878479003906,-0.04114364628120826
2009-10-23,207.1022186279297,-0.01562981321777157
2009-10-26,203.86524963378906,-0.012082395339161
2009-10-27,201.40206909179688,0.021672485503920536
2009-10-28,205.76695251464844,-0.01708317071609844
2009-10-29,202.25180053710938,-0.034135399064518235
2009-10-30,195.3478546142578,-0.05830717986439482
2009-11-03,183.95767211914062,0.0561711534234417
2009-11-04,194.29078674316406,0.010647181611996626
2009-11-05,196.35943603515625,0.008422742095262503
2009-11-06,198.01332092285156,0.03417623224348976
2009-11-09,204.78067016601562,0.014868589902645946
2009-11-10,207.82546997070312,0.028961127161794664
2009-11-11,213.84432983398438,-0.006031395193350386
2009-11-12,212.55455017089844,0.008685299148060155
2009-11-13,214.40065002441406,0.016088792787909645
2009-11-16,217.85009765625,-0.009867392532225239
2009-11-17,215.7004852294922,-0.01514747971989816
2009-11-18,212.43316650390625,-0.007737885737845507
2009-11-19,210.7893829345703,0.018955512236493055
2009-11-20,214.78500366210938,0.03374466739840076
2009-11-23,222.03285217285156,-0.008086580128230492
2009-11-24,220.23736572265625,0.008037911311176815
2009-11-25,222.0076141357422,-0.03061928420726201
2009-11-26,215.20989990234375,-0.01673320100204223
2009-11-27,211.60874938964844,0.01677885426951886
2009-11-30,215.1593017578125,0.0324401376387522
2009-12-01,222.13909912109375,0.0022313339068511517
2009-12-02,222.634765625,-0.0007271123748783248
2009-12-03,222.47288513183594,-0.010230327429051167
2009-12-04,220.19691467285156,-0.030687365413966328
2009-12-07,213.4396514892578,0.024028485597742844
2009-12-08,218.5682830810547,-0.007867794193711863
2009-12-09,216.8486328125,-4.6723079625166086e-05
2009-12-10,216.8385009765625,-0.0005130630886749366
2009-12-11,216.7272491455078,-0.003080592394643644
2009-12-14,216.05960083007812,-0.015309595229610395
2009-12-15,212.75181579589844,-0.004231758623006954
2009-12-16,211.85150146484375,-0.011650688927462793
2009-12-17,209.38328552246094,-0.02637809560795279
2009-12-18,203.8601531982422,0.009229517059614167
2009-12-21,205.74168395996094,0.0022124840554968994
2009-12-22,206.19688415527344,0.0461145037721673
2009-12-23,215.70555114746094,0.009472938770679784
2009-12-24,217.74891662597656,0.0036700460877285845
2009-12-29,218.54806518554688,-0.003888075808820779
2009-12-30,217.69833374023438,0.013475289053581863
2009-12-31,220.6318817138672,-0.01380056933477769
2010-01-04,217.5870361328125,-0.004462970827608603
2010-01-05,216.61595153808594,0.01615776905036803
2010-01-06,220.11598205566406,0.01658997272958107
2010-01-07,223.7677001953125,-0.0026218492666814086
2010-01-08,223.18101501464844,-0.01962562056490902
2010-01-11,218.8009490966797,0.002635058701101922
2010-01-12,219.37750244140625,0.003919559989884025
2010-01-13,220.23736572265625,0.03040611977322727
2010-01-14,226.93392944335938,-0.009762013272690995
2010-01-15,224.71859741210938,-0.010128362851814288
2010-01-18,222.44256591796875,-0.013187752280903409
2010-01-19,219.50904846191406,-0.00691260688966755
2010-01-20,217.99166870117188,-0.021763224660937497
2010-01-21,213.24746704101562,-0.0001897622004859434
2010-01-22,213.20700073242188,-0.011197092852408108
2010-01-25,210.8197021484375,-0.013914888812328607
2010-01-27,207.88616943359375,0.009342611450886551
2010-01-28,209.828369140625,0.008725858303556766
2010-01-29,211.6593017578125,-0.0007646721605986118
2010-02-01,211.49745178222656,-0.017313920071984845
2010-02-02,207.83560180664062,0.0064733023540468615
2010-02-03,209.1809844970703,-0.014314001466931847
2010-02-04,206.186767578125,-0.03674636577738677
2010-02-05,198.6101531982422,0.012885872627892425
2010-02-08,201.16941833496094,-0.0011062786795257296
2010-02-09,200.94686889648438,-0.00820540024514671
2010-02-10,199.2980194091797,0.03050448293590291
2010-02-11,205.37750244140625,-0.0050731744284013836
2010-02-15,204.33558654785156,0.007673318952394315
2010-02-16,205.9035186767578,0.014541918452763092
2010-02-17,208.8977508544922,-0.03365464788522521
2010-02-18,201.86737060546875,-0.014632059369987571
2010-02-19,198.91363525390625,-0.0053395963977918015
2010-02-22,197.8515167236328,-0.0026587185322183293
2010-02-23,197.3254852294922,0.003537138289487096
2010-02-24,198.02345275878906,-0.016040096581318775
2010-02-25,194.84713745117188,0.016457337177283815
2010-02-26,198.05380249023438,0.004341410025259451
2010-03-02,198.91363525390625,0.04231089527128096
2010-03-03,207.32984924316406,-0.01053882412667051
2010-03-04,205.14483642578125,-0.004141956202937558
2010-03-05,204.29513549804688,-0.005644616656182655
2010-03-08,203.1419677734375,-0.01369394323430917
2010-03-09,200.3601531982422,0.018579214081575923
2010-03-10,204.0826873779297,0.007633256753783124
2010-03-11,205.6405029296875,0.005066834579222412
2010-03-12,206.6824493408203,0.0063134817127410425
2010-03-15,207.98733520507812,0.038811332512340924
2010-03-16,216.05960083007812,0.001638666744069539
2010-03-17,216.4136505126953,0.006777746558616293
2010-03-18,217.8804473876953,0.014020857043830715
2010-03-19,220.93531799316406,-0.016574307851039194
2010-03-22,217.27346801757812,0.016248486400321838
2010-03-23,220.8038330078125,4.5747930286221816e-05
2010-03-25,220.81393432617188,0.008245998172101476
2010-03-26,222.634765625,-0.006497337462386676
2010-03-29,221.188232421875,-0.004710470459289184
2010-03-30,220.14633178710938,-0.012773999116964752
2010-03-31,217.3341827392578,0.016569575979801687
2010-04-01,220.93531799316406,0.030996841887237503
2010-04-05,227.7836151123047,-0.0023980396069754883
2010-04-06,227.2373809814453,0.005786910743851736
2010-04-07,228.55238342285156,-0.02049209632344795
2010-04-08,223.86886596679688,0.01640224190214079
2010-04-09,227.5408172607422,0.0023562050051251227
2010-04-12,228.0769500732422,-0.005721252690544909
2010-04-13,226.77206420898438,-0.02694281838175816
2010-04-15,220.6621856689453,-0.005913500132802563
2010-04-16,219.3572998046875,-0.020705560734011308
2010-04-19,214.8153839111328,0.0013184269144626004
2010-04-20,215.09860229492188,-0.008558952299623002
2010-04-21,213.25758361816406,0.02053899496202405
2010-04-22,217.63768005371094,0.011573217973676497
2010-04-23,220.1564483642578,-0.01557619249505815
2010-04-26,216.7272491455078,-0.00933492365263422
2010-04-27,214.70411682128906,-0.04146046908754408
2010-04-28,205.80238342285156,0.0174979508751274
2010-04-29,209.40350341796875,-0.0014008120979333016
2010-04-30,209.11016845703125,-0.009529894534860861
2010-05-03,207.11737060546875,-0.0025395538589342292
2010-05-04,206.5913848876953,-0.0004896163155607702
2010-05-05,206.490234375,-0.012541174815319245
2010-05-06,203.90060424804688,0.0247557590719929
2010-05-07,208.9483184814453,0.05285140828546875
2010-05-10,219.9915313720703,-0.010746762671264842
2010-05-11,217.62733459472656,0.014187979954320529
2010-05-12,220.71502685546875,-0.010295974083255999
2010-05-13,218.4425506591797,-0.026264173886693887
2010-05-14,212.70533752441406,-0.0259665504459623
2010-05-17,207.18211364746094,0.003984125070417788
2010-05-18,208.00755310058594,-0.02150699571735093
2010-05-19,203.533935546875,0.0013016913065642122
2010-05-20,203.7988739013672,-0.0044002158404325975
2010-05-21,202.90211486816406,0.027221125223568343
2010-05-24,208.4253387451172,-0.03618045731707986
2010-05-25,200.88441467285156,0.02272619377765306
2010-05-26,205.4497528076172,0.014086452711622677
2010-05-27,208.34381103515625,0.014086547405086636
2010-05-28,211.27865600585938,0.008633750477923474
2010-05-31,213.102783203125,-0.033521424749876516
2010-06-01,205.9592742919922,0.0004946751483785317
2010-06-02,206.0611572265625,0.019534191165798687
2010-06-03,210.08639526367188,0.0003879949059508725
2010-06-04,210.16790771484375,-0.02274066465295399
2010-06-07,205.3885498046875,-0.011262639350078985
2010-06-08,203.07533264160156,0.010688611135009296
2010-06-09,205.2459259033203,0.008241916937458349
2010-06-10,206.9375457763672,0.03058061582855265
2010-06-11,213.2658233642578,0.01634168394019464
2010-06-14,216.75094604492188,0.0024446338927377465
2010-06-15,217.28082275390625,-0.007644674935932683
2010-06-16,215.61978149414062,0.012713382301343668
2010-06-17,218.3610382080078,-0.015914039116288636
2010-06-18,214.8860321044922,0.010717777062482892
2010-06-21,217.1891326904297,-0.0017360199981635294
2010-06-22,216.8120880126953,-0.0047942159464176015
2010-06-23,215.77264404296875,-0.006281152596204098
2010-06-24,214.41734313964844,0.010360691016367385
2010-06-25,216.63885498046875,0.025589175218085458
2010-06-28,222.18246459960938,-0.02082288586939729
2010-06-29,217.5559844970703,0.02098465893879875
2010-06-30,222.12132263183594,-0.012478718917838694
2010-07-01,219.3495330810547,-0.006782888777694951
2010-07-02,217.86170959472656,-0.0006082175911740206
2010-07-05,217.7292022705078,0.005242026109423481
2010-07-06,218.87054443359375,-0.0189495186106986
2010-07-07,214.72305297851562,0.0033696487160044253
2010-07-08,215.44659423828125,0.0005201314380076649
2010-07-09,215.55865478515625,-0.0013237910328500746
2010-07-12,215.27330017089844,0.01708898635972922
2010-07-13,218.9521026611328,-0.003583951629510862
2010-07-14,218.16738891601562,0.0028025255322174925
2010-07-15,218.77880859375,-0.009781356919512874
2010-07-16,216.63885498046875,-0.006491499575563386
2010-07-19,215.2325439453125,-0.002935313083992863
2010-07-20,214.60076904296875,0.00517595325850051
2010-07-21,215.71153259277344,0.0005667449324535667
2010-07-22,215.8337860107422,0.0013693291065044466
2010-07-23,216.12933349609375,-0.0069311107992148235
2010-07-26,214.63131713867188,0.00037999220536111267
2010-07-27,214.71287536621094,-0.030612397907446853
2010-07-28,208.13999938964844,-0.010868826537243859
2010-07-29,205.8777618408203,-0.0004953156979796702
2010-07-30,205.77578735351562,0.004853132817063788
2010-08-02,206.77444458007812,0.01301090606936528
2010-08-03,209.4647674560547,-0.011384097142935867
2010-08-04,207.0802001953125,-0.008857796594083589
2010-08-05,205.2459259033203,-0.006901347164080085
2010-08-06,203.82945251464844,-0.006499319854288421
2010-08-09,202.50469970703125,-0.00573671943498133
2010-08-10,201.34298706054688,-0.004707085462956506
2010-08-11,200.39524841308594,-0.010831484379586476
2010-08-12,198.22467041015625,0.006683241407107188
2010-08-13,199.54945373535156,-0.0022470358449855343
2010-08-16,199.10105895996094,-0.006397698027334919
2010-08-17,197.8272705078125,-0.006232872866300809
2010-08-18,196.59423828125,0.013062325364793459
2010-08-19,199.16221618652344,0.011717096495290624
2010-08-20,201.49581909179688,-0.011884912265822
2010-08-23,199.10105895996094,-0.004606351776290651
2010-08-24,198.18392944335938,-0.004730531185965781
2010-08-25,197.2464141845703,-0.011727627249590644
2010-08-26,194.9331817626953,-0.00716195617723514
2010-08-27,193.53707885742188,-0.001737434173107677
2010-08-30,193.20082092285156,-0.030328609894682446
2010-08-31,187.34130859375,0.01849424969049318
2010-09-01,190.80604553222656,0.0013352616803408157
2010-09-02,191.06082153320312,-0.012534099724934022
2010-09-03,188.66604614257812,0.02911297563702564
2010-09-06,194.15867614746094,0.010129842837959258
2010-09-07,196.12547302246094,-0.002805743188177945
2010-09-08,195.5751953125,-0.0010943874239148776
2010-09-09,195.3611602783203,0.035418207135737845
2010-09-13,202.28050231933594,-0.004382855252701434
2010-09-14,201.39393615722656,0.02605868991850846
2010-09-15,206.64199829101562,-0.013364307450107082
2010-09-16,203.88037109375,0.026990599261879522
2010-09-17,209.3832244873047,0.01367607484518274
2010-09-20,212.24676513671875,-0.00600152237946705
2010-09-21,210.97296142578125,-0.014587246762046036
2010-09-22,207.89544677734375,-0.021959779329150497
2010-09-23,203.33010864257812,0.004009548051014056
2010-09-24,204.14537048339844,0.008535847307295175
2010-09-27,205.88792419433594,-0.011581796316049942
2010-09-28,203.5033721923828,0.000500644944959383
2010-09-29,203.60525512695312,-0.011761704635539494
2010-09-30,201.21051025390625,0.020916720180863324
2010-10-01,205.41917419433594,0.009871975556126955
2010-10-04,207.4470672607422,0.005894778993046801
2010-10-05,208.669921875,0.02060840376641493
2010-10-06,212.97027587890625,-0.0055503889743085955
2010-10-07,211.7882080078125,0.010104287165937809
2010-10-08,213.9281768798828,0.018625253628798966
2010-10-11,217.9126434326172,-0.012719657970875264
2010-10-12,215.140869140625,0.016530760868208372
2010-10-13,218.6973114013672,-0.013093555527848633
2010-10-14,215.8337860107422,-0.01761110360545226
2010-10-15,212.03271484375,0.006824807768921914
2010-10-18,213.47979736328125,-0.0029118811957618007
2010-10-19,212.85816955566406,0.004835312837615069
2010-10-20,213.8874053955078,0.030683029750683488
2010-10-21,220.4501190185547,0.00013843303084093428
2010-10-22,220.4806365966797,0.007903431964980667
2010-10-25,222.2231903076172,0.007795658482963708
2010-10-26,223.95556640625,-0.005551076939177335
2010-10-27,222.71237182617188,-0.009837432697542337
2010-10-28,220.52145385742188,0.013169787021866775
2010-10-29,223.42567443847656,-0.0027822577202888388
2010-11-01,222.80404663085938,-0.016785390399437383
2010-11-02,219.06419372558594,-0.008885117643875229
2010-11-03,217.11778259277344,0.03731350363914454
2010-11-04,225.21920776367188,0.006153604960878578
2010-11-08,226.60511779785156,-0.0029680569919734445
2010-11-09,225.9325408935547,-0.00572821182821448
2010-11-10,224.6383514404297,-0.020232308345547012
2010-11-11,220.09339904785156,-0.01671445609451605
2010-11-12,216.41465759277344,-0.006733577518529099
2010-11-15,214.95741271972656,-0.022944892293842556
2010-11-16,210.02523803710938,0.002377542226530416
2010-11-18,210.5245819091797,-0.03552925761286618
2010-11-19,203.0447998046875,0.016060127105473665
2010-11-22,206.30572509765625,-0.016448414594423366
2010-11-23,202.91232299804688,0.0004518703552442993
2010-11-24,203.00401306152344,-0.01661574115171216
2010-11-25,199.63095092773438,-0.017508809514382495
2010-11-26,196.13565063476562,0.0374605588042769
2010-11-29,203.48300170898438,-0.012820853150794509
2010-11-30,200.87417602539062,0.0032471444013402184
2010-12-01,201.5264434814453,0.022602910813215527
2010-12-02,206.08152770996094,-0.005191933307857832
2010-12-03,205.01156616210938,0.014166279264148152
2010-12-06,207.9158172607422,0.010390525563279018
2010-12-07,210.076171875,-0.009895659010403568
2010-12-08,207.99732971191406,-0.03532403665002781
2010-12-09,200.6500244140625,0.04002030449132299
2010-12-10,208.6800994873047,0.017433384866210266
2010-12-13,212.31809997558594,0.012958947295116152
2010-12-14,215.06951904296875,-0.0012794083717139193
2010-12-15,214.7943572998047,0.0027990810103146746
2010-12-16,215.3955841064453,-9.450158736457048e-05
2010-12-20,215.37522888183594,0.015519208129378237
2010-12-21,218.71768188476562,-0.015934413301295525
2010-12-22,215.2325439453125,0.0031723131719019193
2010-12-23,215.9153289794922,0.00028303432870724343
2010-12-24,215.9764404296875,-0.004199168135720854
2010-12-27,215.06951904296875,-0.006965052917403014
2010-12-28,213.57154846191406,0.0006678038455698587
2010-12-29,213.71417236328125,0.0024793709426236266
2010-12-30,214.24404907226562,0.00713483047637653
2010-12-31,215.77264404296875,-0.0029279657073578713
2011-01-03,215.140869140625,0.02036742936189384
2011-01-04,219.52273559570312,-0.0012069529498266451
2011-01-05,219.25778198242188,0.009109573911785906
2011-01-06,221.255126953125,-0.018607360352039914
2011-01-07,217.13815307617188,-0.029988547026829848
2011-01-10,210.62649536132812,-0.019062321197239718
2011-01-11,206.61146545410156,0.016818668808785242
2011-01-12,210.08639526367188,-0.01498835506865015
2011-01-13,206.9375457763672,-0.013640607825225137
2011-01-14,204.1147918701172,-0.003594787927546861
2011-01-17,203.38104248046875,-0.003056318732847285
2011-01-18,202.7594451904297,-0.01477614122711679
2011-01-19,199.76344299316406,-0.010508568904397997
2011-01-20,197.66421508789062,0.017476985317878002
2011-01-21,201.11878967285156,-0.015403336484195118
2011-01-24,198.02088928222656,-0.01348303143510643
2011-01-25,195.35096740722656,-0.016484097155552435
2011-01-27,192.1307830810547,-0.03150518489363008
2011-01-28,186.07766723632812,0.0069004080924421896
2011-01-31,187.36167907714844,-0.025889378842709032
2011-02-01,182.51100158691406,0.028810870224422747
2011-02-02,187.76930236816406,0.02453052252668675
2011-02-03,192.37538146972656,-0.025320378412459266
2011-02-04,187.50436401367188,0.009836685116215493
2011-02-07,189.34878540039062,-0.014853783035470136
2011-02-08,186.53623962402344,-0.0010380504806648538
2011-02-09,186.3426055908203,-0.016023142200443208
2011-02-10,183.3568115234375,0.011449034292261517
2011-02-11,185.45606994628906,0.005329828767351552
2011-02-14,186.44451904296875,0.029405520725882983
2011-02-15,191.92701721191406,0.0026015792968889784
2011-02-16,192.42633056640625,0.010379790358335805
2011-02-17,194.42367553710938,-0.019288323817372
2011-02-18,190.67356872558594,0.02223298479199265
2011-02-21,194.91281127929688,0.029800828351393527
2011-02-22,200.72137451171875,0.010966077250055495
2011-02-23,202.92250061035156,-0.03158745471089752
2011-02-24,196.5126953125,0.002126075888664092
2011-02-25,196.9304962158203,-0.002069806556420084
2011-02-28,196.52288818359375,0.02551228620384105
2011-03-01,201.53663635253906,-0.011579277712854497
2011-03-03,199.20298767089844,0.004910927771782259
2011-03-04,200.18125915527344,-0.005243279654006172
2011-03-07,199.13165283203125,0.00808556620802059
2011-03-08,200.7417449951172,0.009036006978209166
2011-03-09,202.55564880371094,-0.00915637408249248
2011-03-10,200.7009735107422,0.007413059346518036
2011-03-11,202.18878173828125,0.026510636011351618
2011-03-14,207.54893493652344,0.018559576154172808
2011-03-15,211.4009552001953,0.009496351801701941
2011-03-16,213.4084930419922,-0.015519158205966721
2011-03-17,210.09657287597656,-0.03671726890964111
2011-03-18,202.3824005126953,-0.002719075212844313
2011-03-21,201.8321075439453,0.009441555925111977
2011-03-22,203.7377166748047,0.013604845060591453
2011-03-23,206.50953674316406,-0.002911449393145693
2011-03-24,205.90829467773438,0.016133944687895196
2011-03-25,209.23040771484375,-0.0008768882195056005
2011-03-28,209.04693603515625,-0.002876037401186804
2011-03-29,208.44570922851562,0.009533187835643497
2011-03-30,210.432861328125,0.016077380724487833
2011-03-31,213.81607055664062,-0.012105490396177698
2011-04-01,211.22772216796875,0.01374945640474401
2011-04-04,214.13198852539062,-0.0028553402130381267
2011-04-05,213.52056884765625,-0.002672639246084074
2011-04-06,212.9499053955078,-0.0028233250703914026
2011-04-07,212.3486785888672,-0.017276204052417587
2011-04-08,208.6800994873047,-0.018165832715404395
2011-04-11,204.88925170898438,0.016413032776764203
2011-04-13,208.25210571289062,-0.0008319161548093756
2011-04-15,208.078857421875,-0.011557745535269004
2011-04-18,205.67393493652344,0.002477252286456233
2011-04-19,206.18344116210938,0.014085837063600115
2011-04-20,209.08770751953125,0.014328852585447693
2011-04-21,212.0836944580078,-0.030030684683062914
2011-04-25,205.7146759033203,-0.008123965218970297
2011-04-26,204.04345703125,-0.015032913078125154
2011-04-27,200.97608947753906,-0.013892996134208024
2011-04-28,198.18392944335938,0.01167222633621856
2011-04-29,200.49717712402344,-0.019314017590701504
2011-05-02,196.62477111816406,-0.021611669904417985
2011-05-03,192.37538146972656,0.003972869193154871
2011-05-04,193.13966369628906,0.011680175413966598
2011-05-05,195.39556884765625,0.005368497960711149
2011-05-06,196.44454956054688,0.004450066373107742
2011-05-09,197.31874084472656,-0.008912668239623889
2011-05-10,195.5601043701172,0.0049434205558311906
2011-05-11,196.52684020996094,-0.01041392411540032
2011-05-12,194.480224609375,0.002644236502797437
2011-05-13,194.99447631835938,-0.0031645277411860295
2011-05-16,194.37741088867188,-0.02576734958729754
2011-05-17,189.3688201904297,-0.020420491560556697
2011-05-18,185.50181579589844,0.015135748015122408
2011-05-19,188.3095245361328,0.00841062752100652
2011-05-20,189.89332580566406,-0.014948192621702328
2011-05-23,187.0547637939453,0.006982726968604913
2011-05-24,188.3609161376953,-0.010646995918237034
2011-05-25,186.35543823242188,0.030739728764209273
2011-05-26,192.08395385742188,0.012421660107460708
2011-05-27,194.46995544433594,-0.006980895633923345
2011-05-30,193.1123809814453,0.013846680572792813
2011-05-31,195.78634643554688,-0.005305487764294292
2011-06-01,194.7476043701172,0.004488920650892014
2011-06-02,195.62181091308594,-0.0172966702497942
2011-06-03,192.2382049560547,0.003370474459585493
2011-06-06,192.88613891601562,0.0218607947196523
2011-06-07,197.102783203125,-0.009444368061258479
2011-06-08,195.24127197265625,0.005057078628362355
2011-06-09,196.22862243652344,-0.009958290173147977
2011-06-10,194.27452087402344,-0.020010485411729118
2011-06-13,190.38699340820312,-0.015395438817132234
2011-06-14,187.45590209960938,-0.011850280542868519
2011-06-15,185.2344970703125,-0.014435816614945862
2011-06-16,182.56048583984375,-0.02118204482608399
2011-06-17,178.6934814453125,-0.0408631956536738
2011-06-20,171.39149475097656,0.01848167870678097
2011-06-21,174.55909729003906,-0.003358157257424832
2011-06-22,173.972900390625,0.0292029426334528
2011-06-23,179.0534210205078,0.0010342201953308372
2011-06-24,179.2386016845703,0.00017205006290765823
2011-06-27,179.26943969726562,-0.0005164869828767626
2011-06-28,179.17684936523438,0.016243768167927053
2011-06-29,182.0873565673828,0.014967640489699452
2011-06-30,184.81277465820312,-0.04067895266552124
2011-07-01,177.29478454589844,0.007483137165057441
2011-07-04,178.6215057373047,-0.025852076419048187
2011-07-05,174.00376892089844,0.008215364548690207
2011-07-06,175.4332733154297,0.02087039490936693
2011-07-07,179.09463500976562,-0.0182038291080302
2011-07-08,175.8344268798828,-0.0018131667633533022
2011-07-11,175.51560974121094,-0.006504447563162041
2011-07-12,174.3739776611328,0.020878958656249225
2011-07-13,178.0147247314453,0.0024264610774917816
2011-07-14,178.44667053222656,0.006512704365343458
2011-07-15,179.6088409423828,-0.006413218422296807
2011-07-18,178.45697021484375,0.013658412792222796
2011-07-19,180.8944091796875,-0.0036957102667072306
2011-07-20,180.2258758544922,-0.017518757276411057
2011-07-21,177.06854248046875,0.014520571743526833
2011-07-22,179.63967895507812,0.01087755521892464
2011-07-25,181.59371948242188,-0.012855890373572598
2011-07-26,179.25917053222656,-0.012220451791971176
2011-07-27,177.06854248046875,-0.02729852321075077
2011-07-28,172.23483276367188,-0.011225964958659906
2011-07-29,170.30133056640625,0.003502594959460037
2011-08-01,170.8978271484375,0.007763152725545508
2011-08-02,172.2245330810547,-0.014630314575994952
2011-08-03,169.704833984375,-0.015393045139553196
2011-08-04,167.09255981445312,-0.025050915120644723
2011-08-05,162.90673828125,-0.014330679219381803
2011-08-08,160.57217407226562,-0.01966311193738668
2011-08-09,157.41482543945312,0.009734655843963269
2011-08-10,158.94720458984375,-0.0007115453513202308
2011-08-11,158.8341064453125,-0.014633667878653722
2011-08-12,156.50978088378906,-0.00229969216220105
2011-08-16,156.1498565673828,-0.005466687291864947
2011-08-17,155.29623413085938,-0.018278271645259636
2011-08-18,152.4576873779297,-0.01167005806054311
2011-08-19,150.67849731445312,0.03337614910420039
2011-08-22,155.7075653076172,0.010898479496839197
2011-08-23,157.404541015625,-0.005161858703424227
2011-08-24,156.592041015625,-0.010245443178292568
2011-08-25,154.98768615722656,-0.04525565080312399
2011-08-26,147.97361755371094,0.04955525589375265
2011-08-29,155.30648803710938,0.036487713012344214
2011-08-30,160.9732666015625,0.02919766010739422
2011-09-02,165.67330932617188,-0.020609683606804707
2011-09-05,162.2588348388672,0.0413894569154285
2011-09-06,168.97463989257812,0.014607381197013991
2011-09-07,171.4429168701172,0.02273524448847475
2011-09-08,175.34071350097656,-0.03132137843026561
2011-09-09,169.8488006591797,-0.023554400325355385
2011-09-12,165.84811401367188,0.004899152840062371
2011-09-13,166.66062927246094,0.018697851390063525
2011-09-14,169.77682495117188,0.013205777129794871
2011-09-15,172.01885986328125,-0.012734724522124097
2011-09-16,169.8282470703125,-0.004965739024304305
2011-09-19,168.98492431640625,0.036820395073553946
2011-09-20,175.20701599121094,-0.016670430408643133
2011-09-21,172.28623962402344,-0.06118687433857428
2011-09-22,161.7445831298828,-0.020028975217481593
2011-09-23,158.5050048828125,-0.0147938193555045
2011-09-26,156.1601104736328,0.050052916184496477
2011-09-27,163.97637939453125,0.0
2011-09-28,163.97637939453125,0.013170883227765717
2011-09-29,166.13609313964844,0.0008049306133095513
2011-09-30,166.2698211669922,-0.02492727357991109
2011-10-03,162.1251678466797,-0.021060730623475576
2011-10-04,158.710693359375,-0.005961775414987991
2011-10-05,157.76449584960938,0.04680579469273116
2011-10-07,165.14878845214844,0.032818509809168006
2011-10-10,170.5687255859375,-0.0027132703880844433
2011-10-11,170.10592651367188,0.02738816845475034
2011-10-12,174.7648162841797,-0.0032365098638507117
2011-10-13,174.19918823242188,0.02361540734937484
2011-10-14,178.31297302246094,-0.03818202060103271
2011-10-17,171.50462341308594,-0.016670778569621847
2011-10-18,168.6455078125,0.028174365058224682
2011-10-19,173.39698791503906,-0.005101135233147147
2011-10-20,172.51246643066406,-0.0035171399542022197
2011-10-21,171.9057159423828,0.012862846865168809
2011-10-24,174.11691284179688,0.03479025278053682
2011-10-25,180.1744842529297,0.02745573625826414
2011-10-28,185.12130737304688,-0.02494430070284559
2011-10-31,180.5035858154297,-0.019315129832808364
2011-11-01,177.0171356201172,0.013013883722904795
2011-11-02,179.32081604003906,0.01617371523018818
2011-11-03,182.22109985351562,-0.006716355544554298
2011-11-04,180.9972381591797,0.004261819524550736
2011-11-08,181.76861572265625,-0.0212179959215566
2011-11-09,177.91184997558594,0.02358513747133162
2011-11-11,182.10792541503906,-0.009769892225352739
2011-11-14,180.32875061035156,-0.017394784661565743
2011-11-15,177.1919708251953,-0.015497242486148255
2011-11-16,174.44598388671875,-0.04498301857547771
2011-11-17,166.598876953125,-0.0022839795190133794
2011-11-18,166.21836853027344,-0.026915108359855
2011-11-21,161.7445831298828,0.011254618237783287
2011-11-22,163.56495666503906,-0.027414425425021705
2011-11-23,159.08091735839844,-0.0003232450503460882
2011-11-24,159.0294952392578,-0.025027544681969438
2011-11-25,155.04937744140625,0.03979858514389267
2011-11-28,161.22012329101562,-0.02398586674909675
2011-11-29,157.35311889648438,0.01732010355794733
2011-11-30,160.0784912109375,0.026662525936754333
2011-12-01,164.34658813476562,0.01633304607033681
2011-12-02,167.03086853027344,-0.006526814192801655
2011-12-05,165.94068908691406,0.003780566761338644
2011-12-07,166.5680389404297,-0.0382191500103104
2011-12-08,160.2019500732422,-0.029723416384139667
2011-12-09,155.44020080566406,-0.03731625105073377
2011-12-12,149.63975524902344,0.020343657777554425
2011-12-13,152.68397521972656,-0.0005391604906390679
2011-12-14,152.60165405273438,0.011120296949215236
2011-12-15,154.2986297607422,-0.037725836780930555
2011-12-16,148.4775848388672,0.01863261226640378
2011-12-19,151.24411010742188,-0.029715896009799958
2011-12-20,146.749755859375,0.04842674604508157
2011-12-21,153.8563690185547,0.008756902989755844
2011-12-22,155.20367431640625,-0.010801236561867267
2011-12-23,153.52728271484375,0.01956047787401638
2011-12-26,156.5303497314453,-0.010446783325192
2011-12-27,154.89511108398438,-0.018590894520316148
2011-12-28,152.01547241210938,-0.03673641297965191
2011-12-29,146.43096923828125,-0.02661918407752828
2011-12-30,142.53309631347656,0.019626489487422738
2012-01-02,145.3305206298828,0.025617517820843094
2012-01-03,149.05352783203125,-0.011729897264354805
2012-01-04,147.30514526367188,-0.02324921093166521
2012-01-05,143.8804168701172,0.025804013788017333
2012-01-06,147.59310913085938,-0.01574809499184404
2012-01-09,145.268798828125,0.042407326800230516
2012-01-10,151.42926025390625,0.016367683091248475
2012-01-11,153.90780639648438,-0.015168786959046887
2012-01-12,151.57321166992188,-0.00692062074382227
2012-01-13,150.52423095703125,-0.025758366451233083
2012-01-16,146.64697265625,0.040816048352994905
2012-01-17,152.6325225830078,0.050805339438214414
2012-01-18,160.38706970214844,0.007566362769662938
2012-01-19,161.60061645507812,0.008909739130467553
2012-01-20,163.04043579101562,-0.02661951528766726
2012-01-23,158.70037841796875,0.015812375223400732
2012-01-24,161.20980834960938,0.00918661404787069
2012-01-25,162.69078063964844,0.03723383651424106
2012-01-27,168.74838256835938,-0.031265490645074556
2012-01-30,163.47238159179688,0.028122172330049544
2012-01-31,168.069580078125,0.017256174709077365
2012-02-01,170.96981811523438,-0.0023459844182938117
2012-02-02,170.5687255859375,0.010913555366460548
2012-02-03,172.43023681640625,-0.006322349285705964
2012-02-06,171.34007263183594,0.013865597144806951
2012-02-07,173.71580505371094,0.016399202469221885
2012-02-08,176.56460571289062,-0.005300424203320331
2012-02-09,175.6287384033203,-0.01241459061051664
2012-02-10,173.44837951660156,0.007115439074107943
2012-02-13,174.6825408935547,-0.00041212456853800816
2012-02-14,174.6105499267578,-0.014430569145534089
2012-02-15,172.0908203125,-0.028924706050924676
2012-02-16,167.11314392089844,0.007077202030291163
2012-02-17,168.29583740234375,0.03098281725375629
2012-02-21,173.51011657714844,-0.012032546550443945
2012-02-22,171.42234802246094,0.007439247627919254
2012-02-23,172.69760131835938,-0.023403967693681915
2012-02-24,168.65579223632812,-0.046954019650365386
2012-02-27,160.73672485351562,0.019258989094594448
2012-02-28,163.8323516845703,0.030445890566165312
2012-02-29,168.82037353515625,-0.011940549965961056
2012-03-01,166.8045654296875,0.003884389844437841
2012-03-02,167.45249938964844,-0.020390340332892665
2012-03-05,164.0380859375,-0.02627009227563626
2012-03-06,159.72879028320312,-0.018994102590507822
2012-03-07,156.69488525390625,0.01575231693821766
2012-03-09,159.16319274902344,0.03198510121687259
2012-03-12,164.25404357910156,0.026798418847489458
2012-03-13,168.65579223632812,-0.006646596144802341
2012-03-14,167.53480529785156,-0.021915448167736384
2012-03-15,163.8632049560547,-0.030502640903351863
2012-03-16,158.8649444580078,-0.02233442217467374
2012-03-19,155.31678771972656,0.007217521130352678
2012-03-20,156.4377899169922,0.009861195143688217
2012-03-21,157.98045349121094,-0.04127317703244937
2012-03-22,151.46009826660156,0.010456887904188639
2012-03-23,153.0438995361328,-0.018748769302938117
2012-03-26,150.1745147705078,0.0013012814579229648
2012-03-27,150.36993408203125,-0.007318174050731763
2012-03-28,149.26950073242188,-0.0014468655641702854
2012-03-29,149.05352783203125,0.03581047077240718
2012-03-30,154.39120483398438,-0.013389460675840792
2012-04-02,152.32398986816406,0.016406575171759474
2012-04-03,154.82310485839844,-0.00757257166938663
2012-04-04,153.65069580078125,-0.006492677204733566
2012-04-09,152.65309143066406,0.0006738120800982017
2012-04-10,152.75595092773438,-0.016629484286007412
2012-04-11,150.2156982421875,0.01780073738366128
2012-04-12,152.8896484375,0.011099349925587143
2012-04-13,154.5866241455078,-0.004590766015045489
2012-04-16,153.876953125,-0.002272402741638646
2012-04-17,153.52728271484375,0.002947354904267341
2012-04-18,153.9797821044922,-0.009284012169392009
2012-04-19,152.55023193359375,-0.014561993900094494
2012-04-20,150.32879638671875,0.007457103914880525
2012-04-23,151.44981384277344,-0.0016297555316326928
2012-04-24,151.20298767089844,0.001632415970590717
2012-04-25,151.44981384277344,0.011883533333366891
2012-04-26,153.24957275390625,-0.004093548735264352
2012-04-27,152.6222381591797,0.004177959541307175
2012-04-30,153.2598876953125,-0.002080437752139619
2012-05-02,152.9410400390625,-0.0063208709762127
2012-05-03,151.9743194580078,-0.01678288566153363
2012-05-04,149.4237518310547,-0.014797957853019184
2012-05-07,147.21258544921875,-0.01026988334243395
2012-05-08,145.7007293701172,-0.018705380439922203
2012-05-09,142.975341796875,-0.0013664841272686967
2012-05-10,142.77996826171875,0.004393822614988219
2012-05-11,143.40731811523438,-0.02280529906232398
2012-05-14,140.13687133789062,0.0005132834132366426
2012-05-15,140.20880126953125,-0.008141826873894531
2012-05-16,139.06724548339844,0.013385691389788734
2012-05-17,140.9287567138672,0.004962479591879898
2012-05-18,141.62811279296875,0.010093581591382739
2012-05-21,143.05764770507812,-0.0063267525123658075
2012-05-22,142.15255737304688,-0.006149455083720556
2012-05-23,141.2783966064453,0.012302646308855136
2012-05-24,143.01649475097656,-0.005896575053007558
2012-05-25,142.17318725585938,0.015118494714547737
2012-05-28,144.3226318359375,0.00028514553523617536
2012-05-29,144.36378479003906,0.0062689824833990215
2012-05-30,145.268798828125,0.012279293503926647
2012-05-31,147.05259704589844,-0.028840729175648727
2012-06-01,142.81149291992188,0.01094494948016389
2012-06-04,144.3745574951172,0.014146460092767432
2012-06-05,146.4169464111328,0.01900218444302637
2012-06-06,149.19918823242188,0.007473267826545449
2012-06-07,150.31419372558594,0.011715674088018213
2012-06-08,152.07522583007812,-0.010209802895769227
2012-06-11,150.52256774902344,0.0009693200375036071
2012-06-12,150.66847229003906,-0.009198407690175436
2012-06-13,149.28256225585938,6.981225919622247e-05
2012-06-14,149.29298400878906,0.014517994310135895
2012-06-15,151.46041870117188,-0.01080141163053805
2012-06-18,149.82443237304688,0.025803109800350166
2012-06-19,153.69036865234375,-6.781005876344004e-05
2012-06-20,153.67994689941406,-0.025359305983010172
2012-06-21,149.78273010253906,-0.010713964451072089
2012-06-22,148.17796325683594,0.007313877646472955
2012-06-25,149.26171875,0.010192786435843093
2012-06-26,150.78311157226562,-0.001382248964299948
2012-06-27,150.57469177246094,-0.00359867990303675
2012-06-28,150.03282165527344,0.024934017631843552
2012-06-29,153.77374267578125,-0.0006099596376798466
2012-07-02,153.67994689941406,-0.0014238099346784994
2012-07-03,153.4611358642578,-0.002851878981775191
2012-07-04,153.0234832763672,0.006060598808581119
2012-07-05,153.95089721679688,-0.0052118446762450255
2012-07-06,153.14852905273438,-0.004150450415084883
2012-07-09,152.5128936767578,0.010795105794497939
2012-07-10,154.15928649902344,-0.018994093130711986
2012-07-11,151.23117065429688,-0.00613242585121343
2012-07-12,150.3037567138672,-0.0037438427045979328
2012-07-13,149.7410430908203,0.0025748390292525958
2012-07-16,150.12660217285156,-0.0013881919526539388
2012-07-17,149.91819763183594,-0.004934942242977303
2012-07-18,149.17835998535156,0.016764497671111656
2012-07-19,151.67926025390625,-0.00707623757953868
2012-07-20,150.60594177246094,-0.005050804393182617
2012-07-23,149.8452606201172,0.007649798238518857
2012-07-24,150.99154663085938,-0.007246713669063043
2012-07-25,149.89735412597656,-0.012652090516449443
2012-07-26,148.00083923339844,0.01527860071099374
2012-07-27,150.2620849609375,0.011927808427170339
2012-07-30,152.05438232421875,0.019188691340402686
2012-07-31,154.97210693359375,0.004236011473523815
2012-08-01,155.62857055664062,-0.009641764698154032
2012-08-02,154.12803649902344,0.00405655516048764
2012-08-03,154.75326538085938,0.05858196335798671
2012-08-06,163.8190155029297,-0.0029262177880621243
2012-08-07,163.3396453857422,0.008995269055147803
2012-08-08,164.80892944335938,-0.013467373791746229
2012-08-09,162.58938598632812,0.002499657921789966
2012-08-10,162.9958038330078,0.007735562684204389
2012-08-13,164.2566680908203,0.014464187426989517
2012-08-14,166.63250732421875,0.020761823620832454
2012-08-16,170.09210205078125,-6.136094264763692e-05
2012-08-17,170.0816650390625,-0.0022669056182081926
2012-08-21,169.69610595703125,-0.007921354558373395
2012-08-22,168.3518829345703,-0.016464443521767125
2012-08-23,165.58006286621094,-0.015607307960084582
2012-08-24,162.9958038330078,0.006712448581003727
2012-08-27,164.08990478515625,0.003619931045744318
2012-08-28,164.68389892578125,-0.010187233547341745
2012-08-29,163.0062255859375,0.0015980864898785807
2012-08-30,163.2667236328125,-0.02170040172533294
2012-08-31,159.72377014160156,-0.004370892168132801
2012-09-03,159.025634765625,0.021689223005700198
2012-09-04,162.4747772216797,-0.01083889692538853
2012-09-05,160.71372985839844,-0.003825479810890764
2012-09-06,160.0989227294922,0.03065617142111554
2012-09-07,165.00694274902344,0.0003786794674813798
2012-09-10,165.06942749023438,-0.0013254772836728268
2012-09-11,164.8506317138672,0.008976039673995295
2012-09-12,166.33033752441406,0.0013156126368900622
2012-09-13,166.54916381835938,0.05330662505041239
2012-09-14,175.42733764648438,0.0380160368018736
2012-09-17,182.0963897705078,-0.020772642971026434
2012-09-18,178.3137664794922,-0.026998526694957614
2012-09-20,173.4995574951172,0.021381355752582598
2012-09-21,177.20921325683594,-0.016406134093156277
2012-09-24,174.30189514160156,0.004065376940955101
2012-09-25,175.010498046875,0.005954145468394012
2012-09-26,176.0525360107422,-0.0176382300267669
2012-09-27,172.94728088378906,0.008856942125886613
2012-09-28,174.47906494140625,-0.0044194580337325595
2012-10-01,173.7079620361328,0.015116928178494193
2012-10-03,176.33389282226562,0.00803679889043285
2012-10-04,177.7510528564453,0.005745082471227514
2012-10-05,178.77224731445312,-0.04476555088938916
2012-10-08,170.7694091796875,-0.005003867205454426
2012-10-09,169.91490173339844,0.0008587816507914514
2012-10-10,170.06082153320312,0.004840599990704408
2012-10-11,170.88401794433594,-0.0012804651821068935
2012-10-12,170.6652069091797,0.00506780905905968
2012-10-15,171.5301055908203,-0.012878915316308137
2012-10-16,169.32098388671875,-0.00898525857423249
2012-10-17,167.79959106445312,0.0076384156500632905
2012-10-18,169.08131408691406,-0.010477205262779288
2012-10-19,167.309814453125,0.01594436240425745
2012-10-22,169.9774627685547,-0.006927511052194357
2012-10-23,168.79994201660156,0.0005555719774412715
2012-10-25,168.8937225341797,0.0009871150140772222
2012-10-29,169.06044006347656,-0.009800402453349899
2012-10-30,167.40357971191406,0.0028015777286967136
2012-10-31,167.87257385253906,0.0019860572418963773
2012-11-01,168.2059783935547,0.0010531093122749802
2012-11-02,168.38311767578125,-0.0022280609354321523
2012-11-05,168.00794982910156,-0.0008678933849830539
2012-11-06,167.8621368408203,-0.005711201323005399
2012-11-07,166.9034423828125,-0.005306730989348862
2012-11-08,166.01773071289062,-0.01123533543416455
2012-11-09,164.1524658203125,-0.0012697650172487362
2012-11-12,163.94403076171875,-0.0026059554164670207
2012-11-15,163.5167999267578,-0.01204415318548857
2012-11-16,161.54737854003906,-0.0010967993426760358
2012-11-19,161.3701934814453,-0.011558918362408743
2012-11-20,159.5049285888672,0.007643986620512244
2012-11-21,160.72418212890625,-0.006937289831599469
2012-11-22,159.60919189453125,0.010315054815668079
2012-11-23,161.2555694580078,-0.00012916296249687598
2012-11-26,161.2347412109375,0.016997107890084573
2012-11-27,163.9752655029297,0.014616588824247323
2012-11-29,166.3720245361328,-0.005762445456018783
2012-11-30,165.41331481933594,0.012977228874573976
2012-12-03,167.55992126464844,0.025746167975888357
2012-12-04,171.8739471435547,0.009579426578518735
2012-12-05,173.52040100097656,0.01357177862179304
2012-12-06,175.87538146972656,-0.011020140343248497
2012-12-07,173.9372100830078,-0.007548545948473873
2012-12-10,172.62423706054688,-0.009960221343359277
2012-12-11,170.9048614501953,0.015304067588173709
2012-12-12,173.52040100097656,0.00198156269090477
2012-12-13,173.86424255371094,0.005993487834822231
2012-12-14,174.9062957763672,-0.006077036750373521
2012-12-17,173.8433837890625,-0.00329667339594486
2012-12-18,173.27027893066406,0.009742642315696992
2012-12-19,174.95838928222656,-0.0019653633811680393
2012-12-20,174.61453247070312,-0.015038356144751686
2012-12-21,171.98861694335938,-0.005513578293326327
2012-12-24,171.04034423828125,0.00919941477166275
2012-12-26,172.6138153076172,-0.012737770763264655
2012-12-27,170.41510009765625,0.027577369710978905
2012-12-28,175.1147003173828,-0.0008328455897480547
2012-12-31,174.96885681152344,0.0013694366472689623
2013-01-01,175.20846557617188,0.008623934483737106
2013-01-02,176.71945190429688,0.015095126825694027
2013-01-03,179.38705444335938,0.0012782071925629968
2013-01-04,179.61634826660156,-0.0060916614654732415
2013-01-07,178.52218627929688,-0.006946202572218119
2013-01-08,177.28213500976562,0.0024099782740458764
2013-01-09,177.70938110351562,-0.00310775158800658
2013-01-10,177.1571044921875,-0.011940309563134632
2013-01-11,175.0417938232422,0.009108106593195497
2013-01-14,176.63609313964844,-0.00047192373408377897
2013-01-15,176.552734375,0.016762110044803435
2013-01-16,179.5121307373047,0.033261572286879426
2013-01-17,185.4829864501953,0.011460771895717814
2013-01-18,187.6087646484375,0.02193958452486222
2013-01-21,191.72482299804688,0.0001086361522968371
2013-01-22,191.7456512451172,0.0032607200099503686
2013-01-23,192.37088012695312,-0.008125186698603959
2013-01-24,190.80783081054688,-0.0036590801822854457
2013-01-25,190.10964965820312,-0.016060083669461767
2013-01-28,187.0564727783203,-0.016377934360192636
2013-01-29,183.9928741455078,0.018746231285593717
2013-01-30,187.44204711914062,-0.014176093815455038
2013-01-31,184.78485107421875,0.008289554304437896
2013-02-01,186.31663513183594,-0.008165466833441881
2013-02-04,184.79527282714844,-0.013477125226751152
2013-02-05,182.3047637939453,0.0010289160307259682
2013-02-06,182.49234008789062,-0.003140348791260905
2013-02-07,181.91925048828125,-0.010711475844344953
2013-02-08,179.9706268310547,0.005616235627372124
2013-02-11,180.98138427734375,0.008118426452996985
2013-02-12,182.45066833496094,0.004055084653979746
2013-02-13,183.19052124023438,-0.026109122312685806
2013-02-14,178.40757751464844,-0.011973791919155152
2013-02-15,176.2713623046875,0.002009934107332745
2013-02-18,176.6256561279297,0.001061826353422557
2013-02-19,176.81320190429688,0.03111766599382282
2013-02-20,182.31521606445312,-0.017832629322718674
2013-02-21,179.06405639648438,0.003957174101514971
2013-02-22,179.77264404296875,-0.009564082236847682
2013-02-25,178.05328369140625,-0.036109316216609955
2013-02-26,171.6239013671875,0.00947157886201655
2013-02-27,173.24945068359375,-0.020991052023960344
2013-02-28,169.61276245117188,-0.004239303143235951
2013-03-01,168.8937225341797,0.002714792152480827
2013-03-04,169.35223388671875,0.01692094943285083
2013-03-05,172.21783447265625,0.010770331338378014
2013-03-06,174.0726776123047,0.001496577804382726
2013-03-07,174.33319091796875,0.01769271166116715
2013-03-08,177.41761779785156,-0.007987965502736172
2013-03-11,176.0004119873047,0.003967015777117444
2013-03-12,176.6986083984375,-0.0033614504858325844
2013-03-13,176.10464477539062,0.01781063553736284
2013-03-14,179.24118041992188,-0.019068763700598068
2013-03-15,175.82327270507812,-0.011082593623017556
2013-03-18,173.87469482421875,-0.011147206699890444
2013-03-19,171.9364776611328,-0.0027878877486027243
2013-03-20,171.45713806152344,-0.012276561936134689
2013-03-21,169.35223388671875,-0.002461286345352476
2013-03-22,168.93540954589844,-0.001665289087122268
2013-03-25,168.65408325195312,-0.032005044099682634
2013-03-26,163.2563018798828,-0.01334019991279689
2013-03-28,161.07843017578125,0.007568937092026218
2013-04-01,162.29762268066406,0.01945425384697752
2013-04-02,165.4550018310547,-0.021854407424926392
2013-04-03,161.83908081054688,-0.011589353709677397
2013-04-04,159.96347045898438,0.016350664471697307
2013-04-05,162.5789794921875,0.011921508251323099
2013-04-08,164.5171661376953,-0.015771489669115457
2013-04-09,161.9224853515625,0.003153202223346252
2013-04-10,162.4330596923828,-0.01064891796904388
2013-04-11,160.7033233642578,0.005511470773471583
2013-04-12,161.5890350341797,0.02353761825301648
2013-04-15,165.3924560546875,0.014302215300816767
2013-04-16,167.7579345703125,-0.03882225365702452
2013-04-17,161.2451934814453,0.010210492398057713
2013-04-18,162.89158630371094,0.010427284086583999
2013-04-22,164.59010314941406,0.017663805672550215
2013-04-23,167.4973907470703,0.0198459357559444
2013-04-25,170.821533203125,-0.03324621079485768
2013-04-26,165.14236450195312,0.0003156308412726183
2013-04-29,165.19448852539062,-0.005613796031215479
2013-04-30,164.26712036132812,0.018649823833927437
2013-05-02,167.33067321777344,-0.002989098394582723
2013-05-03,166.83050537109375,0.026358579633570578
2013-05-06,171.22792053222656,0.007972219274037018
2013-05-07,172.59298706054688,0.0018113254520755184
2013-05-08,172.90560913085938,-0.013921759280422719
2013-05-09,170.4984588623047,0.005691714008867255
2013-05-10,171.46888732910156,-0.012239413351059825
2013-05-13,169.37020874023438,-0.006039723434000832
2013-05-14,168.34725952148438,0.02612281952569462
2013-05-15,172.74496459960938,0.026434734556462836
2013-05-16,177.31143188476562,-0.006126185233714665
2013-05-17,176.22518920898438,-0.005206642183360866
2013-05-20,175.30764770507812,-0.0030679882133825
2013-05-21,174.76980590820312,-0.01188732318617347
2013-05-22,172.6922607421875,-0.04189339398244851
2013-05-23,165.4575958251953,0.0025495625046283443
2013-05-24,165.8794403076172,0.053213872593096845
2013-05-27,174.70652770996094,0.01823003437597248
2013-05-28,177.8914337158203,0.005335686793941363
2013-05-29,178.84060668945312,-0.013091252607184467
2013-05-30,176.49935913085938,-0.03644832196801573
2013-05-31,170.06625366210938,-0.02282013971246777
2013-06-03,166.18531799316406,-0.009773098655317503
2013-06-04,164.56117248535156,0.02794167022650007
2013-06-05,169.15928649902344,-0.012468763595384957
2013-06-06,167.05007934570312,-0.010606154993416994
2013-06-07,165.2783203125,0.007337919879464749
2013-06-10,166.49111938476562,-0.004750639757708619
2013-06-11,165.70018005371094,0.006619194725419053
2013-06-12,166.79698181152344,-0.0012647276737143276
2013-06-13,166.58602905273438,0.03146377034347614
2013-06-14,171.82745361328125,0.013380121844785986
2013-06-17,174.12652587890625,-0.0026043775274817715
2013-06-18,173.67303466796875,0.010080271759318915
2013-06-19,175.4237060546875,-0.04051974467510655
2013-06-20,168.31558227539062,-0.006453516675686943
2013-06-21,167.22935485839844,-0.00025210905235739656
2013-06-24,167.18719482421875,0.014066541447395942
2013-06-25,169.5389404296875,-0.0002488546386504309
2013-06-26,169.4967498779297,0.032852307663777
2013-06-27,175.0651092529297,0.039277204604488025
2013-06-28,181.94117736816406,0.026779362139108365
2013-07-01,186.81344604492188,-0.01563733612480467
2013-07-02,183.89218139648438,-0.024086678253550264
2013-07-03,179.46282958984375,0.01269318056986335
2013-07-04,181.74078369140625,0.021702330804821646
2013-07-05,185.6849822998047,-0.015221071881447501
2013-07-08,182.85865783691406,0.009054871879387472
2013-07-09,184.51441955566406,-0.02149071763382049
2013-07-10,180.549072265625,0.01641357201678373
2013-07-11,183.5125274658203,0.022872153297207598
2013-07-12,187.70985412597656,0.00775344782162346
2013-07-15,189.16525268554688,0.004181127670314755
2013-07-16,189.9561767578125,0.015933850902339897
2013-07-17,192.98291015625,0.0025138906810988626
2013-07-18,193.46804809570312,0.00703203265967467
2013-07-19,194.82852172851562,-0.01586039531395067
2013-07-22,191.73846435546875,0.000550145267636637
2013-07-23,191.8439483642578,-0.0002200802772041044
2013-07-24,191.80172729492188,-0.020453991823972117
2013-07-25,187.8786163330078,-0.000673688457706656
2013-07-26,187.75204467773438,-0.004999139340525205
2013-07-29,186.81344604492188,-0.032008642321991854
2013-07-30,180.83380126953125,0.017145968601796735
2013-07-31,183.9343719482422,-0.02528520266131906
2013-08-01,179.28355407714844,0.00864690127525991
2013-08-02,180.83380126953125,0.004898860226253632
2013-08-05,181.7196807861328,-0.023794247480158348
2013-08-06,177.3957977294922,0.03733434166442229
2013-08-07,184.0187530517578,-0.007794290693261319
2013-08-08,182.58445739746094,-0.02310399047957712
2013-08-12,178.36602783203125,0.008573154677966155
2013-08-13,179.8951873779297,0.014187066901528711
2013-08-14,182.44737243652344,-0.044277553885126
2013-08-16,174.36904907226562,-0.007802178088724965
2013-08-19,173.0085906982422,0.006217956480390141
2013-08-20,174.0843505859375,-0.05058484719504042
2013-08-21,165.2783203125,0.028713551360453726
2013-08-22,170.0240478515625,0.01662353527368965
2013-08-23,172.85044860839844,0.003782598528397907
2013-08-26,173.5042724609375,-0.023522932823582088
2013-08-27,169.42294311523438,0.010644220971383067
2013-08-28,171.226318359375,0.04120469584782338
2013-08-29,178.28164672851562,0.01017462884288478
2013-08-30,180.09559631347656,0.03853129081412843
2013-09-02,187.034912109375,-0.06286997696108187
2013-09-03,175.27603149414062,0.02208186898281439
2013-09-04,179.14645385742188,0.015541105342496087
2013-09-05,181.9305877685547,0.006318542400769234
2013-09-06,183.0801239013672,0.025748814065013503
2013-09-10,187.79421997070312,-0.002919978594786432
2013-09-11,187.24586486816406,-0.013911677978249326
2013-09-12,184.64096069335938,-0.0027415927931024875
2013-09-13,184.13475036621094,-0.012886644284151094
2013-09-16,181.76187133789062,-0.004177487036962746
2013-09-17,181.0025634765625,0.01608101847012322
2013-09-18,183.91326904296875,0.02138872341519993
2013-09-19,187.84693908691406,-0.009768464714988268
2013-09-20,186.011962890625,-0.008560942637205415
2013-09-23,184.41952514648438,0.00028569967627323223
2013-09-24,184.4722137451172,-0.029213360838031388
2013-09-25,179.08316040039062,-0.012720091026255598
2013-09-26,176.80520629882812,0.0019684811720890316
2013-09-27,177.1532440185547,-0.020835983725979057
2013-09-30,173.4620819091797,-0.0011548194314731086
2013-10-01,173.2617645263672,0.031042415848758553
2013-10-03,178.64022827148438,0.008796256988975903
2013-10-04,180.2115936279297,-0.012113784633084879
2013-10-07,178.02854919433594,0.0010664011720298294
2013-10-08,178.21839904785156,0.018876992010339988
2013-10-09,181.58262634277344,-0.0010455287344354192
2013-10-10,181.3927764892578,0.0038950998073059573
2013-10-11,182.0993194580078,0.008050319166292175
2013-10-14,183.56527709960938,-0.002872702831073992
2013-10-15,183.03794860839844,0.01446166607269772
2013-10-17,185.6849822998047,0.028738724161810225
2013-10-18,191.02133178710938,0.00833675885514018
2013-10-21,192.61383056640625,-0.00985563021561986
2013-10-22,190.7154998779297,-0.008239076431039272
2013-10-23,189.14418029785156,-0.013660646513366292
2013-10-24,186.5603485107422,0.002826420393412077
2013-10-25,187.087646484375,0.004227803724597523
2013-10-28,187.8786163330078,0.006791867950889818
2013-10-29,189.1546630859375,0.001505593541371475
2013-10-30,189.439453125,0.01842666803274473
2013-10-31,192.93019104003906,-0.007051478609441886
2013-11-01,191.5697479248047,0.0015964520102607072
2013-11-05,191.87557983398438,-0.012201825275683253
2013-11-06,189.5343475341797,-0.014133116093994147
2013-11-07,186.8556365966797,-0.011231469214964096
2013-11-08,184.75697326660156,-0.013756590247313571
2013-11-11,182.21534729003906,-0.013080169306373901
2013-11-12,179.83193969726562,-0.009617523821289664
2013-11-13,178.10240173339844,0.008585758935459875
2013-11-14,179.6315460205078,0.027123935417049383
2013-11-18,184.5038604736328,0.004115403652687366
2013-11-19,185.26316833496094,-0.01804527267721112
2013-11-20,181.9200439453125,-0.017275172802053818
2013-11-21,178.77734375,-0.004542369502043009
2013-11-22,177.96527099609375,0.009422254673958852
2013-11-25,179.64210510253906,-0.012269658817508633
2013-11-26,177.43795776367188,-0.003922492990112159
2013-11-27,176.74195861816406,0.011933649780915268
2013-11-28,178.85113525390625,0.006191522565801355
2013-11-29,179.95849609375,0.002461301569643526
2013-12-02,180.40142822265625,0.007716454020828323
2013-12-03,181.79348754882812,-0.006787214859000579
2013-12-04,180.5596160888672,0.017463981499439507
2013-12-05,183.71290588378906,-0.004936955395222653
2013-12-06,182.80592346191406,0.014134122246151293
2013-12-09,185.3897247314453,0.006485180170277438
2013-12-10,186.59201049804688,-0.0023173744861795242
2013-12-11,186.15960693359375,-0.014049574448064428
2013-12-12,183.5441436767578,-0.006320358002316007
2013-12-13,182.3840789794922,-0.022724612625926288
2013-12-16,178.23947143554688,-0.00692254891704569
2013-12-17,177.00559997558594,0.02472569746192299
2013-12-18,181.38218688964844,-0.006860567660825878
2013-12-19,180.13780212402344,0.04812354162390764
2013-12-20,188.80667114257812,0.0012288225108323392
2013-12-23,189.03868103027344,0.002008420643774711
2013-12-24,189.41835021972656,-0.011692062355839972
2013-12-26,187.2036590576172,-0.009802357713961873
2013-12-27,185.36862182617188,0.009387225457878179
2013-12-30,187.1087188720703,0.009131034107064506
2013-12-31,188.8172149658203,-0.007149238443309058
2014-01-01,187.46731567382812,-0.015526632327998557
2014-01-02,184.55657958984375,-0.012285636332068361
2014-01-03,182.2891845703125,-0.010760721295535514
2014-01-06,180.32762145996094,-0.015030185858783796
2014-01-07,177.6172637939453,0.008253120080410126
2014-01-08,179.08316040039062,0.001943356707349908
2014-01-09,179.43118286132812,0.008757567052594117
2014-01-10,181.0025634765625,0.025927687515216347
2014-01-13,185.69554138183594,0.001249574456913427
2014-01-14,185.92758178710938,0.004480855481557189
2014-01-15,186.7606964111328,0.0007907971118870094
2014-01-16,186.90838623046875,-0.0015798546651266676
2014-01-17,186.61309814453125,-0.016954055789281886
2014-01-20,183.44924926757812,-0.0077033702556782435
2014-01-21,182.03607177734375,0.010891694459541856
2014-01-22,184.0187530517578,-0.007622315131038504
2014-01-23,182.61610412597656,0.0021367105369691775
2014-01-24,183.0063018798828,-0.02823712609020501
2014-01-27,177.83872985839844,0.002016329869507505
2014-01-28,178.1973114013672,-0.009765258569733204
2014-01-29,176.45716857910156,-0.013865434275857846
2014-01-30,174.01051330566406,0.007454344997738893
2014-01-31,175.30764770507812,-0.012332184578554561
2014-02-03,173.14572143554688,0.0007916435994606008
2014-02-04,173.2827911376953,-0.005233940995192032
2014-02-05,172.37583923339844,-0.0017129594754206057
2014-02-06,172.08056640625,-0.00171589874042688
2014-02-07,171.78529357910156,0.00920846382802254
2014-02-10,173.36717224121094,-0.020317483396763758
2014-02-11,169.84478759765625,0.01570935377651561
2014-02-12,172.512939453125,-0.012837649463001699
2014-02-13,170.29827880859375,0.018144612849338326
2014-02-14,173.38827514648438,-0.011860506580291696
2014-02-17,171.33180236816406,0.0010462754224755955
2014-02-18,171.5110626220703,-0.0011066579277552169
2014-02-19,171.32125854492188,-0.008371787301239553
2014-02-20,169.88699340820312,0.0075112401845423005
2014-02-21,171.16305541992188,0.0010473960765393642
2014-02-24,171.3423309326172,-0.0022158516659985805
2014-02-25,170.96266174316406,0.0001852875111487684
2014-02-26,170.9943389892578,-0.013260415918388668
2014-02-28,168.7268829345703,0.004312928067674138
2014-03-03,169.45458984375,0.01188694556582326
2014-03-04,171.46888732910156,-0.007319051540905619
2014-03-05,170.21389770507812,0.019145079155452827
2014-03-06,173.47265625,0.05708548661307389
2014-03-07,183.37542724609375,0.018460865863428655
2014-03-10,186.7606964111328,-0.012084105386562904
2014-03-11,184.5038604736328,-0.003886816061834386
2014-03-12,183.78672790527344,0.00941065354592796
2014-03-13,185.5162811279297,0.007503951103779771
2014-03-14,186.90838623046875,0.011623263115030591
2014-03-18,189.08087158203125,0.007306560151534969
2014-03-19,190.46240234375,0.003322105561352373
2014-03-20,191.0951385498047,-0.022295726048980558
2014-03-21,186.83453369140625,0.022126953180510167
2014-03-24,190.96861267089844,-0.028827071846910135
2014-03-25,185.4635467529297,0.013533627231769207
2014-03-26,187.97354125976562,0.010715775279133144
2014-03-27,189.98782348632812,0.017096882333221597
2014-03-28,193.23602294921875,0.015936302799228974
2014-03-31,196.31549072265625,0.012731805699046195
2014-04-01,198.81494140625,0.01654978350725611
2014-04-02,202.10528564453125,-0.005792072764325029
2014-04-03,200.93467712402344,-0.008817739058986085
2014-04-04,199.1628875732422,-0.00010572817638276888
2014-04-07,199.14183044433594,0.019064729266255354
2014-04-09,202.93841552734375,0.007171551512311636
2014-04-10,204.393798828125,-0.015788846591662464
2014-04-11,201.16665649414062,-0.004875354017830236
2014-04-15,200.18589782714844,-0.008218374293973985
2014-04-16,198.5406951904297,0.01891010326737841
2014-04-17,202.2951202392578,0.0005212099644182899
2014-04-21,202.4005584716797,0.00849310600916442
2014-04-22,204.11956787109375,-0.0006200110935189462
2014-04-23,203.99301147460938,0.0
2014-04-24,203.99301147460938,-0.019541792786624157
2014-04-25,200.00662231445312,-0.0034273157154067757
2014-04-28,199.32113647460938,-0.004973699944345378
2014-04-29,198.32977294921875,-0.004785524252677753
2014-04-30,197.3806610107422,-0.008228493609736764
2014-05-02,195.7565155029297,0.020202587882438117
2014-05-05,199.7113037109375,0.01742635395942016
2014-05-06,203.19154357910156,-0.002595078340096091
2014-05-07,202.66424560546875,-0.0005727384623354093
2014-05-08,202.5481719970703,0.03884234955982646
2014-05-09,210.41561889648438,0.031174713364184203
2014-05-12,216.9752655029297,0.03373188629766988
2014-05-13,224.29425048828125,-0.016832719383199857
2014-05-14,220.51876831054688,0.00755622886872187
2014-05-15,222.18505859375,0.03464870834111666
2014-05-16,229.88348388671875,0.03780415891945932
2014-05-19,238.57403564453125,-0.035891349691478
2014-05-20,230.01129150390625,-0.0013426411799905003
2014-05-21,229.7024688720703,0.020771392914511022
2014-05-22,234.4737091064453,0.024209595581131893
2014-05-23,240.1502227783203,-0.022839047087442
2014-05-26,234.66542053222656,-0.01248062865851185
2014-05-27,231.7366485595703,0.0008729781268870251
2014-05-28,231.93894958496094,-0.014096648162927328
2014-05-29,228.6693878173828,-0.008243718486165563
2014-05-30,226.7843017578125,0.01643649509074363
2014-06-02,230.5118408203125,0.012197401651068418
2014-06-03,233.323486328125,-0.01634102164607254
2014-06-04,229.5107421875,0.011508178594071161
2014-06-05,232.15199279785156,0.029819289244279457
2014-06-06,239.07460021972656,0.00022255562662043538
2014-06-09,239.1278076171875,-0.0038746180960572696
2014-06-10,238.20127868652344,-0.01448622709504388
2014-06-11,234.75064086914062,-0.007213503773704333
2014-06-12,233.05726623535156,-0.011195889703051187
2014-06-13,230.44798278808594,-0.015204892337027931
2014-06-16,226.9440460205078,0.023089012610430837
2014-06-17,232.1839599609375,-0.021375281209599528
2014-06-18,227.22096252441406,-0.023107612956498436
2014-06-19,221.97042846679688,-0.005373596605883213
2014-06-20,220.77764892578125,0.0013987257068339698
2014-06-23,221.08645629882812,0.021099415133642996
2014-06-24,225.75125122070312,-0.008350211972638522
2014-06-25,223.86618041992188,-0.037202648927899595
2014-06-26,215.5377655029297,0.0001975153699169674
2014-06-27,215.58033752441406,0.0032607665494572835
2014-06-30,216.28329467773438,-0.007287886802787691
2014-07-01,214.70704650878906,0.010168544033096083
2014-07-02,216.8903045654297,-0.01153929792221442
2014-07-03,214.38754272460938,0.025285652730492547
2014-07-04,219.8084716796875,-0.004603006323753767
2014-07-07,218.79669189453125,-0.031298774117689776
2014-07-08,211.94862365722656,0.005929548500334558
2014-07-09,213.20538330078125,-0.0037466108737740367
2014-07-10,212.40658569335938,-0.030786023095228376
2014-07-11,205.867431640625,-0.004914789269395259
2014-07-14,204.8556365966797,0.01086565715379173
2014-07-15,207.08152770996094,0.01800049295222017
2014-07-16,210.80909729003906,-0.007274972431496773
2014-07-17,209.2754669189453,-0.0058526102332491226
2014-07-18,208.0506591796875,0.021397661045172045
2014-07-21,212.50245666503906,0.03337837675790878
2014-07-22,219.59544372558594,0.0022311230583638153
2014-07-23,220.08538818359375,0.007548922190678153
2014-07-24,221.74679565429688,-0.018442792442100786
2014-07-25,217.65716552734375,-0.01590254886647724
2014-07-28,214.19586181640625,0.0005468194569704377
2014-07-30,214.31298828125,0.00029810862289347817
2014-07-31,214.3768768310547,-0.029956717733842453
2014-08-01,207.95484924316406,0.008911233193252155
2014-08-04,209.8079833984375,-0.0011675656742964335
2014-08-05,209.56301879882812,0.0043704922745302355
2014-08-06,210.47891235351562,0.0011637714110233066
2014-08-07,210.72386169433594,-0.008895076675965008
2014-08-08,208.84945678710938,0.0
2014-08-11,208.84945678710938,0.003977670163521241
2014-08-12,209.68019104003906,0.005840949682646146
2014-08-13,210.90492248535156,0.01292741609037562
2014-08-14,213.63137817382812,0.01007032154317411
2014-08-18,215.78271484375,-0.003701790244001746
2014-08-19,214.9839324951172,-0.010849171069984398
2014-08-20,212.6515350341797,-0.0032552326720712843
2014-08-21,211.9593048095703,0.0032156873190596347
2014-08-22,212.64089965820312,-0.0025042276512141637
2014-08-25,212.1083984375,-0.0024603733212399392
2014-08-26,211.58653259277344,0.0003523591149483529
2014-08-27,211.6610870361328,0.005031784414877283
2014-08-28,212.7261199951172,0.015420028908519345
2014-09-01,216.00636291503906,0.00956500098578772
2014-09-02,218.0724639892578,0.007277003402768711
2014-09-03,219.6593780517578,-0.005187836252987688
2014-09-04,218.5198211669922,-0.0002438391680978924
2014-09-05,218.46653747558594,0.01174869248467414
2014-09-08,221.03323364257812,-0.00452945311195907
2014-09-09,220.03207397460938,-0.01660191641871278
2014-09-10,216.37911987304688,0.0034944870542350515
2014-09-11,217.13525390625,-0.0037276418787792753
2014-09-12,216.3258514404297,-0.012652489421167035
2014-09-15,213.5887908935547,-0.023286019793888335
2014-09-16,208.6151580810547,0.009444548023402666
2014-09-17,210.58543395996094,0.016436577050222834
2014-09-18,214.04673767089844,-0.00940392009647717
2014-09-19,212.0338592529297,-0.0039177881225122
2014-09-22,211.20315551757812,-0.02591918019912709
2014-09-23,205.72894287109375,-0.000828249516489743
2014-09-24,205.5585479736328,-0.03647467224288936
2014-09-25,198.0608673095703,0.0036564385359545426
2014-09-26,198.78506469726562,-0.00010708053331176526
2014-09-29,198.76377868652344,0.013448836086519034
2014-09-30,201.43692016601562,-0.019562136354029924
2014-10-01,197.4963836669922,-0.001132493293929171
2014-10-07,197.27272033691406,0.011391375542262772
2014-10-08,199.51992797851562,0.019162895432747185
2014-10-09,203.3433074951172,0.006284937004678026
2014-10-10,204.62130737304688,-0.0028624774441758927
2014-10-13,204.03558349609375,0.003497317763307972
2014-10-14,204.74916076660156,0.0
2014-10-15,204.74916076660156,-0.0314693785962169
2014-10-16,198.3058319091797,0.007411336769884036
2014-10-17,199.77554321289062,-0.0030389177306990867
2014-10-20,199.16844177246094,-0.006095748903502951
2014-10-21,197.95436096191406,0.01753901157445581
2014-10-22,201.42628479003906,-0.004547116650794991
2014-10-27,200.5103759765625,-0.007754716510175119
2014-10-28,198.95547485351562,0.018788923413340486
2014-10-29,202.69363403320312,0.0290565978079953
2014-10-30,208.58322143554688,0.021751229543274908
2014-10-31,213.1201629638672,0.001798877543371269
2014-11-03,213.5035400390625,-0.011024024297020985
2014-11-05,211.14987182617188,-0.010894702512328824
2014-11-07,208.84945678710938,-0.01137168139653244
2014-11-10,206.4744873046875,0.008613967160506553
2014-11-11,208.2530517578125,-0.0037332745606851736
2014-11-12,207.4755859375,-0.004927955331717304
2014-11-13,206.45315551757812,-0.00010310334414032063
2014-11-14,206.43186950683594,0.016560991473028697
2014-11-17,209.8505859375,0.003501767789582333
2014-11-18,210.58543395996094,-0.010620590921175066
2014-11-19,208.34889221191406,0.002658126679455197
2014-11-20,208.9027099609375,0.017282673544743776
2014-11-21,212.5131072998047,-0.012378530477533345
2014-11-24,209.88250732421875,0.0077637286021086105
2014-11-25,211.51197814941406,-0.00599192780022062
2014-11-26,210.24461364746094,0.001621065608232275
2014-11-27,210.58543395996094,0.002983929992528722
2014-11-28,211.21380615234375,-0.03025420694593628
2014-12-01,204.82369995117188,0.0010919052401767715
2014-12-02,205.04734802246094,0.005921201120733688
2014-12-03,206.261474609375,-0.010120397539436166
2014-12-04,204.1740264892578,-0.0012519478543391305
2014-12-05,203.9184112548828,-0.01331794671908415
2014-12-08,201.20263671875,-0.005028584828048133
2014-12-09,200.1908721923828,-0.007767169226085779
2014-12-10,198.63595581054688,-0.028309301890041993
2014-12-11,193.01271057128906,-0.026265208275474294
2014-12-12,187.9431915283203,-0.004023448806105723
2014-12-15,187.18701171875,-0.01615823875270961
2014-12-16,184.1623992919922,0.005667452712745602
2014-12-17,185.2061309814453,0.012190891018695638
2014-12-18,187.46395874023438,0.023235993116515363
2014-12-19,191.8198699951172,0.0048303621948329045
2014-12-22,192.74642944335938,-0.012321809270707362
2014-12-23,190.37144470214844,-0.010741265978544856
2014-12-24,188.3266143798828,0.00531591965207423
2014-12-26,189.32774353027344,0.0091690836308147
2014-12-29,191.06370544433594,-0.01878489334108846
2014-12-30,187.47459411621094,0.012497868566989201
2014-12-31,189.817626953125,-0.0036468977855749207
2015-01-01,189.12538146972656,-0.002646572626727517
2015-01-02,188.62484741210938,-0.01095389815558001
2015-01-05,186.5586700439453,-0.04538450647697523
2015-01-06,178.091796875,0.021767866543105585
2015-01-07,181.96847534179688,-0.014339373674163047
2015-01-08,179.35916137695312,0.02167351993903255
2015-01-09,183.2465057373047,-0.011623880039732692
2015-01-12,181.11647033691406,-0.008408841744182993
2015-01-13,179.59349060058594,-0.00972536667663848
2015-01-14,177.8468780517578,0.03509205582695629
2015-01-15,184.087890625,0.006305916655172883
2015-01-16,185.2487335205078,0.011440586976062983
2015-01-19,187.3680877685547,0.02660164153573219
2015-01-20,192.35238647460938,0.004097094670588053
2015-01-21,193.14047241210938,-0.025365284909826147
2015-01-22,188.2414093017578,0.0035643564035408026
2015-01-23,188.91236877441406,0.0024242843276649495
2015-01-27,189.37034606933594,0.020021393045849933
2015-01-28,193.16180419921875,0.024866238008975694
2015-01-29,197.9650115966797,-0.015224950833735762
2015-01-30,194.9510040283203,-0.00786651293421281
2015-02-02,193.41741943359375,0.03254207780429552
2015-02-03,199.7116241455078,-0.009385633780885638
2015-02-04,197.8372039794922,-0.005490897005651751
2015-02-05,196.7509002685547,-0.014940050489104961
2015-02-06,193.81143188476562,-0.014507040279724825
2015-02-09,190.9998016357422,-0.01639346881607573
2015-02-10,187.86865234375,0.021201966186274346
2015-02-11,191.85183715820312,0.009381540199544958
2015-02-12,193.65170288085938,0.009184268291356767
2015-02-13,195.4302520751953,-0.016021668811076917
2015-02-16,192.29913330078125,-0.0012739519632428697
2015-02-18,192.0541534423828,0.0004435718666271349
2015-02-19,192.13934326171875,-0.03209359814816404
2015-02-20,185.972900390625,-0.024796601881206914
2015-02-23,181.3614044189453,-0.011744616493381432
2015-02-24,179.23138427734375,0.0020203287761357824
2015-02-25,179.59349060058594,-0.001363739979790668
2015-02-26,179.34857177734375,0.016092258938139814
2015-02-27,182.2346954345703,0.010169277513321084
2015-03-02,184.087890625,0.04229084551685358
2015-03-03,191.8731231689453,-0.014376126725969773
2015-03-04,189.11473083496094,-0.003266304513143359
2015-03-05,188.4970245361328,-0.01728908802889839
2015-03-09,185.2380828857422,-0.012073876565794617
2015-03-10,183.0015411376953,-0.0037245306481871188
2015-03-11,182.3199462890625,0.009171010300857318
2015-03-12,183.99200439453125,-0.015860127217389164
2015-03-13,181.07386779785156,-0.009410579397729268
2015-03-16,179.36985778808594,0.017515592909102207
2015-03-17,182.51162719726562,0.013771329383077457
2015-03-18,185.02505493164062,-0.0143900584885025
2015-03-19,182.36253356933594,-0.0023944653435928887
2015-03-20,181.92587280273438,-0.0142254762220686
2015-03-23,179.337890625,0.007126042109103503
2015-03-24,180.61585998535156,-0.0035966521811013896
2015-03-25,179.96624755859375,-0.018463714746858373
2015-03-26,176.64340209960938,-0.02122264566619514
2015-03-27,172.89456176757812,-0.0011706127483470663
2015-03-30,172.69216918945312,0.01880989478822004
2015-03-31,175.94049072265625,0.012166929333808474
2015-04-01,178.08114624023438,-0.013635312833151891
2015-04-06,175.6529541015625,0.009943542126927385
2015-04-07,177.39956665039062,0.03968301207511615
2015-04-08,184.43931579589844,0.03372209856284414
2015-04-09,190.65899658203125,0.010333950432123817
2015-04-10,192.62925720214844,0.02006978528694714
2015-04-13,196.4952850341797,0.0012465137877921695
2015-04-15,196.74021911621094,0.005088506539734139
2015-04-16,197.7413330078125,-0.0016156119802678282
2015-04-17,197.42185974121094,-0.04445164446258876
2015-04-20,188.64613342285156,-0.010387836785120341
2015-04-21,186.68650817871094,0.0037651964451563824
2015-04-22,187.38941955566406,-0.0030689486222872375
2015-04-23,186.8143310546875,0.0021091942343844927
2015-04-24,187.20835876464844,-0.004095970563589013
2015-04-27,186.44155883789062,-0.011538933075497693
2015-04-28,184.29022216796875,-0.017568327067762568
2015-04-29,181.05255126953125,0.014529398775942948
2015-04-30,183.68313598632812,0.03316536878903209
2015-05-04,189.77505493164062,0.001346777198346416
2015-05-05,190.0306396484375,-0.013338688572399504
2015-05-06,187.49588012695312,-0.010792310703441554
2015-05-07,185.4723663330078,0.03463635932093445
2015-05-08,191.89645385742188,0.0070248978103431
2015-05-11,193.2445068359375,-0.030414769759055105
2015-05-12,187.3670196533203,0.018878705071182944
2015-05-13,190.90426635742188,-0.007795716156738242
2015-05-14,189.41603088378906,-0.004839542922748463
2015-05-15,188.4993438720703,0.02013851466949479
2015-05-18,192.29544067382812,0.004486571233096592
2015-05-19,193.15818786621094,0.014851232125597802
2015-05-20,196.02682495117188,-0.013313339789927658
2015-05-21,193.41705322265625,0.00791730370833199
2015-05-22,194.94839477539062,-0.010344675362773947
2015-05-25,192.9317169189453,-0.01106740737266676
2015-05-26,190.7964630126953,0.0007910245307176655
2015-05-27,190.9473876953125,-0.01073076335424017
2015-05-28,188.89837646484375,0.0013703948191079451
2015-05-29,189.15724182128906,0.02879109924334955
2015-06-01,194.60328674316406,-0.003990035379249357
2015-06-02,193.82681274414062,-0.002559390438235054
2015-06-03,193.3307342529297,0.018240627971804146
2015-06-04,196.85720825195312,-0.005423279664565461
2015-06-05,195.7895965576172,-0.02456639706741348
2015-06-08,190.97975158691406,-0.0019761827394572107
2015-06-09,190.6023406982422,0.025008335791708136
2015-06-10,195.36898803710938,-0.03162944592118744
2015-06-11,189.1895751953125,0.01447858199647567
2015-06-12,191.92877197265625,0.01337309087023586
2015-06-15,194.49545288085938,0.0024397373575426595
2015-06-16,194.969970703125,0.030145445700397122
2015-06-17,200.84742736816406,0.05127793710381057
2015-06-18,211.14646911621094,0.018080540147763058
2015-06-19,214.964111328125,-0.004966464810055249
2015-06-22,213.89649963378906,0.003327454905759586
2015-06-23,214.6082305908203,-0.00412063935144813
2015-06-24,213.72390747070312,0.013775495997961018
2015-06-25,216.66806030273438,-0.003832584084659585
2015-06-26,215.83766174316406,-0.009843100141059047
2015-06-29,213.71315002441406,0.009335276799321335
2015-06-30,215.70822143554688,0.0055496159133554546
2015-07-01,216.9053192138672,0.005170766565457452
2015-07-02,218.02688598632812,-0.0036107780952800983
2015-07-03,217.23963928222656,0.00829021978410216
2015-07-06,219.0406036376953,-0.012111700102646838
2015-07-07,216.3876495361328,-0.006628432427454367
2015-07-08,214.95333862304688,-0.00923151273263878
2015-07-09,212.968994140625,0.014583865916331318
2015-07-10,216.0749053955078,0.005190638729694275
2015-07-13,217.19647216796875,-0.009136032206403355
2015-07-14,215.212158203125,0.013379472019003691
2015-07-15,218.09158325195312,0.012411450480485087
2015-07-16,220.7984161376953,-0.001953664226141294
2015-07-17,220.36705017089844,0.002985325760500146
2015-07-20,221.02491760253906,-0.016540595642871136
2015-07-21,217.36903381347656,0.04227041008116461
2015-07-22,226.55731201171875,-0.0048553778844612205
2015-07-23,225.45729064941406,-0.019372451917080147
2015-07-24,221.08963012695312,-0.0192186940320912
2015-07-27,216.840576171875,0.004874087880933908
2015-07-28,217.89747619628906,-0.014105404790110798
2015-07-29,214.82394409179688,0.004166506258886704
2015-07-30,215.71900939941406,0.0016998929290976683
2015-07-31,216.08570861816406,0.000598740533505504
2015-08-03,216.215087890625,-0.01441459739368145
2015-08-04,213.0984344482422,-0.0002531216124398439
2015-08-05,213.04449462890625,-0.008909056842803742
2015-08-06,211.14646911621094,0.005516164361188736
2015-08-07,212.31118774414062,-0.015695744711128223
2015-08-10,208.9788055419922,-0.002993070419881949
2015-08-11,208.3533172607422,-0.023912891754108823
2015-08-12,203.37098693847656,-0.010128359428909772
2015-08-13,201.31117248535156,0.03599919321640832
2015-08-14,208.55821228027344,-0.01680537070666377
2015-08-17,205.05331420898438,-0.006942283344696265
2015-08-18,203.62977600097656,0.011121700947337887
2015-08-19,205.8944854736328,-0.040121462917592665
2015-08-20,197.63369750976562,-0.009112715275535588
2015-08-21,195.8327178955078,-0.08634844706205569
2015-08-24,178.92286682128906,0.022421754120306003
2015-08-25,182.93463134765625,0.006190025293598911
2015-08-26,184.06700134277344,0.018455585108698047
2015-08-27,187.4640655517578,0.003739486205242004
2015-08-28,188.1650848388672,-0.018913542920307003
2015-08-31,184.60621643066406,-0.01875213923746477
2015-09-01,181.1444549560547,0.011549694338946592
2015-09-02,183.2366180419922,0.0050615413376835505
2015-09-03,184.16407775878906,-0.021022543251403958
2015-09-04,180.29248046875,-0.0032301233076679203
2015-09-07,179.71011352539062,0.018483152850498952
2015-09-08,183.03172302246094,0.029990411971754893
2015-09-09,188.5209197998047,-0.008065944972309391
2015-09-10,187.0003204345703,-0.006977987316948875
2015-09-11,185.6954345703125,0.0033684379020217925
2015-09-14,186.32093811035156,0.0036463015435033164
2015-09-15,187.0003204345703,0.006401499830317681
2015-09-16,188.19740295410156,0.026187670290476417
2015-09-18,193.1258544921875,-0.01932099814991206
2015-09-21,189.39447021484375,-0.034392413372825836
2015-09-22,182.8807373046875,0.002889379565186312
2015-09-23,183.40914916992188,-0.01528764544003769
2015-09-24,180.60525512695312,-0.0037023875846073917
2015-09-28,179.93658447265625,0.007791593921605333
2015-09-29,181.3385772705078,0.02563183654270529
2015-09-30,185.9866180419922,0.0027832064780024535
2015-10-01,186.50425720214844,0.02694583368070491
2015-10-05,191.52976989746094,0.011317552966257916
2015-10-06,193.69741821289062,0.01753791548456074
2015-10-07,197.09446716308594,-0.027030027523106903
2015-10-08,191.76699829101562,-0.0019680700643763815
2015-10-09,191.38958740234375,0.004958499257110116
2015-10-12,192.33859252929688,0.0020745567945423815
2015-10-13,192.73760986328125,0.010463254157228485
2015-10-14,194.7542724609375,0.0008306553668704364
2015-10-15,194.91604614257812,0.012282901120070466
2015-10-16,197.3101806640625,0.053235577978983706
2015-10-19,207.81410217285156,-0.007057628858447629
2015-10-20,206.34742736816406,-0.0017768743088258931
2015-10-21,205.98077392578125,0.0006804869874827979
2015-10-23,206.12094116210938,-0.013393871727559126
2015-10-26,203.3601837158203,-0.0035000040893157225
2015-10-27,202.64842224121094,-0.0027673100506920845
2015-10-28,202.08763122558594,0.004322405252485728
2015-10-29,202.9611358642578,0.007120302353288199
2015-10-30,204.40628051757812,0.012767720441296815
2015-11-02,207.01608276367188,0.0077099545765662025
2015-11-03,208.61216735839844,-0.01643939882122125
2015-11-04,205.18270874023438,-0.01545238759935963
2015-11-05,202.01214599609375,0.016869465433669406
2015-11-06,205.41998291015625,0.00929232253021084
2015-11-09,207.3288116455078,-0.040052030170963704
2015-11-10,199.02487182617188,0.011162364353667131
2015-11-13,201.2464599609375,0.0013396125586933039
2015-11-16,201.51605224609375,-0.007010457533364489
2015-11-17,200.10333251953125,-0.01697654989655306
2015-11-18,196.70626831054688,0.024945036754125294
2015-11-19,201.6131134033203,0.012944605646126428
2015-11-20,204.22291564941406,0.007287308913891177
2015-11-23,205.71115112304688,0.014626503339468577
2015-11-24,208.71998596191406,0.02164939537629129
2015-11-26,213.2386474609375,-0.009710330188436256
2015-11-27,211.16802978515625,-0.012205699962743233
2015-11-30,208.590576171875,-0.0012407287329980754
2015-12-01,208.33177185058594,0.012475435301724458
2015-12-02,210.93080139160156,-0.0007670237791839174
2015-12-03,210.76901245117188,-0.012024071889598198
2015-12-04,208.23471069335938,-0.013879592902988014
2015-12-07,205.34449768066406,-0.011711648047621481
2015-12-08,202.9395751953125,-0.02657022847178403
2015-12-09,197.54742431640625,0.03761319303457911
2015-12-10,204.97781372070312,0.002735862020604385
2015-12-11,205.53860473632812,0.0022561691463913736
2015-12-14,206.00233459472656,0.02177789691678922
2015-12-15,210.48863220214844,0.0028179177290099666
2015-12-16,211.08177185058594,0.03172735950635608
2015-12-17,217.77883911132812,-0.017628976971843624
2015-12-18,213.9396209716797,0.0002014871247588701
2015-12-21,213.98272705078125,-0.004838068360899728
2015-12-22,212.9474639892578,0.016712209505417963
2015-12-23,216.50628662109375,-0.0032377294002462476
2015-12-24,215.8052978515625,0.009844505584947427
2015-12-28,217.92979431152344,0.004948731106526827
2015-12-29,219.00827026367188,-0.010734744957230369
2015-12-30,216.6572723388672,0.010054686819377157
2015-12-31,218.835693359375,0.0007393169640017572
2016-01-01,218.9974822998047,-0.01974691160997477
2016-01-04,214.67295837402344,0.009896432583089698
2016-01-05,216.79745483398438,0.026911386357497014
2016-01-06,222.63177490234375,-0.018358788890993738
2016-01-07,218.54452514648438,0.012336434320910028
2016-01-08,221.24058532714844,0.025201005598713744
2016-01-11,226.81607055664062,-0.00584798075537496
2016-01-12,225.48965454101562,0.030034802462360455
2016-01-13,232.26219177246094,-0.014115199288376679
2016-01-14,228.9837646484375,0.010973579765811037
2016-01-15,231.4965362548828,-0.052594965631617474
2016-01-18,219.32098388671875,0.026306752324777305
2016-01-19,225.09060668945312,-0.03741847121296771
2016-01-20,216.66806030273438,-0.020257813658706825
2016-01-21,212.27883911132812,0.02027011970897452
2016-01-22,216.58175659179688,-0.00019909958515984538
2016-01-25,216.53863525390625,-0.004581823111933114
2016-01-27,215.54649353027344,0.017561237019111164
2016-01-28,219.33175659179688,0.01819254958527572
2016-01-29,223.32196044921875,-0.004925514641394235
2016-02-01,222.22198486328125,-0.028292709052881393
2016-02-02,215.93472290039062,-0.019727310847233226
2016-02-03,211.67491149902344,-0.00850823369431819
2016-02-04,209.87393188476562,-0.0022096365805074347
2016-02-05,209.41018676757812,-0.010145216675194413
2016-02-08,207.28567504882812,-0.0036939421586413834
2016-02-09,206.5199737548828,0.005378701662485552
2016-02-10,207.6307830810547,-0.03957826726862823
2016-02-11,199.41311645507812,-0.01946898009585929
2016-02-12,195.53074645996094,0.04434396470881019
2016-02-15,204.20135498046875,-0.01711102675575793
2016-02-16,200.70726013183594,0.023695502454052164
2016-02-17,205.46311950683594,-0.013121943470557618
2016-02-18,202.7670440673828,0.00452073707715539
2016-02-19,203.68370056152344,0.01900781466841317
2016-02-22,207.55528259277344,-0.013145529413572388
2016-02-23,204.8268585205078,0.0031590789101498817
2016-02-24,205.4739227294922,-0.008975088926216013
2016-02-25,203.62977600097656,0.00662004224627788
2016-02-26,204.97781372070312,0.01715154421515397
2016-02-29,208.49349975585938,0.015155487151113478
2016-03-01,211.6533203125,0.020585019932359172
2016-03-02,216.0102081298828,0.01133292998348101
2016-03-03,218.45823669433594,-0.006368147694759463
2016-03-04,217.0670623779297,0.02046914083075091
2016-03-08,221.51023864746094,0.014313460281968116
2016-03-09,224.68081665039062,-0.028751181180007856
2016-03-10,218.22097778320312,0.0027179989553418604
2016-03-11,218.81410217285156,0.005175032065450225
2016-03-14,219.94647216796875,0.0007355832482101032
2016-03-15,220.10826110839844,0.0012247474266058322
2016-03-16,220.37783813476562,0.0055682871090010355
2016-03-17,221.60496520996094,0.01102367724032538
2016-03-18,224.04786682128906,0.00983252902415499
2016-03-21,226.25082397460938,0.010170578140429543
2016-03-22,228.5519256591797,-0.017798254403897817
2016-03-23,224.48410034179688,-0.008550421124825736
2016-03-28,222.56466674804688,0.015533184633646613
2016-03-29,226.0218048095703,0.010422097725815815
2016-03-30,228.37742614746094,-0.001766893880734366
2016-03-31,227.97390747070312,-0.010285065464350707
2016-04-01,225.62918090820312,0.0005801782856289517
2016-04-04,225.7600860595703,-0.007825803848800938
2016-04-05,223.9933319091797,0.006621626012704551
2016-04-06,225.47653198242188,0.003385773538708836
2016-04-07,226.2399444580078,-0.0008677494177627976
2016-04-08,226.0436248779297,0.0038113284093859168
2016-04-11,226.9051513671875,0.00682507651412978
2016-04-12,228.45379638671875,0.0178059661975849
2016-04-13,232.52163696289062,-0.0012194739416603317
2016-04-18,232.2380828857422,-0.02578069383253756
2016-04-20,226.25082397460938,0.003711665846348078
2016-04-21,227.09059143066406,-0.002113204747904107
2016-04-22,226.61070251464844,-0.02122339407988294
2016-04-25,221.80125427246094,4.911953914032985e-05
2016-04-26,221.81214904785156,0.002409215693733646
2016-04-27,222.34654235839844,-0.02226795316923491
2016-04-28,217.3953399658203,-0.014046388414975852
2016-04-29,214.3417205810547,0.004324807563469202
2016-05-02,215.26870727539062,-0.011297327374475863
2016-05-03,212.8367462158203,0.002356961183338502
2016-05-04,213.33839416503906,-0.002913811224885765
2016-05-05,212.71676635742188,-0.0064599056884614425
2016-05-06,211.34263610839844,0.014603534545304386
2016-05-09,214.42898559570312,-0.0005595319031386214
2016-05-10,214.3090057373047,-0.007276990207515821
2016-05-11,212.74948120117188,0.017838876835631456
2016-05-12,216.54469299316406,-0.01475625539364378
2016-05-13,213.34930419921875,-0.0022490963420268573
2016-05-16,212.8694610595703,-0.006967507449314181
2016-05-17,211.38629150390625,0.0014444095072030372
2016-05-18,211.69161987304688,-0.01993711428946654
2016-05-19,207.47109985351562,-0.017872038665494472
2016-05-20,203.76316833496094,-0.004495940975105084
2016-05-23,202.84706115722656,0.011236528949430058
2016-05-24,205.12635803222656,0.011430719307758075
2016-05-25,207.47109985351562,-0.004573126110461345
2016-05-26,206.52230834960938,0.029413403202418476
2016-05-27,212.59683227539062,-0.00615585757466619
2016-05-30,211.28811645507812,-0.011200566650716115
2016-05-31,208.92156982421875,-0.004437008084497318
2016-06-01,207.9945831298828,0.0027789326096370193
2016-06-02,208.5725860595703,0.00355548714453624
2016-06-03,209.3141632080078,-0.005053794709035775
2016-06-06,208.25633239746094,0.0002616445565659653
2016-06-07,208.31082153320312,-0.0009945166438151132
2016-06-08,208.10365295410156,0.01787014067242043
2016-06-09,211.82249450683594,0.005714955029171298
2016-06-10,213.03305053710938,0.0045047987534716505
2016-06-13,213.9927215576172,-0.004943374062613248
2016-06-14,212.93487548828125,0.00855326802771783
2016-06-15,214.75616455078125,-0.008429857058204093
2016-06-16,212.94580078125,-0.0014340463366145917
2016-06-17,212.6404266357422,0.0156938311173187
2016-06-20,215.97756958007812,-0.003130496118990189
2016-06-21,215.30145263671875,-0.006686323653103843
2016-06-22,213.86187744140625,-5.094304567498931e-05
2016-06-23,213.85098266601562,-0.029578368452290005
2016-06-24,207.52561950683594,0.004414208730199709
2016-06-27,208.44168090820312,0.002249928516180333
2016-06-28,208.91065979003906,0.009501014851251988
2016-06-29,210.89552307128906,0.0023270689935475097
2016-06-30,211.38629150390625,0.004436740927072691
2016-07-01,212.32415771484375,0.013611332217405403
2016-07-04,215.21417236328125,0.0064862599115331765
2016-07-05,216.610107421875,-0.005236000045083844
2016-07-07,215.47593688964844,-0.009616305882881093
2016-07-08,213.4038543701172,0.014411215507912134
2016-07-11,216.47926330566406,0.01098230551021917
2016-07-12,218.85670471191406,0.005331871806672384
2016-07-13,220.02362060546875,-0.0038165763119692997
2016-07-14,219.1838836669922,0.007264330271256725
2016-07-15,220.77610778808594,-0.005878241452650146
2016-07-18,219.47833251953125,0.011478384052205692
2016-07-19,221.99758911132812,0.005109000487599102
2016-07-20,223.13177490234375,-0.016275684250002254
2016-07-21,219.50015258789062,0.00844641165667781
2016-07-22,221.35414123535156,0.007784352916400783
2016-07-25,223.07723999023438,0.0012710342766111271
2016-07-26,223.36077880859375,-0.01069279688748026
2016-07-27,220.97242736816406,0.01307862108797142
2016-07-28,223.86244201660156,-0.011155916662809906
2016-07-29,221.36505126953125,-0.005320878063440837
2016-08-01,220.18719482421875,0.00326918817689692
2016-08-02,220.9070281982422,-0.01861202209269741
2016-08-03,216.79550170898438,-0.0009558056040613883
2016-08-04,216.58828735351562,0.02341399699739255
2016-08-05,221.65948486328125,0.012792258876015428
2016-08-08,224.49501037597656,0.0014085976521334143
2016-08-09,224.8112335205078,-0.02624414512256612
2016-08-10,218.9112548828125,0.01041182811108543
2016-08-11,221.19052124023438,0.021398333409446524
2016-08-12,225.9236297607422,-0.010523140717855317
2016-08-16,223.54620361328125,-0.01131824797867953
2016-08-17,221.01605224609375,0.004687629017154027
2016-08-18,222.05209350585938,-0.0030940588106186384
2016-08-19,221.36505126953125,-0.0030052290627252676
2016-08-22,220.69979858398438,-0.0013837321386619417
2016-08-23,220.3944091796875,0.009946088859915214
2016-08-24,222.5864715576172,-0.007643225909545248
2016-08-25,220.88519287109375,0.015009327206013445
2016-08-26,224.20053100585938,0.028748048587898367
2016-08-29,230.64585876464844,0.008463570136482135
2016-08-30,232.5979461669922,-0.006001427883642996
2016-08-31,231.2020263671875,-0.029056518798505016
2016-09-01,224.48410034179688,-0.015400437336313244
2016-09-02,221.02694702148438,0.006463760099776117
2016-09-06,222.4556121826172,-0.002206072344109966
2016-09-07,221.96485900878906,0.015476717760309677
2016-09-08,225.400146484375,0.010789730503152573
2016-09-09,227.8321533203125,0.0018668951634723818
2016-09-12,228.2574920654297,-0.0016722281706705866
2016-09-14,227.87579345703125,0.019382528591673776
2016-09-15,232.2926025390625,0.009906113747089274
2016-09-16,234.59371948242188,0.006368731159346552
2016-09-19,236.08778381347656,-0.0075755631905872756
2016-09-20,234.29928588867188,-0.0018152999686487092
2016-09-21,233.87396240234375,0.01557463598614861
2016-09-22,237.51646423339844,0.012718587880581556
2016-09-23,240.53733825683594,0.003989823555215377
2016-09-26,241.49703979492188,0.002980586664981688
2016-09-27,242.2168426513672,-0.017874787473770692
2016-09-28,237.88726806640625,-0.016687299312772574
2016-09-29,233.91757202148438,0.010489939283844452
2016-09-30,236.37135314941406,0.0064593685826965785
2016-10-03,237.89816284179688,0.005180139124799421
2016-10-04,239.13050842285156,-0.006339214800323956
2016-10-05,237.61460876464844,0.019643776700837723
2016-10-06,242.28225708007812,-0.001620396757568976
2016-10-07,241.88966369628906,-0.011406668773171869
2016-10-10,239.13050842285156,-0.03575499387205838
2016-10-13,230.5803985595703,0.01939169167055388
2016-10-14,235.05174255371094,-0.015774958646423975
2016-10-17,231.34381103515625,0.0192806075027101
2016-10-18,235.80426025390625,0.005781151762804804
2016-10-19,237.16748046875,0.00018394122939402457
2016-10-20,237.2111053466797,-0.0214702724524789
2016-10-21,232.1181182861328,-0.0008457744769243547
2016-10-24,231.9217987060547,-0.0023041303350492814
2016-10-25,231.38742065429688,-0.006409897095832173
2016-10-26,229.9042510986328,-0.005075726728702934
2016-10-27,228.73731994628906,0.005959896411927845
2016-10-28,230.10057067871094,-0.0037443954261943135
2016-11-01,229.23898315429688,-0.025927675788033677
2016-11-02,223.29534912109375,0.00019530016774771397
2016-11-03,223.33895874023438,-0.01796943609445323
2016-11-04,219.32568359375,-0.004375900253573706
2016-11-07,218.36593627929688,0.0023474529429809987
2016-11-08,218.8785400390625,0.0010961053577334123
2016-11-09,219.1184539794922,0.005773408865522134
2016-11-10,220.38351440429688,-0.008560931780771552
2016-11-11,218.496826171875,-0.016321414963523684
2016-11-15,214.93064880371094,0.0011668575813972293
2016-11-16,215.1814422607422,-0.008919857573298717
2016-11-17,213.26205444335938,0.009971851003645948
2016-11-18,215.388671875,0.0040507343873266155
2016-11-21,216.2611541748047,0.010035143853148965
2016-11-22,218.43136596679688,0.007539162443509051
2016-11-23,220.07815551757812,-0.021456846620844572
2016-11-24,215.35597229003906,0.006431328602992004
2016-11-25,216.74099731445312,-0.007094734017171422
2016-11-28,215.20327758789062,0.011199582063027735
2016-11-29,217.61346435546875,-0.007667698160560232
2016-11-30,215.9448699951172,0.0077773977023865015
2016-12-01,217.62435913085938,-0.0030067528009294353
2016-12-02,216.9700164794922,-0.0009047532210867404
2016-12-05,216.77371215820312,0.011420209450869079
2016-12-06,219.2493133544922,-0.00601869769498653
2016-12-07,217.92971801757812,0.020917794279077473
2016-12-08,222.4883270263672,0.00872519330813848
2016-12-09,224.42958068847656,-0.0017008179849399285
2016-12-12,224.04786682128906,0.012266262649404558
2016-12-13,226.7960968017578,0.01894605030414165
2016-12-14,231.09298706054688,-0.006182209072222999
2016-12-15,229.66432189941406,0.003988763481327595
2016-12-16,230.5803985595703,0.0051082245180880115
2016-12-19,231.7582550048828,-0.004376466445784821
2016-12-20,230.7439727783203,0.005057321311936924
2016-12-21,231.91091918945312,-0.009311041855802449
2016-12-22,229.7515869140625,0.0037498173606960172
2016-12-23,230.6131134033203,-0.009316132155301804
2016-12-26,228.46469116210938,0.016468481022279047
2016-12-27,232.22715759277344,-0.014088417955720356
2016-12-28,228.9554443359375,0.0150043079478972
2016-12-29,232.39076232910156,0.01590864218234045
2016-12-30,236.08778381347656,0.0024945306916919208
2017-01-02,236.6767120361328,0.003962775722405887
2017-01-03,237.61460876464844,-0.02042400771471875
2017-01-04,232.76156616210938,0.009604922217803846
2017-01-05,234.99722290039062,-0.002273976029003255
2017-01-06,234.4628448486328,0.0025581557745577577
2017-01-09,235.06263732910156,0.011274149119137045
2017-01-10,237.7127685546875,-0.0034866738936079056
2017-01-11,236.88394165039062,-0.002532138708381204
2017-01-12,236.28411865234375,0.006554035500928812
2017-01-13,237.83273315429688,-0.012976782758222005
2017-01-16,234.74642944335938,-0.03252040288755931
2017-01-17,227.1123809814453,-0.008355327254292666
2017-01-18,225.21478271484375,0.001113710084150954
2017-01-19,225.46560668945312,-0.0076423341076009565
2017-01-20,223.74252319335938,-0.00965110593261087
2017-01-23,221.58316040039062,0.011221571287167054
2017-01-24,224.06967163085938,-0.009734191464136344
2017-01-25,221.88853454589844,0.007667267215970108
2017-01-27,223.58981323242188,0.0192175324103665
2017-01-30,227.88665771484375,0.00038286469569692727
2017-01-31,227.97390747070312,0.004257555537974689
2017-02-01,228.94451904296875,-0.005858995416455293
2017-02-02,227.60313415527344,-0.009439335047755848
2017-02-03,225.4547119140625,0.007739485902242826
2017-02-06,227.19961547851562,-0.010320183933193228
2017-02-07,224.85487365722656,-0.005577667181570378
2017-02-08,223.6007080078125,0.0074135915800139784
2017-02-09,225.25839233398438,-0.0025174539818163533
2017-02-10,224.69131469726562,-0.0002913339359215117
2017-02-13,224.6258544921875,0.019371676534602145
2017-02-14,228.97723388671875,0.0014289377520781965
2017-02-15,229.30442810058594,0.015409415748722566
2017-02-16,232.83787536621094,0.00749413651235975
2017-02-17,234.58279418945312,-9.295144448107084e-05
2017-02-20,234.5609893798828,0.011902598907676643
2017-02-21,237.35287475585938,0.10963090185262025
2017-02-22,263.37408447265625,-0.02049710772884472
2017-02-23,257.9756774902344,0.04747397687566823
2017-02-27,270.2228088378906,-0.0006860793428455914
2017-02-28,270.03741455078125,-0.0028673507835037526
2017-03-01,269.26312255859375,0.0018226918218235966
2017-03-02,269.75390625,0.017626856256425905
2017-03-03,274.5088195800781,0.03718555814523561
2017-03-06,284.7165832519531,-0.00030655142191093887
2017-03-07,284.6293029785156,-0.010536594110713837
2017-03-08,281.6302795410156,-0.0034464034685740552
2017-03-09,280.65966796875,-0.003963723335960401
2017-03-10,279.5472106933594,0.006124973431265612
2017-03-14,281.2594299316406,0.011981369114251628
2017-03-15,284.6293029785156,-0.005594027404880131
2017-03-16,283.0370788574219,0.0023504082512171287
2017-03-17,283.70233154296875,-0.015299217177307534
2017-03-20,279.3619079589844,-0.01327313318981338
2017-03-21,275.6539001464844,-0.0032442389129984095
2017-03-22,274.7596130371094,0.010796124941868657
2017-03-23,277.7259521484375,0.010563347780853105
2017-03-24,280.65966796875,-0.027705613866605416
2017-03-27,272.8838195800781,-0.004276069277332484
2017-03-28,271.7169494628906,0.00874947394998049
2017-03-29,274.0943298339844,0.011140872210648523
2017-03-30,277.1479797363281,0.039546731104757704
2017-03-31,288.1082763671875,0.04069186584260631
2017-04-03,299.8319396972656,0.029352991426980335
2017-04-05,308.6329040527344,0.01660776228648997
2017-04-06,313.75860595703125,-0.022175919990989446
2017-04-07,306.80072021484375,-0.017950918539146432
2017-04-10,301.2933654785156,-0.006515489404657071
2017-04-11,299.3302917480469,-0.013371219014615465
2017-04-12,295.327880859375,0.00797639507862935
2017-04-13,297.68353271484375,0.019819787679401957
2017-04-17,303.58355712890625,-0.015554855905199783
2017-04-18,298.8613586425781,-0.0010218430568741388
2017-04-19,298.55596923828125,0.0005478846032365148
2017-04-20,298.71954345703125,0.024058987119706998
2017-04-21,305.90643310546875,0.010624063866291333
2017-04-24,309.1564025878906,0.010864881742021604
2017-04-25,312.5153503417969,-0.011411158221427242
2017-04-26,308.9491882324219,-0.00490682853718627
2017-04-27,307.4332275390625,-0.010145352796295248
2017-04-28,304.314208984375,-0.017667779675580086
2017-05-02,298.9376525878906,-0.0003283110387747312
2017-05-03,298.8395080566406,-0.008868024124489504
2017-05-04,296.18939208984375,-0.021871130429299446
2017-05-05,289.7113952636719,-0.005157025566446483
2017-05-08,288.21734619140625,0.006773075755910574
2017-05-09,290.1694641113281,0.021610864559736598
2017-05-10,296.4402770996094,0.00033117985784070214
2017-05-11,296.5384521484375,-0.006693546096458891
2017-05-12,294.5535583496094,-0.004701960675019379
2017-05-15,293.1685791015625,0.009076829679089737
2017-05-16,295.8296203613281,-0.0023594596309269855
2017-05-17,295.1316223144531,-0.019030650076782063
2017-05-18,289.51507568359375,-0.006403614273682523
2017-05-19,287.6611328125,0.004018531563491967
2017-05-22,288.8171081542969,-0.014046658486157826
2017-05-23,284.76019287109375,-0.006012739011868162
2017-05-24,283.0480041503906,0.0036603022970447263
2017-05-25,284.08404541015625,0.026757179660766406
2017-05-26,291.6853332519531,0.01465660243912259
2017-05-29,295.96044921875,0.0018056240688832936
2017-05-30,296.4948425292969,-0.01372007720000823
2017-05-31,292.4269104003906,-0.00928613284256452
2017-06-01,289.7113952636719,-0.0026350265446137833
2017-06-02,288.947998046875,0.0034723425072937797
2017-06-05,289.9513244628906,-0.012449683590101124
2017-06-06,286.3415222167969,0.019957392426748433
2017-06-07,292.05615234375,-0.005451982926817034
2017-06-08,290.4638671875,0.003003702489619675
2017-06-09,291.3363342285156,-0.01216580846464399
2017-06-12,287.7919921875,-0.0038652786402396666
2017-06-13,286.6795959472656,0.032829968584989544
2017-06-14,296.0912780761719,0.019484310915771852
2017-06-15,301.86041259765625,0.0035046740782513908
2017-06-16,302.9183349609375,0.0147247217114439
2017-06-19,307.37872314453125,0.002199820376629358
2017-06-20,308.0549011230469,0.0068326388354349454
2017-06-21,310.15972900390625,0.0074893878118889035
2017-06-22,312.4826354980469,0.0022336202079977774
2017-06-23,313.18060302734375,0.0009053524248263667
2017-06-27,313.4641418457031,-0.02689358894964
2017-06-28,305.0339660644531,-0.004147327262979061
2017-06-29,303.7688903808594,-0.009118939221706035
2017-06-30,300.99884033203125,0.0007608132509659971
2017-07-03,301.22784423828125,0.02961532156900959
2017-07-04,310.1488037109375,0.014557575571516823
2017-07-05,314.663818359375,-6.944104997974598e-05
2017-07-06,314.6419677734375,0.033690268305485827
2017-07-07,325.2423400878906,0.0011400378379966547
2017-07-10,325.6131286621094,0.0010047151318628433
2017-07-11,325.9402770996094,0.011209212828982018
2017-07-12,329.59381103515625,0.015286667845664903
2017-07-13,334.6322021484375,0.007653830818656893
2017-07-14,337.19342041015625,0.011736011643968425
2017-07-17,341.1507263183594,-0.020525140965147792
2017-07-18,334.1485595703125,0.00858605692742409
2017-07-19,337.017578125,-0.002642122999889862
2017-07-20,336.12713623046875,0.03669322204925374
2017-07-21,348.4607238769531,0.019085138401211843
2017-07-24,355.11114501953125,-0.008110236585878505
2017-07-25,352.2311096191406,0.012857665053501943
2017-07-26,356.7599792480469,-0.017223664964944096
2017-07-27,350.6152648925781,-0.0002196021032710993
2017-07-28,350.53826904296875,0.013013956110675906
2017-07-31,355.10015869140625,-0.007181897575456397
2017-08-01,352.54986572265625,0.015964105670584594
2017-08-02,358.1780090332031,0.012828394030149903
2017-08-03,362.7728576660156,-0.01693835484318995
2017-08-04,356.6280822753906,-0.0035753927202909486
2017-08-07,355.3529968261719,-0.008537979443340338
2017-08-08,352.3190002441406,-0.0023399301624308366
2017-08-09,351.4945983886719,-0.00903803034874362
2017-08-10,348.3177795410156,-0.02404781561629965
2017-08-11,339.9414978027344,0.017332389040759955
2017-08-14,345.83349609375,-0.0044180902117422205
2017-08-16,344.3055725097656,0.0006384390285409935
2017-08-17,344.525390625,0.005296291887050275
2017-08-18,346.35009765625,-0.006982254255806564
2017-08-21,343.9317932128906,-0.002780578488453811
2017-08-22,342.9754638671875,0.014101998288046147
2017-08-23,347.8121032714844,-0.00884926323846924
2017-08-24,344.7342224121094,-0.0009565120321777254
2017-08-28,344.40447998046875,-0.02195899036688498
2017-08-29,336.8417053222656,0.02085293861571169
2017-08-30,343.8658447265625,0.019436187875605748
2017-08-31,350.5492858886719,0.00978357852348588
2017-09-01,353.9789123535156,0.002018504582349312
2017-09-04,354.69342041015625,0.011931673772653584
2017-09-05,358.9255065917969,0.007840224071020918
2017-09-06,361.73956298828125,-0.005591352819365625
2017-09-07,359.7169494628906,-0.0014666750938835404
2017-09-08,359.1893615722656,0.0012240528119271676
2017-09-11,359.6290283203125,0.007152552832050407
2017-09-12,362.2012939453125,0.03065244697526559
2017-09-13,373.30364990234375,-0.006066014443265266
2017-09-14,371.0391845703125,-0.0024292223231507926
2017-09-15,370.1378479003906,0.004454649093219354
2017-09-18,371.78668212890625,-0.008219520359434074
2017-09-19,368.73077392578125,0.010195595804534996
2017-09-20,372.4902038574219,-0.006846686060244189
2017-09-21,369.93988037109375,-0.02846597850718391
2017-09-22,359.4091796875,0.005077047699267645
2017-09-25,361.2339172363281,-0.001764987205701396
2017-09-26,360.5963439941406,-0.025545655343706675
2017-09-27,351.3846740722656,-0.015891805690256722
2017-09-28,345.800537109375,-0.007056980413005065
2017-09-29,343.3602294921875,0.02234591637463934
2017-10-03,351.0329284667969,0.025678002637132158
2017-10-04,360.0467529296875,0.006472446374863772
2017-10-05,362.37713623046875,0.015652530398655218
2017-10-06,368.04925537109375,-0.00764586901187192
2017-10-09,365.2351989746094,0.01510858890943334
2017-10-10,370.7533874511719,-0.003617133378994719
2017-10-11,369.4123229980469,0.03880254141648232
2017-10-12,383.7464599609375,0.004239497323335284
2017-10-13,385.37335205078125,0.00039935336905205787
2017-10-16,385.5272521972656,-0.002794199331162095
2017-10-17,384.45001220703125,0.04591972571409708
2017-10-18,402.1038513183594,-0.0050300774756550926
2017-10-19,400.08123779296875,0.03280583731545006
2017-10-23,413.20623779296875,-0.005852757714914891
2017-10-24,410.787841796875,0.00604775562868376
2017-10-25,413.2721862792969,0.007979484427197203
2017-10-26,416.56988525390625,-0.018524249016238836
2017-10-27,408.8532409667969,0.013604379926317911
2017-10-30,414.4154357910156,-0.0017507924591104729
2017-10-31,413.68988037109375,0.012435645580228138
2017-11-01,418.8343811035156,-0.006246482077677196
2017-11-02,416.2181396484375,-0.001373231164758737
2017-11-03,415.6465759277344,-0.013540694514287077
2017-11-06,410.0184326171875,-0.027667704416156513
2017-11-07,398.6741638183594,-0.020844695878022845
2017-11-08,390.3639221191406,0.014305107827927266
2017-11-09,395.9481201171875,-0.018489755386518758
2017-11-10,388.62713623046875,-0.009730077284335614
2017-11-13,384.84576416015625,0.013081904102143715
2017-11-14,389.8802795410156,-0.0033833252567375682
2017-11-15,388.5611877441406,0.022801641139479578
2017-11-16,397.4210205078125,0.008906453442959483
2017-11-17,400.96063232421875,0.009814686074200107
2017-11-20,404.89593505859375,0.012705584946218762
2017-11-21,410.0403747558594,-0.0019300839679186055
2017-11-22,409.24896240234375,0.017459007163912466
2017-11-23,416.39404296875,0.004329468499897349
2017-11-24,418.1968078613281,0.0002628530738155721
2017-11-27,418.3067321777344,-0.008409160962495665
2017-11-28,414.78912353515625,0.0028091917117734067
2017-11-29,415.954345703125,-0.02584572316696887
2017-11-30,405.2037048339844,-0.012424652886434129
2017-12-01,400.169189453125,-0.009339616483018398
2017-12-04,396.4317626953125,0.013420500072515829
2017-12-05,401.7520751953125,0.014173148437644834
2017-12-06,407.4461669921875,0.005287990678887411
2017-12-07,409.6007385253906,-0.011325309122169003
2017-12-08,404.9618835449219,-0.005265945786184556
2017-12-11,402.8293762207031,-0.0006003827449468924
2017-12-12,402.5875244140625,-0.0010375994884167516
2017-12-13,402.1697998046875,0.0074892816220604175
2017-12-14,405.1817626953125,-0.001899074158039915
2017-12-15,404.41229248046875,0.0013589870403845072
2017-12-18,404.9618835449219,0.005374613661963457
2017-12-19,407.1383972167969,-0.008423736224067113
2017-12-20,403.7087707519531,-0.005663733832630524
2017-12-21,401.4222717285156,0.008160452431824838
2017-12-22,404.69805908203125,0.010212842841787584
2017-12-26,408.8311767578125,-0.006506586009265014
2017-12-27,406.17108154296875,0.0004870236961598273
2017-12-28,406.368896484375,-0.0034082573189216925
2017-12-29,404.98388671875,-0.012268554521483455
2018-01-01,400.01531982421875,0.0015388662329980374
2018-01-02,400.6308898925781,0.004005827905251724
2018-01-03,402.2357482910156,0.006012232804300188
2018-01-04,404.6540832519531,0.0032054257617344373
2018-01-05,405.951171875,0.005740776268120307
2018-01-08,408.2816467285156,0.013354040075873597
2018-01-09,413.7338562011719,0.0014879144568680225
2018-01-10,414.3494567871094,-0.004881419517414387
2018-01-11,412.32684326171875,0.011996853556098808
2018-01-12,417.2734680175781,0.00015797306515352716
2018-01-15,417.3393859863281,-0.027603699700563977
2018-01-16,405.81927490234375,0.0016795150748021292
2018-01-17,406.5008544921875,-0.005192106436680444
2018-01-18,404.3902587890625,0.012612877762231856
2018-01-19,409.49078369140625,0.04316542151648717
2018-01-22,427.1666259765625,0.012094749623430046
2018-01-23,432.3330993652344,-0.017187923418390372
2018-01-24,424.9021911621094,-0.00046555406284265466
2018-01-25,424.7043762207031,-0.0014494802041258303
2018-01-29,424.0887756347656,-0.014619105574545488
2018-01-30,417.88897705078125,0.011468967573104338
2018-01-31,422.6817321777344,-0.018152498459434674
2018-02-01,415.0090026855469,-0.04184979573888259
2018-02-02,397.6409606933594,-0.002432866133498024
2018-02-05,396.6735534667969,-0.01113992792386087
2018-02-06,392.254638671875,0.0025780727278386095
2018-02-07,393.2658996582031,0.011348355264102272
2018-02-08,397.72882080078125,-0.007406786181733516
2018-02-09,394.7829284667969,0.0196579425238248
2018-02-12,402.5435485839844,0.019825258194372086
2018-02-14,410.5240783691406,0.0021422008967701966
2018-02-15,411.40350341796875,-0.015336992345449496
2018-02-16,405.09381103515625,0.006186853600925746
2018-02-19,407.6000671386719,-0.0063645911098176855
2018-02-20,405.005859375,0.008956741921172018
2018-02-21,408.6333923339844,-0.005380244014626001
2018-02-22,406.4348449707031,0.010710195939242384
2018-02-23,410.787841796875,0.004763423822958357
2018-02-26,412.7445983886719,0.012570449207623069
2018-02-27,417.9329833984375,0.00426095165269702
2018-02-28,419.7137756347656,-0.006442873106956126
2018-03-01,417.0096130371094,-0.025622172843918767
2018-03-05,406.3249206542969,-0.014338176065036068
2018-03-06,400.49896240234375,-0.02316514967367822
2018-03-07,391.2213439941406,0.024388860724420702
2018-03-08,400.7627868652344,0.0018103599588643604
2018-03-09,401.4883117675781,0.01883684888585546
2018-03-12,409.05108642578125,0.0016660964297698921
2018-03-13,409.73260498046875,-0.0030048149435302207
2018-03-14,408.5014343261719,-0.018567397106256434
2018-03-15,400.9166259765625,-0.012886500630726272
2018-03-16,395.7502136230469,-0.005055235051542151
2018-03-19,393.7496032714844,-0.006365101279321439
2018-03-20,391.24334716796875,0.007979244105931649
2018-03-21,394.36517333984375,0.012543259623984726
2018-03-22,399.3117980957031,-0.015691288318089414
2018-03-23,393.04608154296875,0.008054609034908067
2018-03-26,396.2119140625,-0.0014427248034979412
2018-03-27,395.6402893066406,-0.019004128323992675
2018-03-28,388.1214904785156,0.011611999246734728
2018-04-02,392.62835693359375,0.007391233988561563
2018-04-03,395.5303649902344,-0.005169149691232833
2018-04-04,393.4858093261719,0.014862014854801986
2018-04-05,399.33380126953125,0.0030829086223775892
2018-04-06,400.5649108886719,0.005488464586794528
2018-04-09,402.7633972167969,0.001146407444722941
2018-04-10,403.2251281738281,0.015048118574594094
2018-04-11,409.29290771484375,-0.002309623455920229
2018-04-12,408.34759521484375,0.010929221072625728
2018-04-13,412.8105163574219,-0.0019172801014269991
2018-04-16,412.01904296875,0.007683630298110478
2018-04-17,415.1848449707031,-0.006618925102557682
2018-04-18,412.436767578125,0.004584258003564656
2018-04-19,414.3274841308594,-0.015281935948567082
2018-04-20,407.9957580566406,0.008729539265797781
2018-04-23,411.557373046875,0.036378184879153785
2018-04-24,426.5290832519531,0.00046392141669171494
2018-04-25,426.7269592285156,0.004997429376508933
2018-04-26,428.8594970703125,0.021479458854946953
2018-04-27,438.0711669921875,-0.033122564040974356
2018-04-30,423.5611267089844,0.009758091412857883
2018-05-02,427.69427490234375,-0.01141160065947966
2018-05-03,422.8135986328125,-0.007955463091518844
2018-05-04,419.4499206542969,0.01787321288061028
2018-05-07,426.94683837890625,-0.004016599055023828
2018-05-08,425.2319641113281,0.009926581747769392
2018-05-09,429.45306396484375,0.004556250079055912
2018-05-10,431.4097595214844,0.008255546748526132
2018-05-11,434.9712829589844,-0.0026788484978642613
2018-05-14,433.8060607910156,-0.007753804672078868
2018-05-15,430.4424133300781,-0.023290260569906462
2018-05-16,420.41729736328125,-0.01129539466301166
2018-05-17,415.66851806640625,-0.012164712546985701
2018-05-18,410.6120300292969,-0.0026771589754985836
2018-05-21,409.51275634765625,-0.004938998789320803
2018-05-22,407.49017333984375,-0.015646121762606047
2018-05-23,401.1145324707031,0.003946218882765473
2018-05-24,402.6974182128906,0.005404912202100265
2018-05-25,404.87396240234375,-0.00043446439298977513
2018-05-28,404.69805908203125,-0.0032050020413016966
2018-05-29,403.4010009765625,-0.0014715578995848633
2018-05-30,402.807373046875,0.005730881102419039
2018-05-31,405.1158142089844,0.009985434847212815
2018-06-01,409.16107177734375,0.011068522658026714
2018-06-04,413.68988037109375,0.0072276127027639525
2018-06-05,416.67987060546875,0.007122869983270608
2018-06-06,419.6478271484375,0.017759846178683425
2018-06-07,427.1007080078125,0.013383411326540084
2018-06-08,432.8167724609375,-0.0017269826138336386
2018-06-11,432.0693054199219,0.014755990003423536
2018-06-12,438.4449157714844,0.005365225761352566
2018-06-13,440.7972717285156,0.005436427261199972
2018-06-14,443.1936340332031,0.006200693554976322
2018-06-15,445.9417419433594,0.0013311097757355839
2018-06-18,446.53533935546875,-0.019201316013387038
2018-06-19,437.9612731933594,0.023291918432818637
2018-06-20,448.1622314453125,0.012460079344218444
2018-06-21,453.7463684082031,-0.018847807098576586
2018-06-22,445.1942443847656,-0.007950576239235674
2018-06-25,441.6546936035156,-0.025386983169940147
2018-06-26,430.4424133300781,-0.006786443448041579
2018-06-27,427.521240234375,-0.021638993059898026
2018-06-28,418.2701110839844,0.029102045655603925
2018-06-29,430.442626953125,-0.012185758210145448
2018-07-02,425.1973571777344,0.011138841704295244
2018-07-03,429.9335632324219,0.0193556062320277
2018-07-04,438.25518798828125,-0.02585589912947417
2018-07-05,426.9237060546875,0.013530209509518443
2018-07-06,432.7000732421875,0.019998990035486885
2018-07-09,441.3536376953125,0.028683175455924026
2018-07-10,454.0130615234375,0.012771709540165821
2018-07-11,459.81158447265625,0.04192337931385093
2018-07-12,479.08843994140625,0.016122473289308603
2018-07-13,486.8125305175781,-0.02145842058797731
2018-07-16,476.3663024902344,0.015006370130223212
2018-07-17,483.51483154296875,0.0001830998520937488
2018-07-18,483.6033630371094,0.01125810617531764
2018-07-19,489.0478210449219,0.02154143129919972
2018-07-20,499.5826110839844,-0.0073983268381448974
2018-07-23,495.88653564453125,-0.008345882661372483
2018-07-24,491.7479248046875,0.0037804100338620916
2018-07-25,493.60693359375,-0.004035299488479138
2018-07-26,491.6150817871094,0.01728715619970478
2018-07-27,500.11370849609375,0.01907342116898958
2018-07-30,509.652587890625,0.030050365574358695
2018-07-31,524.9678344726562,0.005354215689135522
2018-08-01,527.7786254882812,-0.02012842418722982
2018-08-02,517.1552734375,0.0073607305591172345
2018-08-03,520.9619140625,0.013297146954345695
2018-08-06,527.8892211914062,-0.007043293297199438
2018-08-07,524.171142578125,0.02828894203786203
2018-08-08,538.9993896484375,0.00020541354139513857
2018-08-09,539.110107421875,-0.01128953738234173
2018-08-10,533.0238037109375,-0.013701952419437724
2018-08-13,525.7203369140625,0.019281115638164703
2018-08-14,535.8568115234375,-0.008095469912903663
2018-08-16,531.518798828125,0.0024569370001668034
2018-08-17,532.82470703125,0.02587745423721044
2018-08-20,546.6128540039062,0.009960354879934075
2018-08-21,552.0573120117188,0.017839763305471212
2018-08-23,561.9058837890625,0.006341550417943598
2018-08-24,565.46923828125,0.010958754180407038
2018-08-27,571.6660766601562,0.02129310603461798
2018-08-28,583.838623046875,-0.01880224704911715
2018-08-29,572.8611450195312,-0.015260356729883351
2018-08-30,564.1190795898438,-0.02573657615498448
2018-08-31,549.6005859375,-0.010067236327517715
2018-09-03,544.067626953125,0.01041383871939039
2018-09-04,549.7334594726562,-0.012037749561915945
2018-09-05,543.1159057617188,0.02803590438787329
2018-09-06,558.3426513671875,0.013635718678610464
2018-09-07,565.9560546875,-0.017792913850491532
2018-09-10,555.8860473632812,-0.014452376615361362
2018-09-11,547.8521728515625,0.011957651562331195
2018-09-12,554.4031982421875,0.0005190820735363477
2018-09-14,554.6909790039062,-0.02174535216933604
2018-09-17,542.6290283203125,-0.007137559313752262
2018-09-18,538.7559814453125,-0.005258311508196778
2018-09-19,535.9230346679688,0.005575041144856074
2018-09-21,538.9108276367188,0.011950939547642259
2018-09-24,545.351318359375,-0.00117693985788081
2018-09-25,544.70947265625,0.016902197541156294
2018-09-26,553.916259765625,0.0018779412043417043
2018-09-27,554.9564819335938,0.0033499380307107085
2018-09-28,556.8155517578125,-0.02086734585381389
2018-10-01,545.1962890625,-0.021596203345627063
2018-10-03,533.422119140625,-0.06874940786682393
2018-10-04,496.7496643066406,-0.06540429782399537
2018-10-05,464.2601013183594,0.05773004773916823
2018-10-08,491.0618591308594,-0.01744192369515718
2018-10-09,482.4967956542969,0.011054457319539468
2018-10-10,487.8305358886719,-0.012975164387677651
2018-10-11,481.5008544921875,0.035622284954448746
2018-10-12,498.65301513671875,0.011717234821199796
2018-10-15,504.495849609375,0.02110115828621062
2018-10-16,515.1412963867188,-0.01074066284955999
2018-10-17,509.60833740234375,-0.04342928846699945
2018-10-19,487.4764099121094,-0.035094784672260126
2018-10-22,470.3685302734375,-0.007481264560726397
2018-10-23,466.8495788574219,-0.008485835836918754
2018-10-24,462.8879699707031,-0.014296034002832192
2018-10-25,456.2705078125,0.013678818482045996
2018-10-26,462.5117492675781,0.0410564818184187
2018-10-29,481.5008544921875,-0.02831405099056772
2018-10-30,467.86761474609375,0.004020784959395618
2018-10-31,469.7488098144531,-0.004711445254444446
2018-11-01,467.5356140136719,0.017656811033950115
2018-11-02,475.7908020019531,0.014326990689906172
2018-11-05,482.6074523925781,0.012657074413619185
2018-11-06,488.7158508300781,0.005977617047226991
2018-11-07,491.63720703125,-0.015530632959668167
2018-11-09,484.00177001953125,-0.012300682796787088
2018-11-12,478.0482177734375,0.018009364248905424
2018-11-13,486.6575622558594,-0.0013642866795491315
2018-11-14,485.9936218261719,-0.0010018813768681856
2018-11-15,485.5067138671875,0.02785257781026229
2018-11-16,499.0293273925781,0.020045996277074263
2018-11-19,509.0328674316406,-0.01095654199771956
2018-11-20,503.45562744140625,-0.021540216984253235
2018-11-21,492.611083984375,-0.009030546627778135
2018-11-22,488.16253662109375,0.006256583631895518
2018-11-26,491.2167663574219,0.01662523761056267
2018-11-27,499.38336181640625,0.021671869005439603
2018-11-28,510.2059326171875,0.013750933999297166
2018-11-29,517.2217407226562,-0.0008130598415583279
2018-11-30,516.8012084960938,-0.009507195411603053
2018-12-03,511.88787841796875,-0.0035884489990247737
2018-12-04,510.0509948730469,0.0024731126630439526
2018-12-05,511.3124084472656,-0.027269029528158795
2018-12-06,497.3694152832031,0.009032997764545136
2018-12-07,501.8621520996094,-0.03841059715406836
2018-12-10,482.5853271484375,0.006695605916922309
2018-12-11,485.8165283203125,0.011799058698545473
2018-12-12,491.5487060546875,-0.0031067106688814627
2018-12-13,490.0216064453125,0.004652043952342755
2018-12-14,492.30120849609375,0.015914354111891127
2018-12-17,500.1358642578125,0.005752770304358279
2018-12-18,503.0130310058594,0.0003520654435238413
2018-12-19,503.19012451171875,-0.007345286124284867
2018-12-20,499.4940490722656,-0.02503436552404925
2018-12-21,486.9895324707031,-0.010043632301526717
2018-12-24,482.098388671875,0.008446959626267514
2018-12-26,486.170654296875,0.019893426837505057
2018-12-27,495.8422546386719,0.004776043268490238
2018-12-28,498.2104187011719,-0.0038202528961230886
2018-12-31,496.30712890625,-0.00022314467104211921
2019-01-01,496.1963806152344,-0.013024064964906712
2019-01-02,489.73388671875,-0.012337296542785259
2019-01-03,483.69189453125,0.005399247527511086
2019-01-04,486.303466796875,0.005552239345468779
2019-01-07,489.0035400390625,-9.055354866316367e-05
2019-01-08,488.9592590332031,0.005522144657009731
2019-01-09,491.65936279296875,-0.002925944717217077
2019-01-10,490.2207946777344,-0.00853279364374826
2019-01-11,486.037841796875,-0.0011382295958782818
2019-01-14,485.484619140625,0.02995066744780739
2019-01-15,500.02520751953125,0.005532741086173187
2019-01-16,502.7917175292969,-0.0012765637952013575
2019-01-17,502.1498718261719,0.043986102966571794
2019-01-18,524.2374877929688,0.04504577716868585
2019-01-21,547.8521728515625,-0.002060046724546849
2019-01-22,546.7235717773438,-0.0071652652927668425
2019-01-23,542.80615234375,0.017247071290233507
2019-01-24,552.16796875,-0.0011624102437126638
2019-01-25,551.526123046875,-0.013202446514045008
2019-01-28,544.24462890625,-0.015371478710548003
2019-01-29,535.8787841796875,-0.012348633311913049
2019-01-30,529.2614135742188,0.02630261552348001
2019-01-31,543.182373046875,0.018579583122647403
2019-02-01,553.2744750976562,0.032761273795073764
2019-02-04,571.4004516601562,0.0005035343002031123
2019-02-05,571.6881713867188,0.01447866709357637
2019-02-06,579.9654541015625,-0.015149722894408968
2019-02-07,571.1791381835938,-0.009841744121919183
2019-02-08,565.5577392578125,-0.019136102380959086
2019-02-11,554.7351684570312,0.002513428368446702
2019-02-12,556.1294555664062,-0.025628688625793927
2019-02-14,541.8765869140625,0.01654136591746025
2019-02-15,550.8399658203125,-0.019566730585680037
2019-02-18,540.0618286132812,-0.0032784558245906315
2019-02-19,538.291259765625,0.015006864440565204
2019-02-20,546.3693237304688,0.01016721376853491
2019-02-21,551.9243774414062,-0.011668822542398427
2019-02-22,545.4840698242188,-4.061669798327561e-05
2019-02-25,545.4619140625,-0.009778391665607344
2019-02-26,540.128173828125,0.002663213348611082
2019-02-27,541.566650390625,0.006170835931093688
2019-02-28,544.9085693359375,-0.004061479099736087
2019-03-01,542.6954345703125,0.00946125983830437
2019-03-05,547.8300170898438,0.021936691583347656
2019-03-06,559.8475952148438,0.0043091648630047
2019-03-07,562.2600708007812,-0.0024798989239007696
2019-03-08,560.86572265625,0.029200615851784573
2019-03-11,577.2433471679688,0.020895358261199704
2019-03-12,589.3050537109375,0.011980519460343286
2019-03-13,596.365234375,-0.004267695086444867
2019-03-14,593.8201293945312,-0.014833671475274923
2019-03-15,585.0115966796875,0.02148833103977843
2019-03-18,597.58251953125,0.01962895340846793
2019-03-19,609.3124389648438,-0.0007994610824929582
2019-03-20,608.8253173828125,-0.024500866867689375
2019-03-22,593.9085693359375,-0.012893657717644946
2019-03-25,586.2509155273438,0.03231531883726779
2019-03-26,605.19580078125,-0.013165007450939625
2019-03-27,597.2283935546875,0.007967305025350147
2019-03-28,601.9866943359375,0.023419058192528652
2019-04-01,616.0846557617188,-0.0015446905670347677
2019-04-02,615.1329956054688,-0.010433663721770015
2019-04-03,608.7149047851562,-0.016106790358345946
2019-04-04,598.9104614257812,0.0006280732967549607
2019-04-05,599.28662109375,-0.018206664988238752
2019-04-08,588.3756103515625,0.0039119513740015766
2019-04-09,590.6773071289062,-0.0022855738739242515
2019-04-10,589.3272705078125,0.011566937026191493
2019-04-11,596.1439819335938,-0.0027474544197465534
2019-04-12,594.506103515625,-0.0021964217441851064
2019-04-15,593.2003173828125,0.0026864920381677315
2019-04-16,594.7939453125,0.03140459044870125
2019-04-18,613.4732055664062,-0.029294075451105295
2019-04-22,595.5020751953125,0.013751157409068293
2019-04-23,603.69091796875,0.01880693633483488
2019-04-24,615.0444946289062,-0.012306575968039302
2019-04-25,607.4754028320312,0.014864445727602149
2019-04-26,616.5051879882812,0.0
2019-04-30,616.5051879882812,0.008795522660979715
2019-05-02,621.9276733398438,0.0027042111206230235
2019-05-03,623.6094970703125,-0.01699963727895404
2019-05-06,613.0083618164062,-0.029893874951722688
2019-05-07,594.6831665039062,-0.03278749095916178
2019-05-08,575.1849975585938,-0.03309078866121429
2019-05-09,556.1516723632812,-0.004218288674404658
2019-05-10,553.8056640625,-0.01526590689070828
2019-05-13,545.351318359375,0.023050830461119665
2019-05-14,557.922119140625,-0.002816432695080473
2019-05-15,556.3507690429688,0.006722908672509353
2019-05-16,560.091064453125,0.0016201109525908475
2019-05-17,560.9984741210938,0.0461572824768024
2019-05-20,586.8926391601562,0.010483743738982199
2019-05-21,593.0454711914062,0.00044769405144284846
2019-05-22,593.3109741210938,-0.004849288747323155
2019-05-23,590.433837890625,0.002211673999976016
2019-05-24,591.7396850585938,-0.019598428602269014
2019-05-27,580.1425170898438,0.009995102605929063
2019-05-28,585.9411010742188,-0.008083075322766198
2019-05-29,581.2048950195312,0.012718455869758838
2019-05-30,588.596923828125,0.0003008221434961378
2019-05-31,588.7739868164062,0.022591469441732848
2019-06-03,602.0752563476562,-0.006285835298058151
2019-06-04,598.2907104492188,-0.017978055363000567
2019-06-06,587.5346069335938,-0.009379641969643804
2019-06-07,582.0237426757812,0.0032321096423537643
2019-06-10,583.9049072265625,0.007580776564704017
2019-06-11,588.3313598632812,0.00225734009003431
2019-06-12,589.659423828125,-0.0036786123146926863
2019-06-13,587.4902954101562,-0.007308236578459137
2019-06-14,583.19677734375,-0.02675430995146466
2019-06-17,567.59375,-0.001013715210868238
2019-06-18,567.0183715820312,-0.0028492914284766746
2019-06-19,565.4027709960938,0.015187683265146745
2019-06-20,573.9899291992188,-0.013302601132190062
2019-06-21,566.3543701171875,-0.013364586195933947
2019-06-24,558.7852783203125,0.026497033687531424
2019-06-25,573.5914306640625,-0.0013115944481013608
2019-06-26,572.839111328125,-0.015454222709409438
2019-06-27,563.986328125,-0.01652079920764926
2019-06-28,554.6688232421875,0.012568865104833016
2019-07-01,561.640380859375,0.007605263947203955
2019-07-02,565.9118041992188,0.0031677437383648144
2019-07-03,567.7044677734375,0.0011307058068414921
2019-07-04,568.3463745117188,-0.01608273471031929
2019-07-05,559.205810546875,-0.008944526255540763
2019-07-08,554.2039794921875,0.022403221646333904
2019-07-09,566.6199340820312,-0.0009762480770993953
2019-07-10,566.0667724609375,0.00211107131235333
2019-07-11,567.2617797851562,-0.0008192367197090711
2019-07-12,566.7970581054688,-0.0034360989933346353
2019-07-15,564.8494873046875,0.013243295635612329
2019-07-16,572.3299560546875,-0.008623070742687422
2019-07-17,567.3947143554688,-0.015602512640924604
2019-07-18,558.5419311523438,-0.010183418457415883
2019-07-19,552.8540649414062,0.025220024683259235
2019-07-22,566.7970581054688,-0.005427505138426603
2019-07-23,563.7207641601562,-0.01134625256103805
2019-07-24,557.3246459960938,-0.02192043176767322
2019-07-25,545.1078491210938,-0.014372670975754565
2019-07-26,537.273193359375,-0.0023482610531060377
2019-07-29,536.0115356445312,-0.02481515342780749
2019-07-30,522.7103271484375,-0.012405760521321252
2019-07-31,516.2257080078125,0.012004598809010725
2019-08-01,522.4227905273438,0.009496955093099668
2019-08-02,527.3842163085938,-0.03461817686906665
2019-08-05,509.12713623046875,-0.013163038619132483
2019-08-06,502.42547607421875,-0.016750774046650374
2019-08-07,494.00946044921875,0.03871457480499707
2019-08-08,513.1348266601562,0.008460842080497466
2019-08-09,517.4763793945312,0.09693674452277357
2019-08-13,567.6388549804688,0.010590315579404486
2019-08-14,573.6503295898438,-0.007956643305602196
2019-08-16,569.0859985351562,0.011424183322331194
2019-08-19,575.5873413085938,-0.012880970450636187
2019-08-20,568.1732177734375,-0.003918701894413457
2019-08-21,565.9467163085938,-0.019040879178807923
2019-08-22,555.1705932617188,0.023340807384413687
2019-08-23,568.1287231445312,-0.007093407000113072
2019-08-26,564.0987548828125,0.006354443544465793
2019-08-27,567.6832885742188,-0.009059853522064398
2019-08-28,562.5401611328125,-0.017058243888402935
2019-08-29,552.9442138671875,0.005475836359827069
2019-08-30,555.9720458984375,-0.033758968831642755
2019-09-03,537.2030029296875,-0.004351741412349286
2019-09-04,534.865234375,-0.0021230751394005765
2019-09-05,533.7296752929688,0.01993990138172852
2019-09-06,544.3721923828125,-0.00024520702671171346
2019-09-09,544.2387084960938,0.009981712063522385
2019-09-11,549.671142578125,-0.01948297388397624
2019-09-12,538.9619140625,0.012599610978135445
2019-09-13,545.7526245117188,-0.012116608517189986
2019-09-16,539.1399536132812,-0.010984721511367979
2019-09-17,533.2176513671875,0.006889578786658523
2019-09-18,536.8912963867188,-0.022103292620969883
2019-09-19,525.0242309570312,0.06386470490515173
2019-09-20,558.5547485351562,-0.012077657082919191
2019-09-23,551.8087158203125,0.03187526725963563
2019-09-24,569.3977661132812,0.0006647005422759644
2019-09-25,569.7762451171875,0.013481212107189
2019-09-26,577.45751953125,0.009446294835337765
2019-09-27,582.912353515625,0.01772296050148925
2019-09-30,593.2432861328125,-0.02052923866564582
2019-10-01,581.064453125,0.004713051041159044
2019-10-03,583.8030395507812,-0.0022501761364236428
2019-10-04,582.4893798828125,0.001529102617004785
2019-10-07,583.3800659179688,0.011182139879488684
2019-10-09,589.9035034179688,0.02868469760772374
2019-10-10,606.82470703125,-0.007448138322482589
2019-10-11,602.3049926757812,0.003992332921064934
2019-10-14,604.7095947265625,0.004528762979227441
2019-10-15,607.4481811523438,0.006010893217948565
2019-10-16,611.0994873046875,0.0175976358570209
2019-10-17,621.8533935546875,0.014214042062940635
2019-10-18,630.6924438476562,-0.0015532360778515164
2019-10-22,629.7128295898438,-0.015380216463454555
2019-10-23,620.0277099609375,0.03163586399376128
2019-10-24,639.642822265625,-0.003654707655830536
2019-10-25,637.3051147460938,0.002131185362559629
2019-10-27,638.663330078125,0.022868998629568926
2019-10-29,653.2689208984375,0.008213650587985288
2019-10-30,658.6346435546875,-0.009972227035873193
2019-10-31,652.0665893554688,-0.0050874908585318845
2019-11-01,648.7492065429688,0.0005146246058111981
2019-11-04,649.0830688476562,-0.007100329425420493
2019-11-05,644.474365234375,-0.00856780162794668
2019-11-06,638.95263671875,0.01651691725732185
2019-11-07,649.5061645507812,-0.008981057103837453
2019-11-08,643.6729125976562,-0.012245094959319358
2019-11-11,635.7910766601562,0.031166862072146806
2019-11-13,655.606689453125,-0.006486362189125128
2019-11-14,651.3541870117188,0.0055374980778757354
2019-11-15,654.9610595703125,-0.007920504577349718
2019-11-18,649.7734375,0.03464210782604504
2019-11-19,672.282958984375,0.02510348912415461
2019-11-20,689.1596069335938,-0.006493823370802954
2019-11-21,684.684326171875,0.005788354792550576
2019-11-22,688.6475219726562,0.009731714669078961
2019-11-25,695.3492431640625,-0.0008325578300725223
2019-11-26,694.7703247070312,0.006152884135338432
2019-11-27,699.045166015625,0.006656680481781585
2019-11-28,703.698486328125,-0.018445892568873523
2019-11-29,690.7181396484375,0.02278963014568003
2019-12-02,706.4593505859375,-0.00479056349965401
2019-12-03,703.0750122070312,-0.01659380124333487
2019-12-04,691.4083251953125,-0.0011913806049663744
2019-12-05,690.5845947265625,0.0026115074252257564
2019-12-06,692.3880615234375,0.011383288173238526
2019-12-09,700.2697143554688,-0.006772205777646145
2019-12-10,695.52734375,0.00028800791890137845
2019-12-11,695.7276611328125,0.0037124076723149546
2019-12-12,698.3104858398438,0.009373733460861677
2019-12-13,704.8562622070312,-0.010297561602876204
2019-12-16,697.5979614257812,-0.0024895347061908435
2019-12-17,695.8612670898438,0.008414970242499153
2019-12-18,701.7169189453125,0.02163899406189307
2019-12-19,716.9013671875,-0.006739140207081551
2019-12-20,712.070068359375,-0.017322335743299
2019-12-23,699.7353515625,-0.015877497630940263
2019-12-24,688.6253051757812,-0.02007819764471097
2019-12-26,674.7989501953125,0.017784069437638106
2019-12-27,686.7996215820312,0.0011994641202752732
2019-12-30,687.6234130859375,-0.019524726651519053
2019-12-31,674.19775390625,-0.002939058067422451
2020-01-01,672.2162475585938,0.017024238506768485
2020-01-02,683.6602172851562,0.0012050614007264038
2020-01-03,684.4840698242188,-0.02319220493808649
2020-01-06,668.609375,0.01538455078170653
2020-01-07,678.8956298828125,-0.007510186526580087
2020-01-08,673.7969970703125,0.023031408153818766
2020-01-09,689.3154907226562,-0.0002261428782037722
2020-01-10,689.1596069335938,-0.002552255116400004
2020-01-13,687.4006958007812,-0.009263411893745688
2020-01-14,681.0330200195312,-0.0036289511289836485
2020-01-15,678.5615844726562,0.009220104460037293
2020-01-16,684.8179931640625,0.02802534532352685
2020-01-17,704.01025390625,-0.03077176097038936
2020-01-20,682.3466186523438,0.0010115776398138543
2020-01-21,683.036865234375,-0.00035859569885321463
2020-01-22,682.7919311523438,-0.004239079355847997
2020-01-23,679.8975219726562,-0.0034711795681668933
2020-01-24,677.5374755859375,-0.00985841167471746
2020-01-27,670.8580322265625,-0.02309918956181678
2020-01-28,655.3617553710938,0.005503729145298619
2020-01-29,658.9686889648438,-0.0243942899129842
2020-01-30,642.8936157226562,-0.022233954472770767
2020-01-31,628.5995483398438,-0.018524270619163508
2020-02-03,616.9552001953125,0.029520011190920847
2020-02-04,635.167724609375,0.01549345472310426
2020-02-05,645.0086669921875,0.006420433652269963
2020-02-06,649.14990234375,-0.016566043029533017
2020-02-07,638.3960571289062,0.0013602013331253104
2020-02-10,639.264404296875,0.01194638995091335
2020-02-11,646.9013061523438,0.012080388865526759
2020-02-12,654.7161254882812,0.0026183782052340288
2020-02-13,656.430419921875,0.009123979679693806
2020-02-14,662.419677734375,-0.006285218100219203
2020-02-17,658.2562255859375,-0.0073398195805790545
2020-02-18,653.4247436523438,0.02480582560093403
2020-02-19,669.6334838867188,-0.01186990573110236
2020-02-20,661.6849975585938,-0.02759179994330807
2020-02-24,643.4279174804688,-0.019758444450789447
2020-02-25,630.7147827148438,-0.017226665051229384
2020-02-26,619.8496704101562,-0.0041308174579643975
2020-02-27,617.2891845703125,-0.04155100633143316
2020-02-28,591.6401977539062,-0.009408121972886208
2020-03-02,586.073974609375,0.020286524930235084
2020-03-03,597.96337890625,-0.0023458124868838137
2020-03-04,596.5606689453125,-0.021310510995953602
2020-03-05,583.84765625,-0.030622240156558345
2020-03-06,565.9689331054688,-0.12340675748031749
2020-03-09,496.1245422363281,0.035363270082461096
2020-03-11,513.6691284179688,-0.07849667684772554
2020-03-12,473.3478088378906,0.03979301720281292
2020-03-13,492.1837463378906,-0.08106398628908196
2020-03-16,452.2853698730469,-0.00758092497230356
2020-03-17,448.85662841796875,-0.039186616058841994
2020-03-18,431.2674560546875,-0.052452162403978764
2020-03-19,408.64654541015625,0.10924048562678257
2020-03-20,453.28729248046875,-0.13153882519717142
2020-03-23,393.66241455078125,0.06713407387711023
2020-03-24,420.090576171875,0.147180406011306
2020-03-25,481.919677734375,-0.014830215462148577
2020-03-26,474.772705078125,-0.0005626921599510837
2020-03-27,474.50555419921875,-0.032986125179903625
2020-03-30,458.85345458984375,0.08083841734111652
2020-03-31,495.9464416503906,-0.029898887914121652
2020-04-01,481.1181945800781,-0.0027766076608466417
2020-04-03,479.7823181152344,0.1194021031189949
2020-04-07,537.0693359375,-0.01156608947212423
2020-04-08,530.8575439453125,0.023319041985290223
2020-04-09,543.2366333007812,-0.025246761686483543
2020-04-13,529.5216674804688,-0.03304881010521021
2020-04-15,512.0216064453125,0.01582817993453789
2020-04-16,520.1259765625,0.04790028895493692
2020-04-17,545.0401611328125,0.01617626012633
2020-04-20,553.8568725585938,-0.00518558215091236
2020-04-21,550.9848022460938,0.1020326596941401
2020-04-22,607.2032470703125,0.005353413979991561
2020-04-23,610.453857421875,0.033627664003512914
2020-04-24,630.9819946289062,0.008997670634645516
2020-04-27,636.6593627929688,-0.0011189693977400328
2020-04-28,635.9469604492188,-0.0008401671696568469
2020-04-29,635.4126586914062,0.027366047358841294
2020-04-30,652.8013916015625,-0.021009680895644145
2020-05-04,639.0862426757812,0.017732856616631265
2020-05-05,650.4190673828125,6.85030102849371e-05
2020-05-06,650.463623046875,0.031627362394385905
2020-05-07,671.0360717773438,0.03639828255757216
2020-05-08,695.4606323242188,0.009604256536989597
2020-05-11,702.1400146484375,-0.06186591946252484
2020-05-12,658.7014770507812,0.021216873537422742
2020-05-13,672.6770629882812,-0.04042920782884463
2020-05-14,645.4812622070312,0.01633075868759737
2020-05-15,656.0224609375,-0.012779263494634319
2020-05-18,647.6389770507812,-0.022106571939069952
2020-05-19,633.3218994140625,0.01760263198625034
2020-05-20,644.4700317382812,0.005265841064260091
2020-05-21,647.8637084960938,-0.006730353167368808
2020-05-22,643.5033569335938,-0.005238942142483105
2020-05-26,640.132080078125,0.01509784014453186
2020-05-27,649.7966918945312,0.01847041437709307
2020-05-28,661.7987060546875,-0.005331871241207375
2020-05-29,658.2700805664062,0.03820670319423192
2020-06-01,683.42041015625,0.010096310135784492
2020-06-02,690.3204345703125,0.0038746407007472783
2020-06-03,692.9951782226562,0.02474609682744444
2020-06-04,710.1441040039062,0.0012025783238007737
2020-06-05,710.9981079101562,-0.007713113056210141
2020-06-08,705.5140991210938,-0.020611649150806377
2020-06-09,690.9722900390625,0.022769499571146712
2020-06-10,706.7053833007812,-0.021912810125454096
2020-06-11,691.219482421875,0.033231522639413535
2020-06-12,714.1897583007812,0.016207108877358323
2020-06-15,725.7647094726562,0.0019510670696964993
2020-06-16,727.1807250976562,-0.0014526450066135732
2020-06-17,726.1243896484375,0.025102838388268767
2020-06-18,744.3521728515625,0.06250388464040646
2020-06-19,790.8770751953125,-0.0075310258818481746
2020-06-22,784.9209594726562,-0.014460490142218507
2020-06-23,773.5706176757812,0.00403860415122681
2020-06-24,776.6947631835938,-0.005758576550287331
2020-06-25,772.2221069335938,0.01382499187683428
2020-06-26,782.8980712890625,-0.01062204558789337
2020-06-29,774.5820922851562,-0.011055293566898716
2020-06-30,766.0188598632812,0.019658493601784732
2020-07-01,781.07763671875,0.017215360638940913
2020-07-02,794.524169921875,0.01565018247765848
2020-07-03,806.9586181640625,0.03574045038237794
2020-07-06,835.7996826171875,-0.015309474941181178
2020-07-07,823.0040283203125,-0.013957107104976552
2020-07-08,811.5172729492188,0.014599539301554554
2020-07-09,823.3650512695312,0.029491669133306253
2020-07-10,847.6474609375,0.030323975133382808
2020-07-13,873.3515014648438,-0.009302402943715649
2020-07-14,865.2272338867188,-0.0380803086481456
2020-07-15,832.2791137695312,-0.00032546055638793536
2020-07-16,832.0082397460938,0.037051127367592196
2020-07-17,862.8350830078125,0.004289405794425605
2020-07-20,866.5361328125,0.026902456574927402
2020-07-21,889.8480834960938,0.01645919058641554
2020-07-22,904.4942626953125,0.026846259395053806
2020-07-23,928.7765502929688,0.042934269562317384
2020-07-24,968.6528930664062,0.004682740060448332
2020-07-27,973.1888427734375,0.009971196745557132
2020-07-28,982.8927001953125,-0.03721806038035702
2020-07-29,946.3113403320312,0.0058188129600922345
2020-07-30,951.8177490234375,-0.019797516855533548
2020-07-31,932.97412109375,-0.028107043848663138
2020-08-03,906.7509765625,0.07048285807522348
2020-08-04,970.661376953125,-0.011229419072097957
2020-08-05,959.7614135742188,0.0035974542267209753
2020-08-06,963.214111328125,0.005787039090569213
2020-08-07,968.7882690429688,-0.012392655607669778
2020-08-10,956.7824096679688,0.006580792722699735
2020-08-11,963.0787963867188,-0.002905808911709218
2020-08-12,960.2802734375,-0.0026084913767241424
2020-08-13,957.775390625,-0.003887729642869542
2020-08-14,954.0518188476562,-0.010620563955963669
2020-08-17,943.9192504882812,0.013005803426835216
2020-08-18,956.1956787109375,0.006136352465896611
2020-08-19,962.063232421875,-0.016185434187743986
2020-08-20,946.4918212890625,-0.007248188952289736
2020-08-21,939.6314697265625,0.006676682090367203
2020-08-24,945.9050903320312,-0.006513220760565375
2020-08-25,939.7442016601562,0.026511731130083094
2020-08-26,964.658447265625,-0.012492404285134762
2020-08-27,952.6075439453125,0.002629629482502116
2020-08-28,955.112548828125,-0.016752144158403315
2020-08-31,939.1123657226562,0.0031480363492033536
2020-09-01,942.0687255859375,0.019619103620934775
2020-09-02,960.55126953125,-0.007565159573792113
2020-09-03,953.2845458984375,-0.016500119664907498
2020-09-04,937.5552368164062,0.00259965151792807
2020-09-07,939.9925537109375,0.011739880648053092
2020-09-08,951.0279541015625,0.025746131248555182
2020-09-09,975.5132446289062,0.0706270718745372
2020-09-10,1044.410888671875,0.0024848600028004597
2020-09-11,1047.006103515625,-0.007414416618068076
2020-09-14,1039.2431640625,0.007079126279735171
2020-09-15,1046.60009765625,0.002457968207136396
2020-09-16,1049.172607421875,-0.011098891867684979
2020-09-17,1037.5279541015625,0.0030233795705569833
2020-09-18,1040.664794921875,-0.02162032561160976
2020-09-21,1018.165283203125,-0.019815161836799988
2020-09-22,997.9901733398438,0.008886696168098007
2020-09-23,1006.8590087890625,-0.022234032222103517
2020-09-24,984.4724731445312,0.009398498920958787
2020-09-25,993.7250366210938,0.006608546020988371
2020-09-28,1000.2921142578125,0.012994861242315414
2020-09-29,1013.290771484375,-0.004766001861489788
2020-09-30,1008.46142578125,-0.004072777266963312
2020-10-01,1004.3541870117188,-0.005864540378049954
2020-10-05,998.464111328125,-0.0008362453172096052
2020-10-06,997.629150390625,0.021331579827075453
2020-10-07,1018.91015625,-0.00808436700902082
2020-10-08,1010.6729125976562,-0.002590032589794067
2020-10-09,1008.0552368164062,0.0016117121015608582
2020-10-12,1009.679931640625,0.019512536001000003
2020-10-13,1029.38134765625,0.002981491556907301
2020-10-14,1032.450439453125,-0.03540983424361366
2020-10-15,995.8915405273438,-0.013913486236513561
2020-10-16,982.0352172851562,0.000183720419287825
2020-10-19,982.2156372070312,-0.009328126226299638
2020-10-20,973.0534057617188,-0.014518231041077745
2020-10-21,958.9263916015625,-0.008307528777516504
2020-10-22,950.9600830078125,0.002895280199068928
2020-10-23,953.71337890625,-0.039729380684567106
2020-10-26,915.8229370117188,0.0026613407417859225
2020-10-27,918.26025390625,-0.011329513978805661
2020-10-28,907.8568115234375,0.0076809530731005715
2020-10-29,914.8300170898438,0.013616838158397204
2020-10-30,927.287109375,-0.0861766778088805
2020-11-02,847.3765869140625,-0.014407835303957617
2020-11-03,835.167724609375,0.033938524581777596
2020-11-04,863.5120849609375,0.021848371709431103
2020-11-05,882.37841796875,0.037928356365491744
2020-11-06,915.8455810546875,0.010620241737305358
2020-11-09,925.5720825195312,0.0165064984025598
2020-11-10,940.8500366210938,-0.04190364807734237
2020-11-11,901.4249877929688,-0.008612056093098563
2020-11-12,893.661865234375,0.008282954585501878
2020-11-13,901.0640258789062,0.0029552870334979
2020-11-14,903.7269287109375,-0.004519789808128283
2020-11-17,899.6422729492188,-0.0030351962134471666
2020-11-18,896.9116821289062,-0.007070295537917937
2020-11-19,890.5702514648438,-0.037326033542495085
2020-11-20,857.3287963867188,0.02695437823368496
2020-11-23,880.4375610351562,0.006843701276297187
2020-11-24,886.4630126953125,-0.008273724318894282
2020-11-25,879.128662109375,0.002464376375867161
2020-11-26,881.295166015625,-0.01167687272233664
2020-11-27,871.00439453125,0.013006589240936783
2020-12-01,882.3331909179688,0.0016625453518146482
2020-12-02,883.8001098632812,0.00301301482350258
2020-12-03,886.4630126953125,-0.008808225940713954
2020-12-04,878.6548461914062,0.005881404548981672
2020-12-07,883.8225708007812,0.01815456030016538
2020-12-08,899.8679809570312,0.016652019471443458
2020-12-09,914.8526000976562,-0.0098423871726796
2020-12-10,905.8482666015625,-0.0005978539247395442
2020-12-11,905.3067016601562,-0.0072290358802215016
2020-12-14,898.76220703125,-0.008512005172043757
2020-12-15,891.1119384765625,0.0011142482543466947
2020-12-16,892.1048583984375,0.004578603835759143
2020-12-17,896.189453125,0.0029966285204936494
2020-12-18,898.875,-0.0260350802000765
2020-12-21,875.4727172851562,-0.0015465277722100934
2020-12-22,874.1187744140625,0.003691915728186723
2020-12-23,877.345947265625,0.025876423951520566
2020-12-24,900.0485229492188,0.004588375667408773
2020-12-28,904.1782836914062,-0.006613988322037634
2020-12-29,898.1980590820312,0.0027384336192315395
2020-12-30,900.65771484375,-0.00511134983277739
2020-12-31,896.0541381835938,0.0011081707172784228
2021-01-01,897.047119140625,0.0016854888203348128
2021-01-04,898.55908203125,-0.012431809499692692
2021-01-05,887.3883666992188,-0.026372017662047775
2021-01-06,863.9861450195312,-0.0016194356008375488
2021-01-07,862.5869750976562,0.011799081911534559
2021-01-08,872.7647094726562,-0.018849912132535618
2021-01-11,856.3131713867188,0.031519401332945174
2021-01-12,883.3036499023438,-0.009325218471167185
2021-01-13,875.066650390625,0.011243981694474714
2021-01-14,884.9058837890625,-0.01180766183727222
2021-01-15,874.4572143554688,0.02400058853472653
2021-01-18,895.4447021484375,0.016356319004488196
2021-01-19,910.0908813476562,0.018994255824033468
2021-01-20,927.3773803710938,0.021755081939096144
2021-01-21,947.5525512695312,-0.023721036559737896
2021-01-22,925.0756225585938,-0.052986060907842525
2021-01-25,876.0595092773438,-0.02369919124854325
2021-01-27,855.297607421875,-0.00973596601374871
2021-01-28,846.970458984375,-0.018438160366494705
2021-01-29,831.3538818359375,0.028963867444314673
2021-02-01,855.43310546875,0.016092422800721762
2021-02-02,869.1990966796875,0.0025184401217952512
2021-02-03,871.3881225585938,-0.003289037063778144
2021-02-04,868.5220947265625,-0.0002858073294575991
2021-02-05,868.2738647460938,0.014398839741795788
2021-02-08,880.7760009765625,0.002408556685728369
2021-02-09,882.8973999023438,0.009278352724789718
2021-02-10,891.0892333984375,0.04122987976524839
2021-02-11,927.8287353515625,-0.00685903920561759
2021-02-12,921.4647216796875,-0.004408278101522667
2021-02-15,917.4026489257812,0.01323429175904689
2021-02-16,929.5438232421875,0.011531916106257478
2021-02-17,940.2632446289062,-0.007464197486146462
2021-02-18,933.2449340820312,0.006093542402904939
2021-02-19,938.9317016601562,-0.03470650322616042
2021-02-22,906.3446655273438,0.0076441368496595885
2021-02-23,913.2728881835938,0.018557430387080576
2021-02-24,930.2208862304688,0.04044154289368773
2021-02-25,967.8404541015625,-0.027304239401181762
2021-02-26,941.414306640625,0.00762286007407087
2021-03-01,948.590576171875,0.002045914129901405
2021-03-02,950.5313110351562,0.04563166737352953
2021-03-03,993.9056396484375,-0.011920548508826068
2021-03-04,982.0577392578125,0.0013098169960361616
2021-03-05,983.3440551757812,0.005691600745795888
2021-03-08,988.9408569335938,-2.2958984822851747e-05
2021-03-09,988.9181518554688,-0.00415320289820631
2021-03-10,984.8109741210938,-0.020325819238168563
2021-03-12,964.7938842773438,-0.013426364457221784
2021-03-15,951.8402099609375,-0.003935568886081708
2021-03-16,948.0941772460938,-0.021541531810932102
2021-03-17,927.6707763671875,-0.022502266273780047
2021-03-18,906.7960815429688,0.0362849110251251
2021-03-19,939.6990966796875,-0.009414115197229456
2021-03-22,930.8526611328125,0.012170474372651396
2021-03-23,942.1815795898438,-0.019257609607440163
2021-03-24,924.0374145507812,-0.027279826735869595
2021-03-25,898.829833984375,0.0016069069838253736
2021-03-26,900.274169921875,0.017371417073195117
2021-03-30,915.9132080078125,-0.012910825184212382
2021-03-31,904.0880126953125,0.00936049079370238
2021-04-01,912.5507202148438,-0.014466969308413513
2021-04-05,899.348876953125,-0.004165339887554298
2021-04-06,895.602783203125,0.009348313387702367
2021-04-07,903.9751586914062,0.0012482167488176987
2021-04-08,905.103515625,-0.011618888011341921
2021-04-09,894.5872192382812,-0.035770960564216914
2021-04-12,862.5869750976562,0.010804999071297727
2021-04-13,871.9072265625,0.006470554963806219
2021-04-15,877.5489501953125,-0.0062746900386860816
2021-04-16,872.0426025390625,-0.01573419256182973
2021-04-19,858.3217163085938,-0.00028920389144559966
2021-04-20,858.073486328125,0.0027614975976399947
2021-04-22,860.4430541992188,-0.001075297114757734
2021-04-23,859.517822265625,0.017591181579197812
2021-04-26,874.6377563476562,0.02621467523001475
2021-04-27,897.5661010742188,0.004349667132993007
2021-04-28,901.47021484375,0.013393173911324219
2021-04-29,913.5437622070312,-0.01459949793890114
2021-04-30,900.2064819335938,-0.017773835660397697
2021-05-03,884.2063598632812,-0.0216687742120657
2021-05-04,865.0466918945312,0.001826157973742193
2021-05-05,866.6264038085938,0.005676885389032993
2021-05-06,871.546142578125,0.0003883913427247254
2021-05-07,871.8846435546875,-0.002873092101495889
2021-05-10,869.379638671875,0.0036081369758147464
2021-05-11,872.5164794921875,-0.010345840698802622
2021-05-12,863.4895629882812,0.012623226592734627
2021-05-14,874.3895874023438,0.011898088224074232
2021-05-17,884.7931518554688,0.014078963188990157
2021-05-18,897.2501220703125,0.004577653102136425
2021-05-19,901.357421875,-0.005833622249428516
2021-05-20,896.0992431640625,0.008638038263987236
2021-05-21,903.8397827148438,-0.00843926847202936
2021-05-24,896.2120361328125,-0.011331260899110296
2021-05-25,886.0568237304688,0.003514738252777594
2021-05-26,889.1710815429688,0.0030710770371507046
2021-05-27,891.9017944335938,0.06006773869067494
2021-05-28,945.476318359375,0.03126795433952423
2021-05-31,975.0394287109375,0.003980896205244111
2021-06-01,978.9209594726562,0.014915415838536505
2021-06-02,993.52197265625,0.003815979787028523
2021-06-03,997.313232421875,-0.008666473275977027
2021-06-04,988.6700439453125,0.016845336907355568
2021-06-07,1005.3245239257812,-0.005746562932705035
2021-06-08,999.54736328125,-0.017881323724166176
2021-06-09,981.6741333007812,0.003678309080799469
2021-06-10,985.2850341796875,0.01734544762995016
2021-06-11,1002.375244140625,0.014346173359225611
2021-06-14,1016.7554931640625,0.002271810188202661
2021-06-15,1019.0653686523438,-0.01706676668044016
2021-06-16,1001.6732177734375,0.0018312255117078902
2021-06-17,1003.5075073242188,0.004513405038613749
2021-06-18,1008.0367431640625,0.005211897498097917
2021-06-21,1013.29052734375,-0.0051401803857810124
2021-06-22,1008.08203125,-0.009165426688211298
2021-06-23,998.842529296875,-0.02351103902246232
2021-06-24,975.3587036132812,-0.02277688928671262
2021-06-25,953.14306640625,-0.008767123778903763
2021-06-28,944.7867431640625,0.000862954124924542
2021-06-29,945.60205078125,0.010944542813074332
2021-06-30,955.9512329101562,-0.006017122000880448
2021-07-01,950.1991577148438,0.014823937955543931
2021-07-02,964.2848510742188,0.009934081881818768
2021-07-05,973.8641357421875,-0.01181289049304357
2021-07-06,962.3599853515625,-0.006941832675791293
2021-07-07,955.679443359375,-0.008269972151991212
2021-07-08,947.7760009765625,-0.01022644886820645
2021-07-09,938.0836181640625,0.006228219125567813
2021-07-12,943.9262084960938,0.007485279775280018
2021-07-13,950.9917602539062,-0.006524785333773098
2021-07-14,944.7867431640625,-0.0017497464046700717
2021-07-15,943.1336059570312,0.01443073106070103
2021-07-16,956.7437133789062,-0.006367091541342518
2021-07-19,950.6520385742188,-0.0024535996732814036
2021-07-20,948.3195190429688,0.012847497568265975
2021-07-22,960.5030517578125,-0.007073129225980135
2021-07-23,953.7092895507812,-0.013700873561564797
2021-07-26,940.6426391601562,-0.010520787446300583
2021-07-27,930.746337890625,-0.00858889180048883
2021-07-28,922.7522583007812,0.007804278939274711
2021-07-29,929.9536743164062,-0.008742179316964194
2021-07-30,921.8238525390625,0.018277430911487258
2021-08-02,938.6724243164062,0.007358115752247096
2021-08-03,945.5792846679688,0.007663901154961961
2021-08-04,952.8261108398438,0.014497886536268378
2021-08-05,966.6400756835938,-0.02117843481054471
2021-08-06,946.1681518554688,-0.005696354778045309
2021-08-09,940.7784423828125,0.0052475996375696
2021-08-10,945.7152709960938,0.014008300569766208
2021-08-11,958.963134765625,-0.0032116928251720855
2021-08-12,955.8832397460938,0.016654799753096583
2021-08-13,971.8032836914062,0.012979756029776413
2021-08-16,984.4170532226562,-0.004255770571309325
2021-08-17,980.2276000976562,0.0038812459414039324
2021-08-18,984.0321044921875,-0.011230536529899915
2021-08-20,972.9808959960938,0.006563572311676369
2021-08-23,979.3671264648438,0.0098734565498797
2021-08-24,989.036865234375,0.008655005621936773
2021-08-25,997.5969848632812,0.012644153623798893
2021-08-26,1010.2107543945312,-0.00136744603578709
2021-08-27,1008.829345703125,0.019237736150419904
2021-08-30,1028.2369384765625,-0.00532996680523834
2021-08-31,1022.7564697265625,0.003963515321084854
2021-09-01,1026.8101806640625,0.01204190056408816
2021-09-02,1039.1749267578125,0.04101283214069529
2021-09-03,1081.79443359375,0.015532844507936128
2021-09-06,1098.5977783203125,0.006307645588253807
2021-09-07,1105.52734375,-0.003912557638287684
2021-09-08,1101.201904296875,-0.0023648033720258255
2021-09-09,1098.5977783203125,-0.022283266144153657
2021-09-13,1074.117431640625,-0.0013070550972421602
2021-09-14,1072.7135009765625,0.00415889583460638
2021-09-15,1077.1748046875,0.02098124071305607
2021-09-16,1099.7752685546875,-0.015505320633798725
2021-09-17,1082.722900390625,0.0015894623315015899
2021-09-20,1084.44384765625,0.004322717262637665
2021-09-21,1089.131591796875,0.010729121157351251
2021-09-22,1100.8170166015625,0.024439522624630783
2021-09-23,1127.720458984375,-0.002891878428531003
2021-09-24,1124.459228515625,0.01681635160998618
2021-09-27,1143.3685302734375,0.009348661049114027
2021-09-28,1154.0574951171875,-0.0079275111938929
2021-09-29,1144.90869140625,-0.0034022483199865894
2021-09-30,1141.013427734375,0.001766414733338939
2021-10-01,1143.0289306640625,0.012858174653953336
2021-10-04,1157.7261962890625,0.020753697796932258
2021-10-05,1181.7532958984375,-0.018913692423749295
2021-10-06,1159.4019775390625,0.0049025981854153855
2021-10-07,1165.0860595703125,0.03842709614081996
2021-10-08,1209.85693359375,-0.006962967357565408
2021-10-11,1201.4327392578125,0.005711259658344625
2021-10-12,1208.29443359375,0.010176849712699498
2021-10-13,1220.591064453125,0.002022285645822297
2021-10-14,1223.0594482421875,0.0026663531385366923
2021-10-18,1226.320556640625,0.008956185425907037
2021-10-19,1237.3037109375,-0.011512341367278078
2021-10-20,1223.0594482421875,-0.028847515640558985
2021-10-21,1187.7772216796875,0.0018684988321497897
2021-10-22,1189.99658203125,-0.009743598265652853
2021-10-25,1178.4017333984375,0.022772750971231437
2021-10-26,1205.2371826171875,-0.012645312313417256
2021-10-27,1189.99658203125,-0.010961432645921643
2021-10-28,1176.9525146484375,-0.023993747922413267
2021-10-29,1148.7130126953125,0.0006112479180961916
2021-11-01,1149.4151611328125,-0.014579637721246819
2021-11-02,1132.6571044921875,-0.00687766759384123
2021-11-03,1124.8670654296875,0.006140156969502986
2021-11-04,1131.77392578125,0.0012405770290262463
2021-11-08,1133.177978515625,0.007894004886785488
2021-11-09,1142.123291015625,0.011182763565923848
2021-11-10,1154.8953857421875,0.0018236102832889234
2021-11-11,1157.00146484375,0.015090699076909075
2021-11-12,1174.46142578125,-0.005900206918314055
2021-11-15,1167.5318603515625,-0.023236743761070322
2021-11-16,1140.4022216796875,-0.021406899356948506
2021-11-17,1115.98974609375,0.0037742606036978987
2021-11-18,1120.2017822265625,-0.044292971335098574
2021-11-22,1070.584716796875,0.009349469740246308
2021-11-23,1080.5941162109375,-0.014439191403473939
2021-11-24,1064.9912109375,0.06019812461773921
2021-11-25,1129.1016845703125,-0.03223090379790439
2021-11-26,1092.709716796875,0.011978915660631584
2021-11-29,1105.7991943359375,-0.014786105787503723
2021-11-30,1089.44873046875,0.025609080531429074
2021-12-01,1117.3485107421875,0.006424773352704083
2021-12-02,1124.5272216796875,-0.03004615546442202
2021-12-03,1090.739501953125,-0.018955522443583006
2021-12-06,1070.06396484375,0.008147763326429303
2021-12-07,1078.7825927734375,0.015219204500153793
2021-12-08,1095.2008056640625,0.015859654910868715
2021-12-09,1112.5703125,0.001017535759678001
2021-12-10,1113.702392578125,-0.020049213839063107
2021-12-13,1091.37353515625,-0.012242448212254065
2021-12-14,1078.012451171875,-0.0029199153263055333
2021-12-15,1074.86474609375,0.012936084345641197
2021-12-16,1088.769287109375,-0.02639452560645028
2021-12-17,1060.03173828125,-0.026960494162680315
2021-12-20,1031.4527587890625,0.014885449250567673
2021-12-21,1046.806396484375,0.023731849032084362
2021-12-22,1071.6490478515625,-0.0003591546095096376
2021-12-23,1071.26416015625,0.003192075112046888
2021-12-24,1074.6837158203125,-0.0010747620717350692
2021-12-27,1073.5286865234375,0.011876379224062816
2021-12-28,1086.2783203125,0.0017095578815642387
2021-12-29,1088.1353759765625,-0.018064607322970994
2021-12-30,1068.4786376953125,0.003836409029750687
2021-12-31,1072.5777587890625,0.015074732913016975
2022-01-03,1088.74658203125,0.02256808265310095
2022-01-04,1113.3175048828125,0.004678356417559648
2022-01-05,1118.5260009765625,-0.02150133717633973
2022-01-06,1094.4761962890625,0.008069530620796517
2022-01-07,1103.30810546875,0.0008209508425256473
2022-01-10,1104.2138671875,0.0071985425151341875
2022-01-11,1112.16259765625,0.026694586534100617
2022-01-12,1141.851318359375,0.0056324290045184355
2022-01-13,1148.28271484375,0.0014593803671667516
2022-01-14,1149.95849609375,0.005218641127928025
2022-01-17,1155.959716796875,-0.01193057125194652
2022-01-18,1142.16845703125,-7.940881367296537e-05
2022-01-19,1142.0777587890625,-0.017508735930403696
2022-01-20,1122.0814208984375,0.00016155192545408426
2022-01-21,1122.2626953125,-0.04033729639043615
2022-01-24,1076.99365234375,-0.001955516726565021
2022-01-25,1074.8875732421875,-0.014811119304242282
2022-01-27,1058.96728515625,-0.0009622988198352278
2022-01-28,1057.9482421875,0.02172657866097305
2022-01-31,1080.933837890625,-0.0033099906154820946
2022-02-01,1077.35595703125,0.002038705145200881
2022-02-02,1079.5523681640625,-0.012921864203110589
2022-02-03,1065.6025390625,-0.009116990185826901
2022-02-04,1055.887451171875,-0.00609075554086036
2022-02-07,1049.456298828125,0.01680964822512032
2022-02-08,1067.0972900390625,0.011650875045371878
2022-02-09,1079.5299072265625,-0.001027985610689175
2022-02-10,1078.420166015625,-0.0019528168126072831
2022-02-11,1076.314208984375,-0.01592745333364487
2022-02-14,1059.1712646484375,0.03395264875677251
2022-02-15,1095.1329345703125,-0.0020678095742558966
2022-02-16,1092.868408203125,0.012660651252605515
2022-02-17,1106.704833984375,-0.007816458760886436
2022-02-18,1098.0543212890625,-0.010105765691512447
2022-02-21,1086.9576416015625,-0.004541821492556997
2022-02-22,1082.0208740234375,-0.006257844304689342
2022-02-23,1075.249755859375,-0.049830412765202836
2022-02-24,1021.6696166992188,0.0125013777675953
2022-02-25,1034.44189453125,0.033100554769635915
2022-02-28,1068.6824951171875,0.016528479103726346
2022-03-02,1086.34619140625,-0.008442416230941885
2022-03-03,1077.1748046875,-0.022179760785547398
2022-03-04,1053.2833251953125,-0.03698048455020608
2022-03-07,1014.3323974609375,-0.001808491600668205
2022-03-08,1012.4979858398438,0.05305306898336681
2022-03-09,1066.214111328125,0.01620575868408536
2022-03-10,1083.492919921875,0.00288430317619226
2022-03-11,1086.6180419921875,0.00821124351589475
2022-03-14,1095.54052734375,-0.022903577045969792
2022-03-15,1070.44873046875,0.016882203405679697
2022-03-16,1088.520263671875,0.03260052137687808
2022-03-17,1124.006591796875,-0.005762358297724313
2022-03-21,1117.5296630859375,0.025836820300775498
2022-03-22,1146.403076171875,0.003180485328282412
2022-03-23,1150.0491943359375,0.01553633861832715
2022-03-24,1167.916748046875,0.006670238453342581
2022-03-25,1175.70703125,0.010054413733757261
2022-03-28,1187.528076171875,0.00022892139680075196
2022-03-29,1187.7999267578125,0.01921800795173345
2022-03-30,1210.6270751953125,-0.014291365215901575
2022-03-31,1193.3255615234375,0.008008307927710234
2022-04-01,1202.882080078125,0.0029556495274511985
2022-04-04,1206.4373779296875,-0.014134381448801414
2022-04-05,1189.3851318359375,-0.0026654848804472664
2022-04-06,1186.21484375,-0.0176400817002611
2022-04-07,1165.2899169921875,0.016635144046414974
2022-04-08,1184.6746826171875,-0.0020834932618777335
2022-04-11,1182.2064208984375,-0.018830033346636244
2022-04-12,1159.9454345703125,-0.0036703849699961655
2022-04-13,1155.68798828125,-0.0030569123759056627
2022-04-18,1152.1551513671875,0.0381116400936381
2022-04-19,1196.065673828125,0.02940396012724822
2022-04-20,1231.2347412109375,0.023414094896282434
2022-04-21,1260.06298828125,-0.008374961104142487
2022-04-22,1249.510009765625,-0.023125959726791323
2022-04-25,1220.6138916015625,0.029925587560450717
2022-04-26,1257.1414794921875,0.0009729569433538643
2022-04-27,1258.3646240234375,0.014936863409045209
2022-04-28,1277.16064453125,-0.010497013142174438
2022-04-29,1263.7542724609375,-0.0035124255325313936
2022-05-02,1259.3154296875,-0.03121774525625054
2022-05-04,1220.00244140625,-0.019583140722774894
2022-05-05,1196.1109619140625,-0.00766777421250775
2022-05-06,1186.939453125,-0.03905523660017152
2022-05-09,1140.583251953125,-0.0173333613023936
2022-05-10,1120.8131103515625,-0.010243635683627739
2022-05-11,1109.3319091796875,-0.02037315049759303
2022-05-12,1086.7313232421875,0.011336137713180205
2022-05-13,1099.0506591796875,0.00024735036885426
2022-05-16,1099.322509765625,0.042002964805427645
2022-05-17,1145.497314453125,0.003637714497383593
2022-05-18,1149.664306640625,-0.023046702873737113
2022-05-19,1123.1683349609375,0.05831021536257763
2022-05-20,1188.6605224609375,-0.00668723524409276
2022-05-23,1180.711669921875,0.0034331742206423765
2022-05-24,1184.7652587890625,-0.0014717281172914598
2022-05-25,1183.0216064453125,-0.009532764033108876
2022-05-26,1171.744140625,-0.004638642981799612
2022-05-27,1166.308837890625,0.03483378656246616
2022-05-30,1206.935791015625,-0.012064768876341114
2022-05-31,1192.3743896484375,0.0003227909779461857
2022-06-01,1192.75927734375,0.03447887665278482
2022-06-02,1233.88427734375,0.02026210973903786
2022-06-03,1258.8853759765625,-0.0042992249720226194
2022-06-06,1253.47314453125,0.0018788615849789636
2022-06-07,1255.8282470703125,-0.017563810144983205
2022-06-08,1233.7711181640625,0.027422335669952558
2022-06-09,1267.60400390625,-0.030191987605799997
2022-06-10,1229.33251953125,-0.018918759505305083
2022-06-13,1206.0750732421875,-0.013068402588741646
2022-06-14,1190.3135986328125,-0.012099928940978555
2022-06-15,1175.910888671875,-0.013981535673703749
2022-06-16,1159.4698486328125,0.011718738896129288
2022-06-17,1173.057373046875,-0.018127439335686946
2022-06-20,1151.7928466796875,0.01614214507422873
2022-06-21,1170.38525390625,-0.03037809732288843
2022-06-22,1134.8311767578125,-0.016223783114077905
2022-06-23,1116.419921875,0.014239678660338262
2022-06-24,1132.3173828125,-0.0029599143763696656
2022-06-27,1128.9658203125,0.01406132548368988
2022-06-28,1144.840576171875,0.020750151356278
2022-06-29,1168.59619140625,0.006007433297747555
2022-06-30,1175.616455078125,-0.07202442202758896
2022-07-01,1090.943359375,0.0020758625258028296
2022-07-04,1093.2080078125,0.008099549330248479
2022-07-05,1102.0625,-0.00879476691430836
2022-07-06,1092.3701171875,-0.009847244782926978
2022-07-07,1081.61328125,0.0013819643327928066
2022-07-08,1083.1080322265625,0.013590378978681095
2022-07-11,1097.827880859375,-0.001423487386202682
2022-07-12,1096.26513671875,-0.017723974913045892
2022-07-13,1076.8349609375,0.008243786269621634
2022-07-14,1085.712158203125,0.0019398134999686345
2022-07-15,1087.8182373046875,0.008514592589026648
2022-07-18,1097.08056640625,0.006130550675821578
2022-07-19,1103.8062744140625,0.027040333735107946
2022-07-20,1133.653564453125,-0.006671985993158103
2022-07-21,1126.08984375,0.006757017507345253
2022-07-22,1133.6988525390625,-0.033039127467183294
2022-07-25,1096.242431640625,0.00045454454347226836
2022-07-26,1096.74072265625,-0.0009498580889308883
2022-07-27,1095.698974609375,0.015666503193082493
2022-07-28,1112.86474609375,0.0213054489245319
2022-07-29,1136.5748291015625,0.026061504135886704
2022-08-01,1166.1956787109375,0.0038061543051088886
2022-08-02,1170.6343994140625,0.008395763139665391
2022-08-03,1180.4627685546875,-0.01321792766363905
2022-08-04,1164.8594970703125,-0.01473603066859952
2022-08-05,1147.694091796875,0.013082129056755543
2022-08-08,1162.7083740234375,0.005979375966610467
2022-08-10,1169.66064453125,0.003330042392604371
2022-08-11,1173.5556640625,0.016170662741185282
2022-08-12,1192.5328369140625,0.00695029259729707
2022-08-16,1200.8212890625,0.00522378076202723
2022-08-17,1207.0941162109375,0.0018136191329032325
2022-08-18,1209.2833251953125,-0.017829799557843584
2022-08-19,1187.7220458984375,-0.002773741217590997
2022-08-22,1184.4276123046875,0.01542261222523611
2022-08-23,1202.694580078125,-0.0026636964482220638
2022-08-24,1199.490966796875,-0.002916784972466502
2022-08-25,1195.9923095703125,-0.005338262991564591
2022-08-26,1189.6077880859375,-0.007773004064434597
2022-08-29,1180.3609619140625,0.015514011713304798
2022-08-30,1198.673095703125,-0.02939784287027991
2022-09-01,1163.4346923828125,-0.011677963482192633
2022-09-02,1149.84814453125,0.015530668324494235
2022-09-05,1167.7060546875,0.01052598786850889
2022-09-06,1179.997314453125,-0.005814698085291781
2022-09-07,1173.135986328125,0.0014136871470593615
2022-09-08,1174.79443359375,-0.006227194834202643
2022-09-09,1167.478759765625,0.011189895091858082
2022-09-12,1180.542724609375,0.008352388572605562
2022-09-13,1190.403076171875,-0.011985911908203084
2022-09-14,1176.135009765625,-0.009909705323294493
2022-09-15,1164.4798583984375,-0.02477865790358935
2022-09-16,1135.6256103515625,0.0013005419193392598
2022-09-19,1137.1025390625,0.00015973988163797692
2022-09-20,1137.2841796875,0.002757004891896564
2022-09-21,1140.419677734375,-0.009423357243887431
2022-09-22,1129.673095703125,-0.01874418782570053
2022-09-23,1108.498291015625,-0.02547655949056571
2022-09-26,1080.257568359375,0.007949967625179744
2022-09-27,1088.8455810546875,-0.026624967782432507
2022-09-28,1059.8551025390625,-0.0030653051432143474
2022-09-29,1056.6063232421875,0.02255618510721069
2022-09-30,1080.4393310546875,-0.0034696805171055
2022-10-03,1076.6905517578125,0.018442563242829113
2022-10-04,1096.5474853515625,0.00368822287904913
2022-10-06,1100.591796875,0.004231898499209352
2022-10-07,1105.2493896484375,-0.010915372672779755
2022-10-10,1093.1851806640625,-0.019910281793957707
2022-10-11,1071.4195556640625,0.007358265042692436
2022-10-12,1079.3033447265625,0.0031785911525819
2022-10-13,1082.7340087890625,-0.0050781549032290485
2022-10-14,1077.2357177734375,0.016050263379610463
2022-10-17,1094.525634765625,0.017643960967858252
2022-10-18,1113.83740234375,0.01739920276668805
2022-10-19,1133.21728515625,0.0026866477452669457
2022-10-20,1136.2618408203125,-0.011597337718543876
2022-10-21,1123.084228515625,0.003337932455724779
2022-10-24,1126.8330078125,-0.015444345454498132
2022-10-25,1109.4298095703125,0.003931803985476545
2022-10-27,1113.7918701171875,0.030597917643694794
2022-10-28,1147.87158203125,0.009282954483097683
2022-10-31,1158.5272216796875,-0.007746356810989341
2022-11-01,1149.5528564453125,0.006245422573760928
2022-11-02,1156.7322998046875,0.0037319737090240057
2022-11-03,1161.0491943359375,0.01471521025221012
2022-11-04,1178.13427734375,0.005341780713762567
2022-11-07,1184.4276123046875,-0.0009973377872911637
2022-11-09,1183.246337890625,-0.012096681843701274
2022-11-10,1168.9329833984375,0.023051517147371747
2022-11-11,1195.878662109375,-0.004844519109514889
2022-11-14,1190.085205078125,-0.004486532095321238
2022-11-15,1184.745849609375,-0.00573389887195197
2022-11-16,1177.95263671875,0.0025846163667015976
2022-11-17,1180.9971923828125,-0.0005387231001509063
2022-11-18,1180.3609619140625,-0.017996865820702368
2022-11-21,1159.1181640625,0.005546840312501855
2022-11-22,1165.547607421875,-0.0031187141069813906
2022-11-23,1161.91259765625,0.00862320384502091
2022-11-24,1171.9320068359375,0.014927607167442902
2022-11-25,1189.4261474609375,0.03436366937304314
2022-11-28,1230.2991943359375,0.0017173001319328307
2022-11-29,1232.4119873046875,0.007060674714208792
2022-11-30,1241.1136474609375,-0.0029472215711636718
2022-12-01,1237.455810546875,-0.0004224030253605626
2022-12-02,1236.93310546875,-0.014583997009362304
2022-12-05,1218.8936767578125,0.0028890824869705067
2022-12-06,1222.4151611328125,-0.0147571031628142
2022-12-07,1204.3758544921875,-0.0004718106084309337
2022-12-08,1203.8076171875,-0.015155058128545562
2022-12-09,1185.5638427734375,0.0015330299535458725
2022-12-12,1187.38134765625,0.004554011770090405
2022-12-13,1192.7886962890625,-0.0036189564874773428
2022-12-14,1188.4720458984375,-0.01420383376559664
2022-12-15,1171.5911865234375,-0.004945155988299255
2022-12-16,1165.7974853515625,0.013135309128707418
2022-12-19,1181.110595703125,0.008656258830148866
2022-12-20,1191.3345947265625,-0.014226777778540534
2022-12-21,1174.3857421875,-0.00259246647391298
2022-12-22,1171.3411865234375,-0.02932731753745743
2022-12-23,1136.9888916015625,0.008732353447360452
2022-12-26,1146.91748046875,0.00818121518829984
2022-12-27,1156.3006591796875,-9.828538973433165e-05
2022-12-28,1156.18701171875,-0.00045177714495425736
2022-12-29,1155.6646728515625,0.001533293089142962
2022-12-30,1157.4366455078125,0.011267469270610286
2023-01-02,1170.47802734375,-0.007317890201611221
2023-01-03,1161.91259765625,-0.015056541086578945
2023-01-04,1144.418212890625,-0.001786759229847168
2023-01-05,1142.3734130859375,0.009088914755346567
2023-01-06,1152.75634765625,0.023611567044850457
2023-01-09,1179.9747314453125,-0.01478737637659211
2023-01-10,1162.5260009765625,-0.012605669837063682
2023-01-11,1147.87158203125,-0.02159418693140025
2023-01-12,1123.084228515625,-0.0016182070465916576
2023-01-13,1121.266845703125,-0.009523355387854981
2023-01-16,1110.588623046875,0.014197386617764707
2023-01-17,1126.3560791015625,-0.0016540392012276417
2023-01-18,1124.4930419921875,-0.0010710121433844533
2023-01-19,1123.2886962890625,-0.011892873936601212
2023-01-20,1109.9295654296875,-0.005056011283092077
2023-01-23,1104.3177490234375,-0.005904447110402389
2023-01-24,1097.79736328125,-0.01382495755661306
2023-01-25,1082.620361328125,-0.01897116935206533
2023-01-27,1062.081787109375,0.009583390705027117
2023-01-30,1072.2601318359375,-0.0025001266513774434
2023-01-31,1069.579345703125,-0.005926504857227677
2023-02-01,1063.240478515625,-0.005534516041554638
2023-02-02,1057.35595703125,0.0008809886098366526
2023-02-03,1058.2874755859375,-0.0075355058330414115
2023-02-06,1050.312744140625,-0.0024010473071055527
2023-02-07,1047.7908935546875,0.01997063436687796
2023-02-08,1068.7159423828125,0.0017432481686585621
2023-02-09,1070.5789794921875,-0.008234149732109342
2023-02-10,1061.763671875,-0.005691789162710181
2023-02-13,1055.7203369140625,0.023565001911900918
2023-02-14,1080.598388671875,0.022644042844642387
2023-02-15,1105.0675048828125,-0.0007812022760469439
2023-02-16,1104.2042236328125,0.00417681842558193
2023-02-17,1108.8162841796875,-0.010572776364152547
2023-02-20,1097.093017578125,0.008159324635661491
2023-02-21,1106.0445556640625,-0.022677896241544704
2023-02-22,1080.9617919921875,-0.004792078452089177
2023-02-23,1075.78173828125,0.006842657569599897
2023-02-24,1083.1429443359375,-0.006649305592730914
2023-02-27,1075.9407958984375,-0.019131263099029794
2023-02-28,1055.356689453125,0.009192547043646693
2023-03-01,1065.05810546875,-0.007615625797998349
2023-03-02,1056.947021484375,0.025515360033077306
2023-03-03,1083.9154052734375,0.009767738600485298
2023-03-06,1094.5028076171875,0.003591278190557823
2023-03-08,1098.4334716796875,-0.02403469429508709
2023-03-09,1072.032958984375,-0.015492204934267395
2023-03-10,1055.4248046875,-0.016446257477411574
2023-03-13,1038.0670166015625,-0.0037425423440807792
2023-03-14,1034.1820068359375,-0.017092029656685104
2023-03-15,1016.5057373046875,-0.004984199399198919
2023-03-16,1011.4392700195312,-0.0012578281609042508
2023-03-17,1010.1670532226562,-0.009828599933404125
2023-03-20,1000.238525390625,0.031095854333573314
2023-03-21,1031.341796875,0.003040093968908142
2023-03-22,1034.4771728515625,-0.01265051589857824
2023-03-23,1021.3905029296875,-0.01979705113914032
2023-03-24,1001.1699829101562,0.015544862093416212
2023-03-27,1016.7330322265625,0.004670325415409238
2023-03-28,1021.4815063476562,-0.005916364607381541
2023-03-29,1015.4380493164062,0.043115448474680074
2023-03-31,1059.2191162109375,0.00017148541054456956
2023-04-03,1059.4007568359375,-0.0024018820523238338
2023-04-05,1056.856201171875,0.006707157481502746
2023-04-06,1063.9447021484375,-0.007089510069890004
2023-04-10,1056.40185546875,0.00494658913220225
2023-04-11,1061.62744140625,0.004408376732178532
2023-04-12,1066.3074951171875,0.003771411523800783
2023-04-13,1070.3289794921875,0.005073142692260113
2023-04-17,1075.7589111328125,-0.011446770011677598
2023-04-18,1063.4449462890625,0.004977765064411388
2023-04-19,1068.738525390625,-0.0025297237977472964
2023-04-20,1066.034912109375,0.0012574204524973265
2023-04-21,1067.3753662109375,0.003831568358379389
2023-04-24,1071.465087890625,0.007654621927436267
2023-04-25,1079.666748046875,-0.005871020042669928
2023-04-26,1073.3280029296875,0.006329111764607598
2023-04-27,1080.1212158203125,0.01827888195690197
2023-04-28,1099.8646240234375,0.008490036338145712
2023-05-02,1109.2025146484375,-0.008582320292536694
2023-05-03,1099.6829833984375,0.011528424551509264
2023-05-04,1112.360595703125,-0.0025530981871192404
2023-05-05,1109.5206298828125,0.012347630862277859
2023-05-08,1123.2205810546875,0.0030948473947995936
2023-05-09,1126.69677734375,0.006876347522725146
2023-05-10,1134.4443359375,-0.0065288493902317946
2023-05-11,1127.0377197265625,0.0016326764032985608
2023-05-12,1128.8778076171875,0.001972368032196359
2023-05-15,1131.1043701171875,-0.014241193644684236
2023-05-16,1114.99609375,-0.005909209148014072
2023-05-17,1108.4073486328125,-0.002152185340360102
2023-05-18,1106.0218505859375,0.0032455051475459573
2023-05-19,1109.6114501953125,0.005344041438350988
2023-05-22,1115.541259765625,-0.0001831807665885199
2023-05-23,1115.3369140625,-0.005825974844694715
2023-05-24,1108.8389892578125,-0.00012285865672989615
2023-05-25,1108.7027587890625,0.027275220580957216
2023-05-26,1138.94287109375,0.0056252692862548415
2023-05-29,1145.3497314453125,-0.000257814777295029
2023-05-30,1145.054443359375,-0.019861547931480983
2023-05-31,1122.3118896484375,-0.0026924142419729735
2023-06-01,1119.2901611328125,-0.003268106083120448
2023-06-02,1115.6322021484375,0.008980925039984156
2023-06-05,1125.651611328125,0.000847816227970366
2023-06-06,1126.60595703125,0.007582491833489469
2023-06-07,1135.1484375,0.0006004858946035974
2023-06-08,1135.830078125,-0.007080922370581777
2023-06-09,1127.787353515625,0.0008863672623622421
2023-06-12,1128.7869873046875,0.01477372771755836
2023-06-13,1145.46337890625,0.012297471896821177
2023-06-14,1159.5496826171875,0.00027434377253854336
2023-06-15,1159.8677978515625,0.009735269827714887
2023-06-16,1171.159423828125,-0.009932523380422498
2023-06-19,1159.52685546875,0.002076989578942534
2023-06-20,1161.9351806640625,0.0028156531446468236
2023-06-21,1165.206787109375,-0.011231199531836045
2023-06-22,1152.1201171875,-0.008183579694703513
2023-06-23,1142.691650390625,-0.007635138816335596
2023-06-26,1133.967041015625,0.0003608391361475949
2023-06-27,1134.376220703125,0.013238729727606646
2023-06-28,1149.3939208984375,0.008203202371324547
2023-06-30,1158.8226318359375,0.025664181521793505
2023-07-03,1188.5628662109375,-0.010303175395952602
2023-07-04,1176.31689453125,-0.0016416939625095717
2023-07-05,1174.3857421875,0.020990548582994206
2023-07-06,1199.0367431640625,-0.001951741657859496
2023-07-07,1196.696533203125,0.03852126693989333
2023-07-10,1242.7947998046875,0.010840808468737029
2023-07-11,1256.2677001953125,0.001103159985405222
2023-07-12,1257.653564453125,-0.008942220765861486
2023-07-13,1246.4073486328125,-0.0008385428862974775
2023-07-14,1245.3621826171875,0.02043284228289588
2023-07-17,1270.8084716796875,0.008492033447503822
2023-07-18,1281.6002197265625,0.00758748394708042
2023-07-19,1291.3243408203125,-0.001211037942988158
2023-07-20,1289.760498046875,-0.030955965321050605
2023-07-21,1249.834716796875,-0.020226502605910968
2023-07-24,1224.554931640625,-0.0006431705396791054
2023-07-25,1223.767333984375,0.016252203718226443
2023-07-26,1243.65625,-0.009302483541473006
2023-07-27,1232.087158203125,0.010049183326137134
2023-07-28,1244.4686279296875,0.008465684135275486
2023-07-31,1255.00390625,-0.014141436935268481
2023-08-01,1237.25634765625,-0.010683527099125012
2023-08-02,1224.0380859375,-0.004203017356581795
2023-08-03,1218.8934326171875,0.01359114887821189
2023-08-04,1235.4595947265625,0.005698217102555692
2023-08-07,1242.49951171875,-0.006022760006429206
2023-08-08,1235.0162353515625,0.006597344160514718
2023-08-09,1243.1640625,0.004454929300863997
2023-08-10,1248.7022705078125,0.004218539775034058
2023-08-11,1253.969970703125,0.011817253835036734
2023-08-14,1268.7884521484375,-0.0008148998717038003
2023-08-16,1267.7545166015625,-0.014426343791720031
2023-08-17,1249.4654541015625,0.0074074645788466675
2023-08-18,1258.7208251953125,-0.010911472024133229
2023-08-21,1244.986328125,-0.00023806423577066305
2023-08-22,1244.68994140625,0.0011114598146422239
2023-08-23,1246.0733642578125,-0.016810815772554277
2023-08-24,1225.1258544921875,-0.004617271164842673
2023-08-25,1219.4691162109375,-0.009966174806111505
2023-08-28,1207.315673828125,-0.009575413560518165
2023-08-29,1195.755126953125,-0.0009503221131553774
2023-08-30,1194.6187744140625,-0.004569849924133895
2023-08-31,1189.1595458984375,0.0023473568753371588
2023-09-01,1191.950927734375,-0.0008082370539206352
2023-09-04,1190.987548828125,0.005351265864950383
2023-09-05,1197.36083984375,0.0021041352747233066
2023-09-06,1199.8802490234375,0.0013588799093822157
2023-09-07,1201.5107421875,0.006661128933544758
2023-09-08,1209.51416015625,0.010783541945472264
2023-09-11,1222.5570068359375,-0.014446859554394731
2023-09-12,1204.8948974609375,0.00500238133857267
2023-09-13,1210.9222412109375,0.000917955115361746
2023-09-14,1212.0338134765625,0.0018546716928957707
2023-09-15,1214.28173828125,-0.008706901786155852
2023-09-18,1203.7091064453125,-0.022286460966342903
2023-09-20,1176.8826904296875,-0.0072833557185788544
2023-09-21,1168.31103515625,-0.004165271799526971
2023-09-22,1163.4447021484375,-0.0061573156642803495
2023-09-25,1156.281005859375,0.0008759266801756649
2023-09-26,1157.2938232421875,0.011270125544390774
2023-09-27,1170.336669921875,-0.014690325779737057
2023-09-28,1153.14404296875,0.004669850049054958
2023-09-29,1158.529052734375,-0.011449981929621433
2023-10-03,1145.263916015625,-0.0017254313098632457
2023-10-04,1143.287841796875,-2.1567799659449882e-05
2023-10-05,1143.26318359375,0.001685207544365408
2023-10-06,1145.1898193359375,-0.0085201614472048
2023-10-09,1135.4326171875,0.004416294037153712
2023-10-10,1140.447021484375,0.01587683523392247
2023-10-11,1158.5537109375,0.0018548348349867183
2023-10-12,1160.70263671875,-4.238323786065479e-05
2023-10-13,1160.6534423828125,-0.002234732526769645
2023-10-16,1158.0596923828125,0.004777994745344127
2023-10-17,1163.5928955078125,-0.013268251149556654
2023-10-18,1148.154052734375,-0.007680679691565051
2023-10-19,1139.33544921875,-0.0030570735150484696
2023-10-20,1135.8524169921875,-0.015614886044486465
2023-10-23,1118.1162109375,-0.002319640753185026
2023-10-25,1115.5225830078125,-0.013928537075740377
2023-10-26,1099.9849853515625,0.017651053253678883
2023-10-27,1119.40087890625,0.020610826539901428
2023-10-30,1142.47265625,-0.010637840928906295
2023-10-31,1130.3192138671875,0.0041523504048512905
2023-11-01,1135.0126953125,0.009924151626194977
2023-11-02,1146.2767333984375,-0.00021554159244552284
2023-11-03,1146.0296630859375,0.008320058796743801
2023-11-06,1155.564697265625,-0.0064984673137140625
2023-11-07,1148.0552978515625,0.005206983744271199
2023-11-08,1154.033203125,-0.010852309749265876
2023-11-09,1141.50927734375,0.001882637219176475
2023-11-10,1143.6583251953125,-0.0001295783505529391
2023-11-13,1143.5101318359375,0.018080870998923526
2023-11-15,1164.185791015625,0.0018035002584666504
2023-11-16,1166.285400390625,-0.002181551378920954
2023-11-17,1163.7410888671875,-0.002632018677136805
2023-11-20,1160.6781005859375,0.01257788610447208
2023-11-21,1175.2769775390625,0.00390938015463238
2023-11-22,1179.87158203125,0.0030566422375315483
2023-11-23,1183.47802734375,-0.0006679695993379031
2023-11-24,1182.6875,0.00020890582888544174
2023-11-28,1182.9345703125,0.0026312096258229722
2023-11-29,1186.047119140625,-0.009684649125605738
2023-11-30,1174.5606689453125,0.007087507058043396
2023-12-01,1182.8853759765625,0.010817323940885748
2023-12-04,1195.6810302734375,0.007251440757797489
2023-12-05,1204.3514404296875,0.009578608332192262
2023-12-06,1215.887451171875,-0.0016456922559496823
2023-12-07,1213.886474609375,-0.0005291549068306978
2023-12-08,1213.244140625,0.0014660582020378232
2023-12-11,1215.0228271484375,-0.014353491100136284
2023-12-12,1197.5830078125,0.004084051943815892
2023-12-13,1202.4739990234375,0.01240778923904351
2023-12-14,1217.39404296875,0.012763098206618473
2023-12-15,1232.9317626953125,0.010177841437828183
2023-12-18,1245.4803466796875,0.014716492003557846
2023-12-19,1263.8094482421875,-0.012098856702907224
2023-12-20,1248.518798828125,0.014007907416855092
2023-12-21,1266.0079345703125,0.000975592165063377
2023-12-22,1267.2430419921875,0.00506817335668952
2023-12-26,1273.6656494140625,0.0034134030243240243
2023-12-27,1278.01318359375,0.007228914051542468
2023-12-28,1287.2518310546875,-0.007906275927161754
2023-12-29,1277.074462890625,0.002050317565037041
2024-01-01,1279.69287109375,0.008281024461512132
2024-01-02,1290.2900390625,-0.010874019967349269
2024-01-03,1276.2593994140625,0.00516761314101033
2024-01-04,1282.8546142578125,0.004255531729745909
2024-01-05,1288.3138427734375,-0.00780367992130282
2024-01-08,1278.26025390625,-0.0026475651835438097
2024-01-09,1274.8759765625,0.026971545945415842
2024-01-10,1309.2613525390625,0.026300947772074146
2024-01-11,1343.6961669921875,0.007960075435434977
2024-01-12,1354.39208984375,0.017071106552575044
2024-01-15,1377.5130615234375,-0.013987131296874233
2024-01-16,1358.24560546875,-0.009493519580024645
2024-01-17,1345.35107421875,0.004682012239050959
2024-01-18,1351.6500244140625,-0.00036549294992371806
2024-01-19,1351.156005859375,-0.02842879948539434
2024-01-23,1312.7442626953125,0.01151617895516277
2024-01-24,1327.862060546875,0.006845748689584319
2024-01-25,1336.9522705078125,0.07019202245224365
2024-01-29,1430.795654296875,-0.027916800826681687
2024-01-30,1390.8524169921875,0.013497792627487293
2024-01-31,1409.6258544921875,1.757932671186957e-05
2024-02-01,1409.650634765625,0.021764296027886765
2024-02-02,1440.3306884765625,-0.012811219482966152
2024-02-05,1421.8782958984375,-0.007800462687801102
2024-02-06,1410.7869873046875,0.01005047344215071
2024-02-07,1424.966064453125,0.005529874015297365
2024-02-08,1432.845947265625,0.007326965683905007
2024-02-09,1443.3443603515625,-0.005750482688546277
2024-02-12,1435.04443359375,0.00877883789938716
2024-02-13,1447.6424560546875,0.011108443676987934
2024-02-14,1463.7235107421875,-0.007273645854000144
2024-02-15,1453.076904296875,-0.006816925896236836
2024-02-16,1443.17138671875,0.009191657235465334
2024-02-19,1456.4365234375,-0.0020183338909782744
2024-02-20,1453.4969482421875,-0.0022603421318484473
2024-02-21,1450.2115478515625,0.009572788452789194
2024-02-22,1464.0941162109375,0.008014184592298523
2024-02-23,1475.82763671875,-0.004217955695542952
2024-02-26,1469.6026611328125,-0.001126091609882418
2024-02-27,1467.94775390625,-0.020210008325691198
2024-02-28,1438.280517578125,0.0035552197626391724
2024-02-29,1443.3939208984375,0.02144366808541376
2024-03-01,1474.3455810546875,0.01023701342599459
2024-03-04,1489.4384765625,-0.004776469739736444
2024-03-05,1482.32421875,0.0018664767112457348
2024-03-06,1485.0909423828125,-0.01601793214046021
2024-03-07,1461.3028564453125,-0.008333811572690752
2024-03-11,1449.1246337890625,0.006017321374223394
2024-03-12,1457.844482421875,-0.029313565099640226
2024-03-13,1415.10986328125,-0.0004888471763835334
2024-03-14,1414.4180908203125,-0.00925613232791167
2024-03-15,1401.3260498046875,0.014983453782571932
2024-03-18,1422.32275390625,-0.009882018608837861
2024-03-19,1408.267333984375,0.012980250727125275
2024-03-20,1426.5469970703125,0.005004161720336242
2024-03-21,1433.6856689453125,0.0027912890122081535
2024-03-22,1437.6875,-0.009243784098813213
2024-03-26,1424.3978271484375,0.03556867292553645
2024-03-27,1475.061767578125,-0.0046890415903863
2024-03-28,1468.1451416015625,-0.0007233697055262223
2024-04-01,1467.0831298828125,0.0014647607470079649
2024-04-02,1469.2320556640625,-0.010323074649119857
2024-04-03,1454.0650634765625,-0.005894875971114488
2024-04-04,1445.4935302734375,-0.001931177032471365
2024-04-05,1442.7020263671875,0.017721450440681963
2024-04-08,1468.268798828125,-0.015023871684024193
2024-04-09,1446.209716796875,0.01088040785492117
2024-04-10,1461.945068359375,-0.008397700983963752
2024-04-12,1449.6680908203125,-0.0015847512239508532
2024-04-15,1447.3707275390625,0.0006315330845154676
2024-04-16,1448.2847900390625,-0.0009722404490967174
2024-04-18,1446.876708984375,0.003960831579741253
2024-04-19,1452.6075439453125,0.006615090840900173
2024-04-22,1462.2166748046875,-0.013869624014868687
2024-04-23,1441.936279296875,-0.006270052120062264
2024-04-24,1432.895263671875,0.006757805531611982
2024-04-25,1442.5784912109375,-0.005085633694074887
2024-04-26,1435.2420654296875,0.008588388197732222
2024-04-29,1447.5684814453125,0.0013480647310561977
2024-04-30,1449.5198974609375,-0.0003067085032111283
2024-05-02,1449.0753173828125,-0.022195003295895632
2024-05-03,1416.9130859375,-0.010094119657954703
2024-05-06,1402.610595703125,-0.012715634020197708
2024-05-07,1384.7755126953125,0.012183710606438636
2024-05-08,1401.647216796875,-0.017218423426538232
2024-05-09,1377.5130615234375,0.00954018077932317
2024-05-10,1390.65478515625,-0.0033572841312036195
2024-05-13,1385.9859619140625,0.012386827299672554
2024-05-14,1403.1539306640625,-0.0026758565755491404
2024-05-15,1399.3992919921875,0.006407604267281597
2024-05-16,1408.3660888671875,0.007261382286290585
2024-05-17,1418.5927734375,0.00029601298051340486
2024-05-21,1419.0126953125,0.01707730328016077
2024-05-22,1443.24560546875,0.01738956419771931
2024-05-23,1468.343017578125,-0.0039030928284150557
2024-05-24,1462.6119384765625,-0.009457826453420637
2024-05-27,1448.77880859375,-0.006854253936252164
2024-05-28,1438.8485107421875,-0.01059255978193685
2024-05-29,1423.607421875,-0.011053153643843294
2024-05-30,1407.8720703125,0.0038952465246684387
2024-05-31,1413.3560791015625,0.05587589380157376
2024-06-03,1492.32861328125,-0.07485139657931561
2024-06-04,1380.625732421875,0.016800579588873044
2024-06-05,1403.821044921875,0.0076368018301054
2024-06-06,1414.541748046875,0.026788141380951203
2024-06-07,1452.4346923828125,0.000986439710732867
2024-06-10,1453.867431640625,-0.010007403811325588
2024-06-11,1439.3179931640625,0.00456513344663545
2024-06-12,1445.888671875,0.0013154384400813068
2024-06-13,1447.7906494140625,0.00839447498001955
2024-06-14,1459.944091796875,0.002351950214810161
2024-06-18,1463.3778076171875,-0.015107785783289307
2024-06-19,1441.2694091796875,0.010317629239700032
2024-06-20,1456.139892578125,-0.013231871575590248
2024-06-21,1436.8724365234375,-0.008750593308440746
2024-06-24,1424.2989501953125,0.00879304571525008
2024-06-25,1436.8228759765625,0.04117530565730987
2024-06-26,1495.9844970703125,0.010914635166324516
2024-06-27,1512.3126220703125,0.02276964031814055
2024-06-28,1546.7474365234375,-0.0033538119265674737
2024-07-01,1541.5599365234375,0.0032208997154759
2024-07-02,1546.525146484375,-0.008146097436494082
2024-07-03,1533.927001953125,0.0010306439714371507
2024-07-04,1535.5079345703125,0.022264699061864013
2024-07-05,1569.695556640625,0.007726916342910117
2024-07-08,1581.824462890625,-0.006636901459187605
2024-07-09,1571.3260498046875,-0.0038044474248314364
2024-07-10,1565.3480224609375,-0.00225658996090794
2024-07-11,1561.815673828125,0.010169844699170483
2024-07-12,1577.6990966796875,0.000313125966622696
2024-07-15,1578.193115234375,-0.013132090988028255
2024-07-16,1557.4681396484375,0.006613877393753853
2024-07-18,1567.76904296875,-0.01986862427358238
2024-07-19,1536.61962890625,-0.03502887038023872
2024-07-22,1482.7935791015625,-0.00851276997821282
2024-07-23,1470.1708984375,0.005242268948590256
2024-07-24,1477.8779296875,-0.002206367739850834
2024-07-25,1474.6171875,0.011139841643223125
2024-07-26,1491.044189453125,0.007339065583135795
2024-07-29,1501.987060546875,-0.0045719870763648585
2024-07-30,1495.1199951171875,-0.0051052320852108535
2024-07-31,1487.487060546875,0.006559602753897442
2024-08-01,1497.244384765625,-0.010542560853573302
2024-08-02,1481.4595947265625,-0.03468218047007954
2024-08-05,1430.079345703125,0.006028402393128296
2024-08-06,1438.700439453125,0.006026472118986215
2024-08-07,1447.3707275390625,-0.010718013814954852
2024-08-08,1431.8577880859375,0.017372705828472945
2024-08-09,1456.7330322265625,-0.009275775864647895
2024-08-12,1443.220703125,0.002053986242250616
2024-08-13,1446.18505859375,-0.0012126969292525214
2024-08-14,1444.4312744140625,0.011184437538394487
2024-08-16,1460.58642578125,0.01031765320610134
2024-08-19,1475.65625,0.005072557760318563
2024-08-20,1483.1416015625,0.001821661683359288
2024-08-21,1485.8433837890625,-0.0003670710938989963
2024-08-22,1485.2979736328125,0.001234922923336823
2024-08-23,1487.1322021484375,0.008416767308946804
2024-08-26,1499.6490478515625,-0.008032478302011592
2024-08-27,1487.6031494140625,-0.0014329035251872124
2024-08-28,1485.4715576171875,0.015100440192906905
2024-08-29,1507.90283203125,-0.00742968766443719
2024-08-30,1496.6995849609375,0.004388480741684075
2024-09-02,1503.267822265625,-0.004699072739482779
2024-09-03,1496.203857421875,0.0035947909186186955
2024-09-04,1501.5823974609375,-0.014245144871990911
2024-09-05,1480.192138671875,-0.01885502353919355
2024-09-06,1452.2830810546875,-0.0016214031264586426
2024-09-09,1449.9283447265625,-0.0006324396587149561
2024-09-10,1449.0113525390625,-0.0068593037362743026
2024-09-11,1439.0721435546875,0.01949710400793836
2024-09-12,1467.1298828125,-0.004848599618861527
2024-09-13,1460.016357421875,-0.0008658534199453838
2024-09-16,1458.752197265625,0.0006457687627332565
2024-09-17,1459.6942138671875,-0.006011048005007624
2024-09-18,1450.919921875,0.0042536826716885745
2024-09-19,1457.0916748046875,0.011056847089535138
2024-09-20,1473.2025146484375,0.005013723772059109
2024-09-23,1480.5887451171875,-0.0026785427929117978
2024-09-24,1476.6229248046875,0.0030717162285438526
2024-09-25,1481.15869140625,0.00267751209611089
2024-09-26,1485.12451171875,0.01884245948180774
2024-09-27,1513.10791015625,-0.03249960872518631
2024-09-30,1463.9324951171875,-0.007957616967555259
2024-10-01,1452.2830810546875,-0.03949272356471989
2024-10-03,1394.928466796875,-0.01453472549048096
2024-10-04,1374.653564453125,-0.011395360443265057
2024-10-07,1358.9888916015625,0.01942397970975418
2024-10-08,1385.3858642578125,-0.016280789607546198
2024-10-09,1362.8306884765625,-0.0025826049780599547
2024-10-10,1359.31103515625,0.0007658406340240731
2024-10-11,1360.35205078125,0.0003097629900348231
2024-10-14,1360.7734375,-0.020764648005787145
2024-10-15,1332.5174560546875,0.007477475917652132
2024-10-16,1342.4813232421875,0.0017355593812362624
2024-10-17,1344.811279296875,0.0021195106263276475
2024-10-18,1347.66162109375,0.007283123146972992
2024-10-21,1357.476806640625,-0.018879541745163153
2024-10-22,1331.8482666015625,-0.0035917690672500058
2024-10-23,1327.0645751953125,0.0009525988259191376
2024-10-24,1328.3287353515625,-0.008919403815719762
2024-10-25,1316.4808349609375,0.004895123245520772
2024-10-28,1322.9251708984375,0.004234317022260736
2024-10-29,1328.52685546875,0.0029105164135998507
2024-10-30,1332.3935546875,-0.008817616322833066
2024-10-31,1320.64501953125,0.004954743276563756
2024-11-01,1327.1884765625,-0.027266285564600312
2024-11-04,1291.0009765625,0.0024190894752966763
2024-11-05,1294.1240234375,0.015360331365554813
2024-11-06,1314.002197265625,-0.014863940136967457
2024-11-07,1294.470947265625,-0.0167731862886642
2024-11-08,1272.758544921875,-0.008607733532774997
2024-11-11,1261.802978515625,0.0012179914460044294
2024-11-12,1263.33984375,-0.017421984911027644
2024-11-13,1241.3299560546875,0.012419639147505102
2024-11-14,1256.746826171875,-0.0054039379248916886
2024-11-18,1249.9554443359375,-0.015149758756049403
2024-11-19,1231.0189208984375,-0.015020367381370248
2024-11-21,1212.528564453125,0.03466896418556509
2024-11-22,1254.565673828125,0.017069586263143144
2024-11-25,1275.9805908203125,0.006759889878657832
2024-11-26,1284.6060791015625,-0.0019293973968529388
2024-11-27,1282.1275634765625,-0.01732131069906484
2024-11-28,1259.91943359375,0.016839707555085237
2024-11-29,1281.1361083984375,0.013117210209329766
2024-12-02,1297.9410400390625,0.01080860395911376
2024-12-03,1311.969970703125,-0.010844222992581254
2024-12-04,1297.74267578125,0.010008081942164404
2024-12-05,1310.7305908203125,-0.007942161610169252
2024-12-06,1300.320556640625,-0.012504334774722237
2024-12-09,1284.0609130859375,-0.007952826815636138
2024-12-10,1273.8489990234375,-0.005175666490439101
2024-12-11,1267.2559814453125,-0.011969914156727657
2024-12-12,1252.0870361328125,0.007878642465797059
2024-12-13,1261.9517822265625,-0.003574610687712587
2024-12-16,1257.4407958984375,-0.01813443510820112
2024-12-17,1234.6378173828125,0.006383925574390714
2024-12-18,1242.5196533203125,-0.01819275722362368
2024-12-19,1219.914794921875,-0.020439499828989516
2024-12-20,1194.9803466796875,0.014104307375446101
2024-12-23,1211.834716796875,0.00036817478984829677
2024-12-24,1212.2808837890625,-0.005070584497742225
2024-12-26,1206.1339111328125,0.003699048513918557
2024-12-27,1210.595458984375,-0.0084764870077213
2024-12-30,1200.3338623046875,0.003923367267915978
2024-12-31,1205.043212890625,0.004771917014613658
2025-01-01,1210.7935791015625,0.016827100720942623
2025-01-02,1231.167724609375,0.0075293538610903266
2025-01-03,1240.4376220703125,-0.02649555953674909
2025-01-06,1207.571533203125,0.018760110007393527
2025-01-07,1230.2257080078125,0.019865530979382928
2025-01-08,1254.664794921875,-0.008494666485831082
2025-01-09,1244.0068359375,-0.01024109342998425
2025-01-10,1231.266845703125,-0.0016507150421680716
2025-01-13,1229.234375,-0.0008871995398558319
2025-01-14,1228.143798828125,0.010857618472363662
2025-01-15,1241.478515625,0.011380021144143493
2025-01-16,1255.6065673828125,0.028346977701285025
2025-01-17,1291.19921875,0.0023803347179069956
2025-01-20,1294.272705078125,-0.024321110451110406
2025-01-21,1262.7945556640625,0.0026694537639297966
2025-01-22,1266.16552734375,-0.01053167108029096
2025-01-23,1252.8306884765625,-0.013730040438697966
2025-01-24,1235.6292724609375,-0.013600401095603454
2025-01-27,1218.82421875,0.004107922914950768
2025-01-28,1223.8310546875,0.0008911166028169326
2025-01-29,1224.921630859375,0.01420481101409754
2025-01-30,1242.3214111328125,0.0096164947627011
2025-01-31,1254.2681884765625,-0.00039523248984307813
2025-02-01,1253.7724609375,-0.014787208604033264
2025-02-03,1235.232666015625,0.03154335209732628
2025-02-04,1274.196044921875,-0.005446621423933262
2025-02-05,1267.2559814453125,0.0026209472919784815
2025-02-06,1270.577392578125,-0.01158756678390982
2025-02-07,1255.8544921875,-0.010302333990412138
2025-02-10,1242.916259765625,-0.014996213895739241
2025-02-11,1224.2772216796875,-0.014819609664862288
2025-02-12,1206.1339111328125,-0.0003700161801112323
2025-02-13,1205.6876220703125,0.0009457331801288049
2025-02-14,1206.827880859375,0.0062847360811397746
2025-02-17,1214.4124755859375,0.00040820359558924046
2025-02-18,1214.908203125,0.0016727408352932294
2025-02-19,1216.9404296875,0.004521637495415787
2025-02-20,1222.4429931640625,-0.003933493591583903
2025-02-21,1217.634521484375,-0.011073436404433479
2025-02-24,1204.151123046875,-0.008686382129851511
2025-02-25,1193.69140625,0.0025746723497552804
2025-02-27,1196.7647705078125,-0.005799020532345489
2025-02-28,1189.82470703125,-0.024039698599903736
2025-03-03,1161.2216796875,-0.007982883563999676
2025-03-04,1151.9517822265625,0.011790981021192692
2025-03-05,1165.534423828125,0.02892137856724375
2025-03-06,1199.2432861328125,0.03323425487731768
2025-03-07,1239.0992431640625,-0.0091214390020945
2025-03-10,1227.796875,0.007186637014978459
2025-03-11,1236.62060546875,0.007816969840073407
2025-03-12,1246.2872314453125,-0.007279042194173413
2025-03-13,1237.2154541015625,-0.007252200212939597
2025-03-17,1228.242919921875,0.0
2025-03-18,1228.242919921875,0.006699817904729732
2025-03-19,1236.471923828125,0.017640128350000284
2025-03-20,1258.283447265625,0.005673147612239138
2025-03-21,1265.421875,0.020174727116697655
2025-03-24,1290.951416015625,-0.012787039143588252
2025-03-25,1274.4439697265625,-0.009646421132837424
2025-03-26,1262.150146484375,0.004045346724523613
2025-03-27,1267.2559814453125,-0.002425308203808707
2025-03-28,1264.1824951171875,-0.017645690501992828
2025-04-01,1241.8751220703125,-0.0011575237916060521
2025-04-02,1240.4376220703125,-0.001958242079422967
2025-04-03,1238.008544921875,-0.035236663910407695
2025-04-04,1194.38525390625,-0.032373152212439305
2025-04-07,1155.71923828125,0.014154618272830488
2025-04-08,1172.0780029296875,0.0026645384242292014
2025-04-09,1175.2010498046875,0.02834600587270697
2025-04-11,1208.5133056640625,0.01735106601006997
2025-04-15,1229.4822998046875,-0.0006450607873236258
2025-04-16,1228.689208984375,0.028403081361119353
2025-04-17,1263.5877685546875,0.016477043342625786
2025-04-21,1284.407958984375,-0.0033192768965972785
2025-04-22,1280.1446533203125,0.006815426227561927
2025-04-23,1288.869384765625,0.0012307715038371025
2025-04-24,1290.4556884765625,-0.0009219202768825374
2025-04-25,1289.2659912109375,0.052599177762373994
2025-04-28,1357.080322265625,0.0225744751242265
2025-04-29,1387.7156982421875,0.0037865383223170124
2025-04-30,1392.9703369140625,0.010533849468939094
2025-05-02,1407.6436767578125,0.008099785134819015
2025-05-05,1419.0452880859375,-0.007266177649733696
2025-05-06,1408.7342529296875,-0.010486336160832499
2025-05-07,1393.9617919921875,0.0007112498232164643
2025-05-08,1394.9532470703125,-0.021179777793082
2025-05-09,1365.408447265625,0.043058351107950754
2025-05-12,1424.20068359375,-0.014479664614505894
2025-05-13,1403.5787353515625,0.0061453540610170165
2025-05-14,1412.2042236328125,0.02092113971943621
2025-05-15,1441.7491455078125,0.0015128514905287105
2025-05-16,1443.9302978515625,-0.010711341598050206
2025-05-19,1428.4638671875,-0.011243742082533759
2025-05-20,1412.402587890625,0.003228928433082867
2025-05-21,1416.963134765625,-0.013853833322909237
2025-05-22,1397.332763671875,0.012345734016484755
2025-05-23,1414.5838623046875,0.0056068761250060994
2025-05-26,1422.5152587890625,-0.008851440092437768
2025-05-27,1409.9239501953125,-0.006469296318463824
2025-05-28,1400.802734375,0.003468121654575773
2025-05-29,1405.660888671875,0.0021864194149390226
2025-05-30,1408.7342529296875,-0.0050672635520357945
2025-06-02,1401.5958251953125,-0.005800273178426574
2025-06-03,1393.4661865234375,0.012806787396711927
2025-06-04,1411.31201171875,0.013277120171936607
2025-06-05,1430.0501708984375,0.0007626139236709406
2025-06-06,1431.1407470703125,0.0036716435351531462
2025-06-09,1436.3953857421875,-0.007109403277025583
2025-06-10,1426.1834716796875,0.007229809741173154
2025-06-11,1436.4945068359375,-0.005038255784043266
2025-06-12,1429.257080078125,-0.0095033733687242
2025-06-13,1415.67431640625,0.006933309097606699
2025-06-16,1425.4896240234375,-0.004590408089462872
2025-06-17,1418.946044921875,-0.0007685818469123085
2025-06-18,1417.85546875,0.002237695986731625
2025-06-19,1421.0281982421875,0.022953917524542122
2025-06-20,1453.6463623046875,-0.006411090241396078
2025-06-23,1444.326904296875,-0.00411860249971141
2025-06-24,1438.3782958984375,0.01137306138106009
2025-06-25,1454.737060546875,0.01908266081831589
2025-06-26,1482.497314453125,0.0134420860335005
2025-06-27,1502.4251708984375,-0.009766436377643628
2025-06-30,1487.7518310546875,0.018525947099128137
2025-07-01,1515.3138427734375,-0.006281089763032099
2025-07-02,1505.7960205078125,-0.000658344818495471
2025-07-03,1504.8046875,0.006259085481400639
2025-07-04,1514.223388671875,0.009297338276263556
2025-07-07,1528.3016357421875,-0.002530062867381666
2025-07-08,1524.4349365234375,-0.01209672737504952
2025-07-09,1505.9942626953125,-0.001185043006442732
2025-07-10,1504.2095947265625,-0.01450032197239437
2025-07-11,1482.3980712890625,-0.007691329035668826
2025-07-14,1470.9964599609375,0.0011458537942672375
2025-07-15,1472.6820068359375,0.0001346130302264381
2025-07-16,1472.8802490234375,-0.006192692010126066
2025-07-17,1463.7591552734375,-0.00027095061635218354
2025-07-18,1463.362548828125,-0.03211388916092317
2025-07-21,1416.3682861328125,-0.011059745551301958
2025-07-22,1400.70361328125,0.008352212772528844
2025-07-23,1412.402587890625,-0.015232314313711859
2025-07-24,1390.888427734375,-0.007983564911071106
2025-07-25,1379.7841796875,-0.00294607045514228
2025-07-28,1375.71923828125,0.02125974232938521
2025-07-29,1404.9666748046875,-0.004939664122301846
2025-07-30,1398.026611328125,-0.014112474038723288
2025-07-31,1378.2969970703125,0.002517666933043783
2025-08-01,1381.76708984375,0.012771749405182442
2025-08-04,1399.4146728515625,-0.014027645661354837
2025-08-05,1379.7841796875,0.0007903961995867625
2025-08-06,1380.874755859375,-0.002441008878437123
2025-08-07,1377.5040283203125,-0.01554635100336188
2025-08-08,1356.0888671875,0.01345223906930193
2025-08-11,1374.331298828125,-0.004184030550368867
2025-08-12,1368.5810546875,0.00159364347911084
2025-08-13,1370.7620849609375,-0.002396234915443829
2025-08-14,1367.4774169921875,0.005750387752597064
2025-08-18,1375.3409423828125,0.0277918481328272
2025-08-19,1413.564208984375,-0.004999603624136206
2025-08-20,1406.4969482421875,0.008351050852788644
2025-08-21,1418.24267578125,-0.010948986783200665
2025-08-22,1402.71435546875,0.002412750251587381
2025-08-25,1406.0987548828125,-0.019609227068779322
2025-08-26,1378.5262451171875,0.0007221359781603987
2025-08-28,1379.521728515625,-0.02070862138199292
2025-08-29,1350.9537353515625,-0.0024314600515965568
2025-09-01,1347.6689453125,0.009306434069823899
2025-09-02,1360.2109375,0.004463939560155561
2025-09-03,1366.2828369140625,-0.009689625876550978
2025-09-04,1353.0440673828125,0.011550109855192225
2025-09-05,1368.671875,0.0025454506535760313
2025-09-08,1372.15576171875,-0.001668579358936717
2025-09-09,1369.8662109375,0.0005813609478000359
2025-09-10,1370.66259765625,0.004575245705825681
2025-09-11,1376.9337158203125,0.008458009292861446
2025-09-12,1388.579833984375,0.0030823948774383325
2025-09-15,1392.8599853515625,0.004287876866437168
2025-09-16,1398.8323974609375,0.0060485713051525725
2025-09-17,1407.2933349609375,0.0008486758999204369
2025-09-18,1408.4876708984375,-0.005370967430211482
2025-09-19,1400.9227294921875,-0.01193697408733907
2025-09-22,1384.199951171875,-0.0005751644315916682
2025-09-23,1383.40380859375,-0.004892858315176718
2025-09-24,1376.635009765625,-0.007664448009885971
2025-09-25,1366.0838623046875,0.0037889514205171615
2025-09-26,1371.2598876953125,-0.0034843534361621575
2025-09-29,1366.48193359375,-0.006410272444172027
2025-09-30,1357.722412109375,0.003445729911237372
2025-10-01,1362.4007568359375,-0.0038722179717254335
2025-10-03,1357.125244140625,0.008508154209957652
2025-10-06,1368.671875,0.00712726183001311
2025-10-07,1378.4267578125,-0.012565010212474692
2025-10-08,1361.1068115234375,0.007605702038898432
2025-10-09,1371.458984375,0.0028305316105254885
2025-10-10,1375.3409423828125,-0.0048490284679943985
2025-10-13,1368.671875,0.0006545571950453688
2025-10-14,1369.5677490234375,-0.001162886150263942
2025-10-15,1367.97509765625,0.017463421964418302
2025-10-16,1391.8646240234375,0.013230393728203227
2025-10-17,1410.279541015625,0.035290716445324666
2025-10-20,1460.04931640625,-0.0010908202546936474
2025-10-21,1458.4566650390625,-0.0114659946029676
2025-10-23,1441.7340087890625,0.002209355342217556
2025-10-24,1444.9193115234375,0.022389029988648
2025-10-27,1477.2696533203125,0.0018867452120525652
2025-10-28,1480.056884765625,0.01163483310742941
2025-10-29,1497.277099609375,-0.010437403705000348
2025-10-30,1481.6494140625,-0.0014107318108448341
2025-10-31,1479.5592041015625,-0.0011437600722541408
2025-11-03,1477.866943359375,-0.0078130381840249
2025-11-04,1466.3203125,0.015613345081491259
2025-11-06,1489.2144775390625,-0.012098138921255441
2025-11-07,1471.19775390625,0.007645503023053557
2025-11-10,1482.44580078125,0.0027530023395538894
2025-11-11,1486.5269775390625,0.01211992909292925
2025-11-12,1504.5435791015625,-0.00039690971869799085
2025-11-13,1503.9464111328125,0.005294826136542197
2025-11-14,1511.9095458984375,-0.0003949759893837612
2025-11-17,1511.3123779296875,0.0007244356949636099
2025-11-18,1512.4072265625,-0.0003290652512906167
2025-11-19,1511.9095458984375,0.019882826481121718
2025-11-20,1541.9705810546875,-0.001613860485537244
2025-11-21,1539.4820556640625,-0.006918402716518335
2025-11-24,1528.831298828125,0.0024740929270772316
2025-11-25,1532.61376953125,0.019614227507197768
2025-11-26,1562.6748046875,-0.004140396168178739
2025-11-27,1556.2047119140625,0.002622519213936192
2025-11-28,1560.285888671875,-0.0008931406081523763
2025-12-01,1558.892333984375,-0.012642863060538412
2025-12-02,1539.1834716796875,-0.004850269145247221
2025-12-03,1531.718017578125,-0.002079562098127874
2025-12-04,1528.53271484375,0.003256017134998901
2025-12-05,1533.5096435546875,0.001557889183141814
2025-12-08,1535.898681640625,-0.008814042063944538
2025-12-09,1522.3612060546875,0.004903945359473916
2025-12-10,1529.8267822265625,0.005270284298839245
2025-12-11,1537.889404296875,0.007443411420030577
2025-12-12,1549.3365478515625,-0.00019279610688960336
2025-12-15,1549.037841796875,-0.008931955777110256
2025-12-16,1535.201904296875,0.0013616007284771303
2025-12-17,1537.292236328125,0.0
2025-12-18,1537.292236328125,0.013403186310904314
2025-12-19,1557.8968505859375,0.00658110679344337
2025-12-22,1568.1495361328125,-0.002983431547231463
2025-12-23,1563.4710693359375,-0.00795817911602592
2025-12-24,1551.0286865234375,0.0006417426942348925
2025-12-26,1552.0240478515625,-0.008722386443924313
2025-12-29,1538.4866943359375,-0.0037525936694431383
2025-12-30,1532.71337890625,0.019872749161595316
2025-12-31,1563.172607421875,0.0033111527772029525
2026-01-01,1568.3485107421875,0.010599232824698213
2026-01-02,1584.9718017578125,-0.008917991859113128
2026-01-05,1570.8370361328125,-0.04467397667305939
2026-01-06,1500.6614990234375,-0.0022552717026890212
2026-01-07,1497.277099609375,-0.022337423385908717
2026-01-08,1463.831787109375,0.003196041265173921
2026-01-09,1468.51025390625,0.0053547636931428055
2026-01-12,1476.373779296875,-0.020496171220296455
2026-01-13,1446.11376953125,0.004129973889475558
2026-01-14,1452.086181640625,0.0
2026-01-15,1452.086181640625,-0.0006169565104086061
2026-01-16,1451.1903076171875,-0.030386222382269512
2026-01-19,1407.0941162109375,-0.013865288327362557
2026-01-20,1387.5843505859375,0.007604056306050433
2026-01-21,1398.1356201171875,-0.0014950853130218933
2026-01-22,1396.0452880859375,-0.011693449417618407
2026-01-23,1379.720703125,-0.00404010662257559
2026-01-27,1374.146484375,0.011734823320726173
2026-01-28,1390.2718505859375,-0.00408100477061113
2026-01-29,1384.59814453125,0.0031631999215702145
2026-01-30,1388.9779052734375,-0.0035831590207748842
2026-02-02,1384.0009765625,0.033587393461975035
2026-02-03,1430.4859619140625,0.013708276482541581
2026-02-04,1450.095458984375,-0.009198276446980902
2026-02-05,1436.757080078125,0.0051268004167235315
2026-02-06,1444.123046875,0.007444133077086468
2026-02-09,1454.873291015625,-0.002121020056346845
2026-02-10,1451.7874755859375,0.0069935003177907795
2026-02-11,1461.9405517578125,-0.01348130215075427
2026-02-12,1442.231689453125,-0.02022224400288386
2026-02-13,1413.0665283203125,0.012327398069824858
2026-02-16,1430.4859619140625,-0.009811374982602317
2026-02-17,1416.450927734375,0.012860184532927255
2026-02-18,1434.666748046875,-0.022063441957186347
2026-02-19,1403.0130615234375,0.007023806447532088
2026-02-20,1412.8675537109375,0.006058814721798367
2026-02-23,1421.4278564453125,0.0005602723452611258
2026-02-24,1422.2242431640625,-0.02120658722132207
2026-02-25,1392.063720703125,0.0059349587935093595
2026-02-26,1400.3255615234375,-0.009169794935556141
2026-02-27,1387.48486328125,-0.025755137390645833
2026-03-02,1351.75,-0.009572822989874274
2026-03-04,1338.8099365234375,0.03301116723536035
2026-03-05,1383.005615234375,0.011083904066363504
2026-03-06,1398.334716796875,0.013667380231682458
2026-03-09,1417.4462890625,-0.010674129241834973
2026-03-10,1402.3162841796875,-0.01320281777802923
2026-03-11,1383.8017578125,0.0014386776973818183
2026-03-12,1385.7926025390625,-0.008260270305528894
2026-03-13,1374.3455810546875,0.010429502180503425
2026-03-16,1388.6793212890625,0.0017919207711702967
2026-03-17,1391.167724609375,0.007512956232144763
2026-03-18,1401.6195068359375,-0.016547107763784985
2026-03-19,1378.4267578125,0.0213749079885428
2026-03-20,1407.8905029296875,-0.004666257826481779
2026-03-23,1401.3209228515625,0.0028412958929566745
2026-03-24,1405.302490234375,0.0009207592824262978
2026-03-25,1406.596435546875,-0.04599812997457742
2026-03-27,1341.8956298828125,-0.003115491227037581
2026-03-30,1337.7149658203125,0.01882573816032962
2026-04-01,1362.8984375,-0.013657577915861752
2026-04-02,1344.2845458984375,-0.03391338056926663
2026-04-06,1298.6953125,-7.660557771316245e-05
2026-04-07,1298.5958251953125,0.03311362925154748
2026-04-08,1341.5970458984375,-0.013206752133664734
2026-04-09,1323.87890625,0.015187987035020889
2026-04-10,1343.9859619140625,-0.02599616182950437
2026-04-13,1309.0474853515625,0.02205158901526394
2026-04-15,1337.9140625,-0.0005951538075245066
2026-04-16,1337.1177978515625,0.016154221932395352
2026-04-17,1358.7178955078125,-0.0012453936740434157
2026-04-20,1357.0257568359375,-0.00733514411354752
2026-04-21,1347.07177734375,0.006502548387833373
2026-04-22,1355.8311767578125,-0.013728767947403075
2026-04-23,1337.21728515625,-0.011612322406057696
2026-04-24,1321.6890869140625,0.02861873765675349
2026-04-27,1359.51416015625,0.016913139279922884
2026-04-28,1382.5078125,0.026279801764230504
2026-04-29,1418.83984375,0.0037884784278527928
2026-04-30,1424.215087890625,0.0
2026-05-01,1424.215087890625,0.022574711776720546
2026-05-04,1456.3663330078125,0.0003417276634201105
2026-05-05,1456.864013671875,-0.017559404857963812
2026-05-06,1431.2823486328125,-0.0011823388612344221
2026-05-07,1429.590087890625,-0.0006962564559982454
2026-05-08,1428.5947265625,-0.0327480499097329
2026-05-11,1381.81103515625,-0.017432646312707356
2026-05-12,1357.722412109375,-0.00381228544543466
2026-05-13,1352.54638671875,0.0022078400297471656
2026-05-14,1355.5325927734375,-0.01865176919350786
2026-05-15,1330.24951171875,-0.0003741258009706261
2026-05-18,1329.7518310546875,-0.009881095096107906
2026-05-19,1316.6124267578125,0.027973085446836077
2026-05-20,1353.442138671875,-0.007428072844503308
2026-05-21,1343.388671875,0.0036307001155833074
2026-05-22,1348.26611328125,0.009228523034322533
2026-05-25,1360.7086181640625,-0.00782727074955647
2026-05-26,1350.0579833984375,-0.004276436694568342
2026-05-27,1344.2845458984375,0.0
2026-05-28,1344.2845458984375,-0.021695675384946322
2026-05-29,1315.119384765625,-0.0009082506285353897
2026-06-01,1313.9249267578125,-0.004090889791988239
2026-06-02,1308.5498046875,-0.001064961136754583
2026-06-03,1307.15625,-0.007234252850892964
2026-06-04,1297.699951171875,-0.005162943225685335
2026-06-05,1291.0,-0.021456197654434517
2026-06-08,1263.300048828125,0.0046702304406802675
2026-06-09,1269.199951171875,-0.00819406141179535
2026-06-10,1258.800048828125,0.003336472043979466
2026-06-11,1263.0,0.02375296912114022
2026-06-12,1293.0,0.010827532869296164
2026-06-15,1307.0,0.0166794558746175
2026-06-16,1328.800048828125,0.002934905328449755
2026-06-17,1332.699951171875,-0.003451621335989863
2026-06-18,1328.0999755859375,-0.014004951380058195
2026-06-19,1309.5,0.012982054219167649
2026-06-22,1326.5,-0.012815680361854542
2026-06-23,1309.5,0.0031309473737590743
2026-06-24,1313.5999755859375,0.00342570042907675
2026-06-25,1318.0999755859375,0.0
2026-06-26,1318.0999755859375,-0.01297320074551711
2026-06-29,1301.0,-0.005457321741689114
2026-06-30,1293.9000244140625,0.010897268196839782
2026-07-01,1308.0,-0.0034403669724770714
2026-07-02,1303.5,0.0003835826620637306
2026-07-03,1304.0,0.013266908610525263
2026-07-06,1321.300048828125,-0.009763130203093273
2026-07-07,1308.4000244140625,-0.024839498160781792
2026-07-08,1275.9000244140625,0.0030566849591946443
2026-07-09,1279.800048828125,0.02187841766816523
2026-07-10,1307.800048828125,-0.008334626095043873
2026-07-13,1296.9000244140625,-0.0030071897144303694
2026-07-14,1293.0,0.0019334880123742515
2026-07-15,1295.5,0.0008490741689983761
2026-07-16,1296.5999755859375,0.023600166714571547
2026-07-17,1327.199951171875,-0.0030891920861791933
2026-07-20,1323.0999755859375,-0.014662553678508772
2026-07-21,1303.699951171875,-0.011582400975289064
2026-07-22,1288.5999755859375,-0.01272700971968066
2026-07-23,1272.199951171875,0.004559070154642297
2026-07-24,1278.0,0.0015649452269170805
2026-07-27,1280.0,-0.009609413146972612
2026-07-28,1267.699951171875,0.006468465376690435
2026-07-29,1275.9000244140625,0.01332392795258941
2026-07-30,1292.9000244140625,0.011524498517056836
2026-07-31,1307.800048828125,0.008563962955889792
2026-08-03,1319.0,-0.021303999686078434
2026-08-04,1290.9000244140625,-0.00844374018740146
2026-08-05,1280.0,0.03515625
2026-08-06,1325.0,0.00739626326650944
2026-08-07,1334.800048828125,-0.005618819093230143
2026-08-10,1327.300048828125,-0.002561609499724171
2026-08-11,1323.9000244140625,0.003852236189960445
2026-08-12,1329.0,-0.009029345372460473
2026-08-13,1317.0,-0.005315110098709219
2026-08-14,1310.0,0.004580152671755711
2026-08-17,1316.0,0.004559270516717229
2026-08-18,1322.0,-0.008320726172465931
2026-08-19,1311.0,0.0016780710693173884
2026-08-20,1313.199951171875,0.0021322334238791374
2026-08-21,1316.0,-0.004711209097169489
2026-08-24,1309.800048828125,0.0054969849621830935
2026-08-25,1317.0,-0.014426727410782103
2026-08-26,1298.0,-0.012172610807492323
2026-08-27,1282.199951171875,0.0037436039704557
2026-08-28,1287.0,-0.007770007770007803
2026-08-31,1277.0,0.025058731401722767
2026-09-01,1309.0,0.003132143304765078
2026-09-02,1313.0999755859375,-0.008072481747787408
2026-09-03,1302.5,0.01497120921305184
2026-09-04,1322.0,-0.009455370650529482
2026-09-07,1309.5,-0.011149274979715518
2026-09-08,1294.9000244140625,-0.01227895908122889
2026-09-09,1279.0,-0.003909304143862369
2026-09-10,1274.0,-0.01295133437990581
2026-09-11,1257.5,
