ds,y,next_return
1996-01-01,11.753150939941406,-0.03182949596529461
1996-01-02,11.379054069519043,-0.026663279640134818
1996-01-03,11.075651168823242,-0.003457393542191989
1996-01-04,11.037358283996582,-0.005604696034711698
1996-01-05,10.975497245788574,-0.02925366613596403
1996-01-08,10.654423713684082,0.054741449876400505
1996-01-09,11.237662315368652,-0.04587168731849156
1996-01-10,10.722171783447266,0.03818700896165539
1996-01-11,11.131619453430176,0.000529113719954788
1996-01-12,11.1375093460083,0.003173774085340364
1996-01-15,11.172857284545898,0.021091298005478265
1996-01-16,11.408507347106934,-0.04105323494629598
1996-01-17,10.94015121459961,-0.006731505163194651
1996-01-18,10.866507530212402,0.011927568720627502
1996-01-19,10.996118545532227,0.03482460855629865
1996-01-22,11.379054069519043,0.010613400170954801
1996-01-23,11.499824523925781,-0.03381142170960749
1996-01-24,11.11099910736084,0.009543867949184603
1996-01-25,11.217041015625,0.0
1996-01-26,11.217041015625,0.04569356023506366
1996-01-29,11.72958755493164,0.022350342668124856
1996-01-30,11.991747856140137,-0.03414380123711469
1996-01-31,11.582304000854492,0.04959280937570143
1996-02-01,12.156702995300293,0.06905784293321204
1996-02-02,12.99621868133545,0.06300983678398486
1996-02-05,13.815108299255371,0.008528673962672428
1996-02-06,13.93293285369873,-0.01754760985120951
1996-02-07,13.688443183898926,0.02840572735063729
1996-02-08,14.07727336883545,0.07072586978835105
1996-02-09,15.072900772094727,-0.05862810455523104
1996-02-12,14.189205169677734,0.00539753442224522
1996-02-13,14.265791893005371,0.029320798966920192
1996-02-14,14.684076309204102,-0.00581735712007958
1996-02-15,14.598653793334961,-0.023406109748769888
1996-02-16,14.256956100463867,0.006818421108609529
1996-02-19,14.354166030883789,-0.031192775386052918
1996-02-20,13.90641975402832,0.0
1996-02-21,13.90641975402832,0.027748506405664397
1996-02-22,14.292302131652832,0.014839224331926637
1996-02-23,14.504388809204102,0.02660445945197809
1996-02-26,14.890270233154297,-0.0017804372860036333
1996-02-27,14.86375904083252,0.0011888400074400174
1996-02-28,14.881429672241211,-0.04869314952086956
1996-02-29,14.156805992126465,0.01227607259179786
1996-03-01,14.330595970153809,-0.010071593140192459
1996-03-04,14.186264038085938,0.0
1996-03-05,14.186264038085938,0.012042519126911566
1996-03-06,14.357102394104004,-0.006359953324295509
1996-03-07,14.265791893005371,-0.009291674908767589
1996-03-08,14.133238792419434,-0.022926259001907923
1996-03-11,13.809216499328613,-0.0014928854000337832
1996-03-12,13.78860092163086,0.02392616719033014
1996-03-13,14.118509292602539,-0.001043140756792127
1996-03-14,14.103781700134277,-0.01796152746315527
1996-03-15,13.850456237792969,-0.02615914778338957
1996-03-18,13.488140106201172,-0.02729843162930401
1996-03-19,13.119935035705566,0.0
1996-03-20,13.119935035705566,0.03165683778784545
1996-03-21,13.535270690917969,-0.010881181672909301
1996-03-22,13.387990951538086,0.006600644549784596
1996-03-25,13.476360321044922,-0.007650562013073681
1996-03-26,13.373258590698242,0.018502264656370837
1996-03-27,13.620694160461426,0.016652391454533344
1996-03-28,13.847511291503906,0.0014888257491234569
1996-03-29,13.868127822875977,0.026975366024503344
1996-04-01,14.242225646972656,0.031644584699561884
1996-04-02,14.692914962768555,0.013632565391618945
1996-04-03,14.893217086791992,-0.0029665735396854354
1996-04-04,14.849035263061523,0.0
1996-04-05,14.849035263061523,0.05296518213922341
1996-04-08,15.635517120361328,0.006970771870594028
1996-04-09,15.744508743286133,-0.016276811986252082
1996-04-10,15.488238334655762,-0.002282182395411003
1996-04-11,15.45289134979248,0.023827460817028134
1996-04-12,15.821094512939453,0.029789952994703883
1996-04-15,16.292404174804688,0.02730032807643057
1996-04-16,16.737192153930664,0.007391703054628662
1996-04-17,16.86090850830078,0.05293512241893983
1996-04-18,17.753442764282227,0.022565199066558073
1996-04-19,18.154052734375,-0.009735707849755859
1996-04-22,17.977310180664062,-0.010486045625343277
1996-04-23,17.788799285888672,0.05530676503631504
1996-04-24,18.772640228271484,-0.0067471223610000575
1996-04-25,18.645978927612305,-0.017219656208357303
1996-04-26,18.324901580810547,-0.008680382441848211
1996-04-29,18.165834426879883,-0.03113324063544287
1996-04-30,17.60027313232422,0.016401534871643975
1996-05-01,17.888944625854492,-0.019759655629158823
1996-05-02,17.535465240478516,-0.03997972945192296
1996-05-03,16.834402084350586,-0.05809286687457338
1996-05-06,15.856443405151367,0.02043473967091214
1996-05-07,16.180465698242188,0.012197013776837684
1996-05-08,16.377819061279297,-0.016546298261007064
1996-05-09,16.106826782226562,-0.012801825447125159
1996-05-10,15.900629997253418,0.02630603371830853
1996-05-13,16.318912506103516,0.0402526470316662
1996-05-14,16.975791931152344,0.0064199652052918665
1996-05-15,17.084775924682617,0.016035000557643064
1996-05-16,17.35873031616211,-0.029357077605100312
1996-05-17,16.84912872314453,-0.050699325635321424
1996-05-20,15.994889259338379,-0.004604200954014814
1996-05-21,15.921245574951172,0.0049956165561202415
1996-05-22,16.000782012939453,-0.014359249199369928
1996-05-23,15.77102279663086,0.010459320718316345
1996-05-24,15.9359769821167,-0.03438103808341342
1996-05-27,15.388081550598145,0.003828869293950765
1996-05-28,15.447000503540039,0.05148742195793221
1996-05-29,16.242326736450195,-0.008705141599761435
1996-05-30,16.100934982299805,0.015367361852896888
1996-05-31,16.348363876342773,0.07500002041708953
1996-06-03,17.574491500854492,-0.008487214425290768
1996-06-04,17.42533302307129,0.006334246690498757
1996-06-05,17.535709381103516,0.03232419982157464
1996-06-06,18.102537155151367,0.0
1996-06-07,18.102537155151367,0.004119927809070223
1996-06-10,18.1771183013916,0.005744044230641121
1996-06-11,18.28152847290039,0.008975369924795418
1996-06-12,18.44561195373535,-0.003072957775111518
1996-06-13,18.38892936706543,0.010220623279824537
1996-06-14,18.576875686645508,-0.006102283320120971
1996-06-17,18.46351432800293,-0.0014542056418468396
1996-06-18,18.436664581298828,-0.022006653754214955
1996-06-19,18.030935287475586,0.003971056771831183
1996-06-20,18.102537155151367,-0.01680971005726195
1996-06-21,17.79823875427246,0.011062859464969987
1996-06-24,17.99513816833496,0.0019892661454312677
1996-06-25,18.030935287475586,-0.010092450305990375
1996-06-26,17.84895896911621,0.00668540643588722
1996-06-27,17.968286514282227,-0.006143055023179578
1996-06-28,17.857906341552734,-0.007016469419138915
1996-07-01,17.732606887817383,0.0015143606110061825
1996-07-02,17.75946044921875,-0.013942648064583785
1996-07-03,17.5118465423584,0.001703580481570599
1996-07-04,17.54167938232422,0.012585229879833237
1996-07-05,17.7624454498291,0.05643245838960542
1996-07-08,18.76482391357422,-0.008426057198430814
1996-07-09,18.60671043395996,-0.03783870777604936
1996-07-10,17.90265655517578,0.01883019530482577
1996-07-11,18.23976707458496,-0.0078508685291927
1996-07-12,18.096569061279297,0.006429405129569465
1996-07-15,18.212919235229492,-0.003931377872542274
1996-07-16,18.14131736755371,0.055418647867925275
1996-07-17,19.146684646606445,0.0048301632823712914
1996-07-18,19.239166259765625,-0.013025356542925581
1996-07-19,18.988569259643555,0.006912575477282301
1996-07-22,19.119829177856445,-0.040255491232951246
1996-07-23,18.35015106201172,-0.04275741510757358
1996-07-24,17.5655460357666,0.013077066325131836
1996-07-25,17.795251846313477,-0.030343402569626865
1996-07-26,17.25528335571289,-0.03544271979579827
1996-07-29,16.643709182739258,0.0005379266354705869
1996-07-30,16.65266227722168,0.04854875119562485
1996-07-31,17.46112823486328,-0.025286029191690318
1996-08-01,17.01960563659668,-0.007186679629167858
1996-08-02,16.89729118347168,-0.010063497800609889
1996-08-05,16.727245330810547,0.0164080660496011
1996-08-06,17.001707077026367,0.014914754003094721
1996-08-07,17.25528335571289,-0.010373462788465848
1996-08-08,17.07628631591797,0.005590595753863559
1996-08-09,17.1717529296875,0.0015637107150727747
1996-08-12,17.198604583740234,0.0005204600809447513
1996-08-13,17.207555770874023,-0.024965319786758977
1996-08-14,16.777963638305664,0.0
1996-08-15,16.777963638305664,-0.03485073867573241
1996-08-16,16.193239212036133,-0.021002433355975847
1996-08-19,15.853141784667969,-0.006586147187813918
1996-08-20,15.748730659484863,0.02765678594571641
1996-08-21,16.184289932250977,-0.01640580354401744
1996-08-22,15.918773651123047,0.006371897893391543
1996-08-23,16.020206451416016,-0.011173085252622839
1996-08-26,15.841211318969727,0.002824923720919026
1996-08-27,15.885961532592773,0.013708546193643922
1996-08-28,16.103734970092773,0.0009264484936921669
1996-08-29,16.118654251098633,0.00888399310977861
1996-08-30,16.261852264404297,0.021647465943160915
1996-09-02,16.613880157470703,-0.006284973763721724
1996-09-03,16.509462356567383,0.0012649448982422484
1996-09-04,16.530345916748047,0.02779259188831862
1996-09-05,16.98976707458496,-0.008779312696189367
1996-09-06,16.840608596801758,-0.020372329539424805
1996-09-09,16.497526168823242,-0.006871299983640555
1996-09-10,16.384166717529297,-0.018572362212809224
1996-09-11,16.07987403869629,0.0053801175139982504
1996-09-12,16.166385650634766,-0.026757636586430045
1996-09-13,15.733811378479004,-0.04891915716097439
1996-09-16,14.964126586914062,0.009569611263101852
1996-09-17,15.107327461242676,0.06832552446689433
1996-09-18,16.139543533325195,-0.027541817792473444
1996-09-19,15.69503116607666,0.0024708592160149756
1996-09-20,15.733811378479004,-0.014031012182799008
1996-09-23,15.513050079345703,0.0001922957282070037
1996-09-24,15.516033172607422,0.019419425264325163
1996-09-25,15.81734561920166,-0.019238091344893737
1996-09-26,15.513050079345703,-0.023846145712456912
1996-09-27,15.143123626708984,-0.003743186791677622
1996-09-30,15.086440086364746,-0.024520586557705948
1996-10-01,14.716511726379395,0.0
1996-10-02,14.716511726379395,-0.028380155995111567
1996-10-03,14.29885482788086,-0.03880671515188383
1996-10-04,13.743963241577148,-0.053396953424292515
1996-10-07,13.010077476501465,-0.04196266618189126
1996-10-08,12.464139938354492,0.020105132537358905
1996-10-09,12.714733123779297,0.020647501073328023
1996-10-10,12.97726058959961,-0.0029883938762654827
1996-10-11,12.93847942352295,-0.03458603422324158
1996-10-14,12.490988731384277,0.001910557010894376
1996-10-15,12.514853477478027,-0.001906913743472738
1996-10-16,12.490988731384277,-0.0033437801650069154
1996-10-17,12.44922161102295,0.031152780900500998
1996-10-18,12.83704948425293,0.0
1996-10-21,12.83704948425293,0.03950701535189083
1996-10-22,13.344202995300293,0.06282148230208495
1996-10-23,14.18250560760498,-0.044383746423932835
1996-10-24,13.553032875061035,0.022892420408003877
1996-10-25,13.86329460144043,-0.00365804716030127
1996-10-28,13.812582015991211,0.0036714775985045023
1996-10-29,13.86329460144043,0.0
1996-10-30,13.86329460144043,-0.012265698488475918
1996-10-31,13.693251609802246,-0.0026143554145774406
1996-11-01,13.657452583312988,-0.03888176680799649
1996-11-04,13.126426696777344,-0.021590874085371303
1996-11-05,12.843015670776367,-0.019279895459066276
1996-11-06,12.595403671264648,0.009000140680436086
1996-11-07,12.70876407623291,0.019249210478230472
1996-11-08,12.953397750854492,0.010363904701168991
1996-11-11,13.087645530700684,0.0
1996-11-12,13.087645530700684,0.022566507068114472
1996-11-13,13.382987976074219,-0.017387487280055458
1996-11-14,13.150291442871094,0.009755038044597653
1996-11-15,13.278573036193848,0.02696056973225236
1996-11-18,13.636570930480957,-0.012689016091426364
1996-11-19,13.463536262512207,-0.029691856393404437
1996-11-20,13.0637788772583,-0.0015984389377856623
1996-11-21,13.04289722442627,-0.010750508775327905
1996-11-22,12.902679443359375,0.017572493761752073
1996-11-25,13.129411697387695,0.0038627356382052724
1996-11-26,13.180127143859863,-0.008601220011193678
1996-11-27,13.06676197052002,-0.013242133539753675
1996-11-28,12.893730163574219,0.01573336678487136
1996-11-29,13.09659194946289,-0.008200456542932444
1996-12-02,12.9891939163208,-0.02388570117069866
1996-12-03,12.678937911987305,-0.02329461903612151
1996-12-04,12.383586883544922,0.010840937157974295
1996-12-05,12.517836570739746,-0.0011915370698686312
1996-12-06,12.502921104431152,-0.006203613154061038
1996-12-09,12.425357818603516,-0.019928034009234263
1996-12-10,12.17774486541748,0.05585501967180484
1996-12-11,12.857933044433594,-0.029698602338435243
1996-12-12,12.476070404052734,-0.0026300042775980748
1996-12-13,12.443258285522461,0.04723046249830043
1996-12-16,13.030959129333496,-0.010530995024791823
1996-12-17,12.893730163574219,0.016890388619692054
1996-12-18,13.111510276794434,-0.0029580137055799094
1996-12-19,13.072726249694824,0.02943882754766336
1996-12-20,13.457571983337402,-0.002882019194989094
1996-12-23,13.418787002563477,-0.001556363764548263
1996-12-24,13.397902488708496,0.0
1996-12-25,13.397902488708496,0.05076847220020553
1996-12-26,14.078093528747559,0.0
1996-12-27,14.078093528747559,0.0
1996-12-30,14.078093528747559,-0.009535866905397539
1996-12-31,13.943846702575684,0.06033355850891131
1997-01-01,14.785128593444824,-0.027239823493415694
1997-01-02,14.382384300231934,0.012238559678610761
1997-01-03,14.558403968811035,-0.010451084343726436
1997-01-06,14.40625286102295,0.01801622409456982
1997-01-07,14.665799140930176,0.023596056887003503
1997-01-08,15.01185417175293,0.004769688464634214
1997-01-09,15.083456039428711,0.008504787827631866
1997-01-10,15.211737632751465,-0.008824962322882768
1997-01-13,15.077494621276855,0.030470909396701495
1997-01-14,15.536919593811035,0.07008434570832978
1997-01-15,16.62581443786621,-0.0012560924614375413
1997-01-16,16.604930877685547,0.012755798857906342
1997-01-17,16.816740036010742,-0.03352843402067529
1997-01-20,16.252901077270508,-0.014867857242189197
1997-01-21,16.011255264282227,0.041364301354611666
1997-01-22,16.67354965209961,0.0
1997-01-23,16.67354965209961,-0.014314080648914151
1997-01-24,16.43488311767578,0.055908401120997375
1997-01-27,17.353731155395508,0.06670119306208488
1997-01-28,18.511245727539062,-0.0362611929410388
1997-01-29,17.84000587463379,-0.029598748078352277
1997-01-30,17.31196403503418,-0.057383747289002196
1997-01-31,16.318538665771484,-0.062523157309341
1997-02-03,15.29825210571289,0.028276183221144224
1997-02-04,15.730828285217285,0.0009484103910712971
1997-02-05,15.745747566223145,0.008146759905280243
1997-02-06,15.874024391174316,0.017665897412220577
1997-02-07,16.15445327758789,0.00018466073784484394
1997-02-10,16.15743637084961,0.03526605006404093
1997-02-11,16.727245330810547,-0.0007133495570186277
1997-02-12,16.715312957763672,-0.004283723266524708
1997-02-13,16.643709182739258,0.022943476333118884
1997-02-14,17.02557373046875,0.024881854796789282
1997-02-17,17.449201583862305,-0.029064950870681616
1997-02-18,16.942041397094727,0.020602174453186572
1997-02-19,17.29108428955078,-0.005866301149367481
1997-02-20,17.18964958190918,-0.01145431141147013
1997-02-21,16.992753982543945,-0.0375700253347786
1997-02-24,16.35433578491211,-0.0018241547903977695
1997-02-25,16.32450294494629,0.001096306103899991
1997-02-26,16.34239959716797,0.028112805090122484
1997-02-27,16.801830291748047,0.10014203658577281
1997-02-28,18.484399795532227,0.04406041017427342
1997-03-03,19.298830032348633,0.011284479516749268
1997-03-04,19.5166072845459,0.001223182653635968
1997-03-05,19.54047966003418,-0.012061390130191363
1997-03-06,19.304794311523438,0.0
1997-03-07,19.304794311523438,-0.050687601321256825
1997-03-10,18.32628059387207,-0.03141810750325058
1997-03-11,17.750503540039062,0.03310955843606567
1997-03-12,18.338214874267578,-0.015454980214272052
1997-03-13,18.054798126220703,0.016358694997651524
1997-03-14,18.35015106201172,0.03511581824478793
1997-03-17,18.994531631469727,-0.007067455733006822
1997-03-18,18.860288619995117,-0.018348696221757943
1997-03-19,18.51422691345215,-0.0022555352249925553
1997-03-20,18.47246742248535,0.02067157582432766
1997-03-21,18.85432243347168,0.0
1997-03-24,18.85432243347168,-0.0030064455627386577
1997-03-25,18.797637939453125,-0.01444206694904382
1997-03-26,18.526161193847656,-0.0016104117308641808
1997-03-27,18.496326446533203,0.0
1997-03-28,18.496326446533203,-0.09967731563567228
1997-03-31,16.65266227722168,-0.061089195698304954
1997-04-01,15.635364532470703,0.043503247479638185
1997-04-02,16.315553665161133,0.00786247541953533
1997-04-03,16.44383430480957,-0.0159652164028532
1997-04-04,16.181304931640625,-0.0213861605080069
1997-04-07,15.835248947143555,0.0
1997-04-08,15.835248947143555,0.06970596216848213
1997-04-09,16.93906021118164,-0.03134936300704905
1997-04-10,16.408031463623047,0.006909243253208963
1997-04-11,16.521398544311523,0.0
1997-04-14,16.521398544311523,0.02546048699539627
1997-04-15,16.942041397094727,0.0
1997-04-16,16.942041397094727,0.045606596064242666
1997-04-17,17.714710235595703,0.0
1997-04-18,17.714710235595703,0.04782726664879333
1997-04-21,18.56195640563965,-0.014142999694507052
1997-04-22,18.299434661865234,0.01613937791830744
1997-04-23,18.594776153564453,-0.006738319695378525
1997-04-24,18.469478607177734,0.018090684956800995
1997-04-25,18.803604125976562,0.0
1997-04-28,18.803604125976562,-0.011581676083917025
1997-04-29,18.585826873779297,0.03081855020039348
1997-04-30,19.158615112304688,0.0
1997-05-01,19.158615112304688,-0.021644297172858096
1997-05-02,18.743940353393555,-0.03931232658503836
1997-05-05,18.00707244873047,0.0102715929808328
1997-05-06,18.192033767700195,0.0042639521528140545
1997-05-07,18.269603729248047,0.011103891263527288
1997-05-08,18.47246742248535,-0.004360502485675322
1997-05-09,18.391918182373047,-0.020113844081644627
1997-05-12,18.02198600769043,-0.003972711198384604
1997-05-13,17.950389862060547,0.010968875934075806
1997-05-14,18.14728546142578,0.006082461917740645
1997-05-15,18.257665634155273,-0.0037581452684968264
1997-05-16,18.189050674438477,0.01853370609841276
1997-05-19,18.526161193847656,0.0011274529385432164
1997-05-20,18.547048568725586,-0.014637605222956207
1997-05-21,18.275564193725586,-0.005713311233472185
1997-05-22,18.17115020751953,-0.00738801517720955
1997-05-23,18.036901473999023,0.00033088243458401223
1997-05-26,18.042869567871094,-0.007274997198630784
1997-05-27,17.91160774230957,0.00033330348155180545
1997-05-28,17.917577743530273,0.015484293064136567
1997-05-29,18.195018768310547,0.008033918169114918
1997-05-30,18.341196060180664,0.024398327424647315
1997-06-02,18.7886905670166,0.007144883832951754
1997-06-03,18.92293357849121,0.015607797024251635
1997-06-04,19.218278884887695,-0.00869271102281255
1997-06-05,19.051219940185547,-0.011588027863728145
1997-06-06,18.830453872680664,-0.01077296808200412
1997-06-09,18.627593994140625,0.0017614791550961684
1997-06-10,18.6604061126709,0.026059375717731648
1997-06-11,19.146684646606445,-0.004362657429582528
1997-06-12,19.063154220581055,0.01126750360670381
1997-06-13,19.2779483795166,-0.02146668359189996
1997-06-16,18.86411476135254,0.03442761537675221
1997-06-17,19.513561248779297,0.057739890600139177
1997-06-18,20.64027214050293,-0.002487744938361791
1997-06-19,20.588924407958984,0.0058684373913222565
1997-06-20,20.709749221801758,-0.007730703794380345
1997-06-23,20.54964828491211,0.00440999545755516
1997-06-24,20.64027214050293,-0.0038050364244264223
1997-06-25,20.561735153198242,0.006170160286323112
1997-06-26,20.6886043548584,-0.0016061899251824663
1997-06-27,20.65537452697754,-0.006873163846633612
1997-06-30,20.51340675354004,0.0256220099186113
1997-07-01,21.03900146484375,0.00531227244903576
1997-07-02,21.150766372680664,-0.010282987075678762
1997-07-03,20.933273315429688,0.009812516810835836
1997-07-04,21.138681411743164,0.011003309014173901
1997-07-07,21.37127685546875,-0.0007065782371403762
1997-07-08,21.356176376342773,0.0026871994617740924
1997-07-09,21.413564682006836,-0.005924800979791756
1997-07-10,21.286693572998047,-0.004682735087888745
1997-07-11,21.187013626098633,-0.0366411096338104
1997-07-14,20.41069793701172,0.018055647446557854
1997-07-15,20.779226303100586,-0.0334352857398168
1997-07-16,20.0844669342041,0.013234986175272745
1997-07-17,20.350284576416016,0.0
1997-07-18,20.350284576416016,-0.03280387575320476
1997-07-21,19.682716369628906,-0.006292218975267216
1997-07-22,19.558868408203125,0.020695247345550394
1997-07-23,19.96364402770996,-0.007262939346970754
1997-07-24,19.818649291992188,-0.025758083205334015
1997-07-25,19.30815887451172,-0.009230432451292292
1997-07-28,19.12993621826172,0.003947516928897166
1997-07-29,19.20545196533203,-0.0031458345995725168
1997-07-30,19.145034790039062,0.025560218508331456
1997-07-31,19.63438606262207,-0.0069230128832387106
1997-08-01,19.498456954956055,0.015491831157528502
1997-08-04,19.80052375793457,0.02089994227051517
1997-08-05,20.214353561401367,0.014943089558236755
1997-08-06,20.51641845703125,-0.027679046888061887
1997-08-07,19.948543548583984,-0.0163541031833343
1997-08-08,19.622303009033203,0.01955075061203937
1997-08-11,20.00593376159668,-0.0067947255715128385
1997-08-12,19.869998931884766,-0.014441999224005686
1997-08-13,19.583036422729492,-0.009717885711430507
1997-08-14,19.392730712890625,0.0
1997-08-15,19.392730712890625,-0.009968648744769548
1997-08-18,19.199411392211914,-0.0033039867490838315
1997-08-19,19.135976791381836,0.014049071028588989
1997-08-20,19.40481948852539,-0.008250477652507193
1997-08-21,19.244720458984375,-0.020718993166944477
1997-08-22,18.845989227294922,-0.014425357003118977
1997-08-25,18.574129104614258,-0.0030898956305343006
1997-08-26,18.51673698425293,0.010440350704972845
1997-08-27,18.710058212280273,-0.016467472874905686
1997-08-28,18.40195083618164,-0.06877864476930884
1997-08-29,17.136289596557617,-0.004230689562328971
1997-09-01,17.063791275024414,0.03221831137444897
1997-09-02,17.613557815551758,0.00668801613760972
1997-09-03,17.73135757446289,-0.0008510878154387447
1997-09-04,17.716266632080078,0.00869512229520919
1997-09-05,17.870311737060547,-0.003887849429886736
1997-09-08,17.80083465576172,-0.005938969419991724
1997-09-09,17.69511604309082,-0.026630055585994072
1997-09-10,17.223894119262695,0.005085777507920275
1997-09-11,17.311491012573242,-0.009248026185387781
1997-09-12,17.15139389038086,0.0038744388235674165
1997-09-15,17.217845916748047,0.00877213194477533
1997-09-16,17.36888313293457,-0.0005218367026684767
1997-09-17,17.359819412231445,-0.03358264997865745
1997-09-18,16.776830673217773,-0.0030607473421396802
1997-09-19,16.725481033325195,-0.021311171244874916
1997-09-22,16.369041442871094,0.004613094336439083
1997-09-23,16.44455337524414,0.004041438781898998
1997-09-24,16.51101303100586,0.00786631958362971
1997-09-25,16.640893936157227,-0.0030857500858776366
1997-09-26,16.58954429626465,0.01383883254640117
1997-09-29,16.819124221801758,-0.00862105235105437
1997-09-30,16.67412567138672,-0.01358675385298902
1997-10-01,16.44757843017578,0.0
1997-10-02,16.44757843017578,0.0
1997-10-03,16.44757843017578,0.0
1997-10-06,16.44757843017578,0.0
1997-10-07,16.44757843017578,0.0
1997-10-08,16.44757843017578,0.009366402621372671
1997-10-09,16.601633071899414,0.03839138091899197
1997-10-10,17.23899269104004,-0.011915208309798975
1997-10-13,17.033586502075195,-0.02571388740054459
1997-10-14,16.5955867767334,0.019111888504904195
1997-10-15,16.91275978088379,0.041971851857365294
1997-10-16,17.62261962890625,-0.007884880805184125
1997-10-17,17.483667373657227,0.018313797110929286
1997-10-20,17.80385971069336,-0.02901283967282131
1997-10-21,17.28731918334961,-0.009959249890826305
1997-10-22,17.115150451660156,-0.029298133077046207
1997-10-23,16.61370849609375,-0.008545448366819919
1997-10-24,16.471736907958984,0.004951520009300658
1997-10-27,16.55329704284668,-0.09288314660211006
1997-10-28,15.015774726867676,0.08247850564563208
1997-10-29,16.254253387451172,-0.024716818178084465
1997-10-30,15.852499961853027,0.0
1997-10-31,15.852499961853027,-0.018482963294863652
1997-11-03,15.55949878692627,0.008542157041754095
1997-11-04,15.692410469055176,-0.0025026914826993263
1997-11-05,15.65313720703125,0.0027016778379558293
1997-11-06,15.695426940917969,-0.007506023873838141
1997-11-07,15.577616691589355,-0.003102364561966664
1997-11-10,15.529289245605469,0.012254446794451423
1997-11-11,15.719592094421387,-0.023635417107140788
1997-11-12,15.348052978515625,-0.041133991151762195
1997-11-13,14.716726303100586,0.0
1997-11-14,14.716726303100586,0.014368044388898937
1997-11-17,14.928176879882812,-0.015176006022489252
1997-11-18,14.701626777648926,-0.02301253398061842
1997-11-19,14.36330509185791,0.0012620661672448907
1997-11-20,14.38143253326416,-0.0018903151685756292
1997-11-21,14.354247093200684,-0.06986557303618324
1997-11-24,13.35137939453125,-0.0024883685182560678
1997-11-25,13.318156242370605,-0.01678376930947645
1997-11-26,13.094627380371094,0.043598467435628896
1997-11-27,13.665533065795898,-0.03205107000666463
1997-11-28,13.227538108825684,0.036994598228315745
1997-12-01,13.716885566711426,-0.0028629240077848728
1997-12-02,13.67761516571045,-0.020759420274091167
1997-12-03,13.393675804138184,-0.023004514219910233
1997-12-04,13.08556079864502,-0.016158493368475968
1997-12-05,12.874117851257324,0.021116573950825224
1997-12-08,13.145975112915039,-0.01999078098573226
1997-12-09,12.883176803588867,-0.0255566108199059
1997-12-10,12.553926467895508,0.013955753932049397
1997-12-11,12.7291259765625,0.0028478086011296533
1997-12-12,12.765376091003418,0.012068013764480634
1997-12-15,12.919428825378418,0.036006487929470365
1997-12-16,13.384612083435059,0.010607217795957302
1997-12-17,13.526585578918457,-0.004689835545187093
1997-12-18,13.46314811706543,0.010769537216265057
1997-12-19,13.608139991760254,0.03152061623210156
1997-12-22,14.037076950073242,0.009683440562507917
1997-12-23,14.173004150390625,-0.011295583640705265
1997-12-24,14.012911796569824,0.0
1997-12-25,14.012911796569824,0.03535259527564483
1997-12-26,14.508304595947266,0.007494941846019065
1997-12-29,14.617043495178223,-0.00805939500156616
1997-12-30,14.499238967895508,0.020625111733743262
1997-12-31,14.798287391662598,0.005715232502095047
1998-01-01,14.88286304473877,0.011163147988509259
1998-01-02,15.049002647399902,-0.005821030805848615
1998-01-05,14.96140193939209,0.0006057431693582416
1998-01-06,14.970464706420898,0.00020194079758328876
1998-01-07,14.973487854003906,-0.03711967003039329
1998-01-08,14.41767692565918,-0.019902990005972954
1998-01-09,14.130722045898438,-0.019239548047611854
1998-01-12,13.858853340148926,0.024629679162508245
1998-01-13,14.20019245147705,-0.011274090947463233
1998-01-14,14.040098190307617,0.01484495089358795
1998-01-15,14.248522758483887,0.0385839741071663
1998-01-16,14.798287391662598,0.051439154756011796
1998-01-19,15.55949878692627,-0.015531172333335563
1998-01-20,15.317841529846191,-0.011635034190493165
1998-01-21,15.139617919921875,-0.03591342132051323
1998-01-22,14.595902442932129,0.005794283182138926
1998-01-23,14.680475234985352,0.0
1998-01-26,14.680475234985352,-0.010082115976295047
1998-01-27,14.532464981079102,-0.021201184324279865
1998-01-28,14.224359512329102,0.006370697193127883
1998-01-29,14.31497859954834,0.032074416953696616
1998-01-30,14.774123191833496,0.009609153647889945
1998-02-02,14.91609001159668,-0.009112918168255657
1998-02-03,14.780160903930664,-0.023094346527921306
1998-02-04,14.438822746276855,0.001255531382241104
1998-02-05,14.456951141357422,0.011491626345749406
1998-02-06,14.623085021972656,-0.0012395802735671868
1998-02-09,14.604958534240723,-0.013856950013546032
1998-02-10,14.402578353881836,-0.013003272768639329
1998-02-11,14.21529769897461,0.0072249631352048205
1998-02-12,14.318002700805664,0.013923655714445093
1998-02-13,14.517361640930176,0.0
1998-02-16,14.517361640930176,0.008947314173302079
1998-02-17,14.647253036499023,-0.01175505206866334
1998-02-18,14.47507381439209,0.00834735836855649
1998-02-19,14.595902442932129,-0.004552982431197061
1998-02-20,14.529447555541992,0.024531890887108387
1998-02-23,14.885882377624512,0.012378388105974025
1998-02-24,15.070145606994629,0.01603536926805038
1998-02-25,15.311800956726074,-0.0021699611481037495
1998-02-26,15.27857494354248,0.01403723559207326
1998-02-27,15.493043899536133,0.04952210544691571
1998-03-02,16.260292053222656,-0.0295375079354131
1998-03-03,15.780003547668457,0.06317027258822128
1998-03-04,16.776830673217773,-0.01872544805296017
1998-03-05,16.462677001953125,0.0016516853307726453
1998-03-06,16.4898681640625,0.010807547099974002
1998-03-09,16.66808319091797,0.010511191599468894
1998-03-10,16.843284606933594,-0.01757555319309878
1998-03-11,16.54725456237793,-0.003468031394519344
1998-03-12,16.4898681640625,0.0
1998-03-13,16.4898681640625,0.014288341599733467
1998-03-16,16.725481033325195,-0.0077662493732159055
1998-03-17,16.5955867767334,0.017837762604577145
1998-03-18,16.89161491394043,-0.008941211063009824
1998-03-19,16.740583419799805,0.00162381035553949
1998-03-20,16.76776695251465,0.00864711614729341
1998-03-23,16.91275978088379,0.01571698798160437
1998-03-24,17.178577423095703,0.016880656040145103
1998-03-25,17.468563079833984,-0.02576519141987199
1998-03-26,17.018482208251953,0.011714541053456928
1998-03-27,17.217845916748047,-0.018245374211680154
1998-03-30,16.90369987487793,-0.0032169590044781593
1998-03-31,16.849321365356445,0.028146581287963768
1998-04-01,17.323572158813477,-0.004533753274551744
1998-04-02,17.245031356811523,0.022070455527557042
1998-04-03,17.62563705444336,0.003256064608355702
1998-04-06,17.683027267456055,0.020157482489211898
1998-04-07,18.039472579956055,0.0
1998-04-08,18.039472579956055,0.013060962188245373
1998-04-09,18.27508544921875,-0.0034712017273452744
1998-04-10,18.21164894104004,-0.03367071460656934
1998-04-13,17.59844970703125,0.0
1998-04-14,17.59844970703125,0.04239596664273604
1998-04-15,18.344552993774414,-0.023546478108521174
1998-04-16,17.9126033782959,0.004552906750596275
1998-04-17,17.994157791137695,-0.0057072619696101334
1998-04-20,17.891460418701172,0.0082727825337372
1998-04-21,18.039472579956055,-0.007367719548960205
1998-04-22,17.90656280517578,-0.01686916208396161
1998-04-23,17.604494094848633,0.013040550606322476
1998-04-24,17.83406639099121,-0.004234567715062809
1998-04-27,17.758546829223633,-0.002891652551024415
1998-04-28,17.707195281982422,-0.02183576107293772
1998-04-29,17.320545196533203,0.004883627865530427
1998-04-30,17.405132293701172,0.0
1998-05-01,17.405132293701172,0.003991867885577927
1998-05-04,17.474611282348633,-0.00138325418706442
1998-05-05,17.450439453125,-0.023541773052870196
1998-05-06,17.03962516784668,0.0
1998-05-07,17.03962516784668,-0.01418174007079509
1998-05-08,16.7979736328125,0.0019779774578696507
1998-05-11,16.831199645996094,-0.0525842788560259
1998-05-12,15.94614315032959,-0.02784619080623396
1998-05-13,15.502103805541992,0.020654705153461128
1998-05-14,15.822295188903809,-0.03570076064083161
1998-05-15,15.257427215576172,0.013066791211115536
1998-05-18,15.456792831420898,-0.007035085097616411
1998-05-19,15.348052978515625,0.02597883630760056
1998-05-20,15.746777534484863,-0.02263571639807016
1998-05-21,15.390337944030762,0.008046938335806164
1998-05-22,15.514183044433594,-0.009150837851461202
1998-05-25,15.372215270996094,-0.018274655349459823
1998-05-26,15.091293334960938,-0.015412179494309064
1998-05-27,14.85870361328125,-0.010977967302676195
1998-05-28,14.695585250854492,-0.004727751914119116
1998-05-29,14.626108169555664,-0.022924397907070015
1998-06-01,14.290813446044922,-0.03910355979884961
1998-06-02,13.7319917678833,-0.050594077923405534
1998-06-03,13.03723430633545,-0.027108530019792187
1998-06-04,12.68381404876709,-0.05048818630275331
1998-06-05,12.043431282043457,-0.020065086356975015
1998-06-08,11.801778793334961,0.0273868526880916
1998-06-09,12.124992370605469,-0.037618601765490145
1998-06-10,11.668867111206055,0.020191825653698148
1998-06-11,11.9044828414917,0.03247872765266968
1998-06-12,12.291125297546387,-0.055050057886377846
1998-06-15,11.614498138427734,0.013523957104067952
1998-06-16,11.77157211303711,0.09597138160122642
1998-06-17,12.90130615234375,-0.015921717918391476
1998-06-18,12.695895195007324,-0.03259548408648005
1998-06-19,12.282066345214844,-0.031235033404044543
1998-06-22,11.898435592651367,0.039350329349442825
1998-06-23,12.366642951965332,0.03462877770464545
1998-06-24,12.79488468170166,0.017577579812899202
1998-06-25,13.019787788391113,-0.015144404539710221
1998-06-26,12.822610855102539,0.019221995909109113
1998-06-29,13.069087028503418,0.002121435083116019
1998-06-30,13.09681224822998,-0.023053515680437897
1998-07-01,12.79488468170166,-0.010594563716714411
1998-07-02,12.65932846069336,-0.028960994308688037
1998-07-03,12.292701721191406,0.039849549629506376
1998-07-06,12.782560348510742,0.042178952550105286
1998-07-07,13.321715354919434,-0.008094306531448492
1998-07-08,13.213885307312012,0.0
1998-07-09,13.213885307312012,0.06271845152085809
1998-07-10,14.04263973236084,-0.04760867313762007
1998-07-13,13.374088287353516,0.0011519031859386075
1998-07-14,13.389493942260742,-0.017257242963661712
1998-07-15,13.158428192138672,0.031608658077934004
1998-07-16,13.574348449707031,-0.012710015135871555
1998-07-17,13.40181827545166,-0.024597687653550082
1998-07-20,13.072164535522461,-0.023097056297155083
1998-07-21,12.770236015319824,0.006996494471517067
1998-07-22,12.859582901000977,-0.0428842538517159
1998-07-23,12.308109283447266,0.015018377515925163
1998-07-24,12.49295711517334,-0.03995071686126861
1998-07-27,11.993854522705078,0.03493468913529618
1998-07-28,12.412856101989746,0.02432385566398687
1998-07-29,12.714784622192383,-0.003392632904248849
1998-07-30,12.671648025512695,0.020180044141776987
1998-07-31,12.927362442016602,-0.03455668555863156
1998-08-03,12.480635643005371,0.0032088589386558564
1998-08-04,12.520684242248535,0.005167459333383029
1998-08-05,12.585384368896484,-0.009791969708864312
1998-08-06,12.462148666381836,-0.003955382471488411
1998-08-07,12.412856101989746,-0.018366875456127474
1998-08-10,12.184870719909668,-0.012389366539866109
1998-08-11,12.033907890319824,-0.02611347321350521
1998-08-12,11.719660758972168,0.024184969348492125
1998-08-13,12.003100395202637,-0.014630670205049823
1998-08-14,11.827486991882324,-0.011461117742199933
1998-08-17,11.691930770874023,-0.03530940519962755
1998-08-18,11.279095649719238,-0.002731718106781078
1998-08-19,11.248284339904785,0.05067097617985605
1998-08-20,11.818245887756348,-0.04118854494582902
1998-08-21,11.331469535827637,0.0021749034056570693
1998-08-24,11.356114387512207,0.014107620172376878
1998-08-25,11.516322135925293,0.0
1998-08-26,11.516322135925293,0.0045480446372681005
1998-08-27,11.56869888305664,-0.03595245435944949
1998-08-28,11.152775764465332,0.009392251918054262
1998-08-31,11.257525444030762,-0.02517787690678308
1998-09-01,10.974084854125977,0.021055843308715128
1998-09-02,11.205153465270996,0.0013745318399873696
1998-09-03,11.220555305480957,0.034047207942133006
1998-09-04,11.602583885192871,0.0703665592624676
1998-09-07,12.419017791748047,0.010171103625139732
1998-09-08,12.545332908630371,-0.0031924626379778998
1998-09-09,12.505282402038574,0.005420149062678625
1998-09-10,12.573062896728516,-0.025484055749581347
1998-09-11,12.252650260925293,0.03570547099958854
1998-09-14,12.690136909484863,-0.01553803522514774
1998-09-15,12.49295711517334,-0.007644611775051824
1998-09-16,12.397453308105469,-0.014413517510287965
1998-09-17,12.218762397766113,-0.008320753625753907
1998-09-18,12.117093086242676,-0.006865111568491344
1998-09-21,12.033907890319824,-0.014592977102527604
1998-09-22,11.858297348022461,0.028059341535681126
1998-09-23,12.191033363342285,0.04978501121587087
1998-09-24,12.797964096069336,0.017092115301470923
1998-09-25,13.016708374023438,-0.018461561455601738
1998-09-28,12.776399612426758,-0.02290821858522929
1998-09-29,12.483715057373047,-0.008144231483215858
1998-09-30,12.382044792175293,0.0
1998-10-01,12.382044792175293,0.0
1998-10-02,12.382044792175293,-0.07987051272324941
1998-10-05,11.393084526062012,-0.05435350811512818
1998-10-06,10.77383041381836,0.03288528641661026
1998-10-07,11.128130912780762,-0.07364347894721013
1998-10-08,10.308616638183594,-0.0011953520316821953
1998-10-09,10.296294212341309,-0.035906720053365704
1998-10-12,9.92658805847168,-0.04469283725992146
1998-10-13,9.482940673828125,0.07829772444221317
1998-10-14,10.225433349609375,-0.032539947234433764
1998-10-15,9.892698287963867,-0.0059171449322613645
1998-10-16,9.834161758422852,-0.016290843965583002
1998-10-19,9.673954963684082,-0.03216551225926734
1998-10-20,9.362787246704102,0.0
1998-10-21,9.362787246704102,0.007239248231287521
1998-10-22,9.430566787719727,0.016007922605536518
1998-10-23,9.581530570983887,0.056591429668846116
1998-10-26,10.123763084411621,-0.009738180883017256
1998-10-27,10.025176048278809,-0.02243392627527796
1998-10-28,9.800271987915039,0.00031421723514135635
1998-10-29,9.803351402282715,-0.013199204362755235
1998-10-30,9.673954963684082,-0.03662406395503415
1998-11-02,9.319655418395996,-0.005619928109535821
1998-11-03,9.267279624938965,0.0
1998-11-04,9.267279624938965,0.013962823774598343
1998-11-05,9.396677017211914,0.020983687417094776
1998-11-06,9.593853950500488,0.05041737554653958
1998-11-09,10.077550888061523,0.01222873532304769
1998-11-10,10.200786590576172,-0.01630947149949047
1998-11-11,10.034417152404785,0.011053380446725658
1998-11-12,10.145331382751465,-0.017916929361126765
1998-11-13,9.963558197021484,-0.01020382964500377
1998-11-16,9.861891746520996,0.0062476894031811
1998-11-17,9.923505783081055,0.03539265103718692
1998-11-18,10.274724960327148,-0.02848541326529197
1998-11-19,9.98204517364502,-0.006481650355457558
1998-11-20,9.91734504699707,-0.02733777667084336
1998-11-23,9.64622688293457,0.0006389645590689774
1998-11-24,9.652390480041504,0.0
1998-11-25,9.652390480041504,-0.02808828738304947
1998-11-26,9.381271362304688,-0.0049261073728349425
1998-11-27,9.335058212280273,-0.007260649671380293
1998-11-30,9.267279624938965,-0.005651484386794192
1998-12-01,9.214905738830566,0.020394453667357704
1998-12-02,9.402838706970215,-0.0101573178846871
1998-12-03,9.307331085205078,0.01688180187313959
1998-12-04,9.464455604553223,0.019205677111940878
1998-12-07,9.64622688293457,0.014372599681140574
1998-12-08,9.784868240356445,-0.011335183463678677
1998-12-09,9.673954963684082,0.0006370345381752074
1998-12-10,9.6801176071167,0.007638562613524469
1998-12-11,9.754059791564941,0.0
1998-12-14,9.754059791564941,-0.023373285921716058
1998-12-15,9.52607536315918,0.004204302933261239
1998-12-16,9.566125869750977,-0.03703698903677766
1998-12-17,9.211825370788574,0.009698943991691245
1998-12-18,9.301170349121094,0.02351741784873229
1998-12-21,9.519909858703613,-0.0019415269892888443
1998-12-22,9.501426696777344,-0.006161115844194209
1998-12-23,9.442887306213379,-0.009461212523045548
1998-12-24,9.353546142578125,0.0
1998-12-25,9.353546142578125,0.033926106943950485
1998-12-28,9.670875549316406,0.006052571788311756
1998-12-29,9.729409217834473,0.03863223232642543
1998-12-30,10.105278015136719,-0.03902435525651193
1998-12-31,9.710926055908203,0.01522826487894502
1999-01-01,9.858806610107422,0.006875218375291592
1999-01-04,9.92658805847168,0.00031050703146640046
1999-01-05,9.929670333862305,-0.002171914098463512
1999-01-06,9.908103942871094,0.06343253700887441
1999-01-07,10.536600112915039,0.08011720402526112
1999-01-08,11.380763053894043,0.012994156413050684
1999-01-11,11.528646469116211,-0.01496551065783791
1999-01-12,11.356114387512207,-0.01600655170007359
1999-01-13,11.174342155456543,-0.021229741335497487
1999-01-14,10.937113761901855,-0.030985765662937093
1999-01-15,10.59821891784668,0.0026162962818987445
1999-01-18,10.625946998596191,-0.04320087222235136
1999-01-19,10.16689682006836,0.0
1999-01-20,10.16689682006836,0.03030298766579964
1999-01-21,10.474984169006348,0.008823617509286619
1999-01-22,10.567411422729492,-0.03148717404460755
1999-01-25,10.234673500061035,0.0
1999-01-26,10.234673500061035,0.017459738704469263
1999-01-27,10.413368225097656,-0.006509171727473229
1999-01-28,10.345585823059082,-0.005360185019855468
1999-01-29,10.290131568908691,-0.0356288725146513
1999-02-01,9.923505783081055,-0.026699597810783682
1999-02-02,9.658552169799805,0.014672987796075843
1999-02-03,9.800271987915039,-0.023577775334190365
1999-02-04,9.56920337677002,-0.016419413243144332
1999-02-05,9.41208267211914,-0.029132711147029533
1999-02-08,9.137883186340332,0.033377984118792225
1999-02-09,9.442887306213379,0.005546788721199736
1999-02-10,9.495265007019043,0.011680702881040617
1999-02-11,9.606176376342773,-0.005773068596774289
1999-02-12,9.550719261169434,-0.028386799145851738
1999-02-15,9.2796049118042,-0.0006643117718738711
1999-02-16,9.27344036102295,0.0006647533753665336
1999-02-17,9.2796049118042,0.01925630584897542
1999-02-18,9.458295822143555,0.0133548543610027
1999-02-19,9.584609985351562,-0.03182237712473557
1999-02-22,9.2796049118042,-0.0026564249194609424
1999-02-23,9.25495433807373,0.008655242509085781
1999-02-24,9.335058212280273,-0.013861444602747852
1999-02-25,9.205660820007324,-0.019410774140446785
1999-02-26,9.026971817016602,0.09692845550340579
1999-03-01,9.901942253112793,0.0
1999-03-02,9.901942253112793,0.06938372651519953
1999-03-03,10.58897590637207,0.047425073486857094
1999-03-04,11.091158866882324,0.07999992777252274
1999-03-05,11.978450775146484,0.07998970726532684
1999-03-08,12.936603546142578,0.08001939106283129
1999-03-09,13.971782684326172,-0.07982368627476677
1999-03-10,12.8565034866333,-0.017014364119750325
1999-03-11,12.637758255004883,0.0802048046846997
1999-03-12,13.6513671875,0.0394945096215753
1999-03-15,14.190521240234375,-0.049066253400574245
1999-03-16,13.494245529174805,-0.04383564025407671
1999-03-17,12.902716636657715,0.0799903677000422
1999-03-18,13.934809684753418,0.01039132525720654
1999-03-19,14.079610824584961,-0.03676130023540425
1999-03-22,13.562026023864746,0.012948484316827047
1999-03-23,13.73763370513916,-0.021529539180030643
1999-03-24,13.441868782043457,-0.042172653345509015
1999-03-25,12.87498950958252,-0.0004784300915416928
1999-03-26,12.868829727172852,0.0
1999-03-29,12.868829727172852,-0.013885708450293244
1999-03-30,12.690136909484863,0.03471712814411343
1999-03-31,13.130702018737793,-0.02956370316414836
1999-04-01,12.742509841918945,0.0
1999-04-02,12.742509841918945,-0.07978728420258518
1999-04-05,11.72581958770752,-0.02785030482505957
1999-04-06,11.399251937866211,-0.002703007500555077
1999-04-07,11.368439674377441,-0.02655831596085223
1999-04-08,11.066513061523438,-0.05122474164259472
1999-04-09,10.4996337890625,-0.02347464918093778
1999-04-12,10.253158569335938,-0.009314667289727963
1999-04-13,10.15765380859375,0.0
1999-04-14,10.15765380859375,-0.02699437202189603
1999-04-15,9.883454322814941,0.08011248651886094
1999-04-16,10.67524242401123,-0.03751834832183487
1999-04-19,10.274724960327148,0.010495060716569693
1999-04-20,10.382558822631836,-0.016320437163850676
1999-04-21,10.21311092376709,-0.02835621221072715
1999-04-22,9.923505783081055,-0.0034148122876733744
1999-04-23,9.889618873596191,-0.07975088179701151
1999-04-26,9.100913047790527,0.0
1999-04-27,9.100913047790527,0.03926889230523867
1999-04-28,9.458295822143555,0.022801056934128816
1999-04-29,9.673954963684082,0.008280463179906494
1999-04-30,9.754059791564941,-0.010739183014884968
1999-05-03,9.649309158325195,0.0801405688101069
1999-05-04,10.42261028289795,0.08010614792944826
1999-05-05,11.257525444030762,0.08018605989256011
1999-05-06,12.160222053527832,0.018241668422749546
1999-05-07,12.382044792175293,0.031102363266033883
1999-05-10,12.767155647277832,0.008687092492582371
1999-05-11,12.87806510925293,-0.05502357514238765
1999-05-12,12.16946792602539,0.0800000815007933
1999-05-13,13.143026351928711,0.08016863522897633
1999-05-14,14.196684837341309,0.08007844526609453
1999-05-17,15.33353328704834,0.012658057795019717
1999-05-18,15.527626037597656,0.0696426263870007
1999-05-19,16.609010696411133,0.012798945326114586
1999-05-20,16.82158851623535,-0.04651994470798726
1999-05-21,16.03904914855957,0.0023051270406362345
1999-05-24,16.076021194458008,0.009198709373533509
1999-05-25,16.223899841308594,-0.05298139100935384
1999-05-26,15.364335060119629,-0.06416677937662818
1999-05-27,14.37845516204834,-0.023783995957259885
1999-05-28,14.036478042602539,0.08011440712570739
1999-05-31,15.161002159118652,-0.027636673851670568
1999-06-01,14.742002487182617,0.019435170276314473
1999-06-02,15.028515815734863,0.004715538069165248
1999-06-03,15.099383354187012,0.04080787471567815
1999-06-04,15.715557098388672,-0.019799980047279675
1999-06-07,15.404389381408691,0.031999904907379806
1999-06-08,15.89732837677002,-0.01976747192501871
1999-06-09,15.583078384399414,0.004745030643128034
1999-06-10,15.657020568847656,-0.017316076380581413
1999-06-11,15.385902404785156,-0.030035786877417703
1999-06-14,14.923774719238281,-0.03034684260276499
1999-06-15,14.470885276794434,0.07898642286785607
1999-06-16,15.61388874053955,0.03097875570573283
1999-06-17,16.09758758544922,-0.012440324217289245
1999-06-18,15.89732837677002,0.01511623854191213
1999-06-21,16.137636184692383,-0.0011455223514552637
1999-06-22,16.119150161743164,-0.06995422003609719
1999-06-23,14.991547584533691,0.0010278771766292216
1999-06-24,15.006957054138184,-0.023814473051648966
1999-06-25,14.649574279785156,-0.00988419388287054
1999-06-28,14.504775047302246,0.015080582948959309
1999-06-29,14.723515510559082,-0.01569384777564209
1999-06-30,14.492446899414062,0.0187073518310088
1999-07-01,14.763562202453613,0.040692947232353616
1999-07-02,15.364335060119629,0.0558386977378289
1999-07-05,16.222259521484375,-0.009650521755325214
1999-07-06,16.065706253051758,0.020268769402842723
1999-07-07,16.391338348388672,0.009360372418104168
1999-07-08,16.544767379760742,0.017032303642643187
1999-07-09,16.826562881469727,0.07964268731512769
1999-07-12,18.166675567626953,-0.02568073939295945
1999-07-13,17.70014190673828,-0.014151659078281753
1999-07-14,17.449655532836914,-0.029427636551642378
1999-07-15,16.936153411865234,0.011832076457228835
1999-07-16,17.13654327392578,0.013520642921730497
1999-07-19,17.368240356445312,-0.02001074021849425
1999-07-20,17.020689010620117,-0.02005145150415022
1999-07-21,16.679399490356445,0.05462760821877288
1999-07-22,17.59055519104004,-0.025631939740528575
1999-07-23,17.13967514038086,-0.030325303695941996
1999-07-26,16.619909286499023,-0.027693889301333874
1999-07-27,16.159639358520508,0.005812703862762225
1999-07-28,16.253570556640625,-0.004237960409089747
1999-07-29,16.184688568115234,-0.041594022606729286
1999-07-30,15.511502265930176,-0.033710198021037696
1999-08-02,14.988606452941895,0.004177978153546702
1999-08-03,15.051228523254395,0.03723734040485849
1999-08-04,15.611696243286133,-0.02988384274941125
1999-08-05,15.145158767700195,-0.01488522339799192
1999-08-06,14.919719696044922,-0.0029379729309928493
1999-08-09,14.875885963439941,0.005683111648513206
1999-08-10,14.960427284240723,-0.020929302304530273
1999-08-11,14.647315979003906,0.026934418937283322
1999-08-12,15.04183292388916,-0.01582018835942678
1999-08-13,14.803868293762207,0.00930620220433176
1999-08-16,14.941636085510254,-0.0016762150245211993
1999-08-17,14.916590690612793,0.03547424398122412
1999-08-18,15.445745468139648,-0.0008106303529294978
1999-08-19,15.43322467803955,-0.0050723266132188805
1999-08-20,15.354942321777344,-0.0018351855780797122
1999-08-23,15.326763153076172,0.013687401050171744
1999-08-24,15.53654670715332,-0.03667864651269859
1999-08-25,14.966687202453613,-0.002510496403367757
1999-08-26,14.929113388061523,-0.0016776849314981135
1999-08-27,14.904067039489746,0.027940919297209765
1999-08-30,15.320500373840332,-0.022481017240959633
1999-08-31,14.976079940795898,-0.031988610479230295
1999-09-01,14.497015953063965,-0.03628484366027651
1999-09-02,13.970993995666504,0.0024654515613309336
1999-09-03,14.005438804626465,0.009836530839689939
1999-09-06,14.143203735351562,-0.028115961026616954
1999-09-07,13.745553970336914,0.01548976643587463
1999-09-08,13.95846939086914,0.01727227982396906
1999-09-09,14.199563980102539,-0.01058422942293813
1999-09-10,14.049272537231445,0.0
1999-09-13,14.049272537231445,-0.018720747665073922
1999-09-14,13.786259651184082,0.012264300193256084
1999-09-15,13.955338478088379,-0.04891167932609286
1999-09-16,13.272759437561035,0.014390231231952155
1999-09-17,13.463757514953613,-0.029767513615639007
1999-09-20,13.06297492980957,-0.029242661555863858
1999-09-21,12.680978775024414,0.005679038156813254
1999-09-22,12.752994537353516,0.0004910830328905824
1999-09-23,12.759257316589355,0.03901846252024899
1999-09-24,13.25710391998291,-0.02692495641166326
1999-09-27,12.90015697479248,0.01674772183654749
1999-09-28,13.116205215454102,0.02649793090230168
1999-09-29,13.463757514953613,0.034418672123429195
1999-09-30,13.927162170410156,-0.027203402318647152
1999-10-01,13.548295974731445,-0.031199490258557838
1999-10-04,13.125596046447754,0.022184908507732803
1999-10-05,13.416786193847656,0.004900941961201388
1999-10-06,13.48254108428955,0.08012113059275316
1999-10-07,14.562777519226074,0.07998269044521344
1999-10-08,15.727547645568848,0.0007963482342965289
1999-10-11,15.740072250366211,0.03680135951890451
1999-10-12,16.31932830810547,-0.0214891769872656
1999-10-13,15.968639373779297,0.002549280556549016
1999-10-14,16.009347915649414,-0.030315032723501
1999-10-15,15.52402400970459,-0.00887467403328357
1999-10-18,15.386253356933594,0.0
1999-10-19,15.386253356933594,0.0419209384407353
1999-10-20,16.031259536743164,-0.018359256999139872
1999-10-21,15.736937522888184,0.020891531766292104
1999-10-22,16.065706253051758,0.042681653466194014
1999-10-25,16.75141716003418,-0.036261721658371604
1999-10-26,16.14398193359375,-0.0038789730173193204
1999-10-27,16.08135986328125,-0.044003010699226075
1999-10-28,15.37373161315918,0.0006109602130848213
1999-10-29,15.383124351501465,-0.06798273443735814
1999-11-01,14.337337493896484,0.061803585363848335
1999-11-02,15.22343635559082,-0.04051812543185995
1999-11-03,14.606611251831055,-0.0015005737084443638
1999-11-04,14.58469295501709,0.014598422732674088
1999-11-05,14.797606468200684,0.0
1999-11-08,14.797606468200684,0.016293067696371955
1999-11-09,15.038704872131348,-0.0029147913102894885
1999-11-10,14.99487018585205,-0.009814312692513316
1999-11-11,14.847705841064453,-0.013496351840856513
1999-11-12,14.647315979003906,-0.012826307535004022
1999-11-15,14.459444999694824,-0.01905568504376154
1999-11-16,14.183910369873047,-0.013244955189664287
1999-11-17,13.996045112609863,0.01476500582553042
1999-11-18,14.202696800231934,0.02667565188552956
1999-11-19,14.581562995910645,-0.015245969604595233
1999-11-22,14.3592529296875,0.0
1999-11-23,14.3592529296875,0.008067933304146013
1999-11-24,14.475102424621582,0.010599117355135634
1999-11-25,14.628525733947754,-0.017123145452728306
1999-11-26,14.378039360046387,0.02221243213015356
1999-11-29,14.697410583496094,-0.00703014245602851
1999-11-30,14.594085693359375,-0.0010731223560753733
1999-12-01,14.578424453735352,-0.004510032521322982
1999-12-02,14.512675285339355,0.06321491442531535
1999-12-03,15.430092811584473,0.0221183123836306
1999-12-06,15.771380424499512,-0.022433935111438652
1999-12-07,15.417566299438477,-0.027010563208216487
1999-12-08,15.001129150390625,0.02400332006257666
1999-12-09,15.3612060546875,-0.019363842389879093
1999-12-10,15.063754081726074,-0.021201493514826475
1999-12-13,14.744379997253418,-0.0320665371201887
1999-12-14,14.271578788757324,0.0037302115258872615
1999-12-15,14.324814796447754,0.008961325726298153
1999-12-16,14.453184127807617,-0.011481688670245349
1999-12-17,14.287237167358398,-0.0008766288856727478
1999-12-20,14.274712562561035,-0.010309243224316478
1999-12-21,14.127551078796387,0.06338652491246166
1999-12-22,15.02304744720459,-0.03209662887382547
1999-12-23,14.540858268737793,-0.0219640399430846
1999-12-24,14.221482276916504,-0.01739295165971999
1999-12-27,13.974128723144531,0.024647005896975216
1999-12-28,14.318549156188965,0.0
1999-12-29,14.318549156188965,-0.0133392060403007
1999-12-30,14.127551078796387,0.0
1999-12-31,14.127551078796387,0.08000878369516129
2000-01-03,15.257879257202148,0.06341040584544855
2000-01-04,16.225387573242188,-0.041103409799435164
2000-01-05,15.55846881866455,0.05051311930800084
2000-01-06,16.344375610351562,0.04712643946431161
2000-01-07,17.114627838134766,-0.013904166212526214
2000-01-10,16.876663208007812,-0.07996275414116627
2000-01-11,15.527158737182617,-0.012906133536624509
2000-01-12,15.326763153076172,-0.0010214496969624953
2000-01-13,15.311107635498047,-0.021676987529009928
2000-01-14,14.979208946228027,-0.013795837596603633
2000-01-17,14.772558212280273,0.002331804404734683
2000-01-18,14.807004928588867,0.03171882235720491
2000-01-19,15.276665687561035,-0.025620234294259636
2000-01-20,14.885273933410645,-0.001051296867488949
2000-01-21,14.869625091552734,-0.03853454466066164
2000-01-24,14.296630859375,-0.015111695576256468
2000-01-25,14.080584526062012,0.0
2000-01-26,14.080584526062012,0.023571032884617038
2000-01-27,14.41247844696045,0.07973053441110212
2000-01-28,15.561593055725098,-0.015291545960465891
2000-01-31,15.32363224029541,0.007355990259642287
2000-02-01,15.436352729797363,0.004056853654680559
2000-02-02,15.49897575378418,0.045656452488436194
2000-02-03,16.20660400390625,-0.011205696929525555
2000-02-04,16.02499771118164,-0.033215781922593446
2000-02-07,15.492714881896973,-0.02061453015701964
2000-02-08,15.17333984375,0.012794084372485859
2000-02-09,15.36746883392334,0.013855068143092675
2000-02-10,15.5803861618042,0.005224757040962702
2000-02-11,15.661789894104004,0.06597350708113603
2000-02-14,16.695053100585938,-0.04763655178969173
2000-02-15,15.899758338928223,-0.015361107670567087
2000-02-16,15.65552043914795,0.0
2000-02-17,15.65552043914795,-0.03559953053127485
2000-02-18,15.098191261291504,0.012857890999147914
2000-02-21,15.292322158813477,-0.02907448019546044
2000-02-22,14.847705841064453,-0.012863874938756292
2000-02-23,14.656706809997559,0.039735316085561356
2000-02-24,15.239095687866211,-0.009657276422382677
2000-02-25,15.091927528381348,0.018464922000478667
2000-02-28,15.370598793029785,-0.06803794768595939
2000-02-29,14.324814796447754,0.0325677498660677
2000-03-01,14.791341781616211,-0.0431836653955171
2000-03-02,14.152597427368164,-0.07876113016687114
2000-03-03,13.037922859191895,0.018732518518968178
2000-03-06,13.282155990600586,-0.021688548072677172
2000-03-07,12.994085311889648,-0.07734934885036537
2000-03-08,11.989001274108887,-0.06555223575711144
2000-03-09,11.203095436096191,-0.04751254692888074
2000-03-10,10.670807838439941,-0.03550456410775682
2000-03-13,10.291945457458496,0.08001204979258958
2000-03-14,11.115425109863281,0.05070419054979647
2000-03-15,11.679023742675781,0.07077769495940989
2000-03-16,12.505638122558594,0.0
2000-03-17,12.505638122558594,0.0
2000-03-20,12.505638122558594,0.06609887874060716
2000-03-21,13.332246780395508,-0.003757115407477918
2000-03-22,13.282155990600586,-0.05516297070153331
2000-03-23,12.54947280883789,-0.015718504855508075
2000-03-24,12.352213859558105,-0.021039303255384056
2000-03-27,12.092331886291504,0.03754520305599596
2000-03-28,12.546340942382812,-0.013975441387337195
2000-03-29,12.371000289916992,0.014932931357806822
2000-03-30,12.55573558807373,0.021196989771027575
2000-03-31,12.821879386901855,0.04175804396002447
2000-04-03,13.357295989990234,-0.07946529165066174
2000-04-04,12.295854568481445,-0.0007640498379836158
2000-04-05,12.286459922790527,0.03924557451836641
2000-04-06,12.768649101257324,0.06964202209606629
2000-04-07,13.657883644104004,0.014672102009527288
2000-04-10,13.85827350616455,-0.002485092165250058
2000-04-11,13.823834419250488,-0.01268407552468065
2000-04-12,13.648491859436035,-0.0601056592256245
2000-04-13,12.828140258789062,0.0
2000-04-14,12.828140258789062,-0.024956732742162813
2000-04-17,12.507991790771484,0.018753116522487012
2000-04-18,12.742555618286133,0.008706557583415986
2000-04-19,12.853499412536621,0.0034526966462284925
2000-04-20,12.897878646850586,0.0
2000-04-21,12.897878646850586,-0.011059413626003267
2000-04-24,12.75523567199707,-0.0024851149554454555
2000-04-25,12.72353744506836,0.07174891219911017
2000-04-26,13.63643741607666,-0.03905155669609861
2000-04-27,13.103913307189941,-0.0012097130159284264
2000-04-28,13.088061332702637,0.0
2000-05-01,13.088061332702637,-0.05182847320940431
2000-05-02,12.409727096557617,0.004342502794611569
2000-05-03,12.463616371154785,0.03306216083511515
2000-05-04,12.875690460205078,-0.008370700548249954
2000-05-05,12.767911911010742,-0.014895288556441733
2000-05-08,12.577730178833008,-0.006300542297326239
2000-05-09,12.498483657836914,0.002536089506707473
2000-05-10,12.530180931091309,-0.04123482068099282
2000-05-11,12.013501167297363,-0.012664612696810629
2000-05-12,11.86135482788086,0.008017346206626863
2000-05-15,11.956451416015625,-0.00185598944840204
2000-05-16,11.934260368347168,0.010092872938335606
2000-05-17,12.05471134185791,-0.03076498062028843
2000-05-18,11.68384838104248,0.005425582686325869
2000-05-19,11.74724006652832,-0.01349145152808029
2000-05-22,11.588752746582031,-0.013129122472532173
2000-05-23,11.436602592468262,0.0011086421805870383
2000-05-24,11.449281692504883,0.020487458937371805
2000-05-25,11.68384838104248,0.018990641316753765
2000-05-26,11.905732154846191,0.025026704042313108
2000-05-29,12.203693389892578,0.03168811784472325
2000-05-30,12.590405464172363,0.026183311509614837
2000-05-31,12.920063972473145,-0.022080256020426847
2000-06-01,12.634785652160645,0.013798131461045582
2000-06-02,12.809122085571289,0.018559878397818697
2000-06-05,13.046857833862305,0.015548781334649764
2000-06-06,13.249720573425293,-0.0007173221642400307
2000-06-07,13.240216255187988,0.054345294907800934
2000-06-08,13.959759712219238,0.012715238809692941
2000-06-09,14.137261390686035,-0.021524632398301824
2000-06-12,13.832962036132812,-0.0020620600800611566
2000-06-13,13.804437637329102,0.013547286556506277
2000-06-14,13.991450309753418,0.011101213344685279
2000-06-15,14.146772384643555,0.04682955320242743
2000-06-16,14.809259414672852,-0.009632012706333293
2000-06-19,14.666616439819336,0.02528684779344803
2000-06-20,15.03748893737793,-0.050168982017319896
2000-06-21,14.283073425292969,0.023080495761202302
2000-06-22,14.612733840942383,0.026464046939408625
2000-06-23,14.999445915222168,-0.03719352782183738
2000-06-26,14.441563606262207,-0.0032923295575925104
2000-06-27,14.394017219543457,0.006386045761868964
2000-06-28,14.48593807220459,0.0067835856451059495
2000-06-29,14.58420467376709,-0.011518999948144981
2000-06-30,14.41620922088623,0.025566780015282564
2000-07-03,14.784785270690918,0.011055816333527257
2000-07-04,14.948243141174316,-0.002573309330665907
2000-07-05,14.90977668762207,-0.015476939604966988
2000-07-06,14.6790189743042,0.012882155463590506
2000-07-07,14.86811637878418,-0.014011744444480057
2000-07-10,14.659788131713867,0.008745306859229363
2000-07-11,14.787992477416992,-0.00260080816007191
2000-07-12,14.749531745910645,-0.0030426732695353342
2000-07-13,14.7046537399292,-0.01634683613608634
2000-07-14,14.464279174804688,-0.007312241080838167
2000-07-17,14.358512878417969,0.028571548125158497
2000-07-18,14.768757820129395,-0.03103292519484324
2000-07-19,14.310440063476562,-0.015229397269709732
2000-07-20,14.092500686645508,-0.008415003852593639
2000-07-21,13.973912239074707,-0.08233951824198515
2000-07-24,12.823307037353516,0.012247241081726257
2000-07-25,12.98035717010498,-0.03876557383348378
2000-07-26,12.477166175842285,0.015412293743064076
2000-07-27,12.66946792602539,0.04148740299136611
2000-07-28,13.195091247558594,-0.02526095586777044
2000-07-31,12.861770629882812,-0.003488884921148072
2000-08-01,12.81689739227295,0.015504084194855272
2000-08-02,13.01561164855957,-0.012312408291469623
2000-08-03,12.855358123779297,0.006731395523085659
2000-08-04,12.941892623901367,-0.005943528630141803
2000-08-07,12.864972114562988,0.012954728133290239
2000-08-08,13.031634330749512,-0.0014755582265170153
2000-08-09,13.012405395507812,-0.011083956490587799
2000-08-10,12.868176460266113,-0.0062265897028153105
2000-08-11,12.78805160522461,-0.0010022190661904684
2000-08-14,12.775235176086426,0.0
2000-08-15,12.775235176086426,0.010787556253618158
2000-08-16,12.91304874420166,-0.019359744490396902
2000-08-17,12.663055419921875,-0.0035431824371058296
2000-08-18,12.61818790435791,0.0030480392111662535
2000-08-21,12.656648635864258,0.0015192000758319502
2000-08-22,12.67587661743164,0.009860949982018807
2000-08-23,12.800872802734375,-0.0020028030153125265
2000-08-24,12.775235176086426,-0.0037634169801665784
2000-08-25,12.727156639099121,0.005288492484034402
2000-08-28,12.794464111328125,-0.001753582000195597
2000-08-29,12.772027969360352,0.007277164239352318
2000-08-30,12.864972114562988,-0.011210608587861381
2000-08-31,12.720747947692871,0.0
2000-09-01,12.720747947692871,0.016376743979966246
2000-09-04,12.929072380065918,0.017104819130028703
2000-09-05,13.150221824645996,0.01730414670178937
2000-09-06,13.377775192260742,-0.0026352307669714747
2000-09-07,13.342521667480469,0.0220993337835389
2000-09-08,13.637382507324219,0.000470425107092165
2000-09-11,13.643797874450684,-0.0004702039113667622
2000-09-12,13.637382507324219,-0.03219709154625028
2000-09-13,13.198298454284668,-0.008256704996069564
2000-09-14,13.089323997497559,-0.02179203711492861
2000-09-15,12.804080963134766,-0.02002539540290771
2000-09-18,12.547674179077148,-0.025031864706673734
2000-09-19,12.233582496643066,0.015195308392113693
2000-09-20,12.419475555419922,-0.007741904867507365
2000-09-21,12.323325157165527,-0.04785449061336988
2000-09-22,11.733598709106445,0.019120304106856834
2000-09-25,11.957948684692383,-0.023853763568463915
2000-09-26,11.672706604003906,-0.00851171432026221
2000-09-27,11.573351860046387,-0.02021616015572114
2000-09-28,11.339383125305176,0.0031089455564474733
2000-09-29,11.37463665008545,0.0
2000-10-02,11.37463665008545,-0.029867769985019943
2000-10-03,11.03490161895752,0.012198757006025351
2000-10-04,11.169513702392578,-0.012625421743901466
2000-10-05,11.028493881225586,-0.0031968450255244196
2000-10-06,10.993237495422363,0.00553957168430097
2000-10-09,11.0541353225708,-0.0026095881659559117
2000-10-10,11.025288581848145,-0.02267427844640879
2000-10-11,10.775298118591309,0.0011896038834136036
2000-10-12,10.788116455078125,-0.01634002701517656
2000-10-13,10.611838340759277,0.003926372561081415
2000-10-16,10.653504371643066,-0.028880649903692657
2000-10-17,10.345824241638184,-0.015179773796703211
2000-10-18,10.188776969909668,0.0025165422451214337
2000-10-19,10.214417457580566,0.010668316870970695
2000-10-20,10.32338809967041,-0.027941708606404658
2000-10-23,10.034934997558594,-0.0051099597886108405
2000-10-24,9.983656883239746,0.009309533832673189
2000-10-25,10.076600074768066,0.011450603113869695
2000-10-26,10.191983222961426,-0.002830429933595502
2000-10-27,10.163135528564453,-0.009460420650813317
2000-10-30,10.066987991333008,0.03947773029978574
2000-10-31,10.464409828186035,0.06309305551973443
2000-11-01,11.124641418457031,-0.006049876245517338
2000-11-02,11.05733871459961,0.013333350582950931
2000-11-03,11.2047700881958,-0.0037185975754812084
2000-11-06,11.163104057312012,-0.0034455146756234845
2000-11-07,11.124641418457031,0.009219434631640988
2000-11-08,11.227204322814941,-0.010276934268512283
2000-11-09,11.111823081970215,-0.02567057151250851
2000-11-10,10.826576232910156,-0.02249832811979191
2000-11-13,10.582996368408203,0.021501970428966954
2000-11-14,10.810551643371582,0.025199976887148923
2000-11-15,11.082977294921875,0.005784012589249654
2000-11-16,11.14708137512207,-0.027889914944199345
2000-11-17,10.836190223693848,-0.00029553175870700166
2000-11-20,10.832987785339355,-0.009171587709745022
2000-11-21,10.73363208770752,0.007465196224727633
2000-11-22,10.813760757446289,-0.004149553974980291
2000-11-23,10.768888473510742,0.008333157692730797
2000-11-24,10.858627319335938,0.0516528228815214
2000-11-27,11.419506072998047,0.049396787431665645
2000-11-28,11.983592987060547,-0.0342335664651765
2000-11-29,11.573351860046387,0.010522977182966464
2000-11-30,11.695137977600098,0.03261193350110303
2000-12-01,12.076539039611816,0.03370483328462259
2000-12-04,12.483576774597168,-0.0038513430770209522
2000-12-05,12.435498237609863,-0.014690597424070528
2000-12-06,12.252813339233398,0.006016264313699837
2000-12-07,12.326529502868652,0.023921218713402803
2000-12-08,12.621395111083984,-0.0017777032922760005
2000-12-11,12.598958015441895,-0.018824892806846405
2000-12-12,12.361783981323242,0.032927334486937854
2000-12-13,12.768824577331543,-0.005522260187646899
2000-12-14,12.698311805725098,-0.03230689564402045
2000-12-15,12.288068771362305,-0.005477465457050967
2000-12-18,12.2207612991333,0.03094706680306536
2000-12-19,12.598958015441895,-0.0002544855731583251
2000-12-20,12.595751762390137,-0.016030690807408376
2000-12-21,12.39383316040039,-0.029480044284817764
2000-12-22,12.028462409973145,0.0
2000-12-25,12.028462409973145,-0.02344792657148631
2000-12-26,11.746419906616211,-0.0002727122011877414
2000-12-27,11.743216514587402,0.02783844439364258
2000-12-28,12.07012939453125,0.023101426245341505
2000-12-29,12.348966598510742,0.012198399392068682
2001-01-01,12.499604225158691,0.055384215122167735
2001-01-02,13.191884994506836,0.05587942594551709
2001-01-03,13.92903995513916,-0.021398900439740576
2001-01-04,13.630973815917969,0.010815629234557145
2001-01-05,13.778401374816895,-0.010234777145512686
2001-01-08,13.637382507324219,-0.015511021388223356
2001-01-09,13.42585277557373,0.03485310832263644
2001-01-10,13.89378547668457,-0.004613523933860941
2001-01-11,13.829686164855957,0.02363841972786629
2001-01-12,14.156598091125488,-0.0006794541381592856
2001-01-15,14.146979331970215,0.006797003919932765
2001-01-16,14.243136405944824,-0.018902028260976866
2001-01-17,13.973912239074707,0.003669833339350337
2001-01-18,14.02519416809082,0.003656074919889063
2001-01-19,14.076471328735352,0.001366101522670693
2001-01-22,14.095701217651367,0.03319717566774516
2001-01-23,14.563638687133789,-0.005061658368411659
2001-01-24,14.489922523498535,0.03583261182121511
2001-01-25,15.009134292602539,0.0
2001-01-26,15.009134292602539,-0.021994294398514525
2001-01-29,14.6790189743042,0.004803643331334317
2001-01-30,14.749531745910645,0.001738264018406932
2001-01-31,14.77517032623291,-0.010195257966412852
2001-02-01,14.624533653259277,0.027832397072436343
2001-02-02,15.031569480895996,0.02196197463694216
2001-02-05,15.361692428588867,-0.01564828243926486
2001-02-06,15.121308326721191,0.006994646326234033
2001-02-07,15.227076530456543,0.03725536579241839
2001-02-08,15.794366836547852,0.04180213571229929
2001-02-09,16.454605102539062,-0.03291799931192385
2001-02-12,15.912952423095703,-0.010271941526818429
2001-02-13,15.749495506286621,-0.004680238502512646
2001-02-14,15.67578411102295,0.00040882748581250183
2001-02-15,15.6821928024292,-0.038626618837992344
2001-02-16,15.07644271850586,0.019132639829117837
2001-02-19,15.36489486694336,-0.014810201064348827
2001-02-20,15.137337684631348,0.011221630365542579
2001-02-21,15.30720329284668,-0.028266314517325863
2001-02-22,14.87452507019043,-0.0409394841467019
2001-02-23,14.265569686889648,-0.00044950929014830887
2001-02-26,14.259157180786133,0.0038212096060610268
2001-02-27,14.313644409179688,0.09941805366186984
2001-02-28,15.736679077148438,0.06476548478210908
2001-03-01,16.75587272644043,0.014345633639893274
2001-03-02,16.996246337890625,-0.013388280098324268
2001-03-05,16.768695831298828,0.0
2001-03-06,16.768695831298828,0.005160365101973152
2001-03-07,16.855228424072266,-0.0036126538051287627
2001-03-08,16.794336318969727,-0.008205955001601928
2001-03-09,16.656522750854492,-0.05599402941663145
2001-03-12,15.723856925964355,-0.07032217248064143
2001-03-13,14.618121147155762,0.036834305060127415
2001-03-14,15.156569480895996,0.0
2001-03-15,15.156569480895996,-0.012687746003461342
2001-03-16,14.964266777038574,-0.0023562932301228745
2001-03-19,14.929006576538086,-0.006869722741465245
2001-03-20,14.826448440551758,0.025940687702784793
2001-03-21,15.21105670928955,-0.048883291100178416
2001-03-22,14.467490196228027,-0.02724876951704791
2001-03-23,14.07326889038086,-0.03051679174720534
2001-03-26,13.643797874450684,-0.02302104929634019
2001-03-27,13.329703330993652,0.01923531646916299
2001-03-28,13.586104393005371,0.01910829679750825
2001-03-29,13.845711708068848,-0.06921301495679821
2001-03-30,12.887408256530762,-0.03581201126849609
2001-04-02,12.425884246826172,0.025793039847165078
2001-04-03,12.74638557434082,-0.011566224639846578
2001-04-04,12.598958015441895,0.0
2001-04-05,12.598958015441895,0.013991407894881291
2001-04-06,12.775235176086426,-0.001505620602867852
2001-04-09,12.756000518798828,0.0087939743575558
2001-04-10,12.868176460266113,0.030884528210044948
2001-04-11,13.265604019165039,-0.026335094033829165
2001-04-12,12.916253089904785,0.0
2001-04-13,12.916253089904785,0.006699733521327689
2001-04-16,13.002788543701172,0.0229232474418406
2001-04-17,13.300854682922363,0.03445791078297589
2001-04-18,13.759174346923828,0.03773602429797451
2001-04-19,14.278390884399414,-0.03299677570992954
2001-04-20,13.807250022888184,0.007196114975109413
2001-04-23,13.906608581542969,-0.0018438999608836326
2001-04-24,13.880966186523438,0.008774086157789851
2001-04-25,14.002758979797363,0.002060007394968144
2001-04-26,14.031604766845703,-0.044769582478432324
2001-04-27,13.40341567993164,0.002152193247714207
2001-04-30,13.432262420654297,0.0
2001-05-01,13.432262420654297,0.02529232329893305
2001-05-02,13.771995544433594,-0.008145012832920573
2001-05-03,13.659822463989258,0.056780663645867424
2001-05-04,14.435436248779297,0.02997347101591563
2001-05-07,14.86811637878418,0.01595172654879451
2001-05-08,15.1052885055542,-0.024188645740781167
2001-05-09,14.739912033081055,0.05870858010504465
2001-05-10,15.605271339416504,-0.015403543280019139
2001-05-11,15.36489486694336,0.009595400980432212
2001-05-14,15.512327194213867,-0.010950424121598523
2001-05-15,15.342460632324219,-0.004805026636439114
2001-05-16,15.268739700317383,0.009236039447775068
2001-05-17,15.409762382507324,-0.015806977797859667
2001-05-18,15.166180610656738,-0.021766605610689882
2001-05-21,14.836064338684082,-0.016850508728016966
2001-05-22,14.586069107055664,-0.002636812648017961
2001-05-23,14.547608375549316,0.00044092563441067156
2001-05-24,14.554022789001465,-0.014754538677317242
2001-05-25,14.339284896850586,0.011846103607183744
2001-05-28,14.509149551391602,0.016788149504408656
2001-05-29,14.752731323242188,-0.01498995433553807
2001-05-30,14.531588554382324,-0.022937724262057868
2001-05-31,14.198266983032227,-0.022799292475356947
2001-06-01,13.874556541442871,-0.00808487347207043
2001-06-04,13.762382507324219,-0.019795017692585293
2001-06-05,13.48995590209961,0.017581174280203227
2001-06-06,13.72712516784668,0.04085901741664233
2001-06-07,14.288002014160156,0.006280846901119519
2001-06-08,14.377742767333984,-0.004012163312717143
2001-06-11,14.320056915283203,-0.03939132111871413
2001-06-12,13.75597095489502,0.012115627223479697
2001-06-13,13.922633171081543,-0.020948577153449333
2001-06-14,13.630973815917969,-0.009170011401295919
2001-06-15,13.505977630615234,0.007356635807655998
2001-06-18,13.60533618927002,0.03415758992793405
2001-06-19,14.070061683654785,0.02801817788815142
2001-06-20,14.464279174804688,0.005761033767225587
2001-06-21,14.547608375549316,-0.010134209608022582
2001-06-22,14.400179862976074,-0.05052311363092854
2001-06-25,13.672637939453125,0.018987500697505766
2001-06-26,13.932247161865234,-0.00529104621665244
2001-06-27,13.85853099822998,0.013875987038839188
2001-06-28,14.05083179473877,-0.010720700939669925
2001-06-29,13.90019702911377,0.016285096003797683
2001-07-02,14.12656307220459,0.021365544268376446
2001-07-03,14.428384780883789,0.03819929569579683
2001-07-04,14.979538917541504,-0.009636481648366613
2001-07-05,14.835188865661621,-0.010835942270621124
2001-07-06,14.67443561553955,-0.022132788934950853
2001-07-09,14.349649429321289,0.0018290391685935603
2001-07-10,14.375895500183105,-0.0013693578420215236
2001-07-11,14.356209754943848,0.016453298774105285
2001-07-12,14.592416763305664,0.007418932482544882
2001-07-13,14.700676918029785,0.003793892055655501
2001-07-16,14.756449699401855,-0.028679284693676976
2001-07-17,14.333245277404785,-0.009155529290168496
2001-07-18,14.202016830444336,-0.011780838622676204
2001-07-19,14.03470516204834,-0.012622944860022356
2001-07-20,13.857545852661133,0.009943299320266386
2001-07-23,13.995335578918457,-0.01383043320852162
2001-07-24,13.801774024963379,0.0033280337507564095
2001-07-25,13.84770679473877,-0.01610991673561002
2001-07-26,13.624621391296387,0.00939064572439996
2001-07-27,13.752565383911133,-0.020038056642541435
2001-07-30,13.476990699768066,-0.018257105027162823
2001-07-31,13.230939865112305,0.021820219428980714
2001-08-01,13.519641876220703,0.0067943335572739905
2001-08-02,13.611498832702637,0.0009640788832323555
2001-08-03,13.624621391296387,-0.011557873960439835
2001-08-06,13.46714973449707,-0.0004872770482666766
2001-08-07,13.460587501525879,-0.022178974184539513
2001-08-08,13.1620454788208,-0.0034894273445348345
2001-08-09,13.116117477416992,0.015757807284185965
2001-08-10,13.322798728942871,0.016991092391270612
2001-08-13,13.54916763305664,0.01743318168393615
2001-08-14,13.785372734069824,0.0
2001-08-15,13.785372734069824,-0.01999043791803412
2001-08-16,13.509797096252441,-0.010927535264066979
2001-08-17,13.362168312072754,0.0
2001-08-20,13.362168312072754,-0.022587707919543787
2001-08-21,13.060347557067871,0.0
2001-08-22,13.060347557067871,0.004521143003017203
2001-08-23,13.11939525604248,-0.0004999751757018833
2001-08-24,13.112835884094238,-0.005754408880707773
2001-08-27,13.037379264831543,0.0005034130335697107
2001-08-28,13.04394245147705,0.005281641871195619
2001-08-29,13.112835884094238,-0.005754408880707773
2001-08-30,13.037379264831543,-0.002012993791166151
2001-08-31,13.01113510131836,-0.007564447660381446
2001-09-03,12.912713050842285,-0.010416352011649033
2001-09-04,12.778209686279297,-0.009499494138484499
2001-09-05,12.65682315826416,-0.01944002252622712
2001-09-06,12.410774230957031,0.0
2001-09-07,12.410774230957031,-0.008194632708450555
2001-09-10,12.309072494506836,-0.004531030375924727
2001-09-11,12.253299713134766,-0.03962480958890502
2001-09-12,11.767765045166016,-0.003624488589230812
2001-09-13,11.725112915039062,-0.02881939428721647
2001-09-14,11.387202262878418,-0.09968303266228362
2001-09-17,10.252091407775879,0.019840100047469278
2001-09-18,10.455493927001953,0.02792615051197722
2001-09-19,10.747475624084473,-0.06135571578089438
2001-09-20,10.088056564331055,-0.07999966723683871
2001-09-21,9.281015396118164,0.03499457965340613
2001-09-24,9.60580062866211,0.008879998157343083
2001-09-25,9.691100120544434,0.030805497618298983
2001-09-26,9.989639282226562,0.03940888768728579
2001-09-27,10.383319854736328,0.04233786750185997
2001-09-28,10.822927474975586,0.06153368564505657
2001-10-01,11.48890209197998,0.0
2001-10-02,11.48890209197998,-0.015133908586437372
2001-10-03,11.315030097961426,-0.008408409876415446
2001-10-04,11.219888687133789,0.024561437209952963
2001-10-05,11.495465278625488,-0.01712313282979927
2001-10-08,11.298626899719238,0.004065087657119104
2001-10-09,11.34455680847168,0.02544808471682458
2001-10-10,11.633254051208496,0.021996743658220685
2001-10-11,11.889147758483887,0.012141088140983802
2001-10-12,12.03349494934082,0.004089385081701424
2001-10-15,12.082704544067383,0.003530015152765964
2001-10-16,12.125356674194336,0.008657928304362628
2001-10-17,12.230337142944336,-0.008583612007013519
2001-10-18,12.125356674194336,0.0
2001-10-19,12.125356674194336,0.018939454119508037
2001-10-22,12.35500431060791,0.0026551580485953963
2001-10-23,12.387808799743652,-0.003972498219531495
2001-10-24,12.338598251342773,-0.004785994822366857
2001-10-25,12.279545783996582,0.0
2001-10-26,12.279545783996582,0.017633065204767595
2001-10-29,12.496071815490723,-0.018115052482694738
2001-10-30,12.269704818725586,-0.007754017303970184
2001-10-31,12.174565315246582,0.023982612506058043
2001-11-01,12.466543197631836,0.02105282403356523
2001-11-02,12.728999137878418,0.033762725304542274
2001-11-05,13.158764839172363,0.02692585464595676
2001-11-06,13.513075828552246,-0.029861702120902445
2001-11-07,13.109552383422852,0.0012513128928222095
2001-11-08,13.125956535339355,-0.0007495878792431743
2001-11-09,13.116117477416992,-0.0005005363824656106
2001-11-12,13.109552383422852,0.0015017791616429577
2001-11-13,13.129240036010742,-0.002998545943831199
2001-11-14,13.089871406555176,0.00426075853916652
2001-11-15,13.145644187927246,0.0
2001-11-16,13.145644187927246,0.0022459761377640053
2001-11-19,13.175168991088867,0.01842598199688661
2001-11-20,13.41793441772461,-0.021271135098314686
2001-11-21,13.132519721984863,0.01698725059357198
2001-11-22,13.355605125427246,-0.007860548070469764
2001-11-23,13.250622749328613,0.020797327822194456
2001-11-26,13.526200294494629,0.03856429510614956
2001-11-27,14.047828674316406,0.007940141543070434
2001-11-28,14.159370422363281,-0.034291302265158086
2001-11-29,13.673827171325684,0.0
2001-11-30,13.673827171325684,-0.03358916315450777
2001-12-03,13.214534759521484,-0.008440838067833245
2001-12-04,13.10299301147461,0.0012517937354852293
2001-12-05,13.11939525604248,0.01150291825434957
2001-12-06,13.270306587219238,-0.011866395255454076
2001-12-07,13.112835884094238,-0.005253892691569062
2001-12-10,13.04394245147705,-0.03420513812217307
2001-12-11,12.597772598266602,-0.014323162894722574
2001-12-12,12.417332649230957,-0.03302495592148913
2001-12-13,12.007250785827637,-0.03743182864243444
2001-12-14,11.5577974319458,0.0
2001-12-17,11.5577974319458,0.020153344738349288
2001-12-18,11.790725708007812,-0.0066777358334293435
2001-12-19,11.711990356445312,0.033333029338537656
2001-12-20,12.102386474609375,-0.02358357645919651
2001-12-21,11.81696891784668,0.01055000447906096
2001-12-24,11.941637992858887,0.0
2001-12-25,11.941637992858887,-0.01291212904941541
2001-12-26,11.787446022033691,-0.05148902110536435
2001-12-27,11.180521965026855,0.026995229377393182
2001-12-28,11.482342720031738,0.03685722446532669
2001-12-31,11.905550003051758,0.011022299648330236
2002-01-01,12.036776542663574,0.028073026330123874
2002-01-02,12.374685287475586,0.055673416001081444
2002-01-03,13.063626289367676,0.01808142015687464
2002-01-04,13.299835205078125,-0.040453931653545494
2002-01-07,12.761804580688477,-0.010539824396292197
2002-01-08,12.627297401428223,0.06313315757701576
2002-01-09,13.424498558044434,-0.01661778296431804
2002-01-10,13.20141315460205,-0.007206694366013511
2002-01-11,13.106274604797363,0.08260344868359537
2002-01-14,14.188898086547852,-0.022428075341148213
2002-01-15,13.870668411254883,0.038789160126371236
2002-01-16,14.408699989318848,-0.01958101128647316
2002-01-17,14.12656307220459,0.02206230770399209
2002-01-18,14.438227653503418,-0.022722230254883624
2002-01-21,14.110158920288086,-0.004649971673961417
2002-01-22,14.044547080993652,-0.01751945011721845
2002-01-23,13.798494338989258,-0.017356071041284116
2002-01-24,13.559006690979004,0.007984864445591544
2002-01-25,13.66727352142334,0.04080621442414878
2002-01-28,14.224983215332031,-0.02998167870476598
2002-01-29,13.798494338989258,0.022111209176730373
2002-01-30,14.103595733642578,-0.023028405757588244
2002-01-31,13.778812408447266,0.009999977851808062
2002-02-01,13.916600227355957,0.03017444511137235
2002-02-04,14.336525917053223,-0.00961102943490022
2002-02-05,14.198737144470215,0.10004624388494299
2002-02-06,15.619267463684082,0.040327722774755825
2002-02-07,16.249156951904297,0.005854866362461131
2002-02-08,16.34429359436035,-0.01445201413401176
2002-02-11,16.10808563232422,-0.022199511300755592
2002-02-12,15.750494003295898,0.017913135407212177
2002-02-13,16.032634735107422,0.03028438498650554
2002-02-14,16.518173217773438,-0.012909859727399109
2002-02-15,16.3049259185791,-0.02132795116603814
2002-02-18,15.957175254821777,-0.014391317493441247
2002-02-19,15.727530479431152,0.002920411598427819
2002-02-20,15.77346134185791,0.01580666074837156
2002-02-21,16.02278709411621,-0.010442226733828885
2002-02-22,15.855473518371582,0.0010345448354589504
2002-02-25,15.87187671661377,0.07027700572539497
2002-02-26,16.9873046875,-0.02356134575308999
2002-02-27,16.587060928344727,-0.09988124967155942
2002-02-28,14.93032455444336,0.02592839102735245
2002-03-01,15.31744384765625,0.014992680635636635
2002-03-04,15.547093391418457,-0.019835595068158796
2002-03-05,15.238707542419434,-0.00796548307356748
2002-03-06,15.117323875427246,0.0019532335503220644
2002-03-07,15.146851539611816,0.001949488828200563
2002-03-08,15.176380157470703,0.001296690601767514
2002-03-11,15.196059226989746,-0.009931077279387912
2002-03-12,15.045145988464355,0.0010906454680246203
2002-03-13,15.061554908752441,-0.004356436019713583
2002-03-14,14.995940208435059,0.019032988448576926
2002-03-15,15.281357765197754,-0.0023615071832817636
2002-03-18,15.245270729064941,0.0030125439256341036
2002-03-19,15.291197776794434,-0.007079775499325369
2002-03-20,15.182939529418945,-0.016421881118303894
2002-03-21,14.93360710144043,-0.020211096197450873
2002-03-22,14.631782531738281,0.0
2002-03-25,14.631782531738281,0.0017940319644680347
2002-03-26,14.658032417297363,0.00022381173373342556
2002-03-27,14.6613130569458,-0.015663445821482047
2002-03-28,14.431666374206543,0.0
2002-03-29,14.431666374206543,0.07047024460078144
2002-04-01,15.44866943359375,-0.012953741145189213
2002-04-02,15.248551368713379,-0.0073149078459828765
2002-04-03,15.137009620666504,0.009969818498321459
2002-04-04,15.287922859191895,0.0006436460784966513
2002-04-05,15.297762870788574,0.024233166449170174
2002-04-08,15.668476104736328,-0.014447227769801674
2002-04-09,15.442110061645508,0.004886233677815488
2002-04-10,15.517563819885254,0.025581474672192073
2002-04-11,15.914525985717773,0.0026798956589897394
2002-04-12,15.957175254821777,-0.005756706291199065
2002-04-15,15.865314483642578,-0.010338730708389532
2002-04-16,15.701287269592285,0.006058979738390313
2002-04-17,15.79642105102539,0.0016615804587223337
2002-04-18,15.822668075561523,-0.010781633955688763
2002-04-19,15.652073860168457,-0.009851277592798913
2002-04-22,15.497880935668945,0.0012700371294638302
2002-04-23,15.517563819885254,0.0006346125658327484
2002-04-24,15.527411460876465,0.00021085059389780447
2002-04-25,15.530685424804688,-0.0014782220610933816
2002-04-26,15.50772762298584,-0.040406171047825956
2002-04-29,14.881119728088379,0.005290763865768877
2002-04-30,14.95985221862793,0.0
2002-05-01,14.95985221862793,-0.005043941488187764
2002-05-02,14.884395599365234,0.008155287677271472
2002-05-03,15.005782127380371,0.005028185152271325
2002-05-06,15.081233978271484,0.005873912818028737
2002-05-07,15.169819831848145,0.0038925713672137707
2002-05-08,15.228869438171387,-0.0015082073117494987
2002-05-09,15.205901145935059,-0.0073351114547466345
2002-05-10,15.094364166259766,0.0026076620139467988
2002-05-13,15.1337251663208,-0.010838459042523563
2002-05-14,14.969698905944824,-0.011834399820040531
2002-05-15,14.79254150390625,-0.01840790958528804
2002-05-16,14.520241737365723,-0.005196387631155153
2002-05-17,14.444788932800293,-0.0013626287173787999
2002-05-20,14.425106048583984,-0.0009098349709305564
2002-05-21,14.411981582641602,0.0006826998678803875
2002-05-22,14.421820640563965,-0.006824391010009978
2002-05-23,14.323400497436523,0.019926595164287964
2002-05-24,14.608817100524902,-0.011228025280617393
2002-05-27,14.444788932800293,-0.00045423157980362117
2002-05-28,14.438227653503418,0.00545338810280005
2002-05-29,14.51696491241455,-0.00813584633068376
2002-05-30,14.398857116699219,0.0011396650323982627
2002-05-31,14.415266990661621,0.010013361778301366
2002-06-03,14.559612274169922,-0.003605129018016795
2002-06-04,14.507122993469238,0.026458765193200673
2002-06-05,14.890963554382324,0.02996245686728205
2002-06-06,15.337133407592773,-0.022032439692454053
2002-06-07,14.999218940734863,0.027121684561389747
2002-06-10,15.406023025512695,0.021507533619662178
2002-06-11,15.7373685836792,0.027725839084363102
2002-06-12,16.1737003326416,-0.012981744469748091
2002-06-13,15.963737487792969,0.004932018224057755
2002-06-14,16.042470932006836,0.010634089794462565
2002-06-17,16.21306800842285,-0.002225916986390075
2002-06-18,16.176979064941406,-0.030622376316351674
2002-06-19,15.681601524353027,0.01610876031290709
2002-06-20,15.934212684631348,-0.018323900558485096
2002-06-21,15.64223575592041,-0.006292009552694933
2002-06-24,15.543814659118652,-0.006331910964876064
2002-06-25,15.445392608642578,-0.007858891649297872
2002-06-26,15.32400894165039,0.010061805826446335
2002-06-27,15.478196144104004,0.019923949780854322
2002-06-28,15.786582946777344,0.006026303185949544
2002-07-01,15.881717681884766,-0.0010328352745432312
2002-07-02,15.865314483642578,-0.009925289679218352
2002-07-03,15.707846641540527,0.003759303317960594
2002-07-04,15.766897201538086,0.0041615480508734315
2002-07-05,15.832511901855469,0.0022791187736694862
2002-07-08,15.868596076965332,-0.004341555230050309
2002-07-09,15.799701690673828,0.011212524418748648
2002-07-10,15.976856231689453,-0.010315796360139129
2002-07-11,15.812042236328125,-0.0025524531535582318
2002-07-12,15.771682739257812,-0.008530332435834342
2002-07-15,15.637145042419434,-0.015487534560996497
2002-07-16,15.394964218139648,0.008302592055028812
2002-07-17,15.522782325744629,0.012567813473604916
2002-07-18,15.717869758605957,-0.01669186580906057
2002-07-19,15.455509185791016,-0.0032644143540441206
2002-07-22,15.40505599975586,-0.0004364413820222568
2002-07-23,15.398332595825195,-0.008082397960352816
2002-07-24,15.273877143859863,-0.00616590307796272
2002-07-25,15.179699897766113,-0.00864166637714514
2002-07-26,15.048521995544434,0.020563364447294008
2002-07-29,15.357970237731934,-0.009636488427501755
2002-07-30,15.209973335266113,0.025210340104934392
2002-07-31,15.593421936035156,-0.01682501892251964
2002-08-01,15.331062316894531,0.0074592940537145935
2002-08-02,15.44542121887207,0.007621962326044951
2002-08-05,15.563145637512207,-0.0017292576858058961
2002-08-06,15.536232948303223,0.0038971400082290497
2002-08-07,15.596779823303223,-0.007979316158719052
2002-08-08,15.472328186035156,0.008695498348363806
2002-08-09,15.606867790222168,-0.0012931266001006136
2002-08-12,15.586686134338379,-0.0023735569855893868
2002-08-13,15.549690246582031,-0.005407717077770879
2002-08-14,15.465601921081543,0.0
2002-08-15,15.465601921081543,-0.00021773636929323104
2002-08-16,15.462234497070312,0.0006527962673672505
2002-08-19,15.472328186035156,0.0023912851598306695
2002-08-20,15.509326934814453,-0.0010841982774332237
2002-08-21,15.492511749267578,0.005210563496286458
2002-08-22,15.573236465454102,0.0010797489387754933
2002-08-23,15.590051651000977,0.0056094093270384615
2002-08-26,15.677502632141113,-0.004505490675162371
2002-08-27,15.606867790222168,0.0030176009305720175
2002-08-28,15.653963088989258,0.0017187379107452827
2002-08-29,15.680868148803711,0.03539237329027767
2002-08-30,16.235851287841797,-0.015537233228958391
2002-09-02,15.983591079711914,-0.011363955033439677
2002-09-03,15.80195426940918,0.0025540826395407112
2002-09-04,15.842313766479492,-0.0025475759201101233
2002-09-05,15.80195426940918,0.0017028223458090963
2002-09-06,15.828862190246582,-0.008712016346779206
2002-09-09,15.690960884094238,0.0
2002-09-10,15.690960884094238,-0.0008577073164950377
2002-09-11,15.677502632141113,0.018880162987490845
2002-09-12,15.973496437072754,-0.01684571261401513
2002-09-13,15.704411506652832,-0.01370749454569542
2002-09-16,15.489143371582031,0.004126331831505681
2002-09-17,15.553056716918945,-0.004758114173401662
2002-09-18,15.479053497314453,-0.0002169310461165308
2002-09-19,15.475695610046387,-0.0015216815119917237
2002-09-20,15.452146530151367,0.000652852139297444
2002-09-23,15.462234497070312,0.007613736057149989
2002-09-24,15.579959869384766,0.0008640629862497473
2002-09-25,15.593421936035156,-0.00323609335468511
2002-09-26,15.542960166931152,0.0
2002-09-27,15.542960166931152,-0.004977060033531822
2002-09-30,15.465601921081543,-0.001087571890462935
2002-10-01,15.448781967163086,0.0
2002-10-02,15.448781967163086,0.002612594604852081
2002-10-03,15.489143371582031,-0.0004341336020762254
2002-10-04,15.48241901397705,0.005648405527662659
2002-10-07,15.569869995117188,0.005184797532700847
2002-10-08,15.650596618652344,-0.005587709099595162
2002-10-09,15.563145637512207,-0.005187037724595944
2002-10-10,15.48241901397705,0.0
2002-10-11,15.48241901397705,-0.00043426055867590296
2002-10-14,15.475695610046387,0.0
2002-10-15,15.475695610046387,0.00021697811540599687
2002-10-16,15.479053497314453,0.005215463480789051
2002-10-17,15.559783935546875,0.0019452529404957453
2002-10-18,15.590051651000977,0.007767189723792534
2002-10-21,15.711142539978027,-0.004067662369455216
2002-10-22,15.647234916687012,0.0010746426212941973
2002-10-23,15.664050102233887,-0.00880410755663319
2002-10-24,15.526142120361328,-0.0010830240646080291
2002-10-25,15.509326934814453,0.010627012426220883
2002-10-28,15.674144744873047,-0.0010730410186904349
2002-10-29,15.657325744628906,-0.006874449685879358
2002-10-30,15.549690246582031,-0.006489407687148341
2002-10-31,15.448781967163086,0.03897236546298344
2002-11-01,16.050857543945312,0.015507163642482391
2002-11-04,16.299760818481445,0.00020653495314459924
2002-11-05,16.30312728881836,0.0
2002-11-06,16.30312728881836,-0.005983246161992417
2002-11-07,16.205581665039062,-0.014736372803891395
2002-11-08,15.96677017211914,-0.010954361783384048
2002-11-11,15.791864395141602,0.010010646797475875
2002-11-12,15.949951171875,-0.009911427002495032
2002-11-13,15.791864395141602,-0.0031947035353043773
2002-11-14,15.741414070129395,0.009401451066271438
2002-11-15,15.889406204223633,0.01460634706279551
2002-11-18,16.121492385864258,0.0
2002-11-19,16.121492385864258,0.007511087212304757
2002-11-20,16.242582321166992,-0.004556006599974127
2002-11-21,16.168581008911133,0.03494906743464332
2002-11-22,16.733657836914062,0.0060302583214260075
2002-11-25,16.834566116333008,0.004195821943424827
2002-11-26,16.905200958251953,0.025069405002305034
2002-11-27,17.329004287719727,0.008734573720508898
2002-11-28,17.480365753173828,0.010775639608560983
2002-11-29,17.66872787475586,-0.00019042474433539347
2002-12-02,17.665363311767578,-0.0024755612823424977
2002-12-03,17.621631622314453,-0.010497780558318626
2002-12-04,17.436643600463867,0.003472064598056601
2002-12-05,17.49718475341797,0.04998090164302549
2002-12-06,18.3717098236084,-0.008971283110883688
2002-12-09,18.206892013549805,-0.0011083576768697867
2002-12-10,18.18671226501465,0.03273524329908262
2002-12-11,18.782058715820312,-0.009491319773076823
2002-12-12,18.603792190551758,0.0005427658812076075
2002-12-13,18.613889694213867,-0.0028914732280503896
2002-12-16,18.560068130493164,0.01612906043590767
2002-12-17,18.859424591064453,0.031210980837944158
2002-12-18,19.44804573059082,-0.0366653763390663
2002-12-19,18.734975814819336,-0.00448845983867896
2002-12-20,18.6508846282959,0.006852834835022081
2002-12-23,18.778696060180664,0.013433928075368806
2002-12-24,19.030967712402344,0.0
2002-12-25,19.030967712402344,-0.0030047982963622433
2002-12-26,18.973783493041992,0.013650052921637235
2002-12-27,19.232776641845703,-0.010143190161683746
2002-12-30,19.037694931030273,-0.0012369210824111354
2002-12-31,19.01414680480957,0.0067219125421098536
2003-01-01,19.141958236694336,0.012651980654647899
2003-01-02,19.38414192199707,-0.006941147449151419
2003-01-03,19.24959373474121,-0.025336366791774867
2003-01-06,18.761878967285156,0.0021513469859792966
2003-01-07,18.802242279052734,0.004114613924621979
2003-01-08,18.879606246948242,0.018350228234985888
2003-01-09,19.226051330566406,0.0015744066361984554
2003-01-10,19.25632095336914,-0.007685627115595284
2003-01-13,19.10832405090332,-0.003872526829745482
2003-01-14,19.034326553344727,0.007598500481338144
2003-01-15,19.178958892822266,0.009119670048565398
2003-01-16,19.353864669799805,0.01998610623692776
2003-01-17,19.740673065185547,-0.009882511716653775
2003-01-20,19.54558563232422,0.03011539577005773
2003-01-21,20.13420867919922,-0.005178794792482511
2003-01-22,20.029937744140625,0.006549091859262113
2003-01-23,20.161115646362305,-0.033867187954548905
2003-01-24,19.478315353393555,-0.013469415692746178
2003-01-27,19.215953826904297,0.01540374327994476
2003-01-28,19.511951446533203,-0.024823355733722074
2003-01-29,19.027599334716797,-0.009899215532728656
2003-01-30,18.83924102783203,0.00482060278694707
2003-01-31,18.930057525634766,0.03109442384845562
2003-02-03,19.5186767578125,0.015853955984164836
2003-02-04,19.828125,-0.004071222880959402
2003-02-05,19.747400283813477,0.04496681017933857
2003-02-06,20.635377883911133,-0.015648013875002365
2003-02-07,20.312475204467773,-0.02136101615959385
2003-02-10,19.87858009338379,-0.002538163850072106
2003-02-11,19.828125,0.01984724761746448
2003-02-12,20.22165870666504,0.0
2003-02-13,20.22165870666504,-0.009148202886387291
2003-02-14,20.036666870117188,0.03323803253769819
2003-02-17,20.702646255493164,0.006661231571447823
2003-02-18,20.840551376342773,0.007424002542087971
2003-02-19,20.995271682739258,-0.010252854195145211
2003-02-20,20.780010223388672,0.005503313075795546
2003-02-21,20.89436912536621,0.010463668133408266
2003-02-24,21.113000869750977,-0.021188345091235683
2003-02-25,20.665651321411133,-0.02343763628021789
2003-02-26,20.181297302246094,0.006666596098673816
2003-02-27,20.315837860107422,-0.05099325437620583
2003-02-28,19.27986717224121,0.01378217275612692
2003-03-03,19.54558563232422,-0.008432189810681945
2003-03-04,19.380773544311523,-0.01110735277170094
2003-03-05,19.165504455566406,-0.014566326215804448
2003-03-06,18.886333465576172,-0.015138138442020832
2003-03-07,18.60042953491211,-0.013019917387050106
2003-03-10,18.358253479003906,0.014290995169668363
2003-03-11,18.6206111907959,-0.004515822330672825
2003-03-12,18.536523818969727,0.0
2003-03-13,18.536523818969727,0.0
2003-03-14,18.536523818969727,-0.0025404186273219054
2003-03-17,18.48943328857422,0.0
2003-03-18,18.48943328857422,0.002182944376336593
2003-03-19,18.529794692993164,0.022327137280905962
2003-03-20,18.943511962890625,0.010475685511348587
2003-03-21,19.141958236694336,-0.01862603439911059
2003-03-24,18.785419464111328,0.005371932293427584
2003-03-25,18.886333465576172,0.002849358475230712
2003-03-26,18.940147399902344,-0.019001737345434422
2003-03-27,18.580251693725586,-0.004163876599705407
2003-03-28,18.502885818481445,-0.01836026381630207
2003-03-31,18.16316795349121,0.012963088004901202
2003-04-01,18.398618698120117,0.013162626636983088
2003-04-02,18.640792846679688,0.007758608693374525
2003-04-03,18.785419464111328,0.015577872610029297
2003-04-04,19.07805633544922,0.012341043086076642
2003-04-07,19.313499450683594,-0.00940435930425898
2003-04-08,19.131868362426758,-0.0014061957753512822
2003-04-09,19.104965209960938,0.020598703899084914
2003-04-10,19.498502731323242,-0.0056928457488928386
2003-04-11,19.387500762939453,0.0
2003-04-14,19.387500762939453,-0.017869703916540414
2003-04-15,19.041051864624023,0.024554054169114492
2003-04-16,19.508586883544922,-0.009138044750754748
2003-04-17,19.3303165435791,0.0
2003-04-18,19.3303165435791,0.0
2003-04-21,19.3303165435791,0.010788430546166738
2003-04-22,19.538860321044922,-0.011533982364293593
2003-04-23,19.313499450683594,-0.0038313873540910537
2003-04-24,19.239501953125,-0.022377327739356634
2003-04-25,18.80897331237793,0.013590676865843143
2003-04-28,19.064599990844727,-0.020289552902697405
2003-04-29,18.67778778076172,0.0036018234288550666
2003-04-30,18.74506187438965,0.0
2003-05-01,18.74506187438965,0.010407302297531063
2003-05-02,18.940147399902344,0.0056830289185638705
2003-05-05,19.04778480529785,0.013773559871927521
2003-05-06,19.31014060974121,-0.005574138871946355
2003-05-07,19.202503204345703,-0.00840782777138882
2003-05-08,19.041051864624023,0.008479118741419711
2003-05-09,19.202503204345703,0.023471732506976206
2003-05-12,19.65321922302246,0.002053873142010554
2003-05-13,19.693584442138672,0.03450026198268108
2003-05-14,20.373018264770508,0.01320800061490468
2003-05-15,20.642105102539062,0.026560170342866396
2003-05-16,21.19036293029785,0.010317508251459273
2003-05-19,21.408994674682617,0.008326711645146201
2003-05-20,21.587261199951172,0.012932298115682084
2003-05-21,21.86643409729004,0.009229426736491408
2003-05-22,22.068248748779297,0.03810410576625056
2003-05-23,22.90913963317871,0.011451848211974536
2003-05-26,23.171491622924805,-0.015822237002239392
2003-05-27,22.804866790771484,0.019174046725756178
2003-05-28,23.242128372192383,0.03603459140890353
2003-05-29,24.079648971557617,-0.015644526498947986
2003-05-30,23.70293426513672,-0.019582907250600412
2003-06-02,23.23876190185547,-0.005500006401941482
2003-06-03,23.11094856262207,0.03958662989456041
2003-06-04,24.025833129882812,0.0011200769486274798
2003-06-05,24.052743911743164,0.0220950449087729
2003-06-06,24.584190368652344,-0.0056097370231626975
2003-06-09,24.446279525756836,-0.024766146485914575
2003-06-10,23.840839385986328,0.003526950671332685
2003-06-11,23.924924850463867,-0.011387126340858367
2003-06-12,23.652488708496094,-0.014505533390168801
2003-06-13,23.309396743774414,0.007215299573998024
2003-06-16,23.477581024169922,0.019484095151731884
2003-06-17,23.935020446777344,-0.009415528633553771
2003-06-18,23.709659576416016,0.010639956430415376
2003-06-19,23.961929321289062,0.007299319459311837
2003-06-20,24.1368350982666,-0.01602564685100416
2003-06-23,23.75002670288086,0.014587145014710368
2003-06-24,24.096471786499023,0.030150573582551354
2003-06-25,24.822994232177734,0.010162513855807909
2003-06-26,25.075258255004883,0.003487730759234031
2003-06-27,25.1627140045166,0.02780388476521023
2003-06-30,25.862335205078125,-0.005072233753453004
2003-07-01,25.731155395507812,0.01908486067566173
2003-07-02,26.222230911254883,0.02154967838597055
2003-07-03,26.787311553955078,-0.004619038118474861
2003-07-04,26.6635799407959,0.0009023280335094253
2003-07-07,26.687639236450195,-0.00862835351235125
2003-07-08,26.457368850708008,-0.006754891635458948
2003-07-09,26.27865219116211,0.01072437819640637
2003-07-10,26.560474395751953,0.008410711467111254
2003-07-11,26.78386688232422,0.03310687728503403
2003-07-14,27.670597076416016,0.017388964306536137
2003-07-15,28.15176010131836,0.021731303562487758
2003-07-16,28.763534545898438,0.0013146887053745449
2003-07-17,28.801349639892578,-0.01145607191215059
2003-07-18,28.471399307250977,-0.0189520307642157
2003-07-21,27.931808471679688,-0.029654312199849375
2003-07-22,27.1035099029541,0.007608350290234878
2003-07-23,27.309722900390625,0.02000997334853083
2003-07-24,27.856189727783203,0.049105744698303866
2003-07-25,29.224088668823242,-0.00011793623467781789
2003-07-28,29.22064208984375,0.00988020129461864
2003-07-29,29.509347915649414,0.01688793843245051
2003-07-30,30.007699966430664,-0.03161153057423094
2003-07-31,29.059110641479492,-0.010053268902446066
2003-08-01,28.766971588134766,0.02246127847052337
2003-08-04,29.413114547729492,-0.029446059167717586
2003-08-05,28.547014236450195,-0.02167128342309943
2003-08-06,27.928363800048828,0.02756584153013142
2003-08-07,28.698232650756836,0.011137608126576604
2003-08-08,29.01786231994629,0.022859173731179627
2003-08-11,29.68118667602539,-0.005673749750184642
2003-08-12,29.51278305053711,0.007336944825497627
2003-08-13,29.72931671142578,-0.003699494518540236
2003-08-14,29.619333267211914,0.0
2003-08-15,29.619333267211914,-0.001624502601928035
2003-08-18,29.571216583251953,-0.009647033114518644
2003-08-19,29.28594207763672,0.026522723193316722
2003-08-20,30.062685012817383,-0.001371696421122226
2003-08-21,30.021448135375977,-0.0054953387524749875
2003-08-22,29.856470108032227,-0.026591494020879458
2003-08-25,29.062541961669922,0.03346749672609217
2003-08-26,30.035192489624023,0.04188164023437735
2003-08-27,31.293115615844727,-0.023503948562179633
2003-08-28,30.55760383605957,-0.008660266519193383
2003-08-29,30.292966842651367,-0.005899860844557292
2003-09-01,30.114242553710938,0.008559881676173164
2003-09-02,30.37201690673828,-0.019463649240967107
2003-09-03,29.780866622924805,-0.008770922502863043
2003-09-04,29.51966094970703,0.0125738492262355
2003-09-05,29.890836715698242,0.018282276760472005
2003-09-08,30.43730926513672,-0.010275339210959578
2003-09-09,30.124555587768555,0.02122041342051184
2003-09-10,30.763811111450195,0.009161455225918713
2003-09-11,31.045652389526367,-0.021698222808657963
2003-09-12,30.37201690673828,-0.0381352079079188
2003-09-15,29.213773727416992,0.029646919703421704
2003-09-16,30.079872131347656,-0.025479635542679735
2003-09-17,29.313447952270508,-0.051471729306253766
2003-09-18,27.80463409423828,0.009641686759087609
2003-09-19,28.072717666625977,-0.020813158466710835
2003-09-22,27.488435745239258,0.03900982364729266
2003-09-23,28.560754776000977,0.01973539442640182
2003-09-24,29.124412536621094,-0.015813074098960156
2003-09-25,28.66386604309082,0.03645086434957512
2003-09-26,29.708688735961914,0.023831610726539276
2003-09-29,30.41669464111328,0.019096064314608086
2003-09-30,30.997533798217773,-0.010977172450648776
2003-10-01,30.657268524169922,0.0
2003-10-02,30.657268524169922,0.02107646262688334
2003-10-03,31.303415298461914,0.020861131836116265
2003-10-06,31.956439971923828,-0.017530940271253237
2003-10-07,31.39621353149414,0.03470152894252476
2003-10-08,32.48571014404297,0.01713940009398862
2003-10-09,33.04249572753906,-0.0010405347930914077
2003-10-10,33.008113861083984,0.025094306761946017
2003-10-13,33.836429595947266,-0.03433251593542608
2003-10-14,32.674739837646484,0.023035701297544398
2003-10-15,33.427425384521484,0.02601314945144817
2003-10-16,34.29697799682617,-0.004810390059913794
2003-10-17,34.131996154785156,-0.014600617960462192
2003-10-20,33.63364791870117,-0.004394308676139658
2003-10-21,33.4858512878418,0.005542533903919011
2003-10-22,33.67144775390625,-0.006430553063137001
2003-10-23,33.45492172241211,0.010684370035280555
2003-10-24,33.8123664855957,-0.019719510196013923
2003-10-27,33.14560317993164,-0.01016167600096718
2003-10-28,32.80878829956055,0.017493957126614168
2003-10-29,33.38274383544922,-0.0031917181478962053
2003-10-30,33.27619552612305,0.00010363222939413497
2003-10-31,33.27964401245117,-0.017040118596171827
2003-11-03,32.712554931640625,0.019752081535555188
2003-11-04,33.35869598388672,-0.012878880228232137
2003-11-05,32.929073333740234,-0.0026095441476460257
2003-11-06,32.843143463134766,0.001046966810315908
2003-11-07,32.87752914428711,-0.002090815414530822
2003-11-10,32.80878829956055,0.00031427941241957136
2003-11-11,32.81909942626953,0.0024087184845866805
2003-11-12,32.89815139770508,-0.02225253021983975
2003-11-13,32.16608428955078,-0.020194740461087823
2003-11-14,31.516498565673828,0.03173401247007179
2003-11-17,32.51664352416992,-0.0156431636959129
2003-11-18,32.00798034667969,-0.01224075464502361
2003-11-19,31.616178512573242,-0.020545810164018574
2003-11-20,30.966598510742188,-0.00410645467907933
2003-11-21,30.839435577392578,-0.004458107017080937
2003-11-24,30.701950073242188,0.014665026243947166
2003-11-25,31.15219497680664,0.0
2003-11-26,31.15219497680664,0.029457061719412092
2003-11-27,32.069847106933594,0.008037785071770553
2003-11-28,32.32761764526367,0.000212520138377581
2003-12-01,32.33448791503906,0.01020422609320204
2003-12-02,32.66443634033203,-0.0025254630911014653
2003-12-03,32.58194351196289,-0.006750838674039694
2003-12-04,32.36198806762695,-0.02272705572852529
2003-12-05,31.626495361328125,-0.008693902176608592
2003-12-08,31.351537704467773,0.012168348265386486
2003-12-09,31.733034133911133,0.0041156443592327285
2003-12-10,31.863636016845703,0.018444578450425464
2003-12-11,32.45134735107422,0.006248438037429693
2003-12-12,32.654117584228516,0.019787546402890266
2003-12-15,33.300262451171875,-0.007534024998556599
2003-12-16,33.04937744140625,-0.008215662230068976
2003-12-17,32.777854919433594,0.005871969078214301
2003-12-18,32.9703254699707,0.021890499947182507
2003-12-19,33.69206237792969,0.03713152325384961
2003-12-22,34.94309997558594,-0.003540890931170826
2003-12-23,34.81937026977539,0.0045405797677813275
2003-12-24,34.97747039794922,0.0
2003-12-25,34.97747039794922,0.024565351537015445
2003-12-26,35.83670425415039,0.03049803089656722
2003-12-29,36.92965316772461,-0.010609874900925909
2003-12-30,36.53783416748047,0.011287955303380448
2003-12-31,36.95027160644531,0.050413925163519835
2004-01-01,38.813079833984375,0.0025675661862816224
2004-01-02,38.91273498535156,0.06156180826096924
2004-01-05,41.30827331542969,0.00033300346966336214
2004-01-06,41.32202911376953,-0.007569106605213594
2004-01-07,41.00925827026367,0.040479404773676286
2004-01-08,42.669288635253906,0.03109159735221434
2004-01-09,43.99594497680664,0.0024216022632950196
2004-01-12,44.10248565673828,0.00677983137047522
2004-01-13,44.401493072509766,0.041024916266344524
2004-01-14,46.223060607910156,-0.014945162612368112
2004-01-15,45.532249450683594,-0.04106289825926701
2004-01-16,43.66256332397461,0.03376866031870507
2004-01-19,45.13698959350586,-0.044163347881252424
2004-01-20,43.14358901977539,-0.05178051700674979
2004-01-21,40.90959167480469,-0.01646658344059848
2004-01-22,40.2359504699707,0.06303947632511742
2004-01-23,42.772403717041016,0.0
2004-01-26,42.772403717041016,0.042426646120603095
2004-01-27,44.587093353271484,-0.026131224729405322
2004-01-28,43.42197799682617,-0.007915092326491235
2004-01-29,43.07828903198242,-0.04571602134650521
2004-01-30,41.10892105102539,0.0
2004-02-02,41.10892105102539,-0.05141680609870203
2004-02-03,38.99523162841797,0.0393968480486806
2004-02-04,40.53152084350586,-0.017467796758523058
2004-02-05,39.823524475097656,0.027962455665971664
2004-02-06,40.93708801269531,0.045755954575222635
2004-02-09,42.810203552246094,-0.01878602492613457
2004-02-10,42.0059700012207,0.026509558590553484
2004-02-11,43.119529724121094,-0.015463139554861005
2004-02-12,42.45276641845703,0.018701491579728113
2004-02-13,43.24669647216797,0.001589416895080742
2004-02-16,43.315433502197266,0.005950832950164742
2004-02-17,43.57319641113281,-0.007019858783385513
2004-02-18,43.26731872558594,-0.040511562590480166
2004-02-19,41.51449203491211,-0.002400766348656491
2004-02-20,41.414825439453125,-0.02215794414629635
2004-02-23,40.49715805053711,0.02817648348209656
2004-02-24,41.63822555541992,-0.02897250451686184
2004-02-25,40.431861877441406,-0.020401322015252465
2004-02-26,39.606998443603516,0.014404775927580493
2004-02-27,40.177528381347656,0.02694635111919541
2004-03-01,41.26016616821289,0.0
2004-03-02,41.26016616821289,-0.0016662190317123793
2004-03-03,41.1914176940918,0.008761092130890269
2004-03-04,41.55229949951172,0.01976831058932582
2004-03-05,42.37371826171875,0.018087298397841733
2004-03-08,43.14014434814453,0.009639992466130787
2004-03-09,43.55601501464844,-0.025408243232496797
2004-03-10,42.44933319091797,-0.02526106149280749
2004-03-11,41.377017974853516,-0.004651629333319307
2004-03-12,41.184547424316406,-0.03396484085910312
2004-03-15,39.78572082519531,-0.010452761892416063
2004-03-16,39.369850158691406,0.012658312476927058
2004-03-17,39.86820602416992,-0.032413564322833044
2004-03-18,38.57593536376953,0.011225667370419634
2004-03-19,39.008975982666016,-0.029426844536688868
2004-03-22,37.86106491088867,0.004720076501370185
2004-03-23,38.039772033691406,-0.011203684594447316
2004-03-24,37.61358642578125,0.029970864617426818
2004-03-25,38.74089813232422,0.05225344521014508
2004-03-26,40.76524353027344,0.025630045916459565
2004-03-29,41.81005859375,-0.025976035596248837
2004-03-30,40.7239990234375,0.022617753161616294
2004-03-31,41.645084381103516,0.020549859398302228
2004-04-01,42.500885009765625,0.005013843921276351
2004-04-02,42.7139778137207,-0.012391476343265095
2004-04-05,42.184688568115234,0.022893778276420473
2004-04-06,43.150455474853516,-0.0031858353254565763
2004-04-07,43.01298522949219,-0.004154991008901043
2004-04-08,42.834266662597656,0.0
2004-04-09,42.834266662597656,-0.006900503404387304
2004-04-12,42.53868865966797,0.02868222448723734
2004-04-13,43.758792877197266,0.0
2004-04-14,43.758792877197266,0.00133526804959061
2004-04-15,43.817222595214844,0.0029022092345205586
2004-04-16,43.94438934326172,-0.01618957620463901
2004-04-19,43.232948303222656,0.002702841495358266
2004-04-20,43.34980010986328,0.02267506989244006
2004-04-21,44.332759857177734,0.017365730456142536
2004-04-22,45.102630615234375,0.0022096888674172366
2004-04-23,45.202293395996094,-0.04189455935308717
2004-04-27,43.308563232421875,0.01396713490964574
2004-04-28,43.91345977783203,-0.0003130741466254028
2004-04-29,43.89971160888672,0.005636838782187681
2004-04-30,44.14716720581055,-0.03612313751548335
2004-05-03,42.552433013916016,0.03424631315573956
2004-05-04,44.00969696044922,0.003436198250514666
2004-05-05,44.16092300415039,0.01961210971759142
2004-05-06,45.02701187133789,-0.0162582291903266
2004-05-07,44.294952392578125,-0.024674258348679978
2004-05-10,43.20200729370117,-0.018217865074952266
2004-05-11,42.41495895385742,0.006158293496247413
2004-05-12,42.67616271972656,-0.03036157070964396
2004-05-13,41.38044738769531,-0.1425248782315336
2004-05-14,35.482704162597656,-0.1326038979622597
2004-05-17,30.777559280395508,0.09637107132023104
2004-05-18,33.74362564086914,0.07017734853667146
2004-05-19,36.111663818359375,-0.020652924389021665
2004-05-20,35.36585235595703,0.0027210815379574704
2004-05-21,35.46208572387695,0.0456482468645969
2004-05-24,37.080867767333984,9.279332283118613e-05
2004-05-25,37.08430862426758,-0.0135310354064202
2004-05-26,36.58251953125,-0.0023488282657733173
2004-05-27,36.4965934753418,-0.08531891180464246
2004-05-28,33.38274383544922,-0.042211332399201607
2004-05-31,31.973613739013672,0.008921827349636313
2004-06-01,32.25887680053711,0.007244984343942162
2004-06-02,32.492591857910156,-0.006452652100827683
2004-06-03,32.282928466796875,0.03619722417325
2004-06-04,33.451480865478516,-0.0039040472203263343
2004-06-07,33.320884704589844,-0.004848040096761652
2004-06-08,33.15934371948242,0.0025911924535604314
2004-06-09,33.24526596069336,-0.007753371840679701
2004-06-10,32.98750305175781,-0.024275753988794002
2004-06-11,32.18670654296875,-0.060971713122479176
2004-06-14,30.224227905273438,0.010916434223978033
2004-06-15,30.554168701171875,-0.003936842226170856
2004-06-16,30.433881759643555,0.014454956120595552
2004-06-17,30.873802185058594,-0.02616044812910101
2004-06-18,30.066129684448242,-0.04869687592917504
2004-06-21,28.60200309753418,0.019346095980797617
2004-06-22,29.15534019470215,-0.036425779620883336
2004-06-23,28.093334197998047,0.03388804859638106
2004-06-24,29.04536247253418,0.018466936364827324
2004-06-25,29.581741333007812,0.0348321451470055
2004-06-28,30.612136840820312,-0.012103497313573852
2004-06-29,30.241622924804688,0.004900878695605071
2004-06-30,30.389833450317383,0.028564695028094222
2004-07-01,31.257909774780273,0.00519277743847435
2004-07-02,31.420225143432617,-0.03200820093330725
2004-07-05,30.414520263671875,0.017287693039393925
2004-07-06,30.940317153930664,-0.004219919358323665
2004-07-07,30.809751510620117,-0.041232430784694296
2004-07-08,29.539390563964844,0.026042302946933882
2004-07-09,30.308664321899414,0.005821477012415421
2004-07-12,30.485105514526367,-0.00625065108341849
2004-07-13,30.294553756713867,0.0036108256394498106
2004-07-14,30.403942108154297,0.00011605715331741706
2004-07-15,30.407470703125,0.020424880468731255
2004-07-16,31.028539657592773,0.0007958007586847948
2004-07-19,31.053232192993164,-0.014545259558829793
2004-07-20,30.60155487060547,0.017297027903466544
2004-07-21,31.130870819091797,0.04964861775927787
2004-07-22,32.676475524902344,0.003131704604117047
2004-07-23,32.77880859375,0.011195926621084151
2004-07-26,33.14579772949219,-0.05759588130793836
2004-07-27,31.236736297607422,-0.021463944108113253
2004-07-28,30.566272735595703,0.02943852715011608
2004-07-29,31.46609878540039,-0.00841065003493302
2004-07-30,31.201448440551758,0.00045236296993400593
2004-08-02,31.21556282043457,-0.0052003107672670135
2004-08-03,31.053232192993164,-0.005340634514060971
2004-08-04,30.887388229370117,0.022849115842292766
2004-08-05,31.593137741088867,-0.01463187752306927
2004-08-06,31.130870819091797,0.03786014826295214
2004-08-09,32.30949020385742,0.004259281189184172
2004-08-10,32.447105407714844,-0.027188814615508927
2004-08-11,31.56490707397461,-0.01095576062072734
2004-08-12,31.21908950805664,0.00813823781017775
2004-08-13,31.47315788269043,-0.01020277620767085
2004-08-16,31.15204429626465,0.0015859037634018414
2004-08-17,31.201448440551758,-0.021375067281350524
2004-08-18,30.534515380859375,0.0005774295266127716
2004-08-19,30.552146911621094,-0.011318803625193552
2004-08-20,30.20633316040039,-0.02254695356099945
2004-08-23,29.525272369384766,0.0045417411887767045
2004-08-24,29.65936851501465,0.026650780759497117
2004-08-25,30.449813842773438,0.010430034892478846
2004-08-26,30.767406463623047,-0.004014386724875196
2004-08-27,30.64389419555664,0.0255644356054745
2004-08-30,31.427288055419922,-0.005501685688188651
2004-08-31,31.254384994506836,0.017725906258637236
2004-09-01,31.80839729309082,0.00421550683612959
2004-09-02,31.942485809326172,0.021431938330436662
2004-09-03,32.6270751953125,-0.0052998997309947615
2004-09-06,32.45415496826172,0.014896454513590118
2004-09-07,32.93760681152344,-0.0025711120963179956
2004-09-08,32.85292053222656,-0.00569274085262339
2004-09-09,32.665897369384766,0.008425735846157023
2004-09-10,32.941131591796875,-0.021531917751745122
2004-09-13,32.23184585571289,-0.0015325375752199832
2004-09-14,32.18244934082031,-0.00032916743515865043
2004-09-15,32.17185592651367,0.020730622378732688
2004-09-16,32.83879852294922,0.03277472226849443
2004-09-17,33.91508102416992,-0.006347015708101811
2004-09-20,33.69982147216797,0.005444858315506895
2004-09-21,33.8833122253418,0.02666120412185702
2004-09-22,34.78668212890625,-0.020085161726131506
2004-09-23,34.08798599243164,-0.008902567949882534
2004-09-24,33.784515380859375,-0.010340535350223279
2004-09-27,33.43516540527344,-0.014986831458643546
2004-09-28,32.934078216552734,0.01382190314880316
2004-09-29,33.38928985595703,-0.010568729876444083
2004-09-30,33.036407470703125,0.02296526585234493
2004-10-01,33.79509735107422,0.008040132824904234
2004-10-04,34.06681442260742,0.014709177438753995
2004-10-05,34.567909240722656,-0.019191504529468273
2004-10-06,33.90449905395508,0.013217803473749123
2004-10-07,34.35264205932617,0.004930852686389597
2004-10-08,34.522029876708984,-0.018603843225161176
2004-10-11,33.87978744506836,-0.02062257646134613
2004-10-12,33.18109893798828,-0.007763881968576136
2004-10-14,32.923484802246094,-0.0019291612007099612
2004-10-15,32.85997009277344,-0.011061006885964342
2004-10-18,32.49650573730469,0.009013396779157246
2004-10-19,32.78940963745117,-0.01065470295258697
2004-10-20,32.44004821777344,0.005982974528114138
2004-10-21,32.63413619995117,0.0
2004-10-22,32.63413619995117,-0.05006497489199979
2004-10-25,31.000308990478516,0.02868513002758255
2004-10-26,31.889556884765625,-0.006971100246230266
2004-10-27,31.667251586914062,-0.00969477364004534
2004-10-28,31.360244750976562,0.006863786203457067
2004-10-29,31.57549476623535,0.04749679742607715
2004-11-01,33.07522964477539,0.002133562955561885
2004-11-02,33.14579772949219,0.038646343894306545
2004-11-03,34.426761627197266,-0.013633035925905701
2004-11-04,33.957420349121094,0.03595569132935217
2004-11-05,35.178382873535156,-0.004915416748266788
2004-11-08,35.00546646118164,-0.012096695538688973
2004-11-09,34.58201599121094,0.006734566819937005
2004-11-10,34.814910888671875,-0.004763699635786711
2004-11-11,34.64906311035156,0.002240548432882239
2004-11-12,34.7266960144043,0.0
2004-11-15,34.7266960144043,0.0259118713403077
2004-11-16,35.626529693603516,0.017432605357949882
2004-11-17,36.24759292602539,0.015576469553168826
2004-11-18,36.81220245361328,-0.02195169416932341
2004-11-19,36.004112243652344,0.006860797040811217
2004-11-22,36.251129150390625,0.004769748888142411
2004-11-23,36.42403793334961,0.0036813717311998673
2004-11-24,36.558128356933594,-0.01032807032591665
2004-11-25,36.1805534362793,0.0
2004-11-26,36.1805534362793,0.024675695067170045
2004-11-29,37.073333740234375,0.00837604202766018
2004-11-30,37.38386154174805,0.021332955100304085
2004-12-01,38.18136978149414,0.07495361432596237
2004-12-02,41.0432014465332,-0.006362165913561313
2004-12-03,40.78207778930664,-0.003980440336562974
2004-12-06,40.619747161865234,-0.007905262690309889
2004-12-07,40.29863739013672,0.03826620974577355
2004-12-08,41.84071350097656,0.021590599520873388
2004-12-09,42.74407958984375,-0.017419383166814018
2004-12-10,41.99950408935547,0.002016454618463115
2004-12-13,42.08419418334961,0.012158317001475405
2004-12-14,42.59586715698242,0.0014911002806581308
2004-12-15,42.65938186645508,-0.027793771938068645
2004-12-16,41.473716735839844,-0.007487707510775765
2004-12-17,41.16317367553711,0.015430910325476166
2004-12-20,41.79835891723633,0.019333243225064356
2004-12-21,42.6064567565918,-0.014494100515649255
2004-12-22,41.988914489746094,0.024287776063941058
2004-12-23,43.008731842041016,-0.0007384818866607024
2004-12-24,42.97697067260742,0.007882636090130068
2004-12-27,43.31574249267578,0.01784083469411879
2004-12-28,44.088531494140625,-0.0033613542808056396
2004-12-29,43.94033432006836,0.016784453447200365
2004-12-30,44.67784881591797,0.029934434935702914
2004-12-31,46.015254974365234,0.005751568294888987
2005-01-03,46.27991485595703,-0.008921198661193785
2005-01-04,45.867042541503906,-0.049930678980053655
2005-01-05,43.57686996459961,-0.021297309079640336
2005-01-06,42.648799896240234,0.01878225533573996
2005-01-07,43.4498405456543,-0.025501761834713643
2005-01-10,42.341793060302734,-0.01950152108440928
2005-01-11,41.51606369018555,-0.025584325620794712
2005-01-12,40.45390319824219,0.03463014868434411
2005-01-13,41.854827880859375,-0.02470280692876914
2005-01-14,40.82089614868164,0.01832640513419692
2005-01-17,41.56899642944336,-0.007639948488872617
2005-01-18,41.25141143798828,-0.005645928678236434
2005-01-19,41.01850891113281,-0.00834502335959264
2005-01-20,40.67620849609375,-0.008935457708807548
2005-01-24,40.312747955322266,0.01882000369993797
2005-01-25,41.071434020996094,-0.0017181792259973738
2005-01-27,41.0008659362793,0.07100415876955735
2005-01-28,43.9120979309082,0.03342978065105284
2005-01-31,45.380069732666016,-0.013918916203973564
2005-02-01,44.74842834472656,0.023184029505226134
2005-02-02,45.7858772277832,0.0113295629499639
2005-02-03,46.30461120605469,-0.012117007110283073
2005-02-04,45.74353790283203,-0.008177197746984222
2005-02-07,45.369483947753906,-0.011900275599667665
2005-02-08,44.82957458496094,0.026763380328671316
2005-02-09,46.02936553955078,-0.005673228345804082
2005-02-10,45.76823043823242,0.008558437929008456
2005-02-11,46.159934997558594,0.01758258922115119
2005-02-14,46.9715461730957,-0.006610814363547601
2005-02-15,46.66102600097656,0.0030249573492540094
2005-02-16,46.80217361450195,-0.005202418568757805
2005-02-17,46.55868911743164,-0.002197855139183469
2005-02-18,46.45635986328125,0.0037978344354068216
2005-02-21,46.63279342651367,0.02966303671796333
2005-02-22,48.01606369018555,-0.004923603272963928
2005-02-23,47.7796516418457,0.020605503375648482
2005-02-24,48.76417541503906,-0.008466635521709787
2005-02-25,48.3513069152832,0.04313236957302968
2005-02-28,50.43681335449219,-0.02665638962832939
2005-03-01,49.092350006103516,0.015526294625217485
2005-03-02,49.85457229614258,0.015147205881486547
2005-03-03,50.6097297668457,-0.0050901342929848825
2005-03-04,50.35211944580078,0.018431447358711717
2005-03-07,51.280181884765625,-0.0035092412350054003
2005-03-08,51.10022735595703,-0.004419728899405784
2005-03-09,50.8743782043457,0.029479291020756415
2005-03-10,52.37411880493164,-0.007007434542153246
2005-03-11,52.007110595703125,-0.0037994324506548383
2005-03-14,51.809513092041016,-0.003201180306847129
2005-03-15,51.64366149902344,-0.005124952762859403
2005-03-16,51.378990173339844,-0.0024722515783638377
2005-03-17,51.25196838378906,0.0022032100877413807
2005-03-18,51.36488723754883,-0.007007502489603246
2005-03-21,51.004947662353516,-0.04075010315511429
2005-03-22,48.926490783691406,-0.05128021003936911
2005-03-23,46.41753005981445,0.010187065713012755
2005-03-24,46.89038848876953,0.0018062917821410895
2005-03-28,46.9750862121582,-0.035907543439353984
2005-03-29,45.288326263427734,0.03015423688368224
2005-03-30,46.653961181640625,-0.009454658261581095
2005-03-31,46.21286392211914,0.023365945969371138
2005-04-01,47.29267120361328,-0.004626259025012347
2005-04-04,47.073883056640625,-0.03238375979000552
2005-04-05,45.54945373535156,0.009528985179535043
2005-04-06,45.98349380493164,0.005371777383616827
2005-04-07,46.230506896972656,-0.0029003923574867363
2005-04-08,46.09642028808594,-0.01638229379587719
2005-04-11,45.34125518798828,0.006459650050336885
2005-04-12,45.6341438293457,-0.001391657095959009
2005-04-13,45.57063674926758,-0.03709186678898302
2005-04-15,43.88033676147461,-0.002653576246893552
2005-04-18,43.76389694213867,-0.005886191807621066
2005-04-19,43.50629425048828,0.006813203501578435
2005-04-20,43.802711486816406,0.012647899634038229
2005-04-21,44.35672378540039,-0.0128877662584026
2005-04-22,43.785064697265625,0.0060446984106627966
2005-04-25,44.04973220825195,0.0010412757949362916
2005-04-26,44.09560012817383,-0.0077626021495758035
2005-04-27,43.75330352783203,-0.025405360539705324
2005-04-28,42.6417350769043,-0.03202578215332863
2005-04-29,41.276100158691406,0.007694254179327231
2005-05-02,41.59368896484375,0.016628642304661545
2005-05-03,42.285335540771484,0.013602533260044014
2005-05-04,42.86052322387695,0.014655254280824037
2005-05-05,43.48865509033203,0.0014604891629950156
2005-05-06,43.55216979980469,0.007454098909164708
2005-05-09,43.87681198120117,-0.0071576849434487055
2005-05-10,43.5627555847168,-0.003321186211739935
2005-05-11,43.41807556152344,0.005933074838505137
2005-05-12,43.67567825317383,0.0008079084542771398
2005-05-13,43.71096420288086,0.022685035572074685
2005-05-16,44.70254898071289,-0.009472624707673849
2005-05-17,44.27909851074219,0.022075209993538625
2005-05-18,45.256568908691406,-0.004132845819757702
2005-05-19,45.06953048706055,0.016285803786755038
2005-05-20,45.803524017333984,0.00223425785985798
2005-05-23,45.905860900878906,0.018833223948320876
2005-05-24,46.770416259765625,0.022257422648056524
2005-05-25,47.811405181884766,0.00915181290931888
2005-05-26,48.248966217041016,-0.022453038093948274
2005-05-27,47.16563034057617,-0.009052839462877715
2005-05-30,46.7386474609375,0.012382127830172562
2005-05-31,47.3173713684082,-0.015288175998561804
2005-06-01,46.59397506713867,-0.007421937394688216
2005-06-02,46.2481575012207,0.010910716278567989
2005-06-03,46.75275802612305,0.030040090715085066
2005-06-06,48.1572151184082,0.005276088441773297
2005-06-07,48.41129684448242,0.005758060745279403
2005-06-08,48.6900520324707,-0.0007245488316376392
2005-06-09,48.6547737121582,-0.012692012744935033
2005-06-10,48.03724670410156,0.0017629294996552858
2005-06-13,48.12193298339844,0.00637969013726325
2005-06-14,48.42893600463867,0.004080153725516178
2005-06-15,48.62653350830078,-0.013134618127309095
2005-06-16,47.98784255981445,-7.496189304612155e-05
2005-06-17,47.98424530029297,-0.015508019774887583
2005-06-20,47.24010467529297,0.013393320741522441
2005-06-21,47.872806549072266,-0.006908364741450512
2005-06-22,47.542083740234375,0.03319451567824805
2005-06-23,49.12022018432617,-0.0067330036855308695
2005-06-24,48.789493560791016,-0.01024185306609382
2005-06-27,48.289798736572266,-0.014292969497066932
2005-06-28,47.59959411621094,0.01646400513930657
2005-06-29,48.38327407836914,0.01329960416718401
2005-06-30,49.02675247192383,0.035709269845968006
2005-07-01,50.777462005615234,0.007645852789349483
2005-07-04,51.16569900512695,-0.010328208594474142
2005-07-05,50.63724899291992,0.023427687181747592
2005-07-06,51.82356262207031,-0.014636624641633067
2005-07-07,51.065040588378906,0.010489157871791388
2005-07-08,51.600669860839844,-0.004110209017561095
2005-07-11,51.388580322265625,0.0044073998412019755
2005-07-12,51.61507034301758,0.011839846345105265
2005-07-13,52.2261848449707,-0.01913557743710892
2005-07-14,51.226806640625,0.009473817466936651
2005-07-15,51.712120056152344,-0.0037540511515841146
2005-07-18,51.51799011230469,0.006908336771532575
2005-07-19,51.87389373779297,0.004642815383834709
2005-07-20,52.1147346496582,-0.02076277498222201
2005-07-21,51.03268814086914,0.0159199719717118
2005-07-22,51.84512710571289,0.030647590455635365
2005-07-25,53.43405532836914,0.011369690785959952
2005-07-26,54.04158401489258,0.03126484778328753
2005-07-27,55.73118591308594,0.0
2005-07-28,55.73118591308594,0.032380635302988514
2005-07-29,57.535797119140625,-0.012870935797548722
2005-08-01,56.795257568359375,0.017216266260161595
2005-08-02,57.7730598449707,0.008711337793063878
2005-08-03,58.27634048461914,-0.00259092336984601
2005-08-04,58.12535095214844,-0.003339587320830062
2005-08-05,57.931236267089844,-0.03332313556287414
2005-08-08,56.00078582763672,-0.002375024437561435
2005-08-09,55.86778259277344,0.03886468410157895
2005-08-10,58.039066314697266,0.01257378360367567
2005-08-11,58.768836975097656,-0.007768388444477581
2005-08-12,58.31229782104492,-0.004931958648505597
2005-08-16,58.02470397949219,0.012266853586142767
2005-08-17,58.73648452758789,-0.007834041255101454
2005-08-18,58.27634048461914,-0.006354016841100041
2005-08-19,57.90605163574219,-0.019182693967294773
2005-08-22,56.795257568359375,-0.014811194330993982
2005-08-23,55.95405197143555,-0.004818373905842388
2005-08-24,55.684444427490234,0.009231680039305745
2005-08-25,56.19850540161133,-6.387412087383026e-05
2005-08-26,56.194915771484375,-0.01381792065254872
2005-08-29,55.418418884277344,0.022119817952111376
2005-08-30,56.644264221191406,0.010725603971835307
2005-08-31,57.251808166503906,0.004143863048897689
2005-09-01,57.489051818847656,0.008129108630754
2005-09-02,57.95638656616211,0.013584025558222246
2005-09-05,58.74366760253906,0.02215314981849814
2005-09-06,60.04502487182617,0.003951159443225327
2005-09-08,60.28227233886719,0.02295908100395394
2005-09-09,61.666297912597656,0.013291495133138875
2005-09-12,62.48593521118164,0.015360939684119668
2005-09-13,63.445777893066406,0.018187666735009156
2005-09-14,64.5997085571289,0.004841262408303626
2005-09-15,64.9124526977539,-0.0017719366188285735
2005-09-16,64.79743194580078,0.011816610815637008
2005-09-19,65.56311798095703,0.0011515695196677722
2005-09-20,65.63861846923828,0.006571948134368011
2005-09-21,66.06999206542969,-0.02970764415307936
2005-09-22,64.10720825195312,-0.0019067176346537762
2005-09-23,63.9849739074707,0.027810725357960697
2005-09-26,65.76444244384766,0.015360311985890274
2005-09-27,66.77460479736328,0.008721612114601873
2005-09-28,67.35698699951172,0.004376111088772117
2005-09-29,67.65174865722656,-0.0029226648622741047
2005-09-30,67.45402526855469,0.007620908790460845
2005-10-03,67.96808624267578,0.013910202292968687
2005-10-04,68.91353607177734,-0.012102116381321748
2005-10-05,68.07953643798828,-0.022705559959122823
2005-10-06,66.53375244140625,-0.009347401909385433
2005-10-07,65.91183471679688,-0.014508063018827233
2005-10-10,64.95558166503906,0.03813183165610701
2005-10-11,67.43245697021484,-0.015566429941165416
2005-10-13,66.38277435302734,-0.013863701586601773
2005-10-14,65.46246337890625,0.014991673946912698
2005-10-17,66.44385528564453,-0.012876784275081321
2005-10-18,65.58827209472656,-0.02526688462409088
2005-10-19,63.931060791015625,-0.023392006178835856
2005-10-20,62.435585021972656,0.02101567814582328
2005-10-21,63.747711181640625,-0.025206988417265652
2005-10-24,62.14082336425781,0.023892125670448516
2005-10-25,63.6254997253418,-0.0002260321530438425
2005-10-26,63.61111831665039,-0.060808239841110834
2005-10-27,59.743038177490234,-0.024610314393862742
2005-10-28,58.272743225097656,0.035287005305760344
2005-10-31,60.32901382446289,-0.010726031652830481
2005-11-02,59.681922912597656,0.0
2005-11-04,59.681922912597656,0.005782646729123986
2005-11-07,60.027042388916016,-0.0021559217243763973
2005-11-08,59.89762878417969,0.016444862004391325
2005-11-09,60.88263702392578,0.0031880916425031103
2005-11-10,61.07673645019531,0.02525042314922965
2005-11-11,62.61894989013672,0.01285901064027195
2005-11-14,63.42416763305664,0.015870852533626856
2005-11-16,64.4307632446289,0.017574752793612536
2005-11-17,65.56311798095703,-0.001864202072057064
2005-11-18,65.4408950805664,-0.019226417489821346
2005-11-21,64.18270111083984,-0.019659604008532505
2005-11-22,62.920894622802734,0.02485295709102542
2005-11-23,64.48466491699219,0.0049056250173034055
2005-11-24,64.8010025024414,0.00649077181316704
2005-11-25,65.22161102294922,0.02915755761062444
2005-11-28,67.1233139038086,-0.01879861836576935
2005-11-29,65.86148834228516,-0.021177636347439854
2005-11-30,64.4666976928711,0.0186251025026809
2005-12-01,65.66739654541016,-0.0032301025762629942
2005-12-02,65.45528411865234,-0.01966173447770836
2005-12-05,64.16831970214844,-0.014005602407418216
2005-12-06,63.26960372924805,0.007386221434584783
2005-12-07,63.7369270324707,0.0001691978209810152
2005-12-08,63.747711181640625,0.013308535414826572
2005-12-09,64.59609985351562,0.012132060273493783
2005-12-12,65.3797836303711,0.018859650299978048
2005-12-13,66.61282348632812,0.00345386983230922
2005-12-14,66.8428955078125,-0.03463462672829576
2005-12-15,64.52781677246094,0.02752054614739774
2005-12-16,66.30365753173828,0.02190435982612393
2005-12-19,67.75599670410156,-0.010823435515758817
2005-12-20,67.02264404296875,-0.026228281785157792
2005-12-21,65.26475524902344,0.0038554509256192304
2005-12-22,65.5163803100586,-0.02030145924889859
2005-12-23,64.1863021850586,-0.02682750215826002
2005-12-26,62.4643440246582,0.02555235826982094
2005-12-27,64.06045532226562,0.007968885249290958
2005-12-28,64.5709457397461,-0.006680732652184274
2005-12-29,64.13956451416016,0.017991171776615467
2005-12-30,65.29351043701172,-0.003578693575282843
2006-01-02,65.05984497070312,0.007901472924614517
2006-01-03,65.57391357421875,0.006414265941772079
2006-01-04,65.99452209472656,0.025492963380259637
2006-01-05,67.67691802978516,-0.001222021320213651
2006-01-06,67.5942153930664,-0.01404019025907055
2006-01-09,66.64517974853516,-0.01709932221120314
2006-01-10,65.5055923461914,0.023982322746151974
2006-01-12,67.07656860351562,-0.009807822235567865
2006-01-13,66.41869354248047,-0.006927585145752202
2006-01-16,65.95857238769531,-0.010409907230754412
2006-01-17,65.2719497680664,-0.016357414826438488
2006-01-18,64.20426940917969,0.016573579191057508
2006-01-19,65.26836395263672,-0.001046774024808128
2006-01-20,65.20004272460938,-0.004741688997062954
2006-01-23,64.89088439941406,-0.0006649910209751697
2006-01-24,64.84773254394531,-0.018570842669913157
2006-01-25,63.643455505371094,0.032252940735745916
2006-01-27,65.6961441040039,-0.032831838623608944
2006-01-30,63.53921890258789,0.0029418677777495184
2006-01-31,63.72614288330078,-0.01929229461134363
2006-02-01,62.49671936035156,-0.004889233687803474
2006-02-02,62.191158294677734,-0.00901758255009999
2006-02-03,61.63034439086914,0.009624397090249648
2006-02-06,62.2234992980957,0.011381344849777042
2006-02-07,62.93168640136719,0.00411300996947106
2006-02-08,63.19052505493164,0.0011373969613190926
2006-02-10,63.26239776611328,0.0048306009373693115
2006-02-13,63.5679931640625,-0.017135474576043364
2006-02-14,62.47872543334961,-0.0018410197367597636
2006-02-15,62.36370086669922,0.0009224829293863479
2006-02-16,62.42123031616211,-0.012036532125968558
2006-02-17,61.66989517211914,0.00798588776111031
2006-02-20,62.162384033203125,0.004452886859043659
2006-02-21,62.439186096191406,-0.0014393277443176533
2006-02-22,62.34931564331055,-0.017527609748087092
2006-02-23,61.2564811706543,0.028110378995067853
2006-02-24,62.978424072265625,0.01746663843227414
2006-02-27,64.07844543457031,-0.015427752953068752
2006-02-28,63.08985900878906,0.004216492444234277
2006-03-01,63.35587692260742,0.015263454923281738
2006-03-02,64.32290649414062,0.0005030286094112046
2006-03-03,64.35526275634766,0.0015636905135198997
2006-03-06,64.45589447021484,0.008533250761123767
2006-03-07,65.00591278076172,-0.01714303989634358
2006-03-08,63.89151382446289,0.019411626293668993
2006-03-09,65.13175201416016,0.015950663404455057
2006-03-10,66.17064666748047,0.008420961363495572
2006-03-13,66.72786712646484,0.027798729841856273
2006-03-14,68.58281707763672,0.009120523129364955
2006-03-16,69.20832824707031,-0.0008833378861667907
2006-03-17,69.1471939086914,0.009046192093552285
2006-03-20,69.77271270751953,-0.002318471591096105
2006-03-21,69.61094665527344,-0.0202436506786573
2006-03-22,68.20176696777344,0.027672170949494923
2006-03-23,70.08905792236328,0.007283453831637088
2006-03-24,70.59954833984375,0.005957125554269416
2006-03-27,71.0201187133789,-0.005263865208955609
2006-03-28,70.64627838134766,0.0014246606468490963
2006-03-29,70.7469253540039,-0.018648344683741658
2006-03-30,69.4276123046875,0.002951313492196128
2006-03-31,69.63251495361328,0.015333071907541518
2006-04-03,70.7001953125,0.013626794791220531
2006-04-04,71.66361236572266,0.010333337485320282
2006-04-05,72.40413665771484,-0.027207880166340792
2006-04-07,70.43417358398438,-0.01566874076847058
2006-04-10,69.33055877685547,-0.02742939455580562
2006-04-12,67.42886352539062,-0.02079183655735284
2006-04-13,66.02689361572266,0.014482087874007288
2006-04-17,66.98310089111328,0.012397363026075636
2006-04-18,67.81351470947266,-0.00546011775052424
2006-04-19,67.44324493408203,-0.0005863174569094021
2006-04-20,67.40370178222656,-0.016960208667195387
2006-04-21,66.2605209350586,-0.007106818398233572
2006-04-24,65.78961944580078,-0.015463790201685534
2006-04-25,64.77226257324219,0.009768157901866026
2006-04-26,65.40496826171875,-0.020171683331855816
2006-04-27,64.08563995361328,-0.00953608244354387
2006-04-28,63.47451400756836,0.062071774792251455
2006-05-02,67.41448974609375,0.0256494003272012
2006-05-03,69.14363098144531,-0.0028599348059770158
2006-05-04,68.94588470458984,-0.005318210111349364
2006-05-05,68.57921600341797,0.0031975293740054145
2006-05-08,68.79850006103516,0.020012626479655182
2006-05-09,70.17533874511719,0.02674020566595736
2006-05-10,72.05184173583984,-0.02564469912523104
2006-05-11,70.20409393310547,-0.01822916864771218
2006-05-12,68.92433166503906,-0.03624885848539694
2006-05-15,66.4259033203125,5.386732970569241e-05
2006-05-16,66.42948150634766,0.07116203028696888
2006-05-17,71.15673828125,-0.08421732290758877
2006-05-18,65.16410827636719,-0.04109889839706182
2006-05-19,62.48593521118164,-0.01070101651903721
2006-05-22,61.8172721862793,0.014828855268183228
2006-05-23,62.733951568603516,-0.005386271080377925
2006-05-24,62.39604949951172,0.003053357176700855
2006-05-25,62.58656692504883,0.004537843183876289
2006-05-26,62.870574951171875,0.008462276647786204
2006-05-29,63.40260314941406,-0.02449368290409526
2006-05-30,61.849639892578125,-0.03208361026284745
2006-05-31,59.86528015136719,-0.016693786478887418
2006-06-01,58.865901947021484,0.024427361895850597
2006-06-02,60.30384063720703,-0.029567714155041447
2006-06-05,58.52079391479492,0.03212717657891084
2006-06-06,60.400901794433594,-0.039816760847441346
2006-06-07,57.995933532714844,-0.04741843309400351
2006-06-08,55.24585723876953,0.004164580797203721
2006-06-09,55.47593307495117,-0.032659310527500374
2006-06-12,53.664127349853516,0.005560101420776675
2006-06-13,53.96250534057617,-0.01239096965371067
2006-06-14,53.29385757446289,0.04168627620804011
2006-06-15,55.515480041503906,-0.00686385328161454
2006-06-16,55.134429931640625,0.0005977931469658415
2006-06-19,55.167388916015625,-0.0219701558588834
2006-06-20,53.955352783203125,0.00427564282761006
2006-06-21,54.1860466003418,0.04534386066658791
2006-06-22,56.64305114746094,-0.013963370103489692
2006-06-23,55.85212326049805,-0.0445814268255843
2006-06-26,53.36215591430664,0.001921283013294639
2006-06-27,53.46467971801758,-0.021162795758536412
2006-06-28,52.33321762084961,-0.008256383794576161
2006-06-29,51.9011344909668,0.026880091985848953
2006-06-30,53.296241760253906,0.020405345533590635
2006-07-03,54.38376998901367,0.01770828342877251
2006-07-04,55.3468132019043,-0.0009924987085455639
2006-07-05,55.2918815612793,-0.008874371439797413
2006-07-06,54.80120086669922,-0.035480222968345854
2006-07-07,52.856842041015625,0.010737650352508954
2006-07-10,53.424400329589844,-0.0013019027787873894
2006-07-11,53.3548469543457,0.010362951021949174
2006-07-12,53.90776062011719,-0.006588781620986084
2006-07-13,53.552574157714844,0.00841016616749135
2006-07-14,54.002960205078125,-0.039462857904947524
2006-07-17,51.871849060058594,-0.010024125794773853
2006-07-18,51.35187911987305,-0.015259567835501087
2006-07-19,50.56827163696289,0.051412063319349555
2006-07-20,53.1680908203125,-0.014049811389199474
2006-07-21,52.42108917236328,0.034716589600515935
2006-07-24,54.240970611572266,0.010396270609387637
2006-07-25,54.804874420166016,0.007883818553775068
2006-07-26,55.23694610595703,0.012462954161571727
2006-07-27,55.92536163330078,0.042886128424832526
2006-07-28,58.32378387451172,0.017390542231361605
2006-07-31,59.33806610107422,0.001851287788366518
2006-08-01,59.44791793823242,0.017985981058033174
2006-08-02,60.517147064208984,0.00514283506260349
2006-08-03,60.82837677001953,-0.027449871734201547
2006-08-04,59.15864562988281,0.0034043534971825995
2006-08-07,59.360042572021484,0.02609351309781416
2006-08-08,60.90895462036133,0.040098598871654456
2006-08-09,63.351318359375,-0.002543239160343269
2006-08-10,63.19020080566406,-0.003882478962183522
2006-08-11,62.94486618041992,0.013903114786178561
2006-08-14,63.81999588012695,0.0195652380518887
2006-08-16,65.06864929199219,-0.007709401152206752
2006-08-17,64.56700897216797,-0.0028924980683396884
2006-08-18,64.3802490234375,0.004834775304653149
2006-08-21,64.69151306152344,-0.005547309277263546
2006-08-22,64.33264923095703,-0.017416907005032733
2006-08-23,63.21217346191406,0.01332328185207965
2006-08-24,64.05436706542969,0.0348138709492225
2006-08-25,66.28434753417969,0.015246738555680484
2006-08-28,67.29496765136719,0.0034281557728224055
2006-08-29,67.52566528320312,0.00943561227307499
2006-08-30,68.16281127929688,0.0005371472166171287
2006-08-31,68.19942474365234,0.0
2006-09-01,68.19942474365234,0.0045098827781746564
2006-09-04,68.50699615478516,0.010369459968645911
2006-09-05,69.21737670898438,0.00343864839304886
2006-09-06,69.45539093017578,-0.009806059257285282
2006-09-07,68.77430725097656,0.005484122823229409
2006-09-08,69.15147399902344,-0.027482115160690546
2006-09-11,67.25104522705078,0.015299959873979141
2006-09-12,68.27998352050781,0.04000628408394835
2006-09-13,71.01161193847656,0.006652173903700875
2006-09-14,71.48399353027344,0.0032781723775421323
2006-09-15,71.71833038330078,0.01143659247904183
2006-09-18,72.53854370117188,-0.013073935723321939
2006-09-19,71.59017944335938,-0.003017754203456513
2006-09-20,71.37413787841797,0.010363167841972887
2006-09-21,72.11380004882812,-0.009089091313041586
2006-09-22,71.4583511352539,-0.0051754240705584875
2006-09-25,71.0885238647461,0.02889646227642717
2006-09-26,73.14273071289062,0.002152819182381416
2006-09-27,73.3001937866211,0.028374403063906817
2006-09-28,75.38004302978516,-0.0006313629068522841
2006-09-29,75.33245086669922,0.004568980577730919
2006-10-03,75.67664337158203,-0.017467531544479553
2006-10-04,74.3547592163086,0.024032131906302157
2006-10-05,76.14166259765625,-0.006299674149602641
2006-10-06,75.66199493408203,0.0014036263776486813
2006-10-09,75.76819610595703,-0.008312582839606009
2006-10-10,75.13836669921875,-0.021491112993850092
2006-10-11,73.5235595703125,0.02480201060924281
2006-10-12,75.34709167480469,-0.0071925640352153986
2006-10-13,74.8051528930664,0.005237810102560303
2006-10-16,75.19696807861328,0.007304120840683659
2006-10-17,75.7462158203125,0.009813352016798893
2006-10-18,76.48954010009766,-0.006845649807588283
2006-10-19,75.9659194946289,0.0032295856033013326
2006-10-20,76.21125793457031,-0.01489454270538415
2006-10-23,75.07612609863281,0.040286765406776004
2006-10-26,78.10070037841797,0.026020886379210628
2006-10-27,80.13294982910156,0.0033357497429826743
2006-10-30,80.40025329589844,-0.002003943359705218
2006-10-31,80.2391357421875,0.016565586876387206
2006-11-01,81.56834411621094,0.010414704406169983
2006-11-02,82.41785430908203,-0.0011993327947629195
2006-11-03,82.31900787353516,-0.013077822152332663
2006-11-06,81.2424545288086,-0.0050479823143131375
2006-11-07,80.83234405517578,0.02246873176296771
2006-11-08,82.64854431152344,0.0017721923287463692
2006-11-09,82.79501342773438,0.002963110945818137
2006-11-10,83.04034423828125,0.002381235883289756
2006-11-13,83.23808288574219,-0.008226443885170798
2006-11-14,82.55332946777344,0.04542037608486904
2006-11-15,86.30293273925781,0.03691290356401722
2006-11-16,89.4886245727539,0.003641772553246936
2006-11-17,89.81452178955078,-0.013291093595411363
2006-11-20,88.62078857421875,0.018841647479997725
2006-11-21,90.2905502319336,0.01240958369142997
2006-11-22,91.41101837158203,0.004606547217881118
2006-11-23,91.83210754394531,0.002950828879008993
2006-11-24,92.10308837890625,0.014272702030527107
2006-11-27,93.41764831542969,0.01367976219080047
2006-11-28,94.6955795288086,0.005916319762770295
2006-11-29,95.25582885742188,0.012570150092444221
2006-11-30,96.45320892333984,0.034622851906474406
2006-12-01,99.79269409179688,-0.008769705997571209
2006-12-04,98.91754150390625,-0.009254457275254313
2006-12-05,98.00211334228516,3.728980790151937e-05
2006-12-06,98.00576782226562,0.007136177923201759
2006-12-07,98.70515441894531,0.005601785571566431
2006-12-08,99.2580795288086,-0.08038521270826837
2006-12-11,91.2791976928711,-0.051789066115620286
2006-12-12,86.55193328857422,0.036848932106957166
2006-12-13,89.74127960205078,-0.001387281978962207
2006-12-14,89.61678314208984,0.033300667591727784
2006-12-15,92.60108184814453,0.003835662125252659
2006-12-18,92.95626831054688,-0.03107995066301905
2006-12-19,90.06719207763672,-0.010773901557835863
2006-12-20,89.09681701660156,-0.0040687276301328845
2006-12-21,88.73430633544922,0.002806222181639617
2006-12-22,88.98331451416016,0.026336292521594196
2006-12-26,91.3268051147461,0.003167399683903227
2006-12-27,91.61607360839844,-0.012350205716012086
2006-12-28,90.4845962524414,0.008134150455518574
2006-12-29,91.22061157226562,0.006382737778414249
2007-01-02,91.80284881591797,0.009014124163960968
2007-01-03,92.63037109375,-0.017274665668636335
2007-01-04,91.03021240234375,0.0008850512826874546
2007-01-05,91.11077880859375,-0.024435541838970676
2007-01-08,88.88443756103516,-0.0319682108409417
2007-01-09,86.04296112060547,-0.03276891293647721
2007-01-10,83.22342681884766,0.009723731399532864
2007-01-11,84.03266906738281,0.06797698997578605
2007-01-12,89.74495697021484,-0.0026113973322057227
2007-01-15,89.5105972290039,-0.010186124106773997
2007-01-16,88.59883117675781,0.010538950639577216
2007-01-17,89.5325698852539,0.005275830954240002
2007-01-18,90.00492858886719,-0.007079012295028497
2007-01-19,89.36778259277344,0.0034828704445954983
2007-01-22,89.67903900146484,-0.04123958231509861
2007-01-23,85.980712890625,-0.0012777665776015912
2007-01-24,85.870849609375,0.0033260881308514456
2007-01-25,86.15646362304688,-0.017255306525454484
2007-01-29,84.66980743408203,-0.013579488118454774
2007-01-31,83.52003479003906,0.054846664032188075
2007-02-01,88.100830078125,-0.018245858516160007
2007-02-02,86.49335479736328,0.013547140975669114
2007-02-05,87.66509246826172,-0.00045942544057719914
2007-02-06,87.62481689453125,-0.0012117375813658349
2007-02-07,87.51863861083984,0.008535169205290183
2007-02-08,88.265625,-0.004646321528146591
2007-02-09,87.85551452636719,-0.013295675928873707
2007-02-12,86.68741607666016,-0.008701588667005877
2007-02-13,85.93309783935547,-0.06059321398122042
2007-02-14,80.72613525390625,0.018416329141391685
2007-02-15,82.21281433105469,0.008462389513983037
2007-02-19,82.90853118896484,-0.02150853773911754
2007-02-20,81.12528991699219,-0.0016701378524391908
2007-02-21,80.98979949951172,-0.02518318740671066
2007-02-22,78.9502182006836,-0.018413026543938282
2007-02-23,77.49650573730469,0.028539258499676423
2007-02-26,79.70819854736328,-0.017686505869865865
2007-02-27,78.2984390258789,-0.02553452379595178
2007-02-28,76.29912567138672,0.01324580061013858
2007-03-01,77.30976867675781,-0.0480748032249807
2007-03-02,73.5931167602539,-0.04214338859943667
2007-03-05,70.49165344238281,0.026492394270587916
2007-03-06,72.35914611816406,-0.023936189842157396
2007-03-07,70.62714385986328,0.03618810399340355
2007-03-08,73.1830062866211,-0.01666137940834067
2007-03-09,71.96367645263672,-0.008599593126813798
2007-03-12,71.34481811523438,0.0063643503133465895
2007-03-13,71.79888153076172,-0.033047375346449526
2007-03-14,69.42611694335938,-0.027321089867711645
2007-03-15,67.5293197631836,-0.00921773006448956
2007-03-16,66.90685272216797,0.014119890097797905
2007-03-19,67.85157012939453,0.027900449331141886
2007-03-20,69.74465942382812,0.03213123519674732
2007-03-21,71.98564147949219,0.047255615135583406
2007-03-22,75.38736724853516,-0.0031087402275012943
2007-03-23,75.15300750732422,-0.012229587364238514
2007-03-26,74.23391723632812,-0.039461199746597786
2007-03-28,71.30455780029297,0.01232491097022903
2007-03-29,72.18338012695312,0.008927918386846478
2007-03-30,72.82782745361328,-0.06430703954423822
2007-04-02,68.14448547363281,-0.004029855458576592
2007-04-03,67.869873046875,0.009873266605514575
2007-04-04,68.53997039794922,0.013409551618709159
2007-04-05,69.45906066894531,0.04264818920802815
2007-04-09,72.4213638305664,0.00232575215595876
2007-04-10,72.58979797363281,-0.009886499434021201
2007-04-11,71.87213897705078,-0.013654054886058753
2007-04-12,70.89079284667969,0.03093986761227474
2007-04-13,73.08414459228516,0.0156320643972907
2007-04-16,74.22660064697266,-0.0033051602580278505
2007-04-17,73.98126983642578,0.02360915730256541
2007-04-18,75.7279052734375,0.018567959404413248
2007-04-19,77.13401794433594,0.019653396451670746
2007-04-20,78.64996337890625,-0.01271029589453987
2007-04-23,77.65029907226562,0.06884851116844737
2007-04-24,82.99640655517578,0.005823778175401806
2007-04-25,83.4797592163086,0.004737220613060256
2007-04-26,83.8752212524414,-0.03811239771749131
2007-04-27,80.67853546142578,0.00022695685748730376
2007-04-30,80.69684600830078,0.01955716204550262
2007-05-03,82.2750473022461,0.004317154513348687
2007-05-04,82.63024139404297,-0.007666581936900285
2007-05-07,81.99674987792969,-0.03393903202221027
2007-05-08,79.21385955810547,0.03813606050592333
2007-05-09,82.2347640991211,0.0003562590021499723
2007-05-10,82.2640609741211,0.026440120880889095
2007-05-11,84.43913269042969,0.045750092657797836
2007-05-14,88.30223083496094,0.017997226530268362
2007-05-15,89.89142608642578,0.046193388036528615
2007-05-16,94.04381561279297,0.03348506321050615
2007-05-17,97.19287872314453,0.00022591570235808156
2007-05-18,97.21483612060547,0.015970625977121733
2007-05-21,98.76741790771484,-0.016794762531301077
2007-05-22,97.108642578125,-0.013046596288688872
2007-05-23,95.84170532226562,-0.01730712956780378
2007-05-24,94.1829605102539,0.009797040020821823
2007-05-25,95.10567474365234,0.00762340410972806
2007-05-28,95.83070373535156,0.01069890727619005
2007-05-29,96.85598754882812,0.0033648394326382114
2007-05-30,97.18189239501953,0.02008278493384852
2007-05-31,99.13357543945312,0.01865336230751735
2007-06-01,100.98274993896484,0.019943621987017046
2007-06-04,102.99671173095703,0.021402023780026314
2007-06-05,105.2010498046875,-0.03271831744230436
2007-06-06,101.75904846191406,-0.02076307854346182
2007-06-07,99.6462173461914,-0.002976457313697334
2007-06-08,99.34962463378906,-0.01242063979031105
2007-06-11,98.11563873291016,-0.005560949884733657
2007-06-12,97.57002258300781,-0.021163374097973087
2007-06-13,95.50511169433594,0.01817240486254801
2007-06-14,97.24066925048828,0.0078016377350833555
2007-06-15,97.99930572509766,-0.004153845495102559
2007-06-18,97.59223175048828,0.04042157636306731
2007-06-19,101.53706359863281,0.03783091408259853
2007-06-20,105.37830352783203,0.01597825681673637
2007-06-21,107.06206512451172,0.005979688073097789
2007-06-22,107.70226287841797,-0.003779694066998851
2007-06-25,107.29518127441406,0.005242617820420792
2007-06-26,107.8576889038086,-0.007307851816808819
2007-06-27,107.0694808959961,0.016901039924223094
2007-06-28,108.87906646728516,0.03718310640805256
2007-06-29,112.92752838134766,0.003244168195720487
2007-07-02,113.29388427734375,0.03338252414736065
2007-07-03,117.07592010498047,-0.011379454721699545
2007-07-04,115.74365997314453,-0.010742380421064124
2007-07-05,114.50029754638672,0.0022298430087908105
2007-07-06,114.755615234375,0.013189264614212881
2007-07-09,116.26915740966797,-0.01285838220098634
2007-07-10,114.77412414550781,-0.006093923598716633
2007-07-11,114.07469940185547,0.011613564179612457
2007-07-12,115.3995132446289,0.0004810373375812027
2007-07-13,115.45502471923828,0.03320614704854408
2007-07-16,119.2888412475586,-0.017775721763147234
2007-07-17,117.16839599609375,-0.0047372306006134846
2007-07-18,116.61334228515625,0.012788699634092682
2007-07-19,118.10467529296875,-0.007206682387377539
2007-07-20,117.25353240966797,0.0006309595732352236
2007-07-23,117.3275146484375,-0.005961366991729666
2007-07-24,116.62808227539062,-0.004061118322910784
2007-07-25,116.1544418334961,-0.011214485508481475
2007-07-26,114.8518295288086,-0.034186051563256936
2007-07-27,110.92549896240234,0.05291072214499426
2007-07-30,116.79464721679688,0.02902314190252908
2007-07-31,120.18439483642578,-0.046679420794094595
2007-08-01,114.57425689697266,0.028907652064324774
2007-08-02,117.8863296508789,0.026965044454628107
2007-08-03,121.06513977050781,0.02821344508688739
2007-08-06,124.48080444335938,0.0001189633602656226
2007-08-07,124.49561309814453,0.014713851773351383
2007-08-08,126.32742309570312,-0.032955513677144777
2007-08-09,122.16423797607422,-0.026445152108274694
2007-08-10,118.93358612060547,0.0037961716643477583
2007-08-13,119.38507843017578,0.0013949349953774615
2007-08-14,119.5516128540039,-0.05841025218526075
2007-08-16,112.56857299804688,-0.001150692923448604
2007-08-17,112.43904113769531,0.020043480591493523
2007-08-20,114.69271087646484,-0.05572246609676057
2007-08-21,108.30175018310547,-0.0030748146907781937
2007-08-22,107.96874237060547,-0.030196416976388418
2007-08-23,104.7084732055664,0.03626095489119385
2007-08-24,108.50530242919922,0.06050278276476728
2007-08-27,115.07017517089844,-0.0026693226404839177
2007-08-28,114.76301574707031,0.014994264808554147
2007-08-29,116.48380279541016,-0.001906369399843344
2007-08-30,116.2617416381836,0.018779670835865625
2007-08-31,118.44509887695312,0.003936724355735555
2007-09-03,118.91138458251953,0.0032988037369290346
2007-09-04,119.30364990234375,-0.010980556318684886
2007-09-05,117.9936294555664,0.024870647300493598
2007-09-06,120.92820739746094,-0.008323437622828944
2007-09-07,119.92166900634766,0.012158064960031245
2007-09-10,121.37968444824219,-0.010548554767164542
2007-09-11,120.09930419921875,0.0010784125888660956
2007-09-12,120.22882080078125,0.0308408750201159
2007-09-13,123.93678283691406,-0.014451411117585744
2007-09-14,122.14572143554688,-0.0028783469012018115
2007-09-17,121.79414367675781,0.02998909658238058
2007-09-18,125.44664001464844,0.04410169668412589
2007-09-19,130.9790496826172,-0.005735542926402548
2007-09-20,130.22781372070312,0.027137619645185795
2007-09-21,133.7618865966797,0.014883953960082463
2007-09-24,135.75279235839844,-0.014665670791232044
2007-09-25,133.7618865966797,0.02318388349640821
2007-09-26,136.86300659179688,0.017034481697548065
2007-09-27,139.19439697265625,0.03464136675142648
2007-09-28,144.0162811279297,-0.026338036570546786
2007-10-01,140.22317504882812,0.006834960051866901
2007-10-03,141.1815948486328,-0.0013366150491376239
2007-10-04,140.99288940429688,-0.025695365098467482
2007-10-05,137.37002563476562,-0.039950650261777576
2007-10-08,131.8820037841797,0.06063760822462605
2007-10-09,139.87901306152344,0.01775139408697024
2007-10-10,142.362060546875,0.011177898013256415
2007-10-11,143.953369140625,-0.04228806308330779
2007-10-12,137.86585998535156,0.048557432798494116
2007-10-15,144.56027221679688,-0.013004462152975571
2007-10-16,142.6803436279297,-0.05137990218699162
2007-10-17,135.3494415283203,-0.08410090751557364
2007-10-18,123.9664306640625,-0.004686701466126708
2007-10-19,123.38543701171875,0.02903228319697737
2007-10-22,126.96759796142578,0.05820424198034635
2007-10-23,134.35765075683594,0.05194620535468397
2007-10-24,141.33702087402344,0.020160832797220474
2007-10-25,144.18649291992188,0.0676280604304651
2007-10-26,153.9375457763672,0.01769340010671616
2007-10-29,156.66122436523438,-0.02898387544499581
2007-10-30,152.12057495117188,0.00625184690633529
2007-10-31,153.0716094970703,0.003457040834849545
2007-11-01,153.6007843017578,0.08367287111425648
2007-11-02,166.4530029296875,-0.004535385818098314
2007-11-05,165.6980743408203,-0.008911070614941896
2007-11-06,164.22152709960938,0.019807623228303095
2007-11-07,167.474365234375,-0.03440422391486575
2007-11-08,161.71253967285156,0.02748369431834874
2007-11-12,166.15699768066406,0.021959792511248466
2007-11-13,169.80577087402344,0.025955504259330908
2007-11-14,174.21316528320312,-0.01937246797254044
2007-11-15,170.83822631835938,0.008339634660568862
2007-11-16,172.26295471191406,-0.0108270350349996
2007-11-19,170.39785766601562,-0.010163788683173247
2007-11-20,168.6659698486328,-0.05360036686381642
2007-11-21,159.6254119873047,0.04288843805941789
2007-11-22,166.47149658203125,-8.872694795059033e-05
2007-11-23,166.45672607421875,-0.0025569012040435046
2007-11-26,166.03111267089844,0.013885928840278172
2007-11-27,168.33660888671875,-0.009694611401556252
2007-11-28,166.70465087890625,0.006881549334398551
2007-11-29,167.85183715820312,0.015212259841470344
2007-11-30,170.40524291992188,0.009707120853591933
2007-12-03,172.05938720703125,-0.004279943285275256
2007-12-04,171.32298278808594,0.03011064567013566
2007-12-05,176.48162841796875,0.0046341400150442524
2007-12-06,177.29946899414062,0.016801930685818034
2007-12-07,180.2784423828125,-0.004043766390559256
2007-12-10,179.5494384765625,0.008986269341457298
2007-12-11,181.1629180908203,-0.0036564577219339034
2007-12-12,180.50050354003906,-0.01738567204549457
2007-12-13,177.3623809814453,0.004339697586492219
2007-12-14,178.132080078125,-0.039222159481051344
2007-12-17,171.14535522460938,-0.005578636295309747
2007-12-18,170.1905975341797,-0.018677986886937337
2007-12-19,167.01177978515625,0.0002882519996740829
2007-12-20,167.05992126464844,0.034356587272395656
2007-12-24,172.79953002929688,0.027968782975807516
2007-12-26,177.6325225830078,-0.009958230699684045
2007-12-27,175.86361694335938,0.0005893071978946285
2007-12-28,175.96725463867188,-0.0026918564470408413
2007-12-31,175.4935760498047,0.005208437036758218
2008-01-01,176.40762329101562,0.01671906963467862
2008-01-02,179.35699462890625,-0.011595546836317472
2008-01-03,177.27725219726562,-0.002692794534569609
2008-01-04,176.7998809814453,0.005902514396392444
2008-01-07,177.84344482421875,0.02565655965930258
2008-01-08,182.4062957763672,-0.004077904471733285
2008-01-09,181.66246032714844,-0.018292827869902384
2008-01-10,178.33934020996094,0.010458221402477319
2008-01-11,180.20445251464844,0.011622896390386384
2008-01-14,182.2989501953125,-0.016097571101511776
2008-01-15,179.3643798828125,-0.003259768074792113
2008-01-16,178.77969360351562,0.0003312420955530193
2008-01-17,178.8389129638672,-0.022347726231224274
2008-01-18,174.84226989746094,-0.07035367657948544
2008-01-21,162.54147338867188,-0.02675145447216276
2008-01-22,158.19325256347656,0.08718561044463335
2008-01-23,171.9854278564453,0.008348418190478935
2008-01-24,173.42123413085938,0.027420311624805738
2008-01-25,178.17649841308594,0.018454265766604694
2008-01-28,181.46461486816406,-0.035727244099520106
2008-01-29,174.98138427734375,-0.00302600897486649
2008-01-30,174.45188903808594,-0.025450457404473492
2008-01-31,170.0120086669922,0.007959229959467518
2008-02-01,171.36517333984375,0.04078557596449972
2008-02-04,178.35440063476562,-0.019879397370129004
2008-02-05,174.80882263183594,-0.020664053774565927
2008-02-06,171.19656372070312,-0.012440440952203202
2008-02-07,169.06680297851562,0.01707424628351606
2008-02-08,171.9534912109375,-0.06436744441281428
2008-02-11,160.88528442382812,0.0005120555459343645
2008-02-12,160.96766662597656,0.03182162930814414
2008-02-13,166.0899200439453,0.042293480978043974
2008-02-14,173.11444091796875,0.040214705248761806
2008-02-15,180.07618713378906,-0.018295343301636957
2008-02-18,176.78163146972656,0.004947537715264794
2008-02-19,177.65626525878906,-0.024108122379675634
2008-02-20,173.37330627441406,-0.014138995878700489
2008-02-21,170.92198181152344,-0.029899720065351687
2008-02-22,165.81146240234375,0.005724319061492844
2008-02-25,166.7606201171875,-0.0006586253013133314
2008-02-26,166.65078735351562,-0.01722756300206585
2008-02-27,163.77980041503906,-0.023372677231311756
2008-02-28,159.9518280029297,0.035579426216942434
2008-02-29,165.642822265625,-0.08971663205462854
2008-03-03,150.7819061279297,-0.024190815231839524
2008-03-04,147.13436889648438,-0.014314814327010206
2008-03-05,145.02816772460938,-0.004921950144804121
2008-03-07,144.31434631347656,0.024813209435401662
2008-03-10,147.89524841308594,0.004800018323515953
2008-03-11,148.6051483154297,-0.04581811229443067
2008-03-12,141.7963409423828,-0.06179301854722463
2008-03-13,133.03431701660156,0.009965089326339882
2008-03-14,134.36001586914062,-0.04469180225174996
2008-03-17,128.355224609375,-0.026736922793075713
2008-03-18,124.92340087890625,0.007848987050169898
2008-03-19,125.90392303466797,0.02439178986381374
2008-03-24,128.97494506835938,0.057657129214521374
2008-03-25,136.41127014160156,-0.014548791595920707
2008-03-26,134.42665100097656,-0.039154871543403136
2008-03-27,129.16319274902344,0.01894826351688428
2008-03-28,131.61061096191406,-0.04622147598795301
2008-03-31,125.52737426757812,0.01434177485078214
2008-04-01,127.3276596069336,0.02032998681593856
2008-04-02,129.91622924804688,-0.010354831170081957
2008-04-03,128.5709686279297,-0.022787726647446105
2008-04-04,125.64112854003906,0.04476502781084868
2008-04-07,131.2654571533203,0.000537743590232509
2008-04-08,131.33604431152344,0.011497531322181231
2008-04-09,132.84608459472656,-0.018747786778641973
2008-04-10,130.3555145263672,0.0031895197213993587
2008-04-11,130.7712860107422,0.005188544014061769
2008-04-15,131.44979858398438,-0.0064149695856869915
2008-04-16,130.60655212402344,0.01096112580380626
2008-04-17,132.03814697265625,0.03430848887793858
2008-04-21,136.56817626953125,-0.004911100752480468
2008-04-22,135.89747619628906,-0.021039442625045535
2008-04-23,133.03826904296875,-0.008431783471020582
2008-04-24,131.91651916503906,0.039692058592427415
2008-04-25,137.15255737304688,-0.006634417801551495
2008-04-28,136.2426300048828,0.033796714159813446
2008-04-29,140.84718322753906,-0.01163981257477198
2008-04-30,139.20774841308594,0.026906477927121086
2008-05-02,142.95333862304688,-0.023320691801007376
2008-05-05,139.61956787109375,-0.012669140080095231
2008-05-06,137.8507080078125,0.006344568585275656
2008-05-07,138.72531127929688,-0.019903751877302533
2008-05-08,135.9641571044922,-0.029539039522489485
2008-05-09,131.94790649414062,-0.011533260293514647
2008-05-12,130.42611694335938,0.003067525573827279
2008-05-13,130.82620239257812,-0.004227517563337502
2008-05-14,130.27313232421875,0.012253940812267716
2008-05-15,131.86949157714844,0.014990050564676949
2008-05-16,133.84622192382812,-0.03135441906320591
2008-05-20,129.64955139160156,0.005566270156471154
2008-05-21,130.3712158203125,-0.033844596119292025
2008-05-22,125.95885467529297,-0.020208872625567142
2008-05-23,123.41336822509766,-0.02246872951638279
2008-05-26,120.64042663574219,-0.04132120864258604
2008-05-27,115.6554183959961,0.028994958634654955
2008-05-28,119.00884246826172,-0.023066946424538326
2008-05-29,116.263671875,-0.01105275757219415
2008-05-30,114.9786376953125,-0.03470606112081365
2008-06-02,110.9881820678711,-0.004839269691587766
2008-06-03,110.45108032226562,-0.04095518394500974
2008-06-04,105.92753601074219,0.017540092885879766
2008-06-05,107.78551483154297,-0.014321760081621449
2008-06-06,106.24183654785156,-0.030407394295144163
2008-06-09,103.01129913330078,-0.012011571411039479
2008-06-10,101.77397155761719,0.024197662949096754
2008-06-11,104.23666381835938,0.022557278648986046
2008-06-12,106.58795928955078,-0.0032472968242028832
2008-06-13,106.24183654785156,-0.006478410206436802
2008-06-16,105.55355834960938,0.045946344071130296
2008-06-17,110.40335845947266,-0.026630959790789555
2008-06-18,107.46321105957031,-0.03705889310491173
2008-06-19,103.48074340820312,-0.03963850436630034
2008-06-20,99.37892150878906,-0.03574998959756315
2008-06-23,95.82612609863281,0.0020343751438083313
2008-06-24,96.02107238769531,-0.010482712328318655
2008-06-25,95.01451110839844,0.02466302899160744
2008-06-26,97.35785675048828,-0.050958361913499894
2008-06-27,92.39665985107422,-0.042714511195343974
2008-06-30,88.44998168945312,-0.07763576874813038
2008-07-01,81.58309936523438,0.051740909694517834
2008-07-02,85.80428314208984,0.020494482791550306
2008-07-03,87.56279754638672,0.022172459061929883
2008-07-04,89.50428009033203,0.04169465043061393
2008-07-07,93.23612976074219,0.030637905721186964
2008-07-08,96.09268951416016,0.024965738554184158
2008-07-09,98.49171447753906,-0.0010097210536174073
2008-07-10,98.39226531982422,-0.012696884287182075
2008-07-11,97.14299011230469,0.03034793963209448
2008-07-14,100.09107971191406,-0.06049787722333588
2008-07-15,94.03578186035156,-0.03888115151583005
2008-07-16,90.37956237792969,0.08425389343276302
2008-07-17,97.99439239501953,0.05529603316516307
2008-07-18,103.41309356689453,0.04070349456540856
2008-07-21,107.62236785888672,0.0375955274952382
2008-07-22,111.66848754882812,0.09968666245986424
2008-07-23,122.80034637451172,-0.041793556248950425
2008-07-24,117.66808319091797,-0.023566375679010654
2008-07-25,114.89507293701172,-0.018352302831290745
2008-07-28,112.78648376464844,-0.06970280352969427
2008-07-29,104.9249496459961,0.052553810616268404
2008-07-30,110.43915557861328,0.021110179343954094
2008-07-31,112.77054595947266,0.06159808149090251
2008-08-01,119.71699523925781,0.003954613522466177
2008-08-04,120.1904296875,0.044952264879138726
2008-08-05,125.59326171875,-0.03795001263534392
2008-08-06,120.82699584960938,0.003095276161524163
2008-08-07,121.20098876953125,-0.003545121583355848
2008-08-08,120.77131652832031,0.05280655940104628
2008-08-11,127.14883422851562,-0.026221176345215924
2008-08-12,123.8148422241211,-0.0017030365848466067
2008-08-13,123.6039810180664,-0.06321613927912317
2008-08-14,115.79021453857422,-0.00010298576351952526
2008-08-18,115.77828979492188,-0.008659470934727298
2008-08-19,114.77571105957031,0.0006933050923956241
2008-08-20,114.85528564453125,-0.06952087880203361
2008-08-21,106.87044525146484,0.0007447320310374206
2008-08-22,106.95003509521484,0.009708766952569725
2008-08-25,107.98838806152344,0.009984206868125955
2008-08-26,109.06656646728516,-0.028963302135563196
2008-08-27,105.90763854980469,-0.016266079103983255
2008-08-28,104.1849365234375,0.0721733766226158
2008-08-29,111.70431518554688,0.008369675714765323
2008-09-01,112.63924407958984,0.07586916177899661
2008-09-02,121.18508911132812,0.0076820835493791595
2008-09-04,122.11604309082031,-0.009676437464614773
2008-09-05,120.93439483642578,0.04730765593558006
2008-09-08,126.655517578125,-0.020920436561863265
2008-09-09,124.00582885742188,0.005261512276718339
2008-09-10,124.65828704833984,-0.017680841504525535
2008-09-11,122.4542236328125,-0.01650484227105753
2008-09-12,120.43313598632812,-0.01549341886040101
2008-09-15,118.56721496582031,0.06083479904113309
2008-09-16,125.78022766113281,-0.03159878652934511
2008-09-17,121.80572509765625,0.02338625220164703
2008-09-18,124.65430450439453,-0.0005423935788239076
2008-09-19,124.5866928100586,0.0007342392543412402
2008-09-22,124.67816925048828,-0.04062143150911557
2008-09-23,119.61356353759766,0.009845331566439963
2008-09-24,120.79119873046875,-0.015183790852447365
2008-09-25,118.9571304321289,-0.040234161874182606
2008-09-26,114.17098999023438,-0.020490196209459355
2008-09-29,111.83160400390625,0.04119697977731196
2008-09-30,116.43872833251953,0.028086097255399567
2008-10-01,119.70903778076172,-0.013825624328295927
2008-10-03,118.05398559570312,-0.03383523856030135
2008-10-06,114.05960083007812,-0.018905660326875795
2008-10-07,111.90322875976562,-0.06260886402343158
2008-10-08,104.8970947265625,0.025942550886343563
2008-10-10,107.61839294433594,0.10587796841545138
2008-10-13,119.01280975341797,0.021829194704077626
2008-10-14,121.61076354980469,-0.01845108642121851
2008-10-15,119.36691284179688,0.026930535368913766
2008-10-16,122.58152770996094,-0.07860842275156932
2008-10-17,112.94558715820312,0.011377935320741495
2008-10-20,114.23067474365234,0.03622154380550979
2008-10-21,118.3682861328125,-0.06406289800788512
2008-10-22,110.78527069091797,-0.04743938146307858
2008-10-23,105.5296859741211,-0.12177173098846894
2008-10-24,92.67915344238281,-0.0961581679802549
2008-10-27,83.76729583740234,0.04445493060870365
2008-10-29,87.49116516113281,0.009231104354321396
2008-10-31,88.2988052368164,0.11777957249064053
2008-11-03,98.69860076904297,0.06477733794978802
2008-11-04,105.09203338623047,-0.03653217950139176
2008-11-05,101.25279235839844,-0.04385066661362025
2008-11-06,96.81278991699219,0.026341733122155153
2008-11-07,99.36300659179688,0.041721758503799444
2008-11-10,103.50860595703125,-0.06030678672197698
2008-11-11,97.2663345336914,-0.035708512103756807
2008-11-12,93.79309844970703,-0.006065489587347095
2008-11-14,93.22419738769531,-0.0031581750576680223
2008-11-17,92.92977905273438,-0.050903280425782516
2008-11-18,88.19934844970703,-0.024719247884925077
2008-11-19,86.01912689208984,0.005596335653838658
2008-11-20,86.50051879882812,0.08872244658485662
2008-11-21,94.17505645751953,-0.03054397003559628
2008-11-24,91.29857635498047,-0.0658444563645727
2008-11-25,85.28707122802734,0.03092779539603141
2008-11-26,87.92481231689453,0.0
2008-11-27,87.92481231689453,-0.014886830912385518
2008-11-28,86.61589050292969,-0.029855936597093402
2008-12-01,84.02989196777344,-0.018039096906600216
2008-12-02,82.51406860351562,0.0580037472894841
2008-12-03,87.3001937866211,0.06539687489157853
2008-12-04,93.00935363769531,-0.029728924522689937
2008-12-05,90.2442855834961,0.03050750564378446
2008-12-08,92.9974136352539,0.017411664946723526
2008-12-10,94.61665344238281,0.008199510482281624
2008-12-11,95.39246368408203,0.015014299046786306
2008-12-12,96.82471466064453,-0.009984706495756224
2008-12-15,95.85794830322266,0.02826430424696391
2008-12-16,98.56730651855469,-0.02990909649617235
2008-12-17,95.61924743652344,0.07843050581799771
2008-12-18,103.11871337890625,-0.00655912676968351
2008-12-19,102.44234466552734,-0.011262483221711417
2008-12-22,101.28858947753906,-0.006873781739182738
2008-12-23,100.59235382080078,0.017046546105485838
2008-12-24,102.3071060180664,-0.03317139210074693
2008-12-26,98.91343688964844,0.02308746880587731
2008-12-29,101.19709777832031,0.015647190998021365
2008-12-30,102.78054809570312,-0.002245233175560024
2008-12-31,102.5497817993164,0.03340305570734614
2009-01-02,105.97525787353516,0.021736828248654527
2009-01-05,108.27882385253906,-0.027888036925881488
2009-01-06,105.25914001464844,-0.0625921337009041
2009-01-07,98.67074584960938,-0.01528156095907418
2009-01-09,97.16290283203125,-0.0509377216274467
2009-01-12,92.2136459350586,0.013806250494865058
2009-01-13,93.48677062988281,0.018724938788907464
2009-01-14,95.2373046875,-0.04148212152517872
2009-01-15,91.28665924072266,0.014730727844464608
2009-01-16,92.63137817382812,-0.015247113590053152
2009-01-19,91.2190170288086,-0.029221849409585388
2009-01-20,88.55342864990234,-0.02848423886705076
2009-01-21,86.03105163574219,0.0084166189114796
2009-01-22,86.75514221191406,-0.04475827905132013
2009-01-23,82.87213134765625,0.044311123991642276
2009-01-27,86.5442886352539,0.02280144995390776
2009-01-28,88.51762390136719,-0.011865612864890407
2009-01-29,87.4673080444336,0.04707752573920487
2009-01-30,91.58505249023438,-0.04795823740886129
2009-02-02,87.19279479980469,-0.0031942854612848626
2009-02-03,86.91427612304688,0.004119898581709913
2009-02-04,87.27235412597656,-0.0018690507058245487
2009-02-05,87.10923767089844,0.021785698583115076
2009-02-06,89.00697326660156,0.02588056458582244
2009-02-09,91.3105239868164,0.014421987904166045
2009-02-10,92.62740325927734,-0.004466899747373687
2009-02-11,92.2136459350586,0.00025888115849026505
2009-02-12,92.23751831054688,0.0316596960269504
2009-02-13,95.15773010253906,-0.04937705421697658
2009-02-16,90.45912170410156,-0.03346954934518642
2009-02-17,87.4314956665039,-0.025391583341484947
2009-02-18,85.21147155761719,-0.011392053497418453
2009-02-19,84.24073791503906,-0.013837937647091403
2009-02-20,83.07501983642578,-0.015564328477063016
2009-02-24,81.78201293945312,0.008562193987461164
2009-02-25,82.48224639892578,-0.013071642114923732
2009-02-26,81.40406799316406,0.0021992926948730673
2009-02-27,81.58309936523438,-0.03004004391551318
2009-03-02,79.13233947753906,-0.02026131036593204
2009-03-03,77.52901458740234,-0.01785810759679085
2009-03-04,76.14449310302734,-0.02361656248425037
2009-03-05,74.34622192382812,0.007224228781406383
2009-03-06,74.88331604003906,-0.04866651465608218
2009-03-09,71.23900604248047,0.017815270332689703
2009-03-12,72.50814819335938,0.04587097271109153
2009-03-13,75.83416748046875,0.03567499177040512
2009-03-16,78.53955078125,-0.037485564877618116
2009-03-17,75.59545135498047,0.010788875390866037
2009-03-18,76.41104125976562,0.008747174836061689
2009-03-19,77.07942199707031,-0.014452109749287234
2009-03-20,75.96546173095703,0.07211699974239094
2009-03-23,81.44386291503906,0.008499757845660039
2009-03-24,82.13611602783203,0.017147071568200722
2009-03-25,83.54450988769531,0.04338292141636435
2009-03-26,87.16891479492188,0.026289223558309205
2009-03-27,89.46051788330078,-0.09067848769662779
2009-03-30,81.34837341308594,0.04377165417396722
2009-03-31,84.90912628173828,0.009699251761738026
2009-04-01,85.73268127441406,0.06459687212616294
2009-04-02,91.27074432373047,-0.019441130301422582
2009-04-06,89.496337890625,-0.0008890526410549882
2009-04-08,89.4167709350586,0.01472734509751894
2009-04-09,90.733642578125,0.06805234161632745
2009-04-13,96.90827941894531,0.06314150522572803
2009-04-15,103.02721405029297,-0.0262202640509841
2009-04-16,100.32581329345703,0.03485736208740664
2009-04-17,103.82290649414062,-0.007779016239823466
2009-04-20,103.01526641845703,-0.03155294344708803
2009-04-21,99.76483154296875,-0.017905572614308474
2009-04-22,97.97848510742188,0.02809939016850338
2009-04-23,100.73162078857422,0.03570412846381843
2009-04-24,104.32815551757812,-0.025130278986434607
2009-04-27,101.70635986328125,-0.033328392415310715
2009-04-28,98.316650390625,0.03480106405433259
2009-04-29,101.73817443847656,0.0
2009-04-30,101.73817443847656,0.06855157237788667
2009-05-04,108.71248626708984,-0.015407080401845352
2009-05-05,107.03754425048828,-0.016912212550228567
2009-05-06,105.22730255126953,0.035577903204768724
2009-05-07,108.9710693359375,-0.03282203752474255
2009-05-08,105.39441680908203,-0.050092668755185366
2009-05-11,100.11492919921875,0.029367645705040024
2009-05-12,103.05506896972656,-0.026058893807753503
2009-05-13,100.36956787109375,0.004716988303115732
2009-05-14,100.84300994873047,0.03641459422387938
2009-05-15,104.51516723632812,0.20026641337346085
2009-05-18,125.446044921875,0.11252413263608174
2009-05-19,139.56175231933594,0.015508096754552225
2009-05-20,141.72608947753906,-0.038711215277168476
2009-05-21,136.2397003173828,0.011564292518260189
2009-05-22,137.81521606445312,-0.005571611068287408
2009-05-25,137.04736328125,-0.019101966523320746
2009-05-26,134.4294891357422,0.061232778178270886
2009-05-27,142.66098022460938,0.020441780942795473
2009-05-28,145.5772247314453,0.0214806296786485
2009-05-29,148.70431518554688,0.00422729046042436
2009-06-01,149.3329315185547,0.01606519798383177
2009-06-02,151.73199462890625,-0.01434285192501783
2009-06-03,149.55572509765625,0.0017825215553390894
2009-06-04,149.8223114013672,-0.0346540880182874
2009-06-05,144.63035583496094,-0.06695461674031589
2009-06-08,134.94668579101562,0.03988911636607795
2009-06-09,140.32958984375,0.012769772438629756
2009-06-10,142.12156677246094,-0.03600420395833015
2009-06-11,137.0045928955078,-0.03477974008136786
2009-06-12,132.23960876464844,0.004465609063913689
2009-06-15,132.83013916015625,0.044125918019160215
2009-06-16,138.69139099121094,-0.030332328889893234
2009-06-17,134.48455810546875,0.024633803743768112
2009-06-18,137.79742431640625,0.012505243230529928
2009-06-19,139.52061462402344,-0.016931581715475374
2009-06-22,137.15830993652344,0.007402539625113835
2009-06-23,138.1736297607422,0.005152314980309436
2009-06-24,138.8855438232422,-0.0074266070885715685
2009-06-25,137.85409545898438,0.02655492790560876
2009-06-26,141.51480102539062,0.009089405426643937
2009-06-29,142.80108642578125,-0.011245471016428477
2009-06-30,141.19522094726562,0.01962430984603447
2009-07-01,143.96607971191406,-0.011294906253454529
2009-07-02,142.33999633789062,0.028531599329959745
2009-07-03,146.40118408203125,-0.08628733735033689
2009-07-06,133.76861572265625,-0.010372137165123307
2009-07-07,132.3811492919922,-0.03400843110511376
2009-07-08,127.87907409667969,0.014771469103413093
2009-07-09,129.76803588867188,-0.037654398071227835
2009-07-10,124.88169860839844,0.0018786700841262327
2009-07-13,125.1163101196289,0.02330979261545263
2009-07-14,128.03274536132812,0.03437390727936962
2009-07-15,132.43373107910156,-0.020036692419108437
2009-07-16,129.7801971435547,0.04347960530376738
2009-07-17,135.42298889160156,0.029272183544015062
2009-07-20,139.38711547851562,-0.006616511623477206
2009-07-21,138.46485900878906,-0.010312269648142247
2009-07-22,137.03697204589844,0.019629200115133694
2009-07-23,139.72689819335938,-0.01653004834914651
2009-07-24,137.41720581054688,0.0074767587994102325
2009-07-27,138.44464111328125,-0.017267511860323936
2009-07-28,136.05404663085938,-0.014865465334924055
2009-07-29,134.0315399169922,0.03986684260995488
2009-07-30,139.3749542236328,0.0515731365084835
2009-07-31,146.56295776367188,0.019540350749337687
2009-08-03,149.42684936523438,0.005630543464519633
2009-08-04,150.26820373535156,-0.007483465893553531
2009-08-05,149.1436767578125,-0.025440032411594538
2009-08-06,145.34945678710938,-0.02969412391127846
2009-08-07,141.03343200683594,-0.01855667247697579
2009-08-10,138.41632080078125,0.010695877481961658
2009-08-11,139.8968048095703,-0.015324580616401517
2009-08-12,137.75294494628906,0.055703967876034266
2009-08-13,145.42633056640625,0.0017523445385734249
2009-08-14,145.68116760253906,-0.04847988884048693
2009-08-17,138.61856079101562,0.01225592233633832
2009-08-18,140.3174591064453,-0.024993461721027233
2009-08-19,136.81044006347656,0.03669202205797473
2009-08-20,141.83029174804688,0.012948480848284927
2009-08-21,143.66677856445312,0.008080425297169125
2009-08-24,144.82766723632812,-0.023796424267544247
2009-08-25,141.38128662109375,-0.004520178156451116
2009-08-26,140.74221801757812,0.008104572555732048
2009-08-27,141.88287353515625,0.015936981229961678
2009-08-28,144.14405822753906,-0.02180471861643707
2009-08-31,141.00103759765625,-0.005565088320684142
2009-09-01,140.2163543701172,0.000692333048107896
2009-09-02,140.3134307861328,0.007264685069926502
2009-09-03,141.332763671875,0.008843835453161919
2009-09-04,142.5826873779297,0.028880283047449495
2009-09-07,146.7005157470703,0.04450318878446535
2009-09-08,153.22915649414062,0.0003697461050189421
2009-09-09,153.2858123779297,-0.006966933940847908
2009-09-10,152.21788024902344,0.020701098092765102
2009-09-11,155.36895751953125,0.018719223433697474
2009-09-14,158.27734375,0.026374297397517177
2009-09-15,162.45179748535156,0.039167173330505456
2009-09-16,168.8145751953125,0.007236181322396229
2009-09-17,170.03614807128906,0.021886143558808246
2009-09-18,173.75758361816406,0.010685252626658537
2009-09-22,175.61422729492188,-0.013405272057981477
2009-09-23,173.26007080078125,0.011976550475870429
2009-09-24,175.3351287841797,-0.01328832558812676
2009-09-25,173.00521850585938,-0.02174426511743177
2009-09-29,169.24334716796875,0.04921150657997475
2009-09-30,177.5720672607422,0.00719819429882862
2009-10-01,178.8502655029297,-0.03510122018088524
2009-10-05,172.57240295410156,0.011954157955490485
2009-10-06,174.63536071777344,-0.026382137096312652
2009-10-07,170.02810668945312,0.006780243888474091
2009-10-08,171.18093872070312,-0.022873885079610412
2009-10-09,167.26536560058594,0.05085722798313386
2009-10-12,175.7720184326172,0.0
2009-10-13,175.7720184326172,0.0459105708242491
2009-10-14,183.84181213378906,0.024753124041095642
2009-10-15,188.39247131347656,0.050521650325043854
2009-10-16,197.91036987304688,0.010014838568311868
2009-10-20,199.8924102783203,-0.03429983887969523
2009-10-21,193.0361328125,-0.025711384941493054
2009-10-22,188.07290649414062,0.012818499075010648
2009-10-23,190.4837188720703,-0.020831909792261682
2009-10-26,186.5155792236328,-0.0445673226579818
2009-10-27,178.2030792236328,0.004630560017851337
2009-10-28,179.02825927734375,-0.007546709241343708
2009-10-29,177.67718505859375,-0.002367605922647509
2009-10-30,177.2565155029297,-0.040186084099910424
2009-11-03,170.13327026367188,0.032477375936940556
2009-11-04,175.65875244140625,-0.014760720404809913
2009-11-05,173.06590270996094,0.03073484001609228
2009-11-06,178.3850555419922,0.05133815137456521
2009-11-09,187.5430145263672,0.02187038959730847
2009-11-10,191.6446533203125,0.003946933443230494
2009-11-11,192.40106201171875,-0.03557237114880285
2009-11-12,185.55690002441406,0.002725017242078298
2009-11-13,186.0625457763672,0.019826805354690613
2009-11-16,189.75157165527344,0.002238339265649314
2009-11-17,190.17630004882812,-0.009762750018173172
2009-11-18,188.3196563720703,-0.019954516863415317
2009-11-19,184.56182861328125,0.023494879559609494
2009-11-20,188.89808654785156,-0.006402697981562455
2009-11-23,187.68862915039062,-0.006228434577779107
2009-11-24,186.51962280273438,0.007178239083750926
2009-11-25,187.85850524902344,-0.029046919159695928
2009-11-26,182.40179443359375,-0.005211611556545148
2009-11-27,181.45118713378906,-0.0014934930877591457
2009-11-30,181.18019104003906,0.0232412891380831
2009-12-01,185.39105224609375,0.007571078606474435
2009-12-02,186.79466247558594,0.019749260217574616
2009-12-03,190.4837188720703,-0.011254819445860709
2009-12-04,188.33985900878906,-0.002705978210718052
2009-12-07,187.83021545410156,-0.006223658350393846
2009-12-08,186.66122436523438,-0.005807882429782363
2009-12-09,185.57711791992188,0.001329553028445618
2009-12-10,185.8238525390625,-0.013278451443207495
2009-12-11,183.3563995361328,-0.008625845664004594
2009-12-14,181.77479553222656,-0.029551676084693113
2009-12-15,176.40304565429688,-0.012795363622602363
2009-12-16,174.14590454101562,0.006317891817504195
2009-12-17,175.2461395263672,-0.0096251340125596
2009-12-18,173.5593719482422,0.0001865595042616075
2009-12-21,173.5917510986328,0.00941378414063565
2009-12-22,175.2259063720703,0.020337603043643515
2009-12-23,178.78958129882812,0.00409510705415328
2009-12-24,179.52174377441406,0.00047317766040455567
2009-12-29,179.606689453125,0.001891560606740228
2009-12-30,179.94642639160156,0.020096465953569398
2009-12-31,183.56271362304688,0.009783984426888548
2010-01-04,185.3586883544922,0.00037093542323796136
2010-01-05,185.4274444580078,0.005999091685083835
2010-01-06,186.5398406982422,-0.005594648703586724
2010-01-07,185.4962158203125,-0.0029873287772648194
2010-01-08,184.94207763671875,-0.008245709452290417
2010-01-11,183.41709899902344,-0.028228707092920136
2010-01-12,178.23947143554688,-0.012391125426351013
2010-01-13,176.0308837890625,-0.008525219393292205
2010-01-14,174.53018188476562,-0.006489415553929345
2010-01-15,173.3975830078125,0.006088464898664103
2010-01-18,174.45330810546875,0.00774461793486414
2010-01-19,175.80438232421875,-0.0060973746857618805
2010-01-20,174.73243713378906,-0.016552145112352257
2010-01-21,171.84024047851562,-0.01730126174309754
2010-01-22,168.8671875,0.0020358944887808317
2010-01-25,169.2109832763672,-0.04969867200340938
2010-01-27,160.80142211914062,0.007848432979872921
2010-01-28,162.06346130371094,0.026631789820742657
2010-01-29,166.37950134277344,-0.017188704133504484
2010-02-01,163.5196533203125,-0.021224244206836107
2010-02-02,160.049072265625,0.010336757372692906
2010-02-03,161.70346069335938,-0.025465401978863156
2010-02-04,157.5856170654297,-0.02069236102994998
2010-02-05,154.32479858398438,0.020418476482203074
2010-02-08,157.4758758544922,0.007100154365084377
2010-02-09,158.59397888183594,-0.019714796055078088
2010-02-10,155.4673309326172,0.00303375099509684
2010-02-11,155.93898010253906,-0.011811597244789085
2010-02-15,154.0970916748047,0.013509283727437094
2010-02-16,156.1788330078125,0.018874319318877175
2010-02-17,159.12660217285156,-0.00738417269332825
2010-02-18,157.9515838623047,-0.019100102738584646
2010-02-19,154.9346923828125,0.005799503634107417
2010-02-22,155.83323669433594,-0.0023220137854024214
2010-02-23,155.4713897705078,0.0048903849288834955
2010-02-24,156.23170471191406,-0.003955736614082106
2010-02-25,155.6136932373047,0.031693226488064274
2010-02-26,160.54559326171875,0.0062554673680104145
2010-03-02,161.5498809814453,0.01799518348955309
2010-03-03,164.45700073242188,0.005092943363307789
2010-03-04,165.29457092285156,0.0071333720123569755
2010-03-05,166.4736785888672,0.009158829145943681
2010-03-08,167.99838256835938,-0.010334205211980252
2010-03-09,166.2622528076172,-0.0035949352079259755
2010-03-10,165.66455078125,0.0041721500761904284
2010-03-11,166.35572814941406,0.0010510636802969486
2010-03-12,166.53057861328125,-0.016016495891237326
2010-03-15,163.86334228515625,0.00037238284420415546
2010-03-16,163.9243621826172,0.005679819513211726
2010-03-17,164.8554229736328,0.0011592040514756263
2010-03-18,165.04652404785156,0.014189724595476516
2010-03-19,167.38848876953125,-0.00850148022255659
2010-03-22,165.96543884277344,0.0037237359712876117
2010-03-23,166.5834503173828,0.0004881282429864964
2010-03-25,166.66476440429688,0.011368324333291602
2010-03-26,168.55946350097656,0.010710063708543993
2010-03-29,170.36474609375,-0.005966758333882716
2010-03-30,169.3482208251953,-0.0020887686113455484
2010-03-31,168.99449157714844,0.01174098255177336
2010-04-01,170.97865295410156,0.01695516666864494
2010-04-05,173.87762451171875,-0.00687471018610919
2010-04-06,172.68226623535156,-0.005956840673311259
2010-04-07,171.65362548828125,-0.007106187550513399
2010-04-08,170.43382263183594,0.004866713084527685
2010-04-09,171.26327514648438,-0.00669490400404138
2010-04-12,170.11668395996094,0.0009323004059551554
2010-04-13,170.27528381347656,-0.019055016770526012
2010-04-15,167.0306854248047,-0.0030915752883358127
2010-04-16,166.51429748535156,-0.0074472075193987575
2010-04-19,165.27423095703125,0.03242384280092003
2010-04-20,170.633056640625,0.0035504240155783684
2010-04-21,171.23887634277344,0.05570349992973811
2010-04-22,180.77748107910156,0.016868126622872737
2010-04-23,183.8268585205078,-0.004003394293996876
2010-04-26,183.09092712402344,-0.014989607091296486
2010-04-27,180.34646606445312,0.006492917532560982
2010-04-28,181.51744079589844,0.018725905093398776
2010-04-29,184.91651916503906,0.011741451571205541
2010-04-30,187.08770751953125,-0.0015429435493736765
2010-05-03,186.79904174804688,-0.007422360710148346
2010-05-04,185.4125518798828,-0.0017103664766524584
2010-05-05,185.09542846679688,0.015552148508698904
2010-05-06,187.97406005859375,-0.03696578345050128
2010-05-07,181.02545166015625,0.03670023577836368
2010-05-10,187.66912841796875,-0.00866601122490096
2010-05-11,186.04278564453125,0.015888209965142508
2010-05-12,188.99867248535156,-0.0027751007430275587
2010-05-13,188.47418212890625,-0.0403408592271729
2010-05-14,180.8709716796875,0.011914057886407203
2010-05-17,183.02587890625,0.012995648775334434
2010-05-18,185.4044189453125,-0.028881466889381535
2010-05-19,180.04966735839844,0.024095032642682312
2010-05-20,184.38796997070312,0.0016316549501202982
2010-05-21,184.68882751464844,-0.017611955021936576
2010-05-24,181.43609619140625,-0.03410712129148108
2010-05-25,175.24783325195312,0.008584383061028378
2010-05-26,176.75222778320312,0.021071021408307633
2010-05-27,180.47657775878906,0.009011378615629173
2010-05-28,182.10292053222656,0.013128716337460045
2010-05-31,184.4936981201172,-0.026071255272215765
2010-06-01,179.6837158203125,0.021994349065775243
2010-06-02,183.6357421875,0.012864078960663328
2010-06-03,185.998046875,0.023368260466654744
2010-06-04,190.34449768066406,-0.023069615197247262
2010-06-07,185.9533233642578,-0.0012900195517434598
2010-06-08,185.71343994140625,0.0038430961153621546
2010-06-09,186.42715454101562,0.023916468661424606
2010-06-10,190.88583374023438,0.005608280933475429
2010-06-11,191.9563751220703,0.002179720546487296
2010-06-14,192.37478637695312,0.008187603638920793
2010-06-15,193.9498748779297,-0.0010574556127873613
2010-06-16,193.74478149414062,-0.004594062749610939
2010-06-17,192.85470581054688,0.009251893713120962
2010-06-18,194.63897705078125,0.0064065456974284896
2010-06-21,195.8859405517578,-0.013925053325856362
2010-06-22,193.15821838378906,-0.0021235001659317687
2010-06-23,192.748046875,0.0034048620892315196
2010-06-24,193.40432739257812,-0.024071581843425616
2010-06-25,188.748779296875,0.0012386578969494355
2010-06-28,188.98257446289062,-0.005426008961368467
2010-06-29,187.9571533203125,0.00473568675332614
2010-06-30,188.84725952148438,-0.017267770141853434
2010-07-01,185.58628845214844,0.0012375660663528354
2010-07-02,185.8159637451172,0.0032892265205846094
2010-07-05,186.42715454101562,0.01773379419513832
2010-07-06,189.73321533203125,-0.0037616745089170678
2010-07-07,189.01950073242188,0.02287226030067857
2010-07-08,193.34280395507812,0.005134120553576427
2010-07-09,194.33544921875,0.013424028703589608
2010-07-12,196.9442138671875,0.011829685992089889
2010-07-13,199.2740020751953,0.014573317250171414
2010-07-14,202.17808532714844,-0.01000200529164541
2010-07-15,200.15589904785156,0.003750128550460863
2010-07-16,200.90650939941406,0.0025520618102961024
2010-07-19,201.4192352294922,-0.002545565370129288
2010-07-20,200.90650939941406,-0.0050018953247567
2010-07-21,199.90159606933594,0.016210139403458612
2010-07-22,203.14202880859375,0.008298658255512903
2010-07-23,204.8278350830078,-0.03470425996847193
2010-07-26,197.7194366455078,0.010372718516290735
2010-07-27,199.77032470703125,0.014845233952442305
2010-07-28,202.7359619140625,0.0007080869429609837
2010-07-29,202.8795166015625,0.012070100945313023
2010-07-30,205.3282928466797,0.03334139641412137
2010-08-02,212.17422485351562,0.005490235561900203
2010-08-03,213.339111328125,-0.0020763311693141606
2010-08-04,212.89614868164062,0.019478565708085815
2010-08-05,217.04306030273438,-0.009959622146416769
2010-08-06,214.8813934326172,0.012025804853652344
2010-08-09,217.46551513671875,-0.00799736454712452
2010-08-10,215.7263641357422,-0.011427485791149383
2010-08-11,213.2611541748047,0.0710879280277883
2010-08-12,228.42144775390625,0.02364970392445387
2010-08-13,233.82354736328125,-0.010121731730778016
2010-08-16,231.45684814453125,-0.0010457020997635125
2010-08-17,231.21481323242188,-0.0013305709127247045
2010-08-18,230.90716552734375,-0.003197505909706244
2010-08-19,230.16883850097656,-0.006700655547191459
2010-08-20,228.62655639648438,0.013043147457130422
2010-08-23,231.6085662841797,0.007987114047126154
2010-08-24,233.4584503173828,-0.007818400250510948
2010-08-25,231.6331787109375,0.01508710756406062
2010-08-26,235.1278533935547,-0.025033260673932856
2010-08-27,229.24183654785156,0.00200418102380695
2010-08-30,229.70127868652344,-0.012000170323540948
2010-08-31,226.94482421875,0.0036508973004607537
2010-09-01,227.77337646484375,-0.006266883432002324
2010-09-02,226.345947265625,0.005182890327284806
2010-09-03,227.51907348632812,0.03090078326355128
2010-09-06,234.54959106445312,-0.007712223745826807
2010-09-07,232.74069213867188,0.020743145530284224
2010-09-08,237.56846618652344,0.030439544212911063
2010-09-09,244.79994201660156,0.05512668942977683
2010-09-13,258.2949523925781,-0.012387035198927587
2010-09-14,255.09544372558594,-0.015838020664633468
2010-09-15,251.05523681640625,0.011273460240697863
2010-09-16,253.885498046875,-0.0006624339489285092
2010-09-17,253.71731567382812,0.005221794246175193
2010-09-20,255.04217529296875,-0.003264721219563116
2010-09-21,254.20953369140625,0.01611944770777396
2010-09-22,258.3072509765625,-0.0029377808589859944
2010-09-23,257.54840087890625,0.0006213751634309705
2010-09-24,257.70843505859375,0.012494271480320451
2010-09-27,260.9283142089844,0.003159729495529895
2010-09-28,261.7527770996094,0.0015670770416393864
2010-09-29,262.1629638671875,0.014003051723310955
2010-09-30,265.83404541015625,0.009782627412939116
2010-10-01,268.4346008300781,-0.0038202309782839894
2010-10-04,267.40911865234375,-0.0035737672813873633
2010-10-05,266.4534606933594,-0.004526094910554113
2010-10-06,265.2474670410156,-0.004144217384336124
2010-10-07,264.1482238769531,0.00854035804990727
2010-10-08,266.4041442871094,0.005419993353594776
2010-10-11,267.8480529785156,-0.00960185579214401
2010-10-12,265.2762145996094,0.02225026404731123
2010-10-13,271.1786804199219,-0.01335597873639871
2010-10-14,267.55682373046875,-0.029373688735713666
2010-10-15,259.69769287109375,0.0006634723789373798
2010-10-18,259.8699951171875,-0.016146942840165268
2010-10-19,255.67388916015625,-0.007139240494241861
2010-10-20,253.84857177734375,0.0325593193646152
2010-10-21,262.11370849609375,0.0034738853749389786
2010-10-22,263.0242614746094,0.010292757245544903
2010-10-25,265.73150634765625,-0.018028961273570232
2010-10-26,260.9406433105469,0.0022321493834924766
2010-10-27,261.5231018066406,0.00014096358646842333
2010-10-28,261.5599670410156,-0.011839972408633659
2010-10-29,258.4631042480469,0.015187643776317872
2010-11-01,262.3885498046875,0.0010629280381784234
2010-11-02,262.6674499511719,0.022096442152844453
2010-11-03,268.4714660644531,0.04915068567270797
2010-11-04,281.6670227050781,-0.0024172058249134487
2010-11-08,280.9861755371094,-0.0445528601862315
2010-11-09,268.4674377441406,-0.017708025823389706
2010-11-10,263.7134094238281,-0.012023221804991158
2010-11-11,260.542724609375,-0.04696236493647299
2010-11-12,248.30702209472656,0.04516320205266999
2010-11-15,259.5213623046875,-0.026205268676043558
2010-11-16,252.7205352783203,-0.0050473687429632985
2010-11-18,251.44496154785156,-0.024175940609867386
2010-11-19,245.3660430908203,0.016349374878306122
2010-11-22,249.37762451171875,-0.028438901728742194
2010-11-23,242.2855987548828,-0.034672006909499675
2010-11-24,233.88507080078125,-0.010206882981691145
2010-11-25,231.49783325195312,0.014476145378929717
2010-11-26,234.84902954101562,0.0059383151238516785
2010-11-29,236.24363708496094,0.039048502812504715
2010-11-30,245.46859741210938,0.03607695143230294
2010-12-01,254.32435607910156,-0.0003062265076601012
2010-12-02,254.24647521972656,-0.009179826766981813
2010-12-03,251.91253662109375,-0.038557628590846105
2010-12-06,242.1993865966797,-0.029755659043699922
2010-12-07,234.99258422851562,-0.02077163339258259
2010-12-08,230.1114044189453,-0.04210335132313536
2010-12-09,220.42294311523438,0.016952591502016112
2010-12-10,224.15968322753906,0.004538025826027026
2010-12-13,225.1769256591797,0.01743278448241692
2010-12-14,229.10238647460938,-0.0338919417249538
2010-12-15,221.33766174316406,0.024054183268030993
2010-12-16,226.66175842285156,-0.022620612400076623
2010-12-20,221.53453063964844,0.016034315421434853
2010-12-21,225.08668518066406,0.00043745353369639695
2010-12-22,225.18515014648438,0.00047351442978982305
2010-12-23,225.29177856445312,0.0033137095300541652
2010-12-24,226.038330078125,-0.0015061111213119371
2010-12-27,225.69789123535156,-0.008251045865563023
2010-12-28,223.8356475830078,0.009785475005509747
2010-12-29,226.02598571777344,-0.0020141986286356106
2010-12-30,225.5707244873047,0.022639175545049905
2010-12-31,230.67745971679688,0.003627607361395002
2011-01-03,231.51426696777344,-0.030650942009036175
2011-01-04,224.4181365966797,-0.015499405846023606
2011-01-05,220.93978881835938,-0.026288527719515398
2011-01-06,215.13160705566406,-0.008179523670877042
2011-01-07,213.37193298339844,-0.020703908873452193
2011-01-10,208.9542999267578,0.025813659369349873
2011-01-11,214.34817504882812,0.021757716414325667
2011-01-12,219.01190185546875,-0.04082848910525927
2011-01-13,210.06997680664062,-0.023392139518241484
2011-01-14,205.15599060058594,0.006158078521228072
2011-01-17,206.4193572998047,0.015241317221543316
2011-01-18,209.56546020507812,-0.02066901886853445
2011-01-19,205.23394775390625,0.01331064521510883
2011-01-20,207.9657440185547,0.024397833393974944
2011-01-21,213.03965759277344,0.03779521603533431
2011-01-24,221.09153747558594,-0.0063450281601343805
2011-01-25,219.68870544433594,-0.009129975796524414
2011-01-27,217.68295288085938,-0.012568492934634468
2011-01-28,214.94700622558594,0.008491870419947922
2011-01-31,216.77230834960938,-0.018297611145407067
2011-02-01,212.80589294433594,-0.007825649070333118
2011-02-02,211.1405487060547,0.030305896949456956
2011-02-03,217.5393524169922,-0.0022437234417965746
2011-02-04,217.05125427246094,0.00667087484835327
2011-02-07,218.49917602539062,-0.009480108399963605
2011-02-08,216.4277801513672,-0.021681408473364416
2011-02-09,211.73532104492188,-0.03366909560670628
2011-02-10,204.60638427734375,0.03949315255240404
2011-02-11,212.6869354248047,0.04073148829108364
2011-02-14,221.34999084472656,0.0143057616045561
2011-02-15,224.51657104492188,0.005206838858283769
2011-02-16,225.6855926513672,0.010722941590129542
2011-02-17,228.10560607910156,-0.007012983833372455
2011-02-18,226.5059051513672,0.011155197644670212
2011-02-21,229.03262329101562,-0.023120901283567696
2011-02-22,223.7371826171875,-0.04020455791647459
2011-02-23,214.74192810058594,-0.03399992055894108
2011-02-24,207.4407196044922,0.02135531619177433
2011-02-25,211.8706817626953,0.01850810905487066
2011-02-28,215.79200744628906,0.028474181250439656
2011-03-01,221.93650817871094,-0.00844629958230525
2011-03-03,220.0619659423828,0.008257118075526426
2011-03-04,221.87904357910156,-0.02976329450421955
2011-03-07,215.2751922607422,0.006897512275597206
2011-03-08,216.7600555419922,-0.005639260102380805
2011-03-09,215.53768920898438,-0.014311020129725849
2011-03-10,212.453125,-0.009499022072883778
2011-03-11,210.43502807617188,0.014385105724211478
2011-03-14,213.462158203125,-0.015199518837615944
2011-03-15,210.21763610839844,0.031785412355228804
2011-03-16,216.8994903564453,-0.010004062688514948
2011-03-17,214.7296142578125,-0.010410644291143356
2011-03-18,212.494140625,-0.0029533213231982547
2011-03-21,211.8665771484375,0.014694320904857117
2011-03-22,214.9798126220703,0.00843357938725875
2011-03-23,216.79286193847656,0.003065090520749436
2011-03-24,217.4573516845703,0.02267276249124195
2011-03-25,222.38771057128906,0.014165179069794975
2011-03-28,225.53787231445312,0.006783642348038077
2011-03-29,227.06784057617188,0.03186534775142569
2011-03-30,234.30343627929688,-0.03179154312091392
2011-03-31,226.8545684814453,-0.016544337610035487
2011-04-01,223.10140991210938,0.016087011891110725
2011-04-04,226.69044494628906,0.011924435183929383
2011-04-05,229.3936004638672,0.0003933205614459201
2011-04-06,229.48382568359375,0.00555877966830165
2011-04-07,230.7594757080078,-0.012318147665025037
2011-04-08,227.9169464111328,0.002141762289223914
2011-04-11,228.40509033203125,0.012499034655919283
2011-04-13,231.2599334716797,-0.00384900854462078
2011-04-15,230.36981201171875,-0.020155567313192457
2011-04-18,225.72657775878906,-0.006614450393041649
2011-04-19,224.2335205078125,0.022609641350934462
2011-04-20,229.30335998535156,0.023612247444290135
2011-04-21,234.7177276611328,0.020149246599747705
2011-04-25,239.44711303710938,0.005121967912377512
2011-04-26,240.67355346679688,-0.007942099244128253
2011-04-27,238.76210021972656,-0.018794232668156274
2011-04-28,234.27474975585938,-0.01791124198306182
2011-04-29,230.07859802246094,-0.03989864727968051
2011-05-02,220.89877319335938,-0.040479947878063305
2011-05-03,211.95680236816406,0.01242412154633854
2011-05-04,214.59017944335938,-0.005122878693048394
2011-05-05,213.49085998535156,0.018252580150131426
2011-05-06,217.3876190185547,-0.01005712544962123
2011-05-09,215.20132446289062,0.001429580909160233
2011-05-10,215.50897216796875,0.01827176308356604
2011-05-11,219.4467010498047,-0.01254215525482838
2011-05-12,216.69436645507812,0.0031045084521241773
2011-05-13,217.36709594726562,-0.012586475465361735
2011-05-16,214.63121032714844,-0.07705549047776028
2011-05-17,198.0926971435547,-0.024413113860567437
2011-05-18,193.2566375732422,-0.014199147953217306
2011-05-19,190.51255798339844,0.012280312950349925
2011-05-20,192.85211181640625,-0.030468425848240166
2011-05-23,186.97621154785156,-0.012290029283464676
2011-05-24,184.6782684326172,-0.019868752362519393
2011-05-25,181.00894165039062,0.004752330053726883
2011-05-26,181.86915588378906,0.021180760731394965
2011-05-27,185.72128295898438,0.001185891879590173
2011-05-30,185.9415283203125,0.02710845944120166
2011-05-31,190.98211669921875,0.013599091226061732
2011-06-01,193.5792999267578,0.0021467849107545955
2011-06-02,193.994873046875,-0.009296702252571398
2011-06-03,192.1913604736328,0.002010963797808518
2011-06-06,192.57785034179688,0.0012730589911147394
2011-06-07,192.82301330566406,-0.0108617266851887
2011-06-08,190.72862243652344,-0.01366068697767786
2011-06-09,188.12313842773438,-0.009122757554280492
2011-06-10,186.4069366455078,-0.010232258122608529
2011-06-13,184.49957275390625,0.004639757764301811
2011-06-14,185.35560607910156,-0.021410228389215358
2011-06-15,181.38710021972656,0.010515264711288497
2011-06-16,183.29443359375,0.003468920074483073
2011-06-17,183.93026733398438,-0.014866118900744962
2011-06-20,181.19593811035156,-0.014539796142387207
2011-06-21,178.56138610839844,-0.0037235736633772776
2011-06-22,177.89649963378906,0.00974059977055619
2011-06-23,179.6293182373047,0.05771875693106132
2011-06-24,189.99729919433594,0.017453170713020327
2011-06-27,193.3133544921875,0.0064917597180642606
2011-06-28,194.56829833984375,0.016423908348278227
2011-06-29,197.7638702392578,0.010548233950866459
2011-06-30,199.8499298095703,0.006508332019455887
2011-07-01,201.15061950683594,0.006527919705108465
2011-07-04,202.46371459960938,0.015270492231997501
2011-07-05,205.55543518066406,-0.011907256629863139
2011-07-06,203.1078338623047,0.015958379896137576
2011-07-07,206.34910583496094,-0.0017720533346348155
2011-07-08,205.9834442138672,-0.01749086676961986
2011-07-11,202.380615234375,-0.014352476805022274
2011-07-12,199.4759521484375,0.012895039920886475
2011-07-13,202.04820251464844,0.014807991674011589
2011-07-14,205.04013061523438,0.003161820902831014
2011-07-15,205.6884307861328,0.0007474779111598107
2011-07-18,205.84217834472656,0.01449465840548081
2011-07-19,208.82579040527344,-0.016416809279997557
2011-07-20,205.3975372314453,-0.006635944180095055
2011-07-21,204.03453063964844,0.017678204272680187
2011-07-22,207.64149475097656,0.005723694890201747
2011-07-25,208.82997131347656,-0.026525365813132473
2011-07-26,203.29067993164062,-0.01680255092413352
2011-07-27,199.8748779296875,-0.02010428276967713
2011-07-28,195.85653686523438,-0.0050073023158773156
2011-07-29,194.87582397460938,0.00012786400093589556
2011-08-01,194.90074157714844,-0.028996364601466484
2011-08-02,189.24932861328125,0.000702350240803451
2011-08-03,189.3822479248047,-0.00919367788609704
2011-08-04,187.64112854003906,-0.010143000275915415
2011-08-05,185.73788452148438,-0.007987008111222327
2011-08-08,184.25439453125,0.0023454497512938044
2011-08-09,184.68655395507812,0.022477741779358906
2011-08-10,188.837890625,-0.011354931607798546
2011-08-11,186.6936492919922,-0.021968826712861378
2011-08-12,182.5922088623047,-2.2813949401290223e-05
2011-08-16,182.58804321289062,-0.012153176183699155
2011-08-17,180.3690185546875,-0.04232241099146372
2011-08-18,172.73536682128906,-0.01967865933888291
2011-08-19,169.33616638183594,0.012000055867859905
2011-08-22,171.3682098388672,0.0008487383831605744
2011-08-23,171.51365661621094,-0.03583359155554211
2011-08-24,165.36770629882812,-0.015077225104078051
2011-08-25,162.87442016601562,-0.03668848950613157
2011-08-26,156.8988037109375,0.026882612433527964
2011-08-29,161.1166534423828,0.018157408020368804
2011-08-30,164.0421142578125,0.009955292063820398
2011-09-02,165.67520141601562,0.006571471464003942
2011-09-05,166.76393127441406,-0.01338113746668168
2011-09-06,164.53244018554688,0.024271344042612997
2011-09-07,168.52586364746094,-0.0019233083293592745
2011-09-08,168.2017364501953,-0.035155723769419
2011-09-09,162.28848266601562,-0.04573166431892173
2011-09-12,154.86676025390625,-0.016394649193228972
2011-09-13,152.32777404785156,-0.0033282737081903324
2011-09-14,151.82078552246094,0.03903102065011432
2011-09-15,157.7465057373047,0.02505205272741784
2011-09-16,161.69837951660156,-0.014725303657191824
2011-09-19,159.31732177734375,0.03847258218066818
2011-09-20,165.44667053222656,0.009493933852164016
2011-09-21,167.0174102783203,-0.0358525891511452
2011-09-22,161.02940368652344,0.006554395751894981
2011-09-23,162.08485412597656,0.0005639972085385025
2011-09-26,162.17626953125,0.023547794283684143
2011-09-27,165.9951629638672,-0.013993820378044752
2011-09-28,163.67225646972656,-0.008632326241035604
2011-09-29,162.25938415527344,-0.02115399426603637
2011-09-30,158.8269500732422,-0.02587578321324202
2011-10-03,154.71717834472656,-0.039965698658075866
2011-10-04,148.53379821777344,-0.03849568808722059
2011-10-05,142.81588745117188,0.019727590398801897
2011-10-07,145.63330078125,0.002139723459969156
2011-10-10,145.94491577148438,0.004840534610481173
2011-10-11,146.6513671875,0.06092200724507402
2011-10-12,155.58566284179688,0.008172834851931876
2011-10-13,156.85723876953125,-0.0011392249418179512
2011-10-14,156.6785430908203,0.003447965224284699
2011-10-17,157.21876525878906,-0.013294913984961743
2011-10-18,155.12855529785156,0.02775191671080668
2011-10-19,159.4336700439453,0.008705339304761583
2011-10-20,160.82159423828125,0.006821603544117982
2011-10-21,161.9186553955078,-0.020274700063638518
2011-10-24,158.63580322265625,-0.03612323394851047
2011-10-25,152.90536499023438,0.03804783766894593
2011-10-28,158.72308349609375,-0.0018327110857486728
2011-10-31,158.43218994140625,-0.002570448729135588
2011-11-01,158.0249481201172,0.004207477885732169
2011-11-02,158.68983459472656,0.013276285332441295
2011-11-03,160.79664611816406,0.0162295030475037
2011-11-04,163.4062957763672,0.01584313000426274
2011-11-08,165.9951629638672,-0.06771634261171344
2011-11-09,154.75457763671875,-0.03420953824079598
2011-11-11,149.4604949951172,-0.025162115163761878
2011-11-14,145.6997528076172,-0.01337633589249243
2011-11-15,143.75082397460938,0.0209869508645395
2011-11-16,146.76771545410156,-0.0048132939525619145
2011-11-17,146.061279296875,-0.017525410895135485
2011-11-18,143.50149536132812,-0.031534856559307545
2011-11-21,138.9761962890625,0.010345584030819754
2011-11-22,140.4139862060547,-0.020301948311979845
2011-11-23,137.5633087158203,-0.0007854382564668194
2011-11-24,137.45526123046875,0.022189948167616658
2011-11-25,140.50538635253906,0.05264427935176208
2011-11-28,147.90219116210938,-0.010339610837520774
2011-11-29,146.37294006347656,0.0007097065611474385
2011-11-30,146.47682189941406,0.035008159274879214
2011-12-01,151.60470581054688,0.0343721736637852
2011-12-02,156.81568908691406,0.01282563624876465
2011-12-05,158.8269500732422,0.017974262944448594
2011-12-07,161.68174743652344,-0.039837296709363645
2011-12-08,155.24078369140625,-0.0012582245086918409
2011-12-09,155.0454559326172,-0.049743929249894125
2011-12-12,147.3328857421875,0.00851764073272232
2011-12-13,148.5878143310547,-0.0015101894658277049
2011-12-14,148.36341857910156,-0.027084549289350335
2011-12-15,144.34506225585938,-0.03322206245841608
2011-12-16,139.54962158203125,-0.030373327979894893
2011-12-19,135.31103515625,-0.030465132958281127
2011-12-20,131.1887664794922,0.02850846406090457
2011-12-21,134.9287567138672,0.029319016123033226
2011-12-22,138.88473510742188,-0.014152022368833062
2011-12-23,136.9192352294922,0.011047193184012816
2011-12-26,138.4318084716797,-0.01320794460745034
2011-12-27,136.60340881347656,-0.020350985837270574
2011-12-28,133.82339477539062,0.011582338017730454
2011-12-29,135.37338256835938,-0.006016571552881378
2011-12-30,134.55889892578125,0.005311703233175091
2012-01-02,135.2736358642578,0.04792193557505664
2012-01-03,141.75621032714844,-0.005628551145919869
2012-01-04,140.9583282470703,-0.0021225729593861153
2012-01-05,140.6591339111328,-0.011639861288009867
2012-01-06,139.02188110351562,-0.021222622742027242
2012-01-09,136.07147216796875,0.039914752657111086
2012-01-10,141.5027313232422,0.014301684483879473
2012-01-11,143.52645874023438,0.02168538668849629
2012-01-12,146.63888549804688,0.006631442709492008
2012-01-13,147.61131286621094,0.02269002378059204
2012-01-16,150.9606170654297,0.01519474435113266
2012-01-17,153.25442504882812,0.01157832356699462
2012-01-18,155.0288543701172,0.010158887264540395
2012-01-19,156.60377502441406,0.025765490927036838
2012-01-20,160.6387481689453,0.00395787424338323
2012-01-23,161.2745361328125,0.051687682273394486
2012-01-24,169.61044311523438,0.008428072643917206
2012-01-25,171.03993225097656,-0.00845478560473989
2012-01-27,169.5938262939453,-0.0271243846214958
2012-01-30,164.9936981201172,0.038458611080874894
2012-01-31,171.33912658691406,0.0077851924871230604
2012-02-01,172.67303466796875,-0.002430564760566578
2012-02-02,172.2533416748047,0.014739837157110136
2012-02-03,174.79232788085938,0.02829110647662758
2012-02-06,179.73739624023438,-0.0044160631346424895
2012-02-07,178.94366455078125,0.011448632637893308
2012-02-08,180.99232482910156,0.00286986997358607
2012-02-09,181.51174926757812,-0.005540137096599285
2012-02-10,180.5061492919922,-0.01963718118142288
2012-02-13,176.96151733398438,0.03329803791383368
2012-02-14,182.85398864746094,0.02295294061786035
2012-02-15,187.051025390625,0.04429829370067129
2012-02-16,195.33706665039062,0.028378774232303616
2012-02-17,200.8804931640625,0.014645986024660829
2012-02-21,203.8225860595703,-0.0805113628324361
2012-02-22,187.4125518798828,0.002439044446917782
2012-02-23,187.86965942382812,-0.02428667245061944
2012-02-24,183.3069305419922,-0.03751805409431608
2012-02-27,176.4296112060547,0.051063304611437044
2012-02-28,185.43869018554688,0.007305328518025789
2012-02-29,186.7933807373047,-0.012813997674014144
2012-03-01,184.39981079101562,0.012597202475236324
2012-03-02,186.7227325439453,-0.03144603103637389
2012-03-05,180.85104370117188,-0.012959138405234993
2012-03-06,178.5073699951172,-0.002933413137351848
2012-03-07,177.98373413085938,0.039620923323407276
2012-03-09,185.03561401367188,0.03790873108088788
2012-03-12,192.05007934570312,0.007226966309274996
2012-03-13,193.43801879882812,0.011729288766232582
2012-03-14,195.7069091796875,-0.023568734012752945
2012-03-15,191.09434509277344,-0.031053153500534503
2012-03-16,185.16026306152344,-0.03157656706247214
2012-03-19,179.31353759765625,0.013811693017363291
2012-03-20,181.7901611328125,0.020801675368060657
2012-03-21,185.5717010498047,-0.03235784159471422
2012-03-22,179.56700134277344,0.0028464230811031666
2012-03-23,180.078125,-0.022753016540130178
2012-03-26,175.98080444335938,0.005525671464287285
2012-03-27,176.95321655273438,-0.02343671179805884
2012-03-28,172.80601501464844,-0.008608818619666336
2012-03-29,171.318359375,0.016979172604457693
2012-03-30,174.22720336914062,0.016242467915566827
2012-04-02,177.0570831298828,0.0197852168975301
2012-04-03,180.56019592285156,-0.004603068673011634
2012-04-04,179.72906494140625,-0.028716098619850472
2012-04-09,174.5679473876953,0.024161563080586257
2012-04-10,178.78578186035156,0.0034166019098047506
2012-04-11,179.39662170410156,0.03196589383782533
2012-04-12,185.13119506835938,-0.006846176277479521
2012-04-13,183.86375427246094,0.023866579195573
2012-04-16,188.251953125,0.017306164729989026
2012-04-17,191.50987243652344,-0.0054463499551542505
2012-04-18,190.4668426513672,-0.009905118672759006
2012-04-19,188.5802459716797,-0.0037900944226358924
2012-04-20,187.86550903320312,-0.029750598483392676
2012-04-23,182.27639770507812,-0.0011398276161412868
2012-04-24,182.06863403320312,-0.008650315746246418
2012-04-25,180.49368286132812,-0.004328406333202417
2012-04-26,179.71243286132812,-0.017041623130757855
2012-04-27,176.64984130859375,0.005928085906066194
2012-04-30,177.69703674316406,0.0011690299292785866
2012-05-02,177.90476989746094,-0.026393995385776692
2012-05-03,173.2091522216797,-0.04215282032624068
2012-05-04,165.90789794921875,0.01600505475060099
2012-05-07,168.56326293945312,-0.035918472427079906
2012-05-08,162.50872802734375,-0.03695001357724548
2012-05-09,156.5040283203125,-0.02121502073581938
2012-05-10,153.1837921142578,0.005669658283505408
2012-05-11,154.0522918701172,-0.007471891509989503
2012-05-14,152.90122985839844,0.011224251000570229
2012-05-15,154.617431640625,-0.017576814308248867
2012-05-16,151.89974975585938,0.01129835331377449
2012-05-17,153.615966796875,0.04988251158991175
2012-05-18,161.27871704101562,0.03553089522536501
2012-05-21,167.00909423828125,-0.03520769278841285
2012-05-22,161.12908935546875,0.008381727759618762
2012-05-23,162.47962951660156,0.024036591876704705
2012-05-24,166.3850860595703,0.020725658972362337
2012-05-25,169.83352661132812,0.04703774681699624
2012-05-28,177.82211303710938,0.008970503056956014
2012-05-29,179.41726684570312,-0.010352865935437938
2012-05-30,177.55978393554688,-0.020088930077089784
2012-05-31,173.9927978515625,-0.01352098678990199
2012-06-01,171.64024353027344,0.00867760164251341
2012-06-04,173.12966918945312,0.018036305640307226
2012-06-05,176.25228881835938,0.03625025647418756
2012-06-06,182.6414794921875,0.004494472326207921
2012-06-07,183.4623565673828,0.005304494431644935
2012-06-08,184.43553161621094,-0.006721922515011136
2012-06-11,183.19577026367188,0.019101079984054525
2012-06-12,186.69500732421875,0.009020171563395074
2012-06-13,188.3790283203125,-0.034051218862610866
2012-06-14,181.96449279785156,0.015277112171887763
2012-06-15,184.744384765625,-0.0435847210236906
2012-06-18,176.69235229492188,0.006082535745713935
2012-06-19,177.76708984375,0.007807113800481824
2012-06-20,179.15493774414062,0.02895555424203078
2012-06-21,184.34246826171875,-0.009433934152179302
2012-06-22,182.6033935546875,-0.01983488726086935
2012-06-25,178.98147583007812,-0.0008984009009584959
2012-06-26,178.8206787109375,0.00014181865097873114
2012-06-27,178.84603881835938,-0.007144701230814787
2012-06-28,177.5682373046875,0.028928053627051087
2012-06-29,182.70494079589844,0.010630002244075287
2012-07-02,184.6470947265625,0.0024748302458832416
2012-07-03,185.10406494140625,0.01712104050950547
2012-07-04,188.2732391357422,0.0038882619081870295
2012-07-05,189.0052947998047,-0.00483568964686254
2012-07-06,188.09132385253906,-0.005938790206958755
2012-07-09,186.9742889404297,0.008848131891932898
2012-07-10,188.628662109375,-0.0046207852989103015
2012-07-11,187.75704956054688,0.001126791834696661
2012-07-12,187.96861267089844,-0.01924633186053315
2012-07-13,184.3509063720703,0.009639931595271767
2012-07-16,186.12803649902344,-0.0001592872718484406
2012-07-17,186.098388671875,-0.0061844136966568986
2012-07-18,184.94747924804688,-0.012537046072683133
2012-07-19,182.6287841796875,-0.012093984673433145
2012-07-20,180.42007446289062,-0.018222244399319742
2012-07-23,177.13241577148438,0.0008838313139885035
2012-07-24,177.28897094726562,-0.011766179152598255
2012-07-25,175.2029571533203,-0.025575371615351616
2012-07-26,170.72207641601562,-0.03787042020685272
2012-07-27,164.2567596435547,0.04675416413099409
2012-07-30,171.9364471435547,-0.01311658198902077
2012-07-31,169.6812286376953,0.014113648199151285
2012-08-01,172.0760498046875,-0.01084376088481731
2012-08-02,170.21009826660156,-0.002982996962139217
2012-08-03,169.70236206054688,0.006432789341547007
2012-08-06,170.7940216064453,0.021305517290608922
2012-08-07,174.43287658691406,-0.00021842898560509028
2012-08-08,174.394775390625,-0.044666893455463264
2012-08-09,166.6051025390625,-0.041142974687671474
2012-08-10,159.75047302246094,0.009958921264594967
2012-08-13,161.34141540527344,0.0019931582891126176
2012-08-14,161.66299438476562,-0.008322993302529391
2012-08-16,160.31747436523438,0.001372379900340448
2012-08-17,160.53749084472656,0.00951479352931317
2012-08-21,162.06497192382812,-0.001540425700187087
2012-08-22,161.81532287597656,-0.00015681683143431435
2012-08-23,161.78994750976562,-0.009415012601072137
2012-08-24,160.26669311523438,-0.026058154637646047
2012-08-27,156.09043884277344,-0.00016247060108154354
2012-08-28,156.06507873535156,-0.007754196592627549
2012-08-29,154.85491943359375,0.005355630329074934
2012-08-30,155.68426513671875,-0.0012775749383215906
2012-08-31,155.48536682128906,0.007265928019431822
2012-09-03,156.6151123046875,0.013130353213701484
2012-09-04,158.67152404785156,-0.02386674022716495
2012-09-05,154.88455200195312,0.012949196464336676
2012-09-06,156.8901824951172,0.020550663759956178
2012-09-07,160.1143798828125,-0.01633172773064906
2012-09-10,157.4994354248047,-0.0018534408886440312
2012-09-11,157.20751953125,0.0009149982451290839
2012-09-12,157.3513641357422,0.0044100281812409214
2012-09-13,158.0452880859375,0.0556328574727718
2012-09-14,166.83779907226562,0.05480615210590356
2012-09-17,175.98153686523438,0.033613089807568164
2012-09-18,181.89682006835938,-0.01214290328073897
2012-09-20,179.6880645751953,0.04231525427442184
2012-09-21,187.29161071777344,-0.006754984767820105
2012-09-24,186.02645874023438,-0.0007959689716464657
2012-09-25,185.87838745117188,0.014796097039122325
2012-09-26,188.628662109375,0.00818761219896369
2012-09-27,190.17308044433594,-0.002959115660903011
2012-09-28,189.61033630371094,0.013188395615333137
2012-10-01,192.11099243164062,0.011783463723252341
2012-10-03,194.37472534179688,0.021245995028316367
2012-10-04,198.50440979003906,-0.0026644251734447844
2012-10-05,197.9755096435547,-0.029921639508442843
2012-10-08,192.0517578125,0.005772385602635932
2012-10-09,193.1603546142578,-0.025848338058182874
2012-10-10,188.16748046875,0.01960825654505971
2012-10-11,191.85711669921875,-0.006792672998902183
2012-10-12,190.55389404296875,0.005640071299649163
2012-10-15,191.62863159179688,-0.01572129128673372
2012-10-16,188.61598205566406,-0.006348364232189985
2012-10-17,187.4185791015625,0.0286719558558306
2012-10-18,192.792236328125,-0.008976296637739245
2012-10-19,191.06167602539062,-0.007441249864831634
2012-10-22,189.6399383544922,-0.0027889702510645042
2012-10-23,189.1110382080078,-0.015818753272359265
2012-10-25,186.11953735351562,-0.014390536444673585
2012-10-29,183.44117736816406,-0.04308700356953887
2012-10-30,175.53724670410156,0.01733100174034985
2012-10-31,178.57948303222656,0.002487912685090743
2012-11-01,179.02377319335938,0.017466351167040095
2012-11-02,182.15066528320312,-0.0035774043751140017
2012-11-05,181.49903869628906,0.013241672503289559
2012-11-06,183.9023895263672,0.020178179518191897
2012-11-07,187.6132049560547,0.011411811179431908
2012-11-08,189.75421142578125,-0.03891085784093773
2012-11-09,182.37071228027344,0.016356802425600003
2012-11-12,185.3537139892578,-0.016710076715554467
2012-11-15,182.25643920898438,-0.021010254381189863
2012-11-16,178.42718505859375,-0.006900984520846087
2012-11-19,177.19586181640625,-0.013085578316444413
2012-11-20,174.8771514892578,-0.002661431639415568
2012-11-21,174.41172790527344,0.018170823430149863
2012-11-22,177.5809326171875,-0.00426518635937756
2012-11-23,176.82351684570312,0.0011486579660564544
2012-11-26,177.02662658691406,0.011114398966971528
2012-11-27,178.99417114257812,0.007895359148180514
2012-11-29,180.4073944091797,0.018035842982669914
2012-11-30,183.66119384765625,0.015550803311948247
2012-12-03,186.51727294921875,0.016106880495723175
2012-12-04,189.521484375,0.014400168109445
2012-12-05,192.25062561035156,0.015582327863759904
2012-12-06,195.246337890625,0.003900852663839771
2012-12-07,196.00796508789062,0.0017485394584813019
2012-12-10,196.35069274902344,-0.004934862258344053
2012-12-11,195.38172912597656,-0.0060203660624355
2012-12-12,194.20545959472656,-0.014074697922576651
2012-12-13,191.47207641601562,0.025479518603056972
2012-12-14,196.35069274902344,0.0103652157100238
2012-12-17,198.3859100341797,0.012114523806978195
2012-12-18,200.7892608642578,-0.0001685548021589378
2012-12-19,200.7554168701172,0.003772828565689057
2012-12-20,201.51283264160156,-0.01965358318293209
2012-12-21,197.55238342285156,-0.0013495233916229754
2012-12-24,197.28578186035156,0.01696500535488288
2012-12-26,200.6327362060547,0.007381280551100655
2012-12-27,202.11366271972656,-0.003705649545237999
2012-12-28,201.3647003173828,0.0025215515134651145
2012-12-31,201.87245178222656,0.017166326037064694
2013-01-01,205.33786010742188,0.009932138031727877
2013-01-02,207.37730407714844,0.00859000495854545
2013-01-03,209.15867614746094,0.006109390510528501
2013-01-04,210.43650817871094,-0.007680785824723868
2013-01-07,208.8201904296875,0.010435038040984335
2013-01-08,210.99923706054688,0.011811574824093007
2013-01-09,213.49147033691406,0.0064609080292812315
2013-01-10,214.87081909179688,-0.018923965119735597
2013-01-11,210.8046112060547,0.003492434578468151
2013-01-14,211.54083251953125,-0.003960388183681829
2013-01-15,210.7030487060547,-0.023073533336205987
2013-01-16,205.8413848876953,0.01539619545440285
2013-01-17,209.01055908203125,0.008988505820970438
2013-01-18,210.88925170898438,0.002969429205378127
2013-01-21,211.51547241210938,-0.014003080967816883
2013-01-22,208.55360412597656,0.00647194139731222
2013-01-23,209.90335083007812,-0.008567102634109092
2013-01-24,208.10508728027344,0.022182481417324373
2013-01-25,212.72137451171875,-0.008811764628243735
2013-01-28,210.846923828125,-0.011679494319898898
2013-01-29,208.38433837890625,-0.010700846970375544
2013-01-30,206.15444946289062,0.0007799837430604306
2013-01-31,206.31524658203125,-0.010520834288632042
2013-02-01,204.14463806152344,-0.024768397040606627
2013-02-04,199.0883026123047,0.00803367646293518
2013-02-05,200.68771362304688,-0.009614233892704438
2013-02-06,198.7582550048828,-0.00940923416650663
2013-02-07,196.88809204101562,-0.017385919122131832
2013-02-08,193.4650115966797,0.0035867399778357623
2013-02-11,194.15892028808594,0.0008935589020746537
2013-02-12,194.33241271972656,-0.018158934886460365
2013-02-13,190.8035430908203,-0.01727505959654052
2013-02-14,187.5074005126953,0.007988454231746323
2013-02-15,189.0052947998047,0.013096275982910965
2013-02-18,191.48056030273438,0.004772939714890567
2013-02-19,192.3944854736328,-0.009434865349619903
2013-02-20,190.5792694091797,-0.018427592492851974
2013-02-21,187.06735229492188,-0.006582000817968114
2013-02-22,185.83607482910156,0.011338823624658101
2013-02-25,187.9432373046875,-0.0101311612977395
2013-02-26,186.03915405273438,0.006823344183384483
2013-02-27,187.30856323242188,-0.05986279611328427
2013-02-28,176.0957489013672,0.00324393569803183
2013-03-01,176.6669921875,0.005676086331651176
2013-03-04,177.66976928710938,0.013836674491740864
2013-03-05,180.1281280517578,0.018815613241883078
2013-03-06,183.51734924316406,-0.0011297919604675855
2013-03-07,183.3100128173828,0.020012394487657792
2013-03-08,186.97848510742188,-0.0021723834408562404
2013-03-11,186.57229614257812,0.000975120882111824
2013-03-12,186.7542266845703,-0.01246118492947823
2013-03-13,184.4270477294922,0.03473529511291451
2013-03-14,190.8331756591797,0.0030819314492538386
2013-03-15,191.4213104248047,-0.0053935488334901915
2013-03-18,190.3888702392578,-0.02055745121650676
2013-03-19,186.47496032714844,-0.03773444718084862
2013-03-20,179.4384307861328,-0.0004478864513030034
2013-03-21,179.35806274414062,-0.016749713511779785
2013-03-22,176.35386657714844,-0.012332482545790335
2013-03-25,174.17898559570312,-0.003862376099365461
2013-03-26,173.50624084472656,0.010949612190058744
2013-03-28,175.40606689453125,0.00861178355329928
2013-04-01,176.9166259765625,0.023844684437532404
2013-04-02,181.13514709472656,-0.01674872606252298
2013-04-03,178.1013641357422,-0.017580629145640292
2013-04-04,174.97023010253906,-0.005271718499127331
2013-04-05,174.04783630371094,-0.011182933369243031
2013-04-08,172.10147094726562,-0.022348482228938038
2013-04-09,168.25526428222656,0.01755317986388949
2013-04-10,171.20867919921875,0.00949018264343704
2013-04-11,172.83348083496094,0.019315933031483157
2013-04-12,176.1719207763672,0.030982790591361997
2013-04-15,181.63021850585938,0.017145639560330883
2013-04-16,184.744384765625,0.028423011762715777
2013-04-17,189.99537658691406,0.024274673881625963
2013-04-18,194.60745239257812,0.011936604903607595
2013-04-22,196.93040466308594,-0.017017005460470358
2013-04-23,193.57923889160156,0.020568310543984447
2013-04-25,197.5608367919922,-0.01996100050458216
2013-04-26,193.61732482910156,-0.0062939237073648124
2013-04-29,192.39871215820312,-0.004068429623757308
2013-04-30,191.61595153808594,0.015523410536431692
2013-05-02,194.59048461914062,-0.03724792949436051
2013-05-03,187.34239196777344,0.00555610261913686
2013-05-06,188.38328552246094,0.01379098966319714
2013-05-07,190.9812774658203,-0.000930637690554792
2013-05-08,190.8035430908203,0.016077490817106632
2013-05-09,193.87118530273438,0.0011567393189522157
2013-05-10,194.09544372558594,-0.006932338299618479
2013-05-13,192.74990844726562,0.006739361076397943
2013-05-14,194.04891967773438,0.03911807561261571
2013-05-15,201.63973999023438,0.015360589623858667
2013-05-16,204.73704528808594,0.002273125831973477
2013-05-17,205.2024383544922,-0.005381707978058259
2013-05-20,204.0980987548828,-0.021187336238436494
2013-05-21,199.7738037109375,0.0009741547294395136
2013-05-22,199.96841430664062,-0.07845958033228206
2013-05-23,184.2789764404297,-0.012123385565526057
2013-05-24,182.04489135742188,0.0050668480282543005
2013-05-27,182.96728515625,0.004338607535820271
2013-05-28,183.7611083984375,-0.011033907920373065
2013-05-29,181.73350524902344,-0.008427226434198132
2013-05-30,180.20199584960938,-0.02001385638505504
2013-05-31,176.595458984375,0.011286091506701679
2013-06-03,178.58853149414062,-0.020122218274846393
2013-06-04,174.99493408203125,0.0017502773692179563
2013-06-05,175.3012237548828,0.008391927225571916
2013-06-06,176.7723388671875,-0.01203155610830331
2013-06-07,174.64549255371094,-0.006224855439665
2013-06-10,173.558349609375,-0.006984681282045879
2013-06-11,172.34609985351562,0.004280525838535221
2013-06-12,173.08383178710938,0.0063556016094898915
2013-06-13,174.1838836669922,0.013399192225532097
2013-06-14,176.51780700683594,0.009751241131885635
2013-06-17,178.23907470703125,-0.010746270292223081
2013-06-18,176.32366943359375,0.0010766257039476201
2013-06-19,176.5135040283203,-0.02358517111314684
2013-06-20,172.35040283203125,-0.004230043392052352
2013-06-21,171.62135314941406,-0.020436320397191232
2013-06-24,168.11404418945312,-0.020862767507975
2013-06-25,164.60671997070312,-0.004062324510232362
2013-06-26,163.9380340576172,0.006552497090659193
2013-06-27,165.01223754882812,0.021594671175289015
2013-06-28,168.57562255859375,0.03163072156087221
2013-07-01,173.9077911376953,-0.012750388888659758
2013-07-02,171.69039916992188,-0.04580630012596987
2013-07-03,163.82589721679688,0.0006318636232647279
2013-07-04,163.92941284179688,-0.0028948334018723543
2013-07-05,163.45486450195312,-0.011216859914015664
2013-07-08,161.6214141845703,0.01145088364156388
2013-07-09,163.4721221923828,-0.00968496288121623
2013-07-10,161.88890075683594,0.018680055357667813
2013-07-11,164.91299438476562,-0.00939123431748623
2013-07-12,163.3642578125,0.009982215978718845
2013-07-15,164.9949951171875,-0.044266257484431915
2013-07-16,157.6912841796875,-0.011462625608933852
2013-07-17,155.88372802734375,0.009713786105632671
2013-07-18,157.39794921875,-0.007098822401667704
2013-07-19,156.28060913085938,0.0073979648127524555
2013-07-22,157.436767578125,0.019866296767830693
2013-07-23,160.564453125,-0.032080581201571645
2013-07-24,155.4134521484375,-0.0017208342791523723
2013-07-25,155.14601135253906,-0.01829656000123525
2013-07-26,152.307373046875,-0.014275644344563077
2013-07-29,150.13308715820312,-0.009626163797948672
2013-07-30,148.68788146972656,-0.0086462914272174
2013-07-31,147.40228271484375,-0.014750486431068022
2013-08-01,145.22802734375,-0.0015447067683834748
2013-08-02,145.00369262695312,0.0009817991485181476
2013-08-05,145.14605712890625,-0.024283001404919013
2013-08-06,141.62147521972656,0.04550997946948199
2013-08-07,148.06666564941406,-0.030272173584974915
2013-08-08,143.58436584472656,-0.03533315019375782
2013-08-12,138.51107788085938,0.009094392243118143
2013-08-13,139.770751953125,0.0027470476034103797
2013-08-14,140.1547088623047,-0.03312009488328971
2013-08-16,135.5127716064453,-0.02553157230098302
2013-08-19,132.05291748046875,0.015387290824592004
2013-08-20,134.08485412597656,-0.003893308418829955
2013-08-21,133.5628204345703,0.010820647552607587
2013-08-22,135.008056640625,-0.0036108052000658475
2013-08-23,134.52056884765625,-0.0011867140656582897
2013-08-26,134.36093139648438,-0.023920109731692007
2013-08-27,131.14700317382812,-0.0145725638027423
2013-08-28,129.23585510253906,-0.006709761180013096
2013-08-29,128.36871337890625,0.020937094218172136
2013-08-30,131.05638122558594,-0.0017116256065524693
2013-09-02,130.83206176757812,-0.026840840147372202
2013-09-03,127.32041931152344,0.012570722372808207
2013-09-04,128.92092895507812,0.09633917160474859
2013-09-05,141.341064453125,-0.0021974693099201525
2013-09-06,141.0304718017578,-0.0006424617906723995
2013-09-10,140.9398651123047,0.03461888447470307
2013-09-11,145.8190460205078,-0.018727350904320983
2013-09-12,143.08824157714844,0.0016282711117789894
2013-09-13,143.32122802734375,-0.008879768330724902
2013-09-16,142.04856872558594,-0.007714332825418002
2013-09-17,140.9527587890625,0.02448535747844649
2013-09-18,144.40403747558594,0.08012415488590419
2013-09-19,155.9742889404297,-0.0333008508861975
2013-09-20,150.78021240234375,-0.05316027919557409
2013-09-23,142.7646942138672,-0.005862192099443497
2013-09-24,141.9277801513672,0.02899795825973772
2013-09-25,146.04339599609375,-0.00977766400936153
2013-09-26,144.6154327392578,-0.021120405270705356
2013-09-27,141.56109619140625,-0.01572507574362847
2013-09-30,139.3350372314453,0.01761711515824249
2013-10-01,141.7897186279297,0.01025350904955924
2013-10-03,143.24356079101562,-0.00575236934640444
2013-10-04,142.41957092285156,-0.010662327937671301
2013-10-07,140.9010467529297,-0.015614855863993582
2013-10-08,138.70089721679688,0.0009017698980693378
2013-10-09,138.8259735107422,0.01488508753312101
2013-10-10,140.8924102783203,0.012155812650098463
2013-10-11,142.60507202148438,0.0026622750879916612
2013-10-14,142.98472595214844,-0.020757904977105612
2013-10-15,140.01666259765625,-0.0009243546191358698
2013-10-17,139.88723754882812,0.026706953254105548
2013-10-18,143.62319946289062,0.004175196998881248
2013-10-21,144.2228546142578,0.0022133376020136986
2013-10-22,144.5420684814453,0.02465324333303176
2013-10-23,148.10549926757812,0.0010192410203659907
2013-10-24,148.25645446777344,0.0015423828507941106
2013-10-25,148.48512268066406,-0.02646807084199243
2013-10-28,144.5550079345703,0.038826599132722794
2013-10-29,150.16758728027344,-0.011146604090095824
2013-10-30,148.4937286376953,0.04398488031620418
2013-10-31,155.02520751953125,0.04577699490498377
2013-11-01,162.12179565429688,-0.0016229931178088908
2013-11-05,161.85867309570312,-0.03539538273138898
2013-11-06,156.12962341308594,-0.031471902523340534
2013-11-07,151.21592712402344,-0.0047359826407175065
2013-11-08,150.49977111816406,-0.022903122358539862
2013-11-11,147.0528564453125,-0.018423501461411806
2013-11-12,144.3436279296875,0.014405630451016282
2013-11-13,146.42298889160156,0.015350182685931912
2013-11-14,148.6706085205078,0.025825602618092525
2013-11-18,152.51011657714844,0.03156829035759534
2013-11-19,157.32460021972656,-0.015191226355848575
2013-11-20,154.9346466064453,-0.018238201925841135
2013-11-21,152.10891723632812,-0.014180713258919786
2013-11-22,149.951904296875,0.03952917439348225
2013-11-25,155.87937927246094,-0.011844892636449833
2013-11-26,154.0330047607422,-0.012071375622888292
2013-11-27,152.17361450195312,-5.6453270629752694e-05
2013-11-28,152.16502380371094,0.03166826225518782
2013-11-29,156.98382568359375,0.0014835598281974782
2013-12-02,157.2167205810547,-0.004746706291300251
2013-12-03,156.470458984375,0.0021227861314425667
2013-12-04,156.8026123046875,0.021239724816994876
2013-12-05,160.133056640625,0.0019395910993207366
2013-12-06,160.4436492919922,0.01683221847989058
2013-12-09,163.14427185058594,-0.02514753564476324
2013-12-10,159.04159545898438,-0.02536210957550411
2013-12-11,155.00796508789062,-0.010882009158346806
2013-12-12,153.3211669921875,-0.018795675501808495
2013-12-13,150.43939208984375,-0.006595669667181836
2013-12-16,149.4471435546875,-0.007967292372358714
2013-12-17,148.25645446777344,0.02624706223205009
2013-12-18,152.1477508544922,-0.018345216777795548
2013-12-19,149.3565673828125,0.011640304398179424
2013-12-20,151.09512329101562,0.004140102623970243
2013-12-23,151.72067260742188,0.00045478472349747
2013-12-24,151.7896728515625,-0.0032967459373474117
2013-12-26,151.2892608642578,0.009495513466458938
2013-12-27,152.725830078125,-0.003107191099246287
2013-12-30,152.25128173828125,0.001076675145370798
2013-12-31,152.4152069091797,-0.0008206287055060324
2014-01-01,152.29013061523438,-0.012719520873031631
2014-01-02,150.3530731201172,-0.013169786002775297
2014-01-03,148.37295532226562,-0.018317689538111193
2014-01-06,145.6551055908203,-0.015845746749855616
2014-01-07,143.3470916748047,-0.002558121092417376
2014-01-08,142.9803924560547,-0.010469605072930488
2014-01-09,141.4834442138672,-0.019301229614056337
2014-01-10,138.7526397705078,0.020582642613627522
2014-01-13,141.60853576660156,-0.008377712433773499
2014-01-14,140.42218017578125,0.008110656124262539
2014-01-15,141.56109619140625,-0.002742809690872816
2014-01-16,141.17282104492188,-0.008953726487807567
2014-01-17,139.90879821777344,0.012518945501846845
2014-01-20,141.66030883789062,0.01074995826085079
2014-01-21,143.1831512451172,-0.007622725951764386
2014-01-22,142.09170532226562,0.006952765438425379
2014-01-23,143.0796356201172,-0.022372291299428637
2014-01-24,139.8786163330078,-0.01646946657525261
2014-01-27,137.57489013671875,0.0011289793777979895
2014-01-28,137.73020935058594,-0.01418877994905321
2014-01-29,135.77598571777344,-0.03625356321464468
2014-01-30,130.85362243652344,0.004780294096417226
2014-01-31,131.47914123535156,-0.023296149753435746
2014-02-03,128.4161834716797,0.018174563500942265
2014-02-04,130.75009155273438,0.00415727313318337
2014-02-05,131.2936553955078,-0.011073209582796673
2014-02-06,129.83981323242188,0.015117904400211435
2014-02-07,131.80271911621094,-0.008837411926593042
2014-02-10,130.63792419433594,0.0036985397513304985
2014-02-11,131.12109375,0.008422637002115207
2014-02-12,132.22547912597656,-0.020848005932471048
2014-02-13,129.46884155273438,-0.0169606016356173
2014-02-14,127.2729721069336,-0.0010167892514549859
2014-02-17,127.14356231689453,0.01855971940168355
2014-02-18,129.50331115722656,0.004730339317335686
2014-02-19,130.11590576171875,-0.018202237150527267
2014-02-20,127.74750518798828,0.01452121613311319
2014-02-21,129.60255432128906,0.005592188878422277
2014-02-24,130.3273162841797,-0.002979230736538274
2014-02-25,129.9390411376953,0.009562002352130117
2014-02-26,131.1815185546875,0.008451442763570016
2014-02-28,132.29019165039062,-0.009717789514600783
2014-03-03,131.00462341308594,0.021075371215182326
2014-03-04,133.76559448242188,0.016931916205191966
2014-03-05,136.03050231933594,0.0005073531432506773
2014-03-06,136.09951782226562,0.0458032127208301
2014-03-07,142.33331298828125,0.025762986017515477
2014-03-10,146.000244140625,-0.0014015069805707325
2014-03-11,145.79562377929688,-0.017732961501694122
2014-03-12,143.21023559570312,0.004254788221653483
2014-03-13,143.81956481933594,0.0012409076407593478
2014-03-14,143.99803161621094,0.028504125492539778
2014-03-18,148.10256958007812,0.004437644561896992
2014-03-19,148.75979614257812,-0.01808214114050477
2014-03-20,146.0699005126953,0.014422161371806519
2014-03-21,148.17654418945312,0.013776686769853885
2014-03-24,150.21792602539062,0.010315213838293591
2014-03-25,151.7674560546875,0.013823626876992234
2014-03-26,153.8654327392578,0.039320985052646806
2014-03-27,159.9155731201172,0.03535677232945433
2014-03-28,165.56967163085938,0.00828097608520828
2014-03-31,166.9407501220703,-0.012541052255770624
2014-04-01,164.84713745117188,0.021783190548328113
2014-04-02,168.4380340576172,-0.020001078020120966
2014-04-03,165.069091796875,0.0034806906435662643
2014-04-04,165.64364624023438,0.010300745549172596
2014-04-07,167.3498992919922,0.032563378720090075
2014-04-09,172.79937744140625,0.02168760342546916
2014-04-10,176.54698181152344,-0.016715638810552935
2014-04-11,173.59588623046875,-0.015094077586100818
2014-04-15,170.97561645507812,-0.002367413002235197
2014-04-16,170.5708465576172,0.02954976821194122
2014-04-17,175.61117553710938,0.027165085246541487
2014-04-21,180.3816680908203,-0.011365400292501104
2014-04-22,178.33155822753906,0.0081278246331844
2014-04-23,179.781005859375,0.0
2014-04-24,179.781005859375,0.009708517850086196
2014-04-25,181.5264129638672,0.01004672376742266
2014-04-28,183.35015869140625,-0.019181616965861292
2014-04-29,179.8332061767578,0.006196317201684787
2014-04-30,180.947509765625,-0.01462544912643815
2014-05-02,178.3010711669922,-0.0017818358857348837
2014-05-05,177.98336791992188,0.003741496073752515
2014-05-06,178.6492919921875,0.011500039289509045
2014-05-07,180.70376586914062,0.007683699916622988
2014-05-08,182.0922393798828,0.03896251901249892
2014-05-09,189.18701171875,0.03195693693461177
2014-05-12,195.23284912109375,0.01489263590307921
2014-05-13,198.140380859375,0.0028338136703207617
2014-05-14,198.70187377929688,-0.001445846860950395
2014-05-15,198.41458129882812,0.06052441465234426
2014-05-16,210.4235076904297,0.06242750800108632
2014-05-19,223.55972290039062,-0.016140373388955576
2014-05-20,219.95138549804688,-0.02665585088146616
2014-05-21,214.08839416503906,0.021286558843924164
2014-05-22,218.64559936523438,0.09629142200818785
2014-05-23,239.6992950439453,-0.01873984693931785
2014-05-26,235.20736694335938,-0.02685138391973818
2014-05-27,228.8917236328125,-0.007283352025859169
2014-05-28,227.22462463378906,0.0024083039108564464
2014-05-29,227.7718505859375,-0.022756426231318017
2014-05-30,222.5885772705078,0.04029891212138548
2014-06-02,231.55865478515625,0.0001890556233405949
2014-06-03,231.60243225097656,0.014157648911468756
2014-06-04,234.88137817382812,0.00568472309760959
2014-06-05,236.21661376953125,0.015530765678950287
2014-06-06,239.88523864746094,-0.011661701689300918
2014-06-09,237.0877685546875,-0.015528855337414882
2014-06-10,233.40606689453125,0.011835060307913592
2014-06-11,236.16844177246094,0.0014643804714380426
2014-06-12,236.5142822265625,-0.03457581192500747
2014-06-13,228.33660888671875,-0.010449024302425003
2014-06-16,225.95071411132812,0.028151785944616314
2014-06-17,232.31163024902344,-0.004428505511575698
2014-06-18,231.2828369140625,-0.013666239327291496
2014-06-19,228.1220703125,-0.00857820841021073
2014-06-20,226.16519165039062,0.006619973792943101
2014-06-23,227.6623992919922,0.024228886662359672
2014-06-24,233.17840576171875,0.010776699791513744
2014-06-25,235.69129943847656,-0.01461796751512423
2014-06-26,232.2459716796875,-0.005127107753294391
2014-06-27,231.0552215576172,0.017923867594610732
2014-06-30,235.19662475585938,-0.0022524553573456396
2014-07-01,234.66685485839844,0.008226994939309673
2014-07-02,236.5974578857422,-0.0022387321886711
2014-07-03,236.06777954101562,0.0007046114463131747
2014-07-04,236.23411560058594,-0.004966335071692751
2014-07-07,235.06089782714844,-0.04078669253800293
2014-07-08,225.47354125976562,0.0027375652668937267
2014-07-09,226.09078979492188,-0.014154267580008595
2014-07-10,222.89064025878906,-0.047315117357611736
2014-07-11,212.34454345703125,-0.005855041587466525
2014-07-14,211.10125732421875,0.04419232696376052
2014-07-15,220.43031311035156,0.022223682052780802
2014-07-16,225.32908630371094,0.011151766618471948
2014-07-17,227.84190368652344,-0.01527527036675369
2014-07-18,224.36155700683594,-0.015336486404598948
2014-07-21,220.92063903808594,0.0003963184789879115
2014-07-22,221.00819396972656,0.006398028499461361
2014-07-23,222.42221069335938,0.006593622051468406
2014-07-24,223.88877868652344,-0.022114971435192032
2014-07-25,218.93748474121094,-0.004359056938295192
2014-07-28,217.98312377929688,-0.008093454298698677
2014-07-30,216.21888732910156,-0.012249507255442604
2014-07-31,213.5703125,-0.0008404217498262367
2014-08-01,213.3908233642578,0.009929508370563722
2014-08-04,215.5096893310547,0.005078293185405425
2014-08-05,216.60411071777344,-0.01926100255104357
2014-08-06,212.43209838867188,0.004059632450913897
2014-08-07,213.29449462890625,-0.007450244189849742
2014-08-08,211.7053985595703,-0.0014475659176211852
2014-08-11,211.39894104003906,0.006088388385910193
2014-08-12,212.68601989746094,-0.024782418825546992
2014-08-13,207.41514587402344,-0.0027227666504894277
2014-08-14,206.85040283203125,0.024846586213133737
2014-08-18,211.98992919921875,0.008694180050172085
2014-08-19,213.8330078125,-0.01126028988651151
2014-08-20,211.42518615722656,0.021865823669682705
2014-08-21,216.0481719970703,0.023160502277961292
2014-08-22,221.0519561767578,-0.0073474854214450325
2014-08-25,219.4277801513672,-0.004049881995788818
2014-08-26,218.53912353515625,0.0036056661765178077
2014-08-27,219.3271026611328,-0.017684511307049067
2014-08-28,215.4484100341797,0.0177388538663239
2014-09-01,219.2702178955078,0.007047692732399247
2014-09-02,220.81556701660156,-0.00674075825168996
2014-09-03,219.3271026611328,-0.007524791076777726
2014-09-04,217.6767120361328,0.011905792518131397
2014-09-05,220.26832580566406,0.01993439093401994
2014-09-08,224.65924072265625,0.0005650919347526262
2014-09-09,224.78619384765625,-0.006777273434472875
2014-09-10,223.26275634765625,0.020843510973534984
2014-09-11,227.9163360595703,0.01048750646477048
2014-09-12,230.30661010742188,-0.002718278895096571
2014-09-15,229.68057250976562,-0.02292951543898869
2014-09-16,224.4141082763672,-0.00029278170703161965
2014-09-17,224.34840393066406,0.022655127081418147
2014-09-18,229.43104553222656,-0.01999714950652076
2014-09-19,224.84307861328125,0.013064870817836471
2014-09-22,227.78062438964844,-0.017431869372047437
2014-09-23,223.8099822998047,-0.02732578604654845
2014-09-24,217.69419860839844,-0.04369849539564108
2014-09-25,208.18128967285156,0.028409625217935552
2014-09-26,214.09564208984375,0.0018199024272873565
2014-09-29,214.4852752685547,-0.0016328380870155312
2014-09-30,214.1350555419922,-0.009138454226316872
2014-10-01,212.17819213867188,-0.023500518866533704
2014-10-07,207.19189453125,0.01895286440474253
2014-10-08,211.1187744140625,0.028325484175925286
2014-10-09,217.09881591796875,-0.011433470895124365
2014-10-10,214.6166229248047,0.013972655040502602
2014-10-13,217.61538696289062,0.015329300791591782
2014-10-14,220.95127868652344,0.0
2014-10-15,220.95127868652344,-0.02264668811609294
2014-10-16,215.9474639892578,0.022502438290563198
2014-10-17,220.8068084716797,0.01885480376164539
2014-10-20,224.97007751464844,0.005721111321295824
2014-10-21,226.2571563720703,-0.0034439599328001114
2014-10-22,225.47793579101562,0.008756356702701584
2014-10-27,227.45230102539062,0.022692128986414817
2014-10-28,232.61367797851562,-0.004893086521955081
2014-10-29,231.47547912597656,-0.002174953857873363
2014-10-30,230.97203063964844,0.024564009882286353
2014-10-31,236.6456298828125,0.007640303497212786
2014-11-03,238.45367431640625,0.021461608851177205
2014-11-05,243.57127380371094,-0.014162903776788971
2014-11-07,240.12159729003906,-0.001093882424097803
2014-11-10,239.8589324951172,0.0003101264393445824
2014-11-11,239.93331909179688,0.0020800965641012414
2014-11-12,240.43240356445312,-0.009741334918408895
2014-11-13,238.09027099609375,0.025208793113127737
2014-11-14,244.0922393798828,0.0547912964500652
2014-11-17,257.46636962890625,0.0017515229371629637
2014-11-18,257.9173278808594,-0.011966547692788265
2014-11-19,254.83094787597656,0.020786856712522006
2014-11-20,260.1280822753906,0.028273284562881473
2014-11-21,267.4827575683594,0.010965815256920308
2014-11-24,270.4159240722656,-0.014246378141311355
2014-11-25,266.5634765625,0.005912245705430363
2014-11-26,268.13946533203125,-0.0013062241461059276
2014-11-27,267.7892150878906,0.05084184841862327
2014-11-28,281.40411376953125,-0.005600338356260948
2014-12-01,279.8281555175781,-0.0028159939206551243
2014-12-02,279.0401611328125,-0.002353343129633534
2014-12-03,278.38348388671875,0.0073909759517303275
2014-12-04,280.4410095214844,-0.00858567683454936
2014-12-05,278.0332336425781,-0.014643283922352812
2014-12-08,273.9619140625,-0.02029422589533647
2014-12-09,268.4020690917969,0.030663903429664963
2014-12-10,276.63232421875,-0.006013555017006622
2014-12-11,274.9687805175781,-0.008597278388648766
2014-12-12,272.60479736328125,-0.002569543813895736
2014-12-15,271.9043273925781,-0.04814034854582516
2014-12-16,258.81475830078125,0.02080500969125465
2014-12-17,264.19940185546875,0.01772992136334639
2014-12-18,268.8836364746094,-0.009605847564670533
2014-12-19,266.30078125,0.011671936653807169
2014-12-22,269.4090270996094,-0.0016250575583697247
2014-12-23,268.9712219238281,-0.004720065434872689
2014-12-24,267.70166015625,0.006214170282697884
2014-12-26,269.3652038574219,-0.00032504172917213747
2014-12-29,269.27764892578125,0.007153243144308208
2014-12-30,271.203857421875,0.006779937183294615
2014-12-31,273.0426025390625,0.006894108232201379
2015-01-01,274.92498779296875,0.003981132992819658
2015-01-02,276.0195007324219,-0.007930471716460441
2015-01-05,273.8305358886719,-0.04108714716870698
2015-01-06,262.5796203613281,0.0008337779800560163
2015-01-07,262.7985534667969,0.015658808811546354
2015-01-08,266.9136657714844,-0.005412505300857129
2015-01-09,265.468994140625,0.012862678540061623
2015-01-12,268.8836364746094,-0.006512364003228299
2015-01-13,267.132568359375,-0.0013110334270112212
2015-01-14,266.7823486328125,0.051197768363119955
2015-01-15,280.4410095214844,-0.015141861502448783
2015-01-16,276.1946105957031,-0.007291324253384857
2015-01-19,274.1807861328125,0.015966642461630043
2015-01-20,278.55853271484375,0.025302794559831865
2015-01-21,285.6068420410156,-0.004751802187574983
2015-01-22,284.24969482421875,0.008624700916677108
2015-01-23,286.7012634277344,0.007940176869182691
2015-01-27,288.97772216796875,0.013785715447372615
2015-01-28,292.96148681640625,-0.02271368811018437
2015-01-29,286.3072509765625,-0.055198643830190575
2015-01-30,270.50347900390625,-0.0046934416142496715
2015-02-02,269.23388671875,-0.02341453251866643
2015-02-03,262.9299011230469,-0.024142822272907538
2015-02-04,256.58203125,-0.007677563846388069
2015-02-05,254.6121063232422,-0.0017196185196454161
2015-02-06,254.1742706298828,-0.03720279644713975
2015-02-09,244.71827697753906,0.02790703271640349
2015-02-10,251.54763793945312,-0.004698938322855617
2015-02-11,250.36563110351562,-0.005770369287788402
2015-02-12,248.92092895507812,0.07966943745593325
2015-02-13,268.7523193359375,-0.0008142871223404402
2015-02-16,268.5334777832031,-0.0032607120676008128
2015-02-18,267.6578674316406,-0.010958299037934993
2015-02-19,264.72479248046875,-0.00016554264440771238
2015-02-20,264.68096923828125,-0.01902083991981618
2015-02-23,259.6465148925781,-0.0010115070385304792
2015-02-24,259.3838806152344,-0.002363082683421891
2015-02-25,258.77093505859375,-0.020808533050546196
2015-02-26,253.38629150390625,0.036281871457438886
2015-02-27,262.5796203613281,0.007002386855084586
2015-03-02,264.4183044433594,0.001986967680267071
2015-03-03,264.9436950683594,-0.028916078982454407
2015-03-04,257.2825622558594,-0.00017033117908671347
2015-03-05,257.2387390136719,-0.010721422047338058
2015-03-09,254.48077392578125,-0.010493803324352902
2015-03-10,251.810302734375,-0.008518818807172646
2015-03-11,249.66517639160156,0.0059616587327619985
2015-03-12,251.15359497070312,-0.02126545951718639
2015-03-13,245.8126983642578,0.003205794117177918
2015-03-16,246.60072326660156,0.005148248353698426
2015-03-17,247.8702850341797,0.014835795685498754
2015-03-18,251.54763793945312,-0.019839948327692647
2015-03-19,246.55694580078125,-0.011896259743256032
2015-03-20,243.62384033203125,-0.012578625806175192
2015-03-23,240.55938720703125,-0.015286673897737413
2015-03-24,236.8820343017578,-0.01903525318144761
2015-03-25,232.3729248046875,-0.03296912847716349
2015-03-26,224.7117919921875,0.02707970387415748
2015-03-27,230.7969207763672,0.016312511045084355
2015-03-30,234.56179809570312,-0.003172796785270493
2015-03-31,233.8175811767578,0.02396565686268559
2015-04-01,239.42117309570312,0.004388266531792695
2015-04-06,240.47181701660156,-0.009466634254596262
2015-04-07,238.1953582763672,0.006800350869303529
2015-04-08,239.81517028808594,0.025374117322484846
2015-04-09,245.9002685546875,0.017447186900415357
2015-04-10,250.19053649902344,0.001924619584670717
2015-04-13,250.67205810546875,0.012923571424571234
2015-04-15,253.91163635253906,0.008275725881536244
2015-04-16,256.012939453125,-0.0022228428738858552
2015-04-17,255.44386291503906,-0.014053117870511223
2015-04-20,251.8540802001953,0.005388261579815534
2015-04-21,253.2111358642578,-0.018499021811214544
2015-04-22,248.5269775390625,-0.0218425041492033
2015-04-23,243.09852600097656,-0.007563660010024065
2015-04-24,241.2598114013672,-0.030847368160411337
2015-04-27,233.8175811767578,0.020408107328699465
2015-04-28,238.58935546875,-0.002201814866433005
2015-04-29,238.06402587890625,-0.00790724689849176
2015-04-30,236.1815948486328,0.02743275030353587
2015-05-04,242.66070556640625,-0.018401608450021922
2015-05-05,238.1953582763672,-0.024443941787161916
2015-05-06,232.3729248046875,-0.016767055456532565
2015-05-07,228.47671508789062,0.0038320493940942058
2015-05-08,229.3522491455078,0.05382690469035345
2015-05-11,241.69757080078125,-0.03133480960602508
2015-05-12,234.1240234375,0.02580406414368719
2015-05-13,240.16537475585938,0.02424368838661617
2015-05-14,245.9878692626953,0.023135822139746187
2015-05-15,251.6790008544922,0.008001074327779634
2015-05-18,253.6927032470703,-0.004486465630197944
2015-05-19,252.5545196533203,0.014387230866633516
2015-05-20,256.1880798339844,-0.00803148769632911
2015-05-21,254.13050842285156,-0.02687331988087205
2015-05-22,247.30117797851562,-0.01699406372380552
2015-05-25,243.09852600097656,-0.0018009999557485612
2015-05-26,242.66070556640625,0.012989300391649028
2015-05-27,245.8126983642578,0.0012626026710440552
2015-05-28,246.12306213378906,0.0019811008373815664
2015-05-29,246.61065673828125,0.00017992960718182793
2015-06-01,246.655029296875,-0.04295485791829945
2015-06-02,236.05999755859375,-0.03323941651775897
2015-06-03,228.2135009765625,0.0007770690416015746
2015-06-04,228.39083862304688,0.0007762652442018236
2015-06-05,228.56813049316406,-0.0110549519170976
2015-06-08,226.04132080078125,0.010394196131672473
2015-06-09,228.39083862304688,0.011645982962651402
2015-06-10,231.05067443847656,-0.02532621386267997
2015-06-11,225.19903564453125,-0.00019683380126245265
2015-06-12,225.1547088623047,-0.014569924285052771
2015-06-15,221.8742218017578,0.01738280469596165
2015-06-16,225.73101806640625,0.001963766809062406
2015-06-17,226.17430114746094,0.011760115105630575
2015-06-18,228.83413696289062,0.007942588568791153
2015-06-19,230.65167236328125,0.022487183768603147
2015-06-22,235.83837890625,0.006578780510023918
2015-06-23,237.38990783691406,-0.02016797594228148
2015-06-24,232.60223388671875,0.009338669703525815
2015-06-25,234.77442932128906,0.0015106416623180685
2015-06-26,235.12908935546875,-0.02092771823988182
2015-06-29,230.2083740234375,0.011939203559954148
2015-06-30,232.95687866210938,0.01902939805969206
2015-07-01,237.38990783691406,0.000373644109930904
2015-07-02,237.47860717773438,0.005786654045601081
2015-07-03,238.85281372070312,0.0051967431094139815
2015-07-06,240.0940704345703,0.007754719553245248
2015-07-07,241.9559326171875,-0.020336985514879946
2015-07-08,237.0352783203125,0.0014961043736381185
2015-07-09,237.38990783691406,0.010457471387750772
2015-07-10,239.87240600585938,0.011642923871956867
2015-07-13,242.66522216796875,-0.02009475009853301
2015-07-14,237.78892517089844,-0.0005594294307493808
2015-07-15,237.65589904785156,0.015482230292268806
2015-07-16,241.33534240722656,-0.004041058530478314
2015-07-17,240.36009216308594,-0.013463736805923276
2015-07-20,237.1239471435547,-0.011778003501252132
2015-07-21,234.3311004638672,0.016080225443268148
2015-07-22,238.0991973876953,0.005585658458700848
2015-07-23,239.42913818359375,-0.02518050212513645
2015-07-24,233.4001922607422,-0.018233649524732276
2015-07-27,229.1444549560547,0.002901936984170961
2015-07-28,229.80941772460938,-0.021604975569010643
2015-07-29,224.84439086914062,0.012618115203100633
2015-07-30,227.68150329589844,0.051596790769726786
2015-07-31,239.42913818359375,0.040733204564996406
2015-08-03,249.18185424804688,0.026863547956196054
2015-08-04,255.87576293945312,-0.01108803026332883
2015-08-05,253.03860473632812,0.012789014962065748
2015-08-06,256.27471923828125,-0.026812152505296116
2015-08-07,249.4034423828125,0.005154940035132727
2015-08-10,250.68910217285156,-0.0493369685767886
2015-08-11,238.32086181640625,-0.046316967286944344
2015-08-12,227.28256225585938,0.011507607489397609
2015-08-13,229.89804077148438,0.03548013957762719
2015-08-14,238.0548553466797,0.041899568641132756
2015-08-17,248.0292510986328,0.018051663980800825
2015-08-18,252.506591796875,-0.02387614851870934
2015-08-19,246.4777069091797,-0.026798776190149254
2015-08-20,239.87240600585938,-0.011273210308367365
2015-08-21,237.16827392578125,-0.08261680775857516
2015-08-24,217.57418823242188,0.032396092220586814
2015-08-25,224.62274169921875,-0.030195485649087694
2015-08-26,217.84014892578125,0.015262561104459893
2015-08-27,221.16494750976562,-0.002004309842250751
2015-08-28,220.72166442871094,-0.006426935237395348
2015-08-31,219.3031005859375,-0.033353654904925145
2015-09-01,211.98854064941406,-0.035759033709422794
2015-09-02,204.4080352783203,0.00737357220411794
2015-09-03,205.91525268554688,-0.03057052380380032
2015-09-04,199.6203155517578,-0.017987945101773595
2015-09-07,196.02955627441406,0.03279047478269814
2015-09-08,202.45745849609375,0.01445156453163543
2015-09-09,205.38328552246094,-0.018130684853691292
2015-09-10,201.6595458984375,0.011650837320936303
2015-09-11,204.00904846191406,0.02238155647255491
2015-09-14,208.57508850097656,-0.009989409018553164
2015-09-15,206.49154663085938,0.01674545154932927
2015-09-16,209.9493408203125,0.021959352406092147
2015-09-18,214.5596923828125,0.013429830235772044
2015-09-21,217.44119262695312,-0.029765633190659613
2015-09-22,210.9689178466797,0.00798499413317999
2015-09-23,212.65350341796875,-0.0033354955275586295
2015-09-24,211.94419860839844,0.0016732931484757518
2015-09-28,212.29884338378906,0.010231709891393104
2015-09-29,214.4710235595703,-0.019636054680943982
2015-09-30,210.25965881347656,-0.008433495454904016
2015-10-01,208.48643493652344,0.02062507725950713
2015-10-05,212.78648376464844,0.0004166315589442249
2015-10-06,212.87513732910156,0.014369092935015093
2015-10-07,215.9339599609375,-0.0010264673975411975
2015-10-08,215.71231079101562,0.0006164708272422548
2015-10-09,215.8452911376953,0.004518425009775173
2015-10-12,216.82057189941406,-0.003066880428962082
2015-10-13,216.15560913085938,0.0018457608350828103
2015-10-14,216.55458068847656,0.019242648790832595
2015-10-15,220.72166442871094,0.031532196375926747
2015-10-16,227.68150329589844,-0.008956169136340675
2015-10-19,225.64234924316406,0.0013751972332134432
2015-10-20,225.95265197753906,-0.01981559603493588
2015-10-21,221.4752655029297,0.014411555038742696
2015-10-23,224.6670684814453,-0.008484641275226745
2015-10-26,222.76084899902344,-0.00975124419004092
2015-10-27,220.58865356445312,-0.027130152821243425
2015-10-28,214.6040496826172,-0.021070169836503005
2015-10-29,210.08230590820312,0.00042213970209381557
2015-10-30,210.17098999023438,-0.0006327971594696224
2015-11-02,210.03799438476562,-0.0040101561563524735
2015-11-03,209.19570922851562,0.012926472572639458
2015-11-04,211.89987182617188,-0.021338914544248744
2015-11-05,207.37815856933594,0.03890554852257799
2015-11-06,215.44631958007812,0.012757188821975962
2015-11-09,218.19480895996094,-0.019910605984846397
2015-11-10,213.8504180908203,-0.003938664996634644
2015-11-13,213.0081329345703,0.03350673485055311
2015-11-16,220.1453399658203,-0.0018121711779182093
2015-11-17,219.74639892578125,-0.02763778270017292
2015-11-18,213.673095703125,0.012033180797641707
2015-11-19,216.2442626953125,-0.0038950635996145566
2015-11-20,215.4019775390625,-0.0010290024838870426
2015-11-23,215.18032836914062,-0.005356381316826253
2015-11-24,214.02774047851562,0.004556724753292274
2015-11-26,215.0030059814453,0.029690775381913337
2015-11-27,221.38661193847656,-0.00420510513865624
2015-11-30,220.45565795898438,0.0062336904031359275
2015-12-01,221.8299102783203,-0.022381996781503766
2015-12-02,216.8649139404297,-0.014309135386072147
2015-12-03,213.7617645263672,0.0
2015-12-04,213.7617645263672,-0.010161758532370113
2015-12-07,211.58956909179688,-0.011313695063307594
2015-12-08,209.19570922851562,-0.006569072601086079
2015-12-09,207.8214874267578,-0.010452291147829085
2015-12-10,205.64927673339844,-0.020047514990060078
2015-12-11,201.52651977539062,-0.00593916580009668
2015-12-14,200.32962036132812,0.0019914993005454296
2015-12-15,200.72857666015625,0.003975234261663463
2015-12-16,201.52651977539062,0.015838053092386728
2015-12-17,204.7183074951172,-0.019055680953315446
2015-12-18,200.8172607421875,0.0174391144584356
2015-12-21,204.3193359375,-0.009112585614392321
2015-12-22,202.45745849609375,0.005693063411819521
2015-12-23,203.6100616455078,-0.005878390313276083
2015-12-24,202.4131622314453,0.00262804996687227
2015-12-28,202.9451141357422,-0.0030580717854776784
2015-12-29,202.32449340820312,-0.010517108514640605
2015-12-30,200.19662475585938,-0.005978771785489778
2015-12-31,198.99969482421875,0.014925418911910127
2016-01-01,201.9698486328125,-0.031167782890319184
2016-01-04,195.67489624023438,-0.013366526951944624
2016-01-05,193.0594024658203,-0.004133148166019285
2016-01-06,192.26145935058594,-0.03366384268249156
2016-01-07,185.78919982910156,-0.002863283568556585
2016-01-08,185.25723266601562,-0.022254064692104114
2016-01-11,181.13450622558594,-0.023984420298797993
2016-01-12,176.79010009765625,0.007522538182769711
2016-01-13,178.12001037597656,-0.024141301244304025
2016-01-14,173.81996154785156,-0.05993373108726574
2016-01-15,163.40228271484375,-0.017905574628256593
2016-01-18,160.47647094726562,0.010773428813160013
2016-01-19,162.20535278320312,-0.050833420348833425
2016-01-20,153.95989990234375,0.011229429462048968
2016-01-21,155.68878173828125,0.05125283978979178
2016-01-22,163.66827392578125,-0.0089383306091535
2016-01-25,162.20535278320312,0.00792574802757029
2016-01-27,163.49095153808594,0.004609622640928235
2016-01-28,164.2445831298828,-0.028880057131533632
2016-01-29,159.50119018554688,-0.03974411345183759
2016-02-01,153.16195678710938,-0.019392342130436835
2016-02-02,150.19178771972656,-0.01977563883417699
2016-02-03,147.22164916992188,-0.019271234633850165
2016-02-04,144.38450622558594,0.03285218955943758
2016-02-05,149.1278533935547,0.023484016513249495
2016-02-08,152.62997436523438,-0.029625429306597284
2016-02-09,148.10824584960938,-0.04818922976973394
2016-02-10,140.9710235595703,-0.029874082620271247
2016-02-11,136.7596435546875,0.003565786126471071
2016-02-12,137.24729919433594,0.08430243837468065
2016-02-15,148.8175811767578,-0.06821585231647298
2016-02-16,138.66586303710938,0.016304183962200902
2016-02-17,140.92669677734375,0.005347901615587736
2016-02-18,141.68035888671875,0.03066321714942255
2016-02-19,146.0247344970703,0.0015177833529103069
2016-02-22,146.24636840820312,-0.03910270040843444
2016-02-23,140.52774047851562,-0.013880042468608411
2016-02-24,138.57720947265625,-0.02879067092015719
2016-02-25,134.5874786376953,0.027008868720823864
2016-02-26,138.2225341796875,0.018281177830629103
2016-02-29,140.74940490722656,0.020787382863228787
2016-03-01,143.6752166748047,0.11786468822573393
2016-03-02,160.6094512939453,0.008832665871850276
2016-03-03,162.02806091308594,0.03091639245626876
2016-03-04,167.03738403320312,-0.026804514348364394
2016-03-08,162.56002807617188,0.00027258560398824017
2016-03-09,162.60433959960938,-0.015812506955888983
2016-03-10,160.0331573486328,-0.002215879906936835
2016-03-11,159.6785430908203,0.009161472773257628
2016-03-14,161.1414337158203,0.019532382973827644
2016-03-15,164.28890991210938,-0.0005396198958319554
2016-03-16,164.20025634765625,0.006209443930449865
2016-03-17,165.2198486328125,0.026294513923726948
2016-03-18,169.56422424316406,0.029019683221536363
2016-03-21,174.48492431640625,0.0035569605154119888
2016-03-22,175.10556030273438,-0.004556926198430511
2016-03-23,174.3076171875,-0.04221772736440488
2016-03-28,166.94874572753906,0.006372728724294507
2016-03-29,168.01266479492188,0.0424801727891273
2016-03-30,175.14987182617188,-0.016704618376665814
2016-03-31,172.22406005859375,0.00720713153932051
2016-04-01,173.46530151367188,-0.004855640574225273
2016-04-04,172.62301635742188,-0.05315856364462124
2016-04-05,163.44662475585938,-0.002712190236451195
2016-04-06,163.00332641601562,-0.010334576290797037
2016-04-07,161.31875610351562,0.006320357965703627
2016-04-08,162.33834838867188,0.028126969756385067
2016-04-11,166.90443420410156,-0.002390602005860387
2016-04-12,166.50543212890625,0.021831728081670887
2016-04-13,170.14053344726562,-0.026836873886243673
2016-04-18,165.57449340820312,0.0029451419166184323
2016-04-20,166.0621337890625,0.037640190505453974
2016-04-21,172.312744140625,0.0298430276299142
2016-04-22,177.455078125,-0.015488453008573932
2016-04-25,174.70657348632812,0.019791834977208822
2016-04-26,178.16433715820312,-0.02388649779062979
2016-04-27,173.9086151123047,-0.02090227707938963
2016-04-28,170.27352905273438,-0.015881375522602936
2016-04-29,167.56935119628906,-0.015872953721262184
2016-05-02,164.90953063964844,-0.010483820002588962
2016-05-03,163.18064880371094,-0.02227664005381602
2016-05-04,159.5455322265625,0.0022228436637574678
2016-05-05,159.90017700195312,0.022179135885902923
2016-05-06,163.44662475585938,0.023596297783774922
2016-05-09,167.30335998535156,0.004239632782225167
2016-05-10,168.01266479492188,-0.02374669849216382
2016-05-11,164.02291870117188,0.01891881281626162
2016-05-12,167.12603759765625,-0.019363317341034803
2016-05-13,163.88992309570312,-0.043548785040812055
2016-05-16,156.75271606445312,0.00028278158962380395
2016-05-17,156.7970428466797,0.01752896183488839
2016-05-18,159.5455322265625,-0.04028892185674493
2016-05-19,153.11761474609375,-0.007817161940606998
2016-05-20,151.92066955566406,-0.017216080756323193
2016-05-23,149.30519104003906,0.006532128956301397
2016-05-24,150.2804718017578,0.03303830189746315
2016-05-25,155.2454833984375,0.051684619322189373
2016-05-26,163.269287109375,0.06380682047578246
2016-05-27,173.68698120117188,0.015058575476049274
2016-05-30,176.30245971679688,0.0306764889315172
2016-05-31,181.71080017089844,-0.03269099916791218
2016-06-01,175.77049255371094,0.011601664858830407
2016-06-02,177.80972290039062,-0.0068199109958364534
2016-06-03,176.59707641601562,0.011698829028399915
2016-06-06,178.66305541992188,0.05656100481840176
2016-06-07,188.76841735839844,0.002617223151940795
2016-06-08,189.26246643066406,-0.003559558366768134
2016-06-09,188.58877563476562,-0.01905220936304597
2016-06-10,184.99574279785156,-0.020150395735490934
2016-06-13,181.26800537109375,0.029236808035300932
2016-06-14,186.5677032470703,0.04020225566560165
2016-06-15,194.06814575195312,-0.00023155337324909375
2016-06-16,194.02320861816406,-0.011805429670311951
2016-06-17,191.73268127441406,0.011478112940836782
2016-06-20,193.93341064453125,-0.008800499149463126
2016-06-21,192.22669982910156,-0.0051401164761791795
2016-06-22,191.23863220214844,0.021841272830200875
2016-06-23,195.41552734375,-0.028958786739994635
2016-06-24,189.75653076171875,0.027928935329406324
2016-06-27,195.0562286376953,-0.00575638112664234
2016-06-28,193.93341064453125,0.006021344461911493
2016-06-29,195.1011505126953,0.007366408759979182
2016-06-30,196.53834533691406,0.0036564260702185436
2016-07-01,197.25697326660156,0.01548257879193815
2016-07-04,200.31101989746094,0.002242149221223677
2016-07-05,200.76014709472656,-0.015436249721346385
2016-07-07,197.66116333007812,-0.007952803791778318
2016-07-08,196.08920288085938,0.029317475146880767
2016-07-11,201.83804321289062,0.008900744183135023
2016-07-12,203.63455200195312,0.004411184862732398
2016-07-13,204.53282165527344,0.018884439972566947
2016-07-14,208.3953094482422,-0.0021550961951382064
2016-07-15,207.94619750976562,-0.011879178999765316
2016-07-18,205.47596740722656,0.0037160796618287417
2016-07-19,206.23953247070312,0.00675075691134297
2016-07-20,207.63180541992188,-0.02379411197970982
2016-07-21,202.69139099121094,-0.009528001594148239
2016-07-22,200.76014709472656,0.028635366208008994
2016-07-25,206.5089874267578,-0.013919178339994343
2016-07-26,203.63455200195312,0.011248450214358607
2016-07-27,205.9251251220703,0.007633428276028642
2016-07-28,207.49703979492188,-0.006926338928204379
2016-07-29,206.05984497070312,-0.009154243621568137
2016-08-01,204.17352294921875,0.003299599214272142
2016-08-02,204.8472137451172,-0.006139055232353474
2016-08-03,203.5896453857422,-0.004412082907405801
2016-08-04,202.69139099121094,0.03146470346140795
2016-08-05,209.0690155029297,0.002148151591933267
2016-08-08,209.51812744140625,0.008145813335974639
2016-08-09,211.22482299804688,-0.015521970579715272
2016-08-10,207.94619750976562,-0.018790557238125505
2016-08-11,204.0387725830078,0.07109842778336795
2016-08-12,218.5456085205078,0.0141800321938641
2016-08-16,221.64459228515625,-0.002026270678865738
2016-08-17,221.1954803466797,0.008730799453404048
2016-08-18,223.12669372558594,0.04066025245043181
2016-08-19,232.19908142089844,-0.01431328704728052
2016-08-22,228.87554931640625,-0.00019620538910802843
2016-08-23,228.8306427001953,-0.0013739072972654975
2016-08-24,228.51625061035156,-0.016706017297896003
2016-08-25,224.6986541748047,-0.014191369992810565
2016-08-26,221.50987243652344,0.009935061074800577
2016-08-29,223.71058654785156,0.01284876568240434
2016-08-30,226.58499145507812,0.0009910115334725855
2016-08-31,226.80953979492188,-0.0019801280796329923
2016-09-01,226.3604278564453,0.010317459193972534
2016-09-02,228.69589233398438,0.021602549911548197
2016-09-06,233.6363067626953,0.025759246803189306
2016-09-07,239.65460205078125,0.005809625414586739
2016-09-08,241.04690551757812,-0.015837503362927108
2016-09-09,237.2293243408203,-0.04297616121786618
2016-09-12,227.03411865234375,0.018991044235235455
2016-09-14,231.34573364257812,-0.00601814836736847
2016-09-15,229.95346069335938,-0.006640641848200013
2016-09-16,228.42642211914062,0.005308629423585121
2016-09-19,229.63905334472656,-0.004693937556583649
2016-09-20,228.56114196777344,-0.012969104778341789
2016-09-21,225.59690856933594,0.026876330892727784
2016-09-22,231.66012573242188,-0.012989592070334455
2016-09-23,228.6509552001953,-0.011392558720399903
2016-09-26,226.04603576660156,-0.01053047042243993
2016-09-27,223.66566467285156,0.019076346112637754
2016-09-28,227.93238830566406,-0.025615792764880574
2016-09-29,222.09371948242188,0.01617800289574789
2016-09-30,225.68675231933594,0.01611935196439207
2016-10-03,229.32467651367188,0.017430475515971766
2016-10-04,233.32191467285156,0.004234978976174419
2016-10-05,234.31002807617188,-0.015526374433746049
2016-10-06,230.6720428466797,0.007398862880683366
2016-10-07,232.37875366210938,-0.00811751182303122
2016-10-10,230.49241638183594,-0.02708507620807743
2016-10-13,224.24951171875,0.00981382127452024
2016-10-14,226.45025634765625,0.004363355121246748
2016-10-17,227.43833923339844,0.014612825862628798
2016-10-18,230.76185607910156,-0.005838707909148089
2016-10-19,229.4145050048828,0.01879406120781968
2016-10-20,233.72613525390625,-0.006533517663092847
2016-10-21,232.19908142089844,0.0172147684371029
2016-10-24,236.1963348388672,-0.005704498305259764
2016-10-25,234.8489532470703,-0.010327098307257754
2016-10-26,232.42364501953125,-0.012946789533378023
2016-10-27,229.4145050048828,0.010180041661708827
2016-10-28,231.7499542236328,0.0036823234712484165
2016-11-01,232.60333251953125,-0.03050789129180398
2016-11-02,225.50709533691406,-0.02150974978876885
2016-11-03,220.656494140625,-0.011398218539536598
2016-11-04,218.1414031982422,0.0405599003645396
2016-11-07,226.98919677734375,-0.0001979031409325982
2016-11-08,226.94427490234375,0.02909160345377071
2016-11-09,233.54644775390625,0.08192313974532373
2016-11-10,252.67930603027344,-0.029505680424111946
2016-11-11,245.2238311767578,0.019047614306748617
2016-11-15,249.89476013183594,-0.003594469669025102
2016-11-16,248.99652099609375,0.0009018131616678193
2016-11-17,249.2210693359375,-0.0059471796647661
2016-11-18,247.73890686035156,-0.06689617159395178
2016-11-21,231.16612243652344,0.0
2016-11-22,231.16612243652344,0.005051320147992255
2016-11-23,232.3338165283203,0.011985436446542375
2016-11-24,235.11843872070312,-0.0030563209589997697
2016-11-25,234.39984130859375,-0.028357996951885567
2016-11-28,227.7527313232422,-0.0033524715223492985
2016-11-29,226.98919677734375,0.0223586182381188
2016-11-30,232.06436157226562,-0.01045101544721172
2016-12-01,229.63905334472656,-0.006062875320813621
2016-12-02,228.2467803955078,0.011019106947469881
2016-12-05,230.76185607910156,0.008563724802057582
2016-12-06,232.738037109375,-0.013508148054904301
2016-12-07,229.59417724609375,0.016822909286856813
2016-12-08,233.4566192626953,0.025971755341062108
2016-12-09,239.5198974609375,-0.011250877227853007
2016-12-12,236.82508850097656,0.009482319881442436
2016-12-13,239.07073974609375,-0.012211078304848022
2016-12-14,236.15142822265625,0.00950924050910995
2016-12-15,238.3970489501953,-0.0024490531592964437
2016-12-16,237.81320190429688,-0.01284240060169417
2016-12-19,234.7591094970703,-0.026018816947979695
2016-12-20,228.6509552001953,0.0031429704190273355
2016-12-21,229.36959838867188,-0.02173488151849201
2016-12-22,224.38427734375,-0.002602132245576594
2016-12-23,223.80039978027344,-0.019867616946170896
2016-12-26,219.35401916503906,0.018632354787648575
2016-12-27,223.44110107421875,-0.004020094737328006
2016-12-28,222.5428466796875,-0.00040371439181463575
2016-12-29,222.4530029296875,0.010296748402461642
2016-12-30,224.74354553222656,-0.02637867203375044
2017-01-02,218.8151092529297,0.005336441783127199
2017-01-03,219.98280334472656,-0.008166587395684988
2017-01-04,218.18629455566406,0.010086539273184147
2017-01-05,220.3870391845703,0.0022415953157470803
2017-01-06,220.8810577392578,0.004676815794456557
2017-01-09,221.91407775878906,0.005059628238616831
2017-01-10,223.03688049316406,0.015505497215731578
2017-01-11,226.49517822265625,-0.003569285269841793
2017-01-12,225.68675231933594,-0.001393113886401065
2017-01-13,225.37234497070312,0.019330396840840036
2017-01-16,229.7288818359375,0.0009775821639277371
2017-01-17,229.95346069335938,0.009179687370398426
2017-01-18,232.06436157226562,0.00019337781264106013
2017-01-19,232.10923767089844,-0.0284441170900116
2017-01-20,225.50709533691406,0.012347997977918856
2017-01-23,228.29165649414062,0.0029510092757845108
2017-01-24,228.96534729003906,0.016869511544221227
2017-01-25,232.827880859375,0.027970769024277864
2017-01-27,239.3402557373047,-0.009382800046642048
2017-01-30,237.09457397460938,-0.013638876500090436
2017-01-31,233.86087036132812,0.039754263029851966
2017-02-01,243.1578369140625,0.009604600820603437
2017-02-02,245.49327087402344,0.015550655067514407
2017-02-03,249.31085205078125,-0.0018015971272372644
2017-02-06,248.8616943359375,0.0030682305909475183
2017-02-07,249.62525939941406,-0.002518729093494043
2017-02-08,248.99652099609375,-0.00487019552848722
2017-02-09,247.7838592529297,0.001812391744371089
2017-02-10,248.23294067382812,-0.01700741950827489
2017-02-13,244.01113891601562,-0.005337580919480223
2017-02-14,242.70870971679688,-0.004626132847416753
2017-02-15,241.58590698242188,0.005762992170445624
2017-02-16,242.97816467285156,-0.0042513048222043714
2017-02-17,241.9451904296875,0.0011137024694565234
2017-02-20,242.2146453857422,0.0038940317866338336
2017-02-21,243.1578369140625,0.005910542890405379
2017-02-22,244.59503173828125,-0.0067939173213855675
2017-02-23,242.9332733154297,-0.008134728775899602
2017-02-27,240.9570770263672,0.0035416195549426988
2017-02-28,241.81045532226562,0.009472345113896496
2017-03-01,244.10096740722656,-0.01637534747050473
2017-03-02,240.10372924804688,-0.008417560413634506
2017-03-03,238.0826416015625,0.018109997421006163
2017-03-06,242.39431762695312,-0.007596902191764898
2017-03-07,240.55287170410156,0.007841674335086646
2017-03-08,242.439208984375,0.012411936283962977
2017-03-09,245.44834899902344,-0.004391539493176055
2017-03-10,244.37045288085938,0.009557065717260338
2017-03-14,246.70591735839844,0.009830951887476846
2017-03-15,249.1312713623047,0.007030534020592949
2017-03-16,250.88279724121094,-0.018438917020007772
2017-03-17,246.2567901611328,-0.0009119082502694331
2017-03-20,246.0322265625,-0.005659090863985861
2017-03-21,244.63990783691406,-0.01780795661572354
2017-03-22,240.2833709716797,0.0037383762750113902
2017-03-23,241.181640625,0.02979518008260107
2017-03-24,248.36769104003906,0.010669025820136069
2017-03-27,251.0175323486328,0.009483009370126583
2017-03-28,253.39793395996094,0.022509787774045442
2017-03-29,259.10186767578125,0.009013515503077052
2017-03-30,261.4372863769531,0.008074331805298485
2017-03-31,263.5482177734375,-0.0008521357469961632
2017-04-03,263.3236389160156,0.014327255591846999
2017-04-05,267.0963439941406,-0.015133772452749938
2017-04-06,263.0541687011719,-0.011610069376649657
2017-04-07,260.0000915527344,-0.0003454353876781724
2017-04-10,259.9102783203125,0.01779859429781827
2017-04-11,264.53631591796875,-0.014770787346945702
2017-04-12,260.62890625,0.004825012926964467
2017-04-13,261.8864440917969,-0.005659503384899733
2017-04-17,260.404296875,0.001379831166980372
2017-04-18,260.76361083984375,-0.021529481074939794
2017-04-19,255.14950561523438,0.0026403766461313705
2017-04-20,255.8231964111328,-0.009129034168655403
2017-04-21,253.48777770996094,0.013642737504571123
2017-04-24,256.946044921875,0.0
2017-04-25,256.946044921875,0.001398402395931031
2017-04-26,257.30535888671875,-0.015360589758594778
2017-04-27,253.35299682617188,0.02730023147794025
2017-04-28,260.26959228515625,-0.005004506060493075
2017-05-02,258.9670715332031,0.005203024853305482
2017-05-03,260.3144836425781,0.031918578989294843
2017-05-04,268.62335205078125,-0.010198869607202732
2017-05-05,265.8836975097656,0.011486400480598125
2017-05-08,268.937744140625,-0.00968595703038122
2017-05-09,266.33282470703125,-0.00691402070356173
2017-05-10,264.49139404296875,0.012395847443605224
2017-05-11,267.7699890136719,-0.0006709377069612499
2017-05-12,267.59033203125,0.011749007800738953
2017-05-15,270.7342529296875,0.02023892454646492
2017-05-16,276.213623046875,0.0004877931288675974
2017-05-17,276.3483581542969,-0.015276880061285136
2017-05-18,272.1266174316406,0.01666931141426331
2017-05-19,276.66278076171875,-0.04448069346324146
2017-05-22,264.35662841796875,-0.01851845866025248
2017-05-23,259.4611511230469,-0.01973342109283871
2017-05-24,254.34109497070312,0.024545462944531637
2017-05-25,260.5840148925781,0.003304321898454976
2017-05-26,261.445068359375,-0.015427279832735508
2017-05-29,257.41168212890625,0.01707733116329302
2017-05-30,261.8075866699219,-0.0019042043914431206
2017-05-31,261.3090515136719,-0.0029481785561001894
2017-06-01,260.5386657714844,-0.0013915355981863886
2017-06-02,260.1761169433594,0.0006966200380484899
2017-06-05,260.35736083984375,0.00017406307764611384
2017-06-06,260.4026794433594,0.011312248216456933
2017-06-07,263.3484191894531,-0.006711358065293327
2017-06-08,261.58099365234375,-0.00017336550511781734
2017-06-09,261.53564453125,-0.012476079346557811
2017-06-12,258.272705078125,-0.003860296724124024
2017-06-13,257.27569580078125,0.0012331547338741977
2017-06-14,257.59295654296875,-0.0007037242651946052
2017-06-15,257.41168212890625,0.006866143457406437
2017-06-16,259.1791076660156,0.010141554338914505
2017-06-19,261.8075866699219,0.0043277054628494405
2017-06-20,262.94061279296875,0.00275764800480216
2017-06-21,263.66571044921875,0.012375289329681127
2017-06-22,266.92864990234375,-0.018845468666075615
2017-06-23,261.89825439453125,-0.032185539255841555
2017-06-27,253.4689178466797,-0.011621820492616508
2017-06-28,250.5231475830078,-0.014290834883180503
2017-06-29,246.94296264648438,0.004404567719997088
2017-06-30,248.0306396484375,0.004385068018723626
2017-07-03,249.11827087402344,-0.006730770114199758
2017-07-04,247.44151306152344,0.006959590787728898
2017-07-05,249.16360473632812,0.02218977724915372
2017-07-06,254.69248962402344,-0.0032027027844726552
2017-07-07,253.8767852783203,0.019457245909967114
2017-07-10,258.8165283203125,-0.007003973634873706
2017-07-11,257.0037841796875,0.014459538087039148
2017-07-12,260.7199401855469,0.00382406223564713
2017-07-13,261.7169494628906,0.009870287120678611
2017-07-14,264.3001708984375,0.004800828765898935
2017-07-17,265.56903076171875,-0.006825771882540521
2017-07-18,263.7563171386719,0.007903487390091612
2017-07-19,265.8409118652344,-0.008011869947164962
2017-07-20,263.7110290527344,-0.0010310968868858517
2017-07-21,263.4391174316406,0.013418094885380816
2017-07-24,266.9739685058594,0.005262223567514379
2017-07-25,268.37884521484375,-0.0010132771025755938
2017-07-26,268.1069030761719,0.00862096538922219
2017-07-27,270.4182434082031,0.0025136933314449106
2017-07-28,271.0979919433594,0.044801059601575544
2017-07-31,283.24346923828125,-0.011200020859097437
2017-08-01,280.0711364746094,-0.004207087193053405
2017-08-02,278.8928527832031,-0.023236957394990432
2017-08-03,272.4122314453125,0.015638100180094927
2017-08-04,276.6722412109375,0.019492177141926748
2017-08-07,282.065185546875,-0.024260952845874706
2017-08-08,275.2220153808594,-0.004446095376435588
2017-08-09,273.99835205078125,-0.01852439271324957
2017-08-10,268.9226989746094,-0.055780436785545784
2017-08-11,253.9220733642578,-0.0069603835385979584
2017-08-14,252.15467834472656,0.017613271941068875
2017-08-16,256.595947265625,-0.0079480160644404
2017-08-17,254.5565185546875,-0.0076550943808813
2017-08-18,252.6078643798828,-0.014531882959912368
2017-08-21,248.93699645996094,-0.0027307273020935607
2017-08-22,248.25721740722656,0.018620037081006346
2017-08-23,252.87977600097656,0.004659401598855473
2017-08-24,254.05804443359375,-0.0033892598343250313
2017-08-28,253.1969757080078,-0.008412381775364408
2017-08-29,251.06698608398438,-0.0014440930389501005
2017-08-30,250.7044219970703,0.004157779304103215
2017-08-31,251.74679565429688,0.00036003321033617475
2017-09-01,251.83743286132812,-0.0003599036330756977
2017-09-04,251.74679565429688,-0.004320519747336715
2017-09-05,250.65911865234375,-0.00831663541361527
2017-09-06,248.57447814941406,-0.00018225259915594094
2017-09-07,248.5291748046875,-0.008752912029808213
2017-09-08,246.35382080078125,-0.0031272754660811586
2017-09-11,245.58340454101562,0.009226909922449567
2017-09-12,247.84938049316406,-0.00018297048394277926
2017-09-13,247.8040313720703,0.0029262777873391155
2017-09-14,248.5291748046875,-0.009846995335349384
2017-09-15,246.0819091796875,-0.004051658239508593
2017-09-18,245.08486938476562,-0.009615311580548291
2017-09-19,242.72830200195312,0.008401790809609677
2017-09-20,244.7676544189453,-0.00573963382669751
2017-09-21,243.36277770996094,-0.024767222418576984
2017-09-22,237.33535766601562,-0.011838876276921484
2017-09-25,234.52557373046875,-0.0019323523142814603
2017-09-26,234.0723876953125,-0.03039692916009784
2017-09-27,226.95730590820312,0.008586330635851791
2017-09-28,228.90603637695312,0.0051474557423460965
2017-09-29,230.08432006835938,-0.010045225066228736
2017-10-03,227.7730712890625,0.007560625686994671
2017-10-04,229.49517822265625,-0.006319066586632283
2017-10-05,228.04498291015625,0.020468973358324316
2017-10-06,232.71282958984375,0.0003894153511085907
2017-10-09,232.80345153808594,0.0003893948531321634
2017-10-10,232.89410400390625,-0.02023737485052035
2017-10-11,228.18093872070312,-0.002184756975126323
2017-10-12,227.6824188232422,0.003582774934917321
2017-10-13,228.49815368652344,-0.00019826569272285433
2017-10-16,228.45285034179688,-0.0035708260135028924
2017-10-17,227.6370849609375,-0.029464439407272502
2017-10-18,220.9298858642578,-0.004102532650876345
2017-10-19,220.0235137939453,0.01318225417718466
2017-10-23,222.92391967773438,0.034559878742263184
2017-10-24,230.62814331054688,0.27687180859953453
2017-10-25,294.4825744628906,-0.01354262687436425
2017-10-26,290.4945068359375,-0.02948526535141993
2017-10-27,281.92919921875,0.003054147882457503
2017-10-30,282.7902526855469,-0.019871750529408705
2017-10-31,277.17071533203125,0.0459451484365796
2017-11-01,289.9053649902344,-0.01719563700396831
2017-11-02,284.9202575683594,0.03387938669705992
2017-11-03,294.57318115234375,0.012307805151247742
2017-11-06,298.19873046875,-0.035866187116328385
2017-11-07,287.50347900390625,-0.024117511315780993
2017-11-08,280.5696105957031,0.013406564600452198
2017-11-09,284.3310852050781,0.06327717804120891
2017-11-10,302.32275390625,-0.007495372740678019
2017-11-13,300.0567321777344,-0.005890101145626825
2017-11-14,298.28936767578125,-0.01261025545852379
2017-11-15,294.5278625488281,0.026004112074813568
2017-11-16,302.1867980957031,0.012297444864233675
2017-11-17,305.9029235839844,-0.013333330673005461
2017-11-20,301.82421875,-0.00705690171742146
2017-11-21,299.69427490234375,0.014062894905717549
2017-11-22,303.9088439941406,-0.001043632640908787
2017-11-23,303.5916748046875,-0.007613218695605162
2017-11-24,301.2803649902344,0.00977740366913471
2017-11-27,304.2261047363281,-0.01087433985820474
2017-11-28,300.9178466796875,-0.009337277429608881
2017-11-29,298.10809326171875,-0.02599584824791268
2017-11-30,290.3585205078125,-0.023723974898018474
2017-12-01,283.4700622558594,0.0027178046726861194
2017-12-04,284.240478515625,0.0175382370953292
2017-12-05,289.2255554199219,-0.020996496591924596
2017-12-06,283.15283203125,0.01280410572912083
2017-12-07,286.7783508300781,-0.010429861044084277
2017-12-08,283.78729248046875,0.016927368137834575
2017-12-11,288.591064453125,0.0001572454738258955
2017-12-12,288.6364440917969,-0.016172274189184432
2017-12-13,283.9685363769531,0.0022344781308190065
2017-12-14,284.6030578613281,-0.005573312010575315
2017-12-15,283.0168762207031,0.02129687228572852
2017-12-18,289.04425048828125,0.002822391025109061
2017-12-19,289.86004638671875,-0.007192149531687009
2017-12-20,287.77532958984375,-0.002362080641607034
2017-12-21,287.0955810546875,0.00978692853865848
2017-12-22,289.9053649902344,-0.008441496443173158
2017-12-26,287.4581298828125,-0.007252138877222647
2017-12-27,285.3734436035156,-0.020486108771818334
2017-12-28,279.5272521972656,0.004863885765554521
2017-12-29,280.8868408203125,-0.009034995273845325
2018-01-01,278.3490295410156,-0.012536754705463005
2018-01-02,274.85943603515625,-0.0013189225582944664
2018-01-03,274.4969177246094,0.018656066367861657
2018-01-04,279.6179504394531,-0.0069692609708615905
2018-01-05,277.6692199707031,-0.0017953183241716797
2018-01-08,277.17071533203125,-0.0049052390741142204
2018-01-09,275.8111267089844,-0.010515747287027088
2018-01-10,272.9107666015625,0.003653242742157392
2018-01-11,273.90777587890625,0.0001654520517726521
2018-01-12,273.9530944824219,0.0011579727734367662
2018-01-15,274.27032470703125,-0.02131532419672666
2018-01-16,268.4241638183594,0.036974561386255544
2018-01-17,278.3490295410156,-0.012536754705463005
2018-01-18,274.85943603515625,0.019785614850630573
2018-01-19,280.2976989746094,-0.00889241403863672
2018-01-22,277.80517578125,0.037846584467742916
2018-01-23,288.31915283203125,0.03709528790358485
2018-01-24,299.0144348144531,-0.05077298110195794
2018-01-25,283.83258056640625,-0.0033528925902407414
2018-01-29,282.88092041015625,0.004645910724723201
2018-01-30,284.1951599121094,-0.0009567778043012565
2018-01-31,283.9232482910156,-0.02298487348495426
2018-02-01,277.3973083496094,-0.028426618759251454
2018-02-02,269.5118408203125,0.0023538832732972192
2018-02-05,270.146240234375,-0.02113723307055726
2018-02-06,264.43609619140625,0.003598828488078798
2018-02-07,265.38775634765625,0.029371706761070815
2018-02-08,273.1826477050781,-0.016589234005935705
2018-02-09,268.6507568359375,-0.025809744423244907
2018-02-12,261.7169494628906,-0.04346316048582888
2018-02-14,250.34190368652344,0.009051463857991493
2018-02-15,252.6078643798828,-0.02529618254017585
2018-02-16,246.2178497314453,-0.011595715032839626
2018-02-19,243.36277770996094,0.004283083672272481
2018-02-20,244.40512084960938,0.013535960478816333
2018-02-21,247.71337890625,-0.002561329996826456
2018-02-22,247.0789031982422,0.01265587171098237
2018-02-23,250.20590209960938,-0.005795702684812665
2018-02-26,248.7557830810547,-0.02495917947102333
2018-02-27,242.5470428466797,0.0014946938337445648
2018-02-28,242.90957641601562,-0.021828316557702676
2018-03-01,237.60726928710938,0.005149619537331285
2018-03-05,238.8308563232422,-0.026375702712857718
2018-03-06,232.53152465820312,-0.03858887213529649
2018-03-07,223.5583953857422,0.04115138477780844
2018-03-08,232.7581329345703,-0.013823881507564195
2018-03-09,229.54051208496094,-0.0015794546454214187
2018-03-12,229.17796325683594,0.007316533868480857
2018-03-13,230.85475158691406,0.009226535773605438
2018-03-14,232.9847412109375,-0.013032448728420798
2018-03-15,229.94837951660156,-0.005518418606311637
2018-03-16,228.67942810058594,-0.017241380460787492
2018-03-19,224.73667907714844,0.004638132069574974
2018-03-20,225.77903747558594,-0.004415998075240624
2018-03-21,224.78199768066406,-0.02600800078037846
2018-03-22,218.9358673095703,-0.02794451784515406
2018-03-23,212.81781005859375,0.04982968658718412
2018-03-26,223.42245483398438,0.031845798729618346
2018-03-27,230.5375213623047,-0.01749570622696206
2018-03-28,226.5041046142578,-0.01500588816904791
2018-04-02,223.10520935058594,0.017672151335748953
2018-04-03,227.04795837402344,-0.012774419574436924
2018-04-04,224.14755249023438,0.04852395557332767
2018-04-05,235.02407836914062,0.0015427976869786253
2018-04-06,235.3866729736328,0.003657908658725173
2018-04-09,236.24769592285156,0.010166941499783366
2018-04-10,238.6496124267578,-0.023737190093107263
2018-04-11,232.9847412109375,-0.012643422363174062
2018-04-12,230.0390167236328,-0.011229359935372107
2018-04-13,227.45582580566406,-0.007770479343134129
2018-04-16,225.68838500976562,-0.003413695917587223
2018-04-17,224.91795349121094,-0.006850778309120509
2018-04-18,223.37709045410156,-0.0012171396044371452
2018-04-19,223.10520935058594,-0.02010973897684243
2018-04-20,218.61862182617188,0.005182451235012042
2018-04-23,219.75160217285156,-0.0076303110180291345
2018-04-24,218.0748291015625,-0.014131507459687276
2018-04-25,214.99310302734375,-0.01686341909473732
2018-04-26,211.36758422851562,0.0403088003582972
2018-04-27,219.88755798339844,0.015663592599616694
2018-04-30,223.331787109375,-0.021915485036080207
2018-05-02,218.43736267089844,0.0037343410235233243
2018-05-03,219.25308227539062,0.00020676499428984307
2018-05-04,219.2984161376953,0.018805601832069918
2018-05-07,223.42245483398438,0.014401510591226074
2018-05-08,226.64007568359375,-0.008198364730179986
2018-05-09,224.78199768066406,-0.00020161135670659913
2018-05-10,224.73667907714844,0.009679500266934316
2018-05-11,226.91201782226562,0.0129817914254855
2018-05-14,229.8577423095703,-0.022082112953455746
2018-05-15,224.78199768066406,-0.019757980839861355
2018-05-16,220.34075927734375,-0.0016454006481327887
2018-05-17,219.97821044921875,-0.015863221094285618
2018-05-18,216.4886474609375,0.023445636391829616
2018-05-21,221.56436157226562,0.03865812073764707
2018-05-22,230.12962341308594,0.03662871246918886
2018-05-23,238.55897521972656,0.02013675019273453
2018-05-24,243.36277770996094,-0.005772830097492521
2018-05-25,241.9578857421875,0.01910468039507207
2018-05-28,246.58041381835938,-0.028487439335926346
2018-05-29,239.55596923828125,0.010783309574675437
2018-05-30,242.13917541503906,0.008983710396347266
2018-05-31,244.31448364257812,-0.01057315808979531
2018-06-01,241.73130798339844,-0.01387334749685698
2018-06-04,238.377685546875,0.0020913027002391615
2018-06-05,238.87620544433594,0.02504262059301099
2018-06-06,244.85829162597656,-0.0018507471131891107
2018-06-07,244.40512084960938,0.012423603079014356
2018-06-08,247.44151306152344,0.003662913309530502
2018-06-11,248.34786987304688,0.03229914290766511
2018-06-12,256.3692932128906,0.017147124129641922
2018-06-13,260.7652893066406,-0.01772689381336412
2018-06-14,256.1427307128906,-0.018223556092757498
2018-06-15,251.4748992919922,-0.002162838269998746
2018-06-18,250.93099975585938,-0.015351218308479408
2018-06-19,247.0789031982422,0.0025679072547069026
2018-06-20,247.71337890625,-0.017014263271287966
2018-06-21,243.49871826171875,0.01637831267861034
2018-06-22,247.48681640625,-0.01684678545850571
2018-06-25,243.3174591064453,-0.00391131272422085
2018-06-26,242.3657684326172,-0.02131634080080802
2018-06-27,237.1994171142578,-0.01795954879932915
2018-06-28,232.93942260742188,0.009143963697433755
2018-06-29,235.0694122314453,-0.0019279466845268933
2018-07-02,234.6162109375,-0.005215335675367472
2018-07-03,233.39260864257812,-0.00019410788109375243
2018-07-04,233.34730529785156,-0.0038843499252484426
2018-07-05,232.44090270996094,0.00292458987896671
2018-07-06,233.12069702148438,0.016912843068091377
2018-07-09,237.0634307861328,0.008411457919313525
2018-07-10,239.05747985839844,-0.017630387076015386
2018-07-11,234.84280395507812,0.014087246952014576
2018-07-12,238.15109252929688,-0.019029477551454566
2018-07-13,233.61920166015625,-0.02386027651146916
2018-07-16,228.04498291015625,0.029610396840287212
2018-07-17,234.7974853515625,0.0019300495305076826
2018-07-18,235.2506561279297,0.0025044451436551096
2018-07-19,235.83982849121094,0.004996247735264525
2018-07-20,237.0181427001953,0.018546765027034562
2018-07-23,241.4140625,0.0018772147341510337
2018-07-24,241.86724853515625,0.018737163280174052
2018-07-25,246.39915466308594,0.05830431789913493
2018-07-26,260.7652893066406,-0.0033021418865393226
2018-07-27,259.9042053222656,0.03714019576727212
2018-07-30,269.5570983886719,-0.013113665390105833
2018-07-31,266.022216796875,0.005451636202113308
2018-08-01,267.47247314453125,-0.00406638661387515
2018-08-02,266.38482666015625,0.018203443321253232
2018-08-03,271.23394775390625,0.030910594912528344
2018-08-06,279.6179504394531,-0.014424741836880917
2018-08-07,275.58453369140625,0.015293641866088503
2018-08-08,279.7992248535156,0.02818259247653443
2018-08-09,287.6846923828125,-0.04080004650545055
2018-08-10,275.9471435546875,-0.03383178673947462
2018-08-13,266.6113586425781,0.0025499291978854366
2018-08-14,267.29119873046875,-0.0074602122394474835
2018-08-16,265.2971496582031,0.03211477585443512
2018-08-17,273.8171081542969,0.018371370370977136
2018-08-20,278.8475036621094,-0.002112664880940973
2018-08-21,278.2583923339844,-0.014820841171791388
2018-08-23,274.1343688964844,-0.006612611720019368
2018-08-24,272.3216247558594,0.025129000211241426
2018-08-27,279.164794921875,-0.008604047018738736
2018-08-28,276.7628479003906,0.014245947580567409
2018-08-29,280.7055969238281,-0.0035517969298428653
2018-08-30,279.7085876464844,0.0032405247029319018
2018-08-31,280.614990234375,-0.010497551328998878
2018-09-03,277.6692199707031,-0.0324791604043011
2018-09-04,268.6507568359375,0.0005060689653291206
2018-09-05,268.7867126464844,-0.00033720865938213773
2018-09-06,268.6960754394531,-0.016191702709244082
2018-09-07,264.3454284667969,-0.02331555582954703
2018-09-10,258.18206787109375,-0.00789883346670428
2018-09-11,256.1427307128906,0.009553827851669583
2018-09-12,258.5898742675781,0.01875264133136434
2018-09-14,263.4391174316406,-0.018407452968030924
2018-09-17,258.5898742675781,-0.04030814755649781
2018-09-18,248.16659545898438,-0.008400350077097385
2018-09-19,246.0819091796875,-0.0033148916391314565
2018-09-21,245.26617431640625,-0.023096892551116244
2018-09-24,239.60128784179688,0.02477788582844398
2018-09-25,245.53810119628906,-0.02602440965262276
2018-09-26,239.1481170654297,0.005685195846488522
2018-09-27,240.50772094726562,0.0005651597896041416
2018-09-28,240.64364624023438,0.0314500410948777
2018-10-01,248.21189880371094,-0.00785095299848193
2018-10-03,246.26319885253906,-0.0012881755215050639
2018-10-04,245.9459686279297,-0.04790866787254122
2018-10-05,234.16302490234375,0.028643418904650053
2018-10-08,240.87025451660156,-0.010536262850497358
2018-10-09,238.33238220214844,0.05970715428573192
2018-10-10,252.56253051757812,-0.05921409323790361
2018-10-11,237.60726928710938,0.006103393114361033
2018-10-12,239.05747985839844,-0.002085291951404944
2018-10-15,238.55897521972656,0.026975603038492446
2018-10-16,244.99424743652344,-0.03385120388132923
2018-10-17,236.70089721679688,-0.00019139490073449839
2018-10-19,236.6555938720703,-0.0028725047246968005
2018-10-22,235.97579956054688,-0.01805274004181079
2018-10-23,231.71578979492188,0.00019564425171370026
2018-10-24,231.76112365722656,-0.024051635239020208
2018-10-25,226.1868896484375,-0.005810414140252962
2018-10-26,224.87265014648438,0.07980645512386508
2018-10-29,242.81893920898438,0.019596902782827774
2018-10-30,247.5774383544922,0.030203137273512537
2018-10-31,255.0550537109375,0.015991468409039644
2018-11-01,259.1337585449219,-0.0019237348366768492
2018-11-02,258.63525390625,0.033642872650726297
2018-11-05,267.33648681640625,-0.028818337545242212
2018-11-06,259.6322937011719,0.00034909835652241483
2018-11-07,259.7229309082031,-0.011516342970373072
2018-11-09,256.73187255859375,-0.018711419432065557
2018-11-12,251.9280548095703,0.0003598347388853451
2018-11-13,252.01870727539062,0.019960405170698747
2018-11-14,257.0491027832031,0.006347037303283898
2018-11-15,258.68060302734375,0.019271284215106155
2018-11-16,263.66571044921875,-0.009453577502622212
2018-11-19,261.1731262207031,-0.01631082336882128
2018-11-20,256.9131774902344,0.012700553101247625
2018-11-21,260.1761169433594,-0.0151540370122355
2018-11-22,256.2333984375,0.01308785725447148
2018-11-26,259.5869445800781,0.010474897853257836
2018-11-27,262.30609130859375,-0.016758798991907797
2018-11-28,257.91015625,0.006501443581976574
2018-11-29,259.5869445800781,-0.006110288503193839
2018-11-30,258.00079345703125,0.00755307735709132
2018-12-03,259.9494934082031,-0.014818693300383545
2018-12-04,256.0973815917969,-0.008494066647687815
2018-12-05,253.9220733642578,-0.016062881177417054
2018-12-06,249.84335327148438,-0.0009068182004178249
2018-12-07,249.61679077148438,-0.0043571426562909465
2018-12-10,248.5291748046875,0.025711019076588792
2018-12-11,254.9191131591797,0.014222052546515318
2018-12-12,258.5445861816406,0.013146499600035
2018-12-13,261.94354248046875,0.0006919196967716257
2018-12-14,262.1247863769531,0.0010375693958941667
2018-12-17,262.3967590332031,0.01122616468042148
2018-12-18,265.34246826171875,0.027156297449653977
2018-12-19,272.5481872558594,-0.022115229901177424
2018-12-20,266.5207214355469,-0.0073116264306793965
2018-12-21,264.572021484375,0.003939675385973951
2018-12-24,265.6143493652344,0.0037535971973141624
2018-12-26,266.6113586425781,-0.006799200716182452
2018-12-27,264.7986145019531,0.009070729121539722
2018-12-28,267.2005310058594,0.003731428942781667
2018-12-31,268.19757080078125,0.012504241435600028
2019-01-01,271.5511779785156,-0.019025332008569373
2019-01-02,266.38482666015625,-0.009527090361234558
2019-01-03,263.8469543457031,0.022500800105300423
2019-01-04,269.7837219238281,-0.004535606536132941
2019-01-07,268.5600891113281,0.030374502694661798
2019-01-08,276.71746826171875,0.0
2019-01-09,276.71746826171875,0.0008190811160502243
2019-01-10,276.9441223144531,-0.009163622098523394
2019-01-11,274.40631103515625,-0.007762452364646455
2019-01-14,272.2762451171875,0.004161086794049806
2019-01-15,273.4092102050781,0.004972724298596409
2019-01-16,274.768798828125,-0.018967584608153287
2019-01-17,269.5570983886719,-0.008238000726153216
2019-01-18,267.33648681640625,-0.008475833902011454
2019-01-21,265.0705871582031,-0.007522709681385797
2019-01-22,263.0765380859375,-0.012403120378744026
2019-01-23,259.8135681152344,0.004883849562069775
2019-01-24,261.08245849609375,-0.009199604916336979
2019-01-25,258.68060302734375,-0.013314542439130772
2019-01-28,255.23638916015625,-0.003551467038181988
2019-01-29,254.32992553710938,0.024412149774600822
2019-01-30,260.5386657714844,0.021568918904514733
2019-01-31,266.158203125,-0.0315001871243753
2019-02-01,257.774169921875,-0.0015822664922719998
2019-02-04,257.3663024902344,0.0024653226186086563
2019-02-05,258.00079345703125,0.015457460637768206
2019-02-06,261.98883056640625,-0.005708311735207916
2019-02-07,260.4933166503906,-0.00487110532114865
2019-02-08,259.22442626953125,-0.019230855261655355
2019-02-11,254.23931884765625,-0.018181798539752103
2019-02-12,249.61679077148438,-0.030137932375101872
2019-02-14,242.09385681152344,-0.015537257569915974
2019-02-15,238.33238220214844,-0.011409052783307061
2019-02-18,235.6132354736328,0.011348378284543381
2019-02-19,238.2870635986328,0.018257815303046154
2019-02-20,242.63766479492188,0.0011206488544288629
2019-02-21,242.90957641601562,0.011007503962794374
2019-02-22,245.58340454101562,-0.0029526136604965947
2019-02-25,244.85829162597656,-0.014066213984853193
2019-02-26,241.4140625,0.004880695102909227
2019-02-27,242.5923309326172,0.005230860637375878
2019-02-28,243.86129760742188,0.014495584760914504
2019-03-01,247.39620971679688,0.01282263674187667
2019-03-05,250.5684814453125,0.005968605568295038
2019-03-06,252.06402587890625,0.013124855169127425
2019-03-07,255.37232971191406,-0.001952189404437088
2019-03-08,254.87379455566406,0.021870685199649964
2019-03-11,260.44805908203125,-0.0015661393317977224
2019-03-12,260.0401611328125,0.021784542558170417
2019-03-13,265.70501708984375,-0.0042641106964331765
2019-03-14,264.572021484375,0.022267961136379855
2019-03-15,270.4635009765625,0.0018433750655002523
2019-03-18,270.9620666503906,0.013714447253230455
2019-03-19,274.67816162109375,0.0024748201630682143
2019-03-20,275.3579406738281,-0.01892700252877977
2019-03-22,270.146240234375,-0.013588108292763135
2019-03-25,266.4754638671875,0.032312788054056796
2019-03-26,275.0860290527344,0.017463020657045414
2019-03-27,279.8898620605469,0.033031050443491417
2019-03-28,289.1349182128906,0.011755395317452733
2019-04-01,292.5338134765625,0.01936499895469823
2019-04-02,298.19873046875,-0.025835869994154326
2019-04-03,290.4945068359375,0.004056130713933737
2019-04-04,291.67279052734375,-0.014760711288079098
2019-04-05,287.36749267578125,-0.013405040409037006
2019-04-08,283.51531982421875,0.00623418365314965
2019-04-09,285.2828063964844,-0.01223194286525442
2019-04-10,281.7932434082031,0.0128659909391593
2019-04-11,285.4187927246094,0.0011114552814868173
2019-04-12,285.73602294921875,0.0011102213201370503
2019-04-15,286.0532531738281,0.00047517478462699714
2019-04-16,286.1891784667969,-0.01567705252602225
2019-04-18,281.70257568359375,-0.0024131091136982974
2019-04-22,281.0227966308594,-0.015481147693639175
2019-04-23,276.6722412109375,0.018017876910600972
2019-04-24,281.65728759765625,-0.014641882534255357
2019-04-25,277.5332946777344,0.02057473704975621
2019-04-26,283.24346923828125,-0.008160044441944847
2019-04-30,280.93218994140625,-0.0058073434977414795
2019-05-02,279.30072021484375,0.0060035231158313
2019-05-03,280.9775085449219,-0.004032335582075941
2019-05-06,279.8445129394531,-0.010688286570966321
2019-05-07,276.85345458984375,-0.023571710288015746
2019-05-08,270.3275451660156,0.0035205094369634704
2019-05-09,271.27923583984375,0.029234882743008006
2019-05-10,279.2100524902344,-0.0037331316389327407
2019-05-13,278.167724609375,0.02525255074053767
2019-05-14,285.1921691894531,-0.008104180370259395
2019-05-15,282.88092041015625,0.011694878720855062
2019-05-16,286.1891784667969,0.011084740452685926
2019-05-17,289.36151123046875,0.07971810831658721
2019-05-20,312.4288635253906,-0.020742612405226235
2019-05-21,305.9482727050781,0.010517078120154455
2019-05-22,309.16595458984375,0.003224637859980728
2019-05-23,310.16290283203125,0.038428017031278294
2019-05-24,322.08184814453125,0.017869470639412022
2019-05-27,327.8372802734375,-0.004561756718968191
2019-05-28,326.3417663574219,-0.03166230688038896
2019-05-29,316.009033203125,0.014054295013879337
2019-05-30,320.4503173828125,-0.002970044519716941
2019-05-31,319.4985656738281,0.0083689222107739
2019-06-03,322.17242431640625,-0.0085807012747815
2019-06-04,319.407958984375,-0.0439839638613615
2019-06-06,305.359130859375,0.015286216041402234
2019-06-07,310.02691650390625,0.006578034251924603
2019-06-10,312.0662841796875,0.008132576188749407
2019-06-11,314.60418701171875,-0.008931171457810971
2019-06-12,311.7944030761719,0.007267483543653697
2019-06-13,314.06036376953125,-0.007792341560159066
2019-06-14,311.61309814453125,-0.017306441386677696
2019-06-17,306.2201843261719,0.006511615298962381
2019-06-18,308.21417236328125,-0.0035287668910790604
2019-06-19,307.1265563964844,0.018592252742792192
2019-06-20,312.83673095703125,0.012313489546518008
2019-06-21,316.6888427734375,0.010875799584861623
2019-06-24,320.1330871582031,0.009484637975100574
2019-06-25,323.16943359375,0.004487509273235268
2019-06-26,324.6196594238281,0.011168512730446167
2019-06-27,328.24517822265625,-0.0024852318784284178
2019-06-28,327.4294128417969,0.0008304434801191807
2019-07-01,327.7013244628906,0.008159344883278852
2019-07-02,330.3751525878906,0.004526806637481284
2019-07-03,331.8706970214844,0.0034139669926791516
2019-07-04,333.0036926269531,0.008845783924196216
2019-07-05,335.9493713378906,-0.041413689141980736
2019-07-08,322.0364685058594,0.0118210951328932
2019-07-09,325.8432922363281,-0.01474267724606182
2019-07-10,321.03948974609375,0.025409270232899406
2019-07-11,329.1968688964844,0.0011014985181869719
2019-07-12,329.5594787597656,-0.009763677301751428
2019-07-15,326.3417663574219,0.011942787659160015
2019-07-16,330.23919677734375,0.022094155607128796
2019-07-17,337.5355529785156,-0.02349624085642743
2019-07-18,329.604736328125,-0.021036642048026022
2019-07-19,322.67095947265625,-0.014466369099017662
2019-07-22,318.0030822753906,-0.024654413370024497
2019-07-23,310.16290283203125,-0.007597837656583617
2019-07-24,307.80633544921875,0.0050058505692631705
2019-07-25,309.34716796875,0.003809035061550725
2019-07-26,310.5254821777344,0.003502501498973132
2019-07-29,311.61309814453125,-0.047265687050494276
2019-07-30,296.8844909667969,0.014196297795167068
2019-07-31,301.0991516113281,-0.04530408556621923
2019-08-01,287.4581298828125,-0.027431814330976412
2019-08-02,279.5726318359375,-0.026584547861180807
2019-08-05,272.14031982421875,0.0038301119126067373
2019-08-06,273.1826477050781,-0.03815531641153491
2019-08-07,262.75927734375,0.01535023535161506
2019-08-08,266.7926940917969,-0.010191983471556476
2019-08-09,264.07354736328125,-0.02745840191134752
2019-08-13,256.822509765625,0.022586851023580046
2019-08-14,262.6233215332031,0.003969140706659768
2019-08-16,263.66571044921875,-0.013922431982784755
2019-08-19,259.9948425292969,-0.0109814988207656
2019-08-20,257.13970947265625,-0.022206446890168152
2019-08-21,251.42955017089844,-0.03190350684534793
2019-08-22,243.40806579589844,0.009495617192863293
2019-08-23,245.71937561035156,0.03356693730200311
2019-08-26,253.96742248535156,0.0196289848197031
2019-08-27,258.9525451660156,-0.0028002357472997064
2019-08-28,258.2274169921875,-0.03650410631753154
2019-08-29,248.80105590820312,-0.002367984743238183
2019-08-30,248.21189880371094,-0.019901437374187925
2019-09-03,243.27212524414062,0.024962864771064908
2019-09-04,249.3448944091797,-0.006543207980237775
2019-09-05,247.71337890625,0.0023783822540937027
2019-09-06,248.3025360107422,0.014783851904609957
2019-09-09,251.97340393066406,0.02607887240664808
2019-09-11,258.5445861816406,0.00631044256549429
2019-09-12,260.1761169433594,0.01619937760477419
2019-09-13,264.39080810546875,-0.023997299954591433
2019-09-16,258.046142578125,-0.03775916380704225
2019-09-17,248.3025360107422,0.023544384463479062
2019-09-18,254.14866638183594,-0.0226461670879492
2019-09-19,248.39317321777344,0.10089402129593306
2019-09-20,273.4545593261719,0.039940365327654215
2019-09-23,284.3764343261719,-0.03553778864654167
2019-09-24,274.27032470703125,-0.07385997336238181
2019-09-25,254.01272583007812,0.005709204397338574
2019-09-26,255.4629364013672,-0.002306173466891881
2019-09-27,254.87379455566406,-0.03698442635272836
2019-09-30,245.4474334716797,-0.05483747214830015
2019-10-01,231.9877166748047,-0.00703270098747355
2019-10-03,230.35621643066406,-0.016525547928758932
2019-10-04,226.54945373535156,-0.0034006537957297356
2019-10-07,225.77903747558594,0.04757129229545454
2019-10-09,236.51963806152344,-0.026058815586620154
2019-10-10,230.35621643066406,0.0015738617075009564
2019-10-11,230.71876525878906,0.0035357565300089266
2019-10-14,231.53453063964844,0.011744022461805503
2019-10-15,234.25367736816406,-0.00928625227811608
2019-10-16,232.07833862304688,0.03671162851920173
2019-10-17,240.5983123779297,0.015822257579679144
2019-10-18,244.40512084960938,0.003152209974518927
2019-10-22,245.175537109375,0.018299428721648914
2019-10-23,249.662109375,-0.047013981787885184
2019-10-24,237.92449951171875,0.07257144726158904
2019-10-25,255.19102478027344,0.0008880544891864961
2019-10-27,255.4176483154297,-0.004080995989557579
2019-10-29,254.3752899169922,0.032959126766965774
2019-10-30,262.75927734375,0.07761307190999966
2019-10-31,283.15283203125,0.003681149411016049
2019-11-01,284.1951599121094,0.0023918371282833917
2019-11-04,284.8749084472656,0.01559018899318576
2019-11-05,289.316162109375,-0.005169028192321123
2019-11-06,287.8206787109375,0.0018894516009868578
2019-11-07,288.364501953125,-0.006757766430934176
2019-11-08,286.4158020019531,0.0071201977822061835
2019-11-11,288.45513916015625,-0.03597815003610838
2019-11-13,278.0770568847656,-0.0026074324390319426
2019-11-14,277.35198974609375,0.05196071419533088
2019-11-15,291.7633972167969,0.009941108747102634
2019-11-18,294.6638488769531,0.016302549467689387
2019-11-19,299.4676208496094,-0.004842578000204822
2019-11-20,298.0174255371094,0.007755619693336824
2019-11-21,300.3287353515625,-0.006187067963043469
2019-11-22,298.4705810546875,0.020649911597659054
2019-11-25,304.63397216796875,-0.0017851693897344978
2019-11-26,304.09014892578125,0.02399405645643804
2019-11-27,311.3865051269531,0.01673707869044705
2019-11-28,316.59820556640625,-0.021328302948924738
2019-11-29,309.845703125,-0.009799641958888272
2019-12-02,306.809326171875,-0.006647119299811988
2019-12-03,304.7699279785156,0.016654448751394435
2019-12-04,309.845703125,-0.0165278837122812
2019-12-05,304.724609375,-0.04818543735057912
2019-12-06,290.04132080078125,-0.010312524923522304
2019-12-09,287.0502624511719,-0.010419981239759957
2019-12-10,284.0592041015625,-0.0019146863382369927
2019-12-11,283.51531982421875,0.028932329985371652
2019-12-12,291.71807861328125,0.03324536055900307
2019-12-13,301.4163513183594,-0.002105031674697444
2019-12-16,300.7818603515625,0.0031642590010978466
2019-12-17,301.7336120605469,-0.017873197152643794
2019-12-18,296.3406677246094,0.003670154269233228
2019-12-19,297.42828369140625,0.029559732940151573
2019-12-20,306.2201843261719,-0.016131592849790155
2019-12-23,301.2803649902344,-0.002857778108668052
2019-12-24,300.41937255859375,-0.004827337923406616
2019-12-26,298.9691467285156,0.022434367931555066
2019-12-27,305.67633056640625,-0.008450639261483261
2019-12-30,303.0931701660156,-0.001943865521478183
2019-12-31,302.5039978027344,0.0020975639627374143
2020-01-01,303.1385192871094,0.014501105026827554
2020-01-02,307.53436279296875,-0.016504344522920156
2020-01-03,302.4587097167969,-0.04405160465169544
2020-01-06,289.1349182128906,-0.0018809687986740542
2020-01-07,288.591064453125,0.004397162940572796
2020-01-08,289.86004638671875,0.03252017712110611
2020-01-09,299.2863464355469,0.006208515027253503
2020-01-10,301.14447021484375,-0.00451484013521819
2020-01-13,299.78485107421875,-0.008314271607954504
2020-01-14,297.2923583984375,-0.011432940286661197
2020-01-15,293.8934326171875,-0.002930126787327514
2020-01-16,293.03228759765625,-0.01639321555470985
2020-01-17,288.2285461425781,-0.012578519129248789
2020-01-20,284.6030578613281,-0.0009556209911929514
2020-01-21,284.3310852050781,0.007810057378151436
2020-01-22,286.5517272949219,0.022299689863187755
2020-01-23,292.9417419433594,0.002629825770396499
2020-01-24,293.7121276855469,-0.02422457433269065
2020-01-27,286.5970764160156,-0.0034788903201322663
2020-01-28,285.60003662109375,0.004284428065824741
2020-01-29,286.82366943359375,-0.0181703987322418
2020-01-30,281.6119689941406,0.02494380875481328
2020-01-31,288.6364440917969,-0.06390341591951565
2020-02-03,270.19158935546875,0.027339721818308016
2020-02-04,277.57855224609375,0.015510306305379196
2020-02-05,281.8838806152344,0.03520894910136896
2020-02-06,291.8087158203125,-0.004348468121901039
2020-02-07,290.539794921875,-0.006395209112886713
2020-02-10,288.6817321777344,0.01836741662343866
2020-02-11,293.98406982421875,-0.012794824602653132
2020-02-12,290.22259521484375,0.022642027656321062
2020-02-13,296.7938232421875,-0.024583922001698677
2020-02-14,289.4974670410156,-0.01628050611764198
2020-02-17,284.7843017578125,0.010662023624136374
2020-02-18,287.8206787109375,0.008817440804605337
2020-02-19,290.3585205078125,0.022787611456573265
2020-02-20,296.97509765625,-0.014344464448664551
2020-02-24,292.71514892578125,0.01192115258103632
2020-02-25,296.20465087890625,0.00428413912417791
2020-02-26,297.4736328125,-0.019043425592473073
2020-02-27,291.8087158203125,-0.05885993582087745
2020-02-28,274.63287353515625,-0.05148530364466941
2020-03-02,260.4933166503906,0.008524756482808593
2020-03-03,262.7139587402344,-0.01569800284854317
2020-03-04,258.5898742675781,0.01121665225108992
2020-03-05,261.4903869628906,-0.062391776780042596
2020-03-06,245.175537109375,-0.06303149698428367
2020-03-09,229.7217559814453,-0.0329451688786051
2020-03-11,222.15353393554688,-0.13259906859333026
2020-03-12,192.69618225097656,0.13828783175755044
2020-03-13,219.34371948242188,-0.07706594336938455
2020-03-16,202.43978881835938,-0.03671376715956032
2020-03-17,195.00746154785156,0.00023223770812674793
2020-03-18,195.05274963378906,-0.053671065824494546
2020-03-19,184.5840606689453,0.030444574193010165
2020-03-20,190.20364379882812,-0.13461997277858506
2020-03-23,164.5984344482422,0.008810597598636782
2020-03-24,166.04864501953125,0.03657213767408751
2020-03-25,172.12139892578125,0.015007693161472657
2020-03-26,174.7045440673828,0.016601864353679607
2020-03-27,177.60496520996094,-0.04618524184719319
2020-03-30,169.40223693847656,0.05323706791918004
2020-03-31,178.42071533203125,-0.05232412952044729
2020-04-01,169.0850067138672,-0.05923335608968561
2020-04-03,159.0695343017578,0.06210816323143864
2020-04-07,168.9490509033203,-0.01824038395104155
2020-04-08,165.8673553466797,0.025956361945682627
2020-04-09,170.17266845703125,-0.022636489462929843
2020-04-13,166.320556640625,-0.0062669816763033515
2020-04-15,165.27822875976562,0.033726273519679495
2020-04-16,170.85244750976562,0.025199013377349866
2020-04-17,175.1577606201172,-0.00388104020693536
2020-04-20,174.47796630859375,-0.040259780238693366
2020-04-21,167.45352172851562,0.021380353289350396
2020-04-22,171.0337371826172,-0.010598841078228505
2020-04-23,169.22097778320312,-0.03722547728751113
2020-04-24,162.92164611816406,0.006397818610870409
2020-04-27,163.9639892578125,0.018794767393814693
2020-04-28,167.045654296875,0.03147036986695784
2020-04-29,172.30264282226562,0.0021042282403529455
2020-04-30,172.6652069091797,-0.06115482732221811
2020-05-04,162.10589599609375,-0.04724630762030657
2020-05-05,154.44699096679688,0.004107949564100988
2020-05-06,155.08145141601562,-0.002045670068868577
2020-05-07,154.7642059326172,-0.024011629334293794
2020-05-08,151.04806518554688,-0.0072006647886481145
2020-05-11,149.96041870117188,0.008763807506985799
2020-05-12,151.27464294433594,0.04313978253841699
2020-05-13,157.80059814453125,-0.03532454296328813
2020-05-14,152.2263641357422,-0.009228865952100263
2020-05-15,150.8214874267578,-0.0667069193100085
2020-05-18,140.76065063476562,-0.016097752927135223
2020-05-19,138.49472045898438,0.00392656111074996
2020-05-20,139.0385284423828,-0.00945223067222456
2020-05-21,137.72430419921875,-0.007239278077532441
2020-05-22,136.72727966308594,0.003645977890441854
2020-05-26,137.2257843017578,0.04755633377066237
2020-05-27,143.75173950195312,-0.002522154432149537
2020-05-28,143.38917541503906,0.01959540299067175
2020-05-29,146.19894409179688,0.05424663933702489
2020-06-01,154.12974548339844,0.001176214703287659
2020-06-02,154.31103515625,0.027312861319688908
2020-06-03,158.5257110595703,-0.004860074572094031
2020-06-04,157.75526428222656,0.07900036068542415
2020-06-05,170.21798706054688,-0.005324772581114523
2020-06-08,169.31161499023438,-0.012580292404312021
2020-06-09,167.18162536621094,0.017619997051955494
2020-06-10,170.1273651123047,-0.056206812397399775
2020-06-11,160.56504821777344,0.011289875471250932
2020-06-12,162.3778076171875,-0.030421482048926474
2020-06-15,157.4380340576172,-0.004605606647658189
2020-06-16,156.7129364013672,0.0002891822752881801
2020-06-17,156.7582550048828,0.03873941687142857
2020-06-18,162.8309783935547,0.026997014700470556
2020-06-19,167.2269287109375,0.017344314242479397
2020-06-22,170.1273651123047,0.02530623212750882
2020-06-23,174.43264770507812,-0.04078976396867007
2020-06-24,167.3175811767578,0.0035211906623835443
2020-06-25,167.90673828125,-0.0035088353839934916
2020-06-26,167.3175811767578,-0.02898163073141924
2020-06-29,162.46844482421875,-0.004463006075022813
2020-06-30,161.74334716796875,0.03558420499901316
2020-07-01,167.4988555908203,0.003517288781616168
2020-07-02,168.08799743652344,-0.004044276342694553
2020-07-03,167.408203125,0.018137563730122652
2020-07-06,170.444580078125,0.0029247315370390936
2020-07-07,170.94308471679688,0.01749739309176901
2020-07-08,173.93414306640625,0.037519514958748834
2020-07-09,180.46006774902344,-0.017579055269416943
2020-07-10,177.28775024414062,-0.01482614709180785
2020-07-13,174.6592559814453,-0.03450959418140209
2020-07-14,168.6318359375,-0.012093610108930397
2020-07-15,166.59246826171875,0.01332969523907912
2020-07-16,168.81309509277344,0.010469808606536901
2020-07-17,170.58053588867188,0.013549490185582824
2020-07-20,172.89181518554688,0.019134844833980313
2020-07-21,176.2000732421875,-0.012345584929241538
2020-07-22,174.0247802734375,0.03255209520689717
2020-07-23,179.6896514892578,-0.03177806719535714
2020-07-24,173.97946166992188,-0.025006582225902685
2020-07-27,169.6288299560547,0.012289693207439667
2020-07-28,171.71351623535156,0.009237194356167544
2020-07-29,173.29966735839844,-0.024320073481820192
2020-07-30,169.0850067138672,0.026266485758930314
2020-07-31,173.52627563476562,0.004178692318420163
2020-08-03,174.2513885498047,-0.003381075521953658
2020-08-04,173.6622314453125,-0.0007828749487748254
2020-08-05,173.52627563476562,-0.0026117156741103376
2020-08-06,173.0730743408203,-0.001571079858200819
2020-08-07,172.80116271972656,0.016522561265877478
2020-08-10,175.65628051757812,0.006449811107028358
2020-08-11,176.7892303466797,0.04229686729542803
2020-08-12,184.26686096191406,-0.006886321782513916
2020-08-13,182.99794006347656,-0.026746039945291233
2020-08-14,178.1034698486328,-0.01730275272273263
2020-08-17,175.02178955078125,0.010357248347635295
2020-08-18,176.83453369140625,0.009994971105428352
2020-08-19,178.60198974609375,-0.011672160111270036
2020-08-20,176.51731872558594,0.01874191914603429
2020-08-21,179.82559204101562,0.015373036177190658
2020-08-24,182.59005737304688,0.03226615718812509
2020-08-25,188.48153686523438,0.009136740723973746
2020-08-26,190.20364379882812,0.02763881742318164
2020-08-27,195.4606475830078,0.0426617029317371
2020-08-28,203.79933166503906,-0.05714929396423063
2020-08-31,192.15234375,0.028773683194080135
2020-09-01,197.6812744140625,-0.008482282072736602
2020-09-02,196.00448608398438,-0.01433538206432683
2020-09-03,193.19468688964844,-0.03072945573040553
2020-09-04,187.25791931152344,0.006292222176499829
2020-09-07,188.43618774414062,-0.018518539512269228
2020-09-08,184.94662475585938,-0.045086811264929305
2020-09-09,176.60797119140625,0.016935973001975135
2020-09-10,179.5989990234375,0.022962566481453228
2020-09-11,183.72305297851562,-0.02072036366674601
2020-09-14,179.91624450683594,0.008312363227145125
2020-09-15,181.41177368164062,-0.009742701700277245
2020-09-16,179.6443328857422,-0.013874936497567214
2020-09-17,177.1517791748047,-0.014581622676460348
2020-09-18,174.56861877441406,-0.0353063219366867
2020-09-21,168.40524291992188,0.002152745146469792
2020-09-22,168.7677764892578,-0.01288935762969845
2020-09-23,166.59246826171875,-0.04053315117215883
2020-09-24,159.83995056152344,0.03317269787101451
2020-09-25,165.14227294921875,0.02771676440510018
2020-09-28,169.719482421875,-0.01174908763455318
2020-09-29,167.72543334960938,0.0018914572290129605
2020-09-30,168.0426788330078,0.02642931958090755
2020-10-01,172.4839324951172,-0.008145059933702514
2020-10-05,171.07904052734375,0.015099400312312827
2020-10-06,173.6622314453125,-0.004697337557402093
2020-10-07,172.8464813232422,0.004195126851804565
2020-10-08,173.57159423828125,0.03550921532022144
2020-10-09,179.7349853515625,0.0020170450879488655
2020-10-12,180.09751892089844,-0.015098106215004847
2020-10-13,177.37838745117188,0.022227899802747197
2020-10-14,181.32113647460938,-0.03599106021663445
2020-10-15,174.79519653320312,0.016074633242133096
2020-10-16,177.60496520996094,0.04108185226554473
2020-10-19,184.90130615234375,-0.004656662341310569
2020-10-20,184.040283203125,0.0034473169644575474
2020-10-21,184.6747283935547,-0.002208571985937491
2020-10-22,184.26686096191406,-0.0024593178285098327
2020-10-23,183.81369018554688,-0.030078992802339388
2020-10-26,178.28475952148438,-0.01042205327424428
2020-10-27,176.42666625976562,-0.02157702560511765
2020-10-28,172.61990356445312,-0.009188780372847871
2020-10-29,171.0337371826172,0.00291465676236502
2020-10-30,171.53224182128906,0.03593138553918385
2020-11-02,177.6956329345703,0.04437625955726432
2020-11-03,185.5811004638672,0.010989009181941123
2020-11-04,187.62045288085938,0.05628008829614184
2020-11-05,198.17974853515625,0.0025156476316279264
2020-11-06,198.6782989501953,0.001368602522421991
2020-11-09,198.95021057128906,0.05558081853748775
2020-11-10,210.00802612304688,0.010789876630866058
2020-11-11,212.27398681640625,-0.03159696793780842
2020-11-12,205.5667724609375,0.011684213151639256
2020-11-13,207.96865844726562,0.0008717163163194375
2020-11-14,208.1499481201172,0.04593948603928588
2020-11-17,217.71224975585938,0.04912577034326482
2020-11-18,228.40753173828125,-0.04861113523517668
2020-11-19,217.30438232421875,0.012513007978226742
2020-11-20,220.0235137939453,-0.016683772021714227
2020-11-23,216.35269165039062,0.021575172668664377
2020-11-24,221.02053833007812,-0.0034858605592261727
2020-11-25,220.25009155273438,0.010082366250967256
2020-11-26,222.47073364257812,-0.004888941869191754
2020-11-27,221.38308715820312,0.015557847841846772
2020-12-01,224.82733154296875,-0.0044345554897679
2020-12-02,223.830322265625,0.0378618256365284
2020-12-03,232.30494689941406,0.028091995073414422
2020-12-04,238.8308563232422,0.02315004856561953
2020-12-07,244.35980224609375,0.008531028768922644
2020-12-08,246.44444274902344,-0.005700457984507801
2020-12-09,245.0395965576172,-0.002959166294858595
2020-12-10,244.31448364257812,0.010758588540135783
2020-12-11,246.94296264648438,0.006423394864966792
2020-12-14,248.5291748046875,-0.012946898034382981
2020-12-15,245.31149291992188,-0.004618475369437602
2020-12-16,244.17852783203125,-0.006310395311127981
2020-12-17,242.63766479492188,0.01400823645464433
2020-12-18,246.03659057617188,-0.061705614411680654
2020-12-21,230.85475158691406,0.010797064794220157
2020-12-22,233.34730529785156,0.02155748163709248
2020-12-23,238.377685546875,0.014638798846778212
2020-12-24,241.86724853515625,0.03129106204701637
2020-12-28,249.43553161621094,0.009810970289545917
2020-12-29,251.8827362060547,-0.0035984495910830194
2020-12-30,250.97634887695312,-0.007042077978422379
2020-12-31,249.20895385742188,0.016184634020807387
2021-01-01,253.2423095703125,0.005905345757488023
2021-01-04,254.73779296875,0.0024909407268121075
2021-01-05,255.37232971191406,0.011712240159449605
2021-01-06,258.3633117675781,0.009296898706822931
2021-01-07,260.7652893066406,-0.005909003614731234
2021-01-08,259.22442626953125,-0.012237784877469071
2021-01-11,256.0520935058594,0.035398194227511226
2021-01-12,265.1158752441406,0.048888742059257195
2021-01-13,278.0770568847656,0.0014668522235827819
2021-01-14,278.4849548339844,-0.01106582235618292
2021-01-15,275.4032897949219,-0.030936298917990768
2021-01-18,266.8833312988281,0.014094078453941616
2021-01-19,270.6448059082031,0.01322829627459643
2021-01-20,274.2249755859375,-0.025450365932753516
2021-01-21,267.245849609375,-0.037815891814561686
2021-01-22,257.13970947265625,-0.00969320506615634
2021-01-25,254.64720153808594,-0.018864720435119664
2021-01-27,249.84335327148438,0.024306306673847367
2021-01-28,255.91612243652344,-0.0008854190795827277
2021-01-29,255.6895294189453,0.10138248380410442
2021-02-01,281.6119689941406,0.07209536424530016
2021-02-02,301.9148864746094,0.008555922599755128
2021-02-03,304.498046875,0.05700259135488084
2021-02-04,321.855224609375,0.1070120357819313
2021-02-05,356.297607421875,0.01004834194991755
2021-02-08,359.8778076171875,-0.005666918465638604
2021-02-09,357.8384094238281,-0.006458832257387193
2021-02-10,355.5271911621094,-0.005353772967442216
2021-02-11,353.623779296875,0.007689377490173843
2021-02-12,356.3429260253906,0.03510109282246732
2021-02-15,368.8509521484375,-0.011303595711846581
2021-02-16,364.6816101074219,0.023362731379803048
2021-02-17,373.2015686035156,0.008378969813646497
2021-02-18,376.32861328125,-0.037692871350332946
2021-02-19,362.1437072753906,-0.025153190960437666
2021-02-22,353.0346374511719,0.015661156378252494
2021-02-23,358.5635681152344,0.02692126439359388
2021-02-24,368.216552734375,0.0024613533216417682
2021-02-25,369.12286376953125,-0.04198895813274084
2021-02-26,353.623779296875,0.012303124803668464
2021-03-01,357.9744567871094,-0.001899130161387319
2021-03-02,357.29461669921875,0.02752405868551211
2021-03-03,367.1288146972656,-0.023206917129458104
2021-03-04,358.60888671875,-0.0303298573998102
2021-03-05,347.7323303222656,0.015508983155283929
2021-03-08,353.12530517578125,-0.00513343029812785
2021-03-09,351.31256103515625,0.00025790905166078737
2021-03-10,351.4031677246094,-0.017023513868568374
2021-03-12,345.4210510253906,0.0073471848543087415
2021-03-15,347.95892333984375,-0.013935900959821002
2021-03-16,343.10980224609375,-0.027473307443496964
2021-03-17,333.6834411621094,-0.0028521678753123947
2021-03-18,332.7317199707031,0.011032607404617867
2021-03-19,336.4026184082031,-0.011181557220784732
2021-03-22,332.64111328125,0.015531398945172858
2021-03-23,337.8074951171875,-0.034478135697402434
2021-03-24,326.1605224609375,-0.012922044068150562
2021-03-25,321.94586181640625,0.00563058686450435
2021-03-26,323.75860595703125,0.010078309558690268
2021-03-30,327.02154541015625,0.00970068427660653
2021-03-31,330.1938781738281,0.017430647702779467
2021-04-01,335.9493713378906,-0.046135088431195515
2021-04-05,320.4503173828125,-0.008485487760791943
2021-04-06,317.73114013671875,0.022821299777340487
2021-04-07,324.982177734375,-0.008227520739944372
2021-04-08,322.3083801269531,-0.0073116246604025825
2021-04-09,319.9517822265625,-0.06841355260974158
2021-04-12,298.062744140625,0.0369470621239858
2021-04-13,309.0752868652344,0.004985397094466659
2021-04-15,310.61614990234375,-0.00817064196567785
2021-04-16,308.0782165527344,-0.02574276825396704
2021-04-19,300.1474304199219,-0.004982597765116004
2021-04-20,298.65191650390625,0.021699478430193597
2021-04-22,305.13250732421875,-0.0005939842269633289
2021-04-23,304.9512634277344,0.023331665106018473
2021-04-26,312.0662841796875,0.02541388497395025
2021-04-27,319.9971008300781,0.029316118720176476
2021-04-28,329.378173828125,-0.01100734694059069
2021-04-29,325.7525939941406,-0.01641612473219456
2021-04-30,320.4049987792969,-0.008203709466140241
2021-05-03,317.7764892578125,0.002567008230176082
2021-05-04,318.59222412109375,0.01109541238530487
2021-05-05,322.12713623046875,0.00042196163464947034
2021-05-06,322.2630615234375,0.007593905103032927
2021-05-07,324.7102966308594,0.0096300723291598
2021-05-10,327.8372802734375,0.008155961160883907
2021-05-11,330.5111083984375,0.008364305402639438
2021-05-12,333.2756042480469,-0.019717190400864393
2021-05-14,326.704345703125,0.06283819229237309
2021-05-17,347.2338562011719,-0.002218900263214807
2021-05-18,346.46337890625,0.005624636216681633
2021-05-19,348.412109375,0.000390215514583403
2021-05-20,348.5480651855469,0.04329737717230464
2021-05-21,363.6392822265625,0.02704382743754219
2021-05-24,373.4734802246094,0.0007280613898750232
2021-05-25,373.7453918457031,0.0029101268085307552
2021-05-26,374.8330383300781,0.028170745617616788
2021-05-27,385.3923645019531,-0.007408221554088157
2021-05-28,382.53729248046875,0.005449549109843188
2021-05-31,384.6219482421875,0.019323681463541353
2021-06-01,392.05426025390625,0.010865789968174333
2021-06-02,396.3142395019531,0.014771963800661148
2021-06-03,402.1685791015625,-0.013760769631195657
2021-06-04,396.6344299316406,-0.0031135076110742066
2021-06-07,395.3995056152344,-0.011683060430668912
2021-06-08,390.780029296875,-0.013459814386165503
2021-06-09,385.52020263671875,0.025625902121204858
2021-06-10,395.3995056152344,-0.006130768371678363
2021-06-11,392.97540283203125,0.001745823450739925
2021-06-14,393.6614685058594,-0.0019751929900533316
2021-06-15,392.8839111328125,-0.008265405832832307
2021-06-16,389.6365661621094,-0.013381830007195505
2021-06-17,384.4225158691406,-0.017489660235566973
2021-06-18,377.6990966796875,0.016590064157362194
2021-06-21,383.96514892578125,-0.002620537491942687
2021-06-22,382.9589538574219,0.000477655272030475
2021-06-23,383.1418762207031,-0.0039393719992038
2021-06-24,381.6325378417969,0.02780437309356376
2021-06-25,392.24359130859375,-0.004780737441218208
2021-06-28,390.3683776855469,-0.012302378961303595
2021-06-29,385.56591796875,-0.0054566073864132925
2021-06-30,383.4620361328125,0.002862649184849353
2021-07-01,384.55975341796875,0.009514687982640435
2021-07-02,388.2187194824219,0.019439121507165424
2021-07-05,395.7653503417969,-0.006702657120105204
2021-07-06,393.1126708984375,0.007213359048733103
2021-07-07,395.9483337402344,-0.019406162965863283
2021-07-08,388.2644958496094,-0.001649341792052561
2021-07-09,387.6241149902344,0.008731688525608572
2021-07-12,391.00872802734375,0.003860036242522291
2021-07-13,392.5180358886719,0.0045443056388216885
2021-07-14,394.3017578125,0.001508070907582315
2021-07-15,394.8963928222656,-0.003937955009924665
2021-07-16,393.34130859375,-0.004883851418200691
2021-07-19,391.4202880859375,-0.016358803872740357
2021-07-20,385.0171203613281,0.0027321133133078046
2021-07-22,386.06903076171875,0.016230314345993202
2021-07-23,392.3350524902344,-0.013056591709652343
2021-07-26,387.2124938964844,0.015709898165843894
2021-07-27,393.2955627441406,-0.010349944275499623
2021-07-28,389.2249755859375,0.0377201915239338
2021-07-29,403.9066162109375,-0.022081248112988283
2021-07-30,394.98785400390625,0.007179191285580533
2021-08-02,397.82354736328125,0.026672840395456143
2021-08-03,408.43463134765625,0.02340434021195814
2021-08-04,417.9937744140625,-0.03304518859122041
2021-08-05,404.18109130859375,-0.014032022757725193
2021-08-06,398.5096130371094,-0.00516465961315371
2021-08-09,396.4514465332031,-0.016035968504465536
2021-08-10,390.0939636230469,0.0037518191722982763
2021-08-11,391.5575256347656,-0.0021024028808726003
2021-08-12,390.73431396484375,0.009481331083754485
2021-08-13,394.4389953613281,-0.014726293129960655
2021-08-16,388.63037109375,-0.007885264129963598
2021-08-17,385.56591796875,-0.004270305797965945
2021-08-18,383.91943359375,-0.030974529008593765
2021-08-20,372.0277099609375,0.006884728599173551
2021-08-23,374.5890197753906,0.019780223003188713
2021-08-24,381.99847412109375,-0.003232799081848592
2021-08-25,380.7635498046875,-0.013213340536000207
2021-08-26,375.7323913574219,0.00413880800347699
2021-08-27,377.2874755859375,0.024851580803167073
2021-08-30,386.6636657714844,0.00792521346356545
2021-08-31,389.7280578613281,0.009036530677589472
2021-09-01,393.2498474121094,-0.00034882788785450813
2021-09-02,393.1126708984375,0.003839299660071127
2021-09-03,394.6219482421875,-0.0008113852539468613
2021-09-06,394.3017578125,-0.0045237483437148285
2021-09-07,392.5180358886719,0.005243573118429046
2021-09-08,394.57623291015625,0.0022022550956055653
2021-09-09,395.4451904296875,0.001272346516593581
2021-09-13,395.9483337402344,0.0003465276137264439
2021-09-14,396.0855407714844,0.025057687724821198
2021-09-15,406.0105285644531,0.044722426147684846
2021-09-16,424.1683044433594,-0.02070306904445285
2021-09-17,415.38671875,-0.03666590455994512
2021-09-20,400.15618896484375,0.003086029487692432
2021-09-21,401.3910827636719,0.00011396827576337643
2021-09-22,401.43682861328125,0.024951570902919773
2021-09-23,411.45330810546875,-0.020120078602621327
2021-09-24,403.1748352050781,0.013272795960831196
2021-09-27,408.5260925292969,-0.0038064978941975136
2021-09-28,406.9710388183594,0.03394028642222824
2021-09-29,420.78375244140625,-0.015217458469324763
2021-09-30,414.3804931640625,-0.002980096358781048
2021-10-01,413.1455993652344,0.02546211743206417
2021-10-04,423.6651611328125,0.003346692924842909
2021-10-05,425.0830383300781,-0.01613942473469787
2021-10-06,418.2224426269531,0.0015310508450878668
2021-10-07,418.8627624511719,0.00021835596247665734
2021-10-08,418.9542236328125,0.024563361560199892
2021-10-11,429.2451477050781,0.029302040701702392
2021-10-12,441.8229064941406,-0.002691527418152706
2021-10-13,440.63372802734375,0.0184763350349193
2021-10-14,448.7750244140625,0.014981578270927942
2021-10-18,455.4983825683594,-0.019580228049860926
2021-10-19,446.5796203613281,0.023965455750533327
2021-10-20,457.2821044921875,0.006101351955590584
2021-10-21,460.0721435546875,0.0
2021-10-22,460.0721435546875,0.00705827227015976
2021-10-25,463.3194580078125,0.011944762144142418
2021-10-26,468.85369873046875,0.012876838834742221
2021-10-27,474.89105224609375,-0.03428681408860357
2021-10-28,458.6085510253906,0.0015955884089930983
2021-10-29,459.3403015136719,0.02698406149539756
2021-11-01,471.73516845703125,0.011634630450429784
2021-11-02,477.2236328125,0.011405028270207174
2021-11-03,482.6663818359375,0.005306521011744225
2021-11-04,485.2276611328125,-0.013573384553652423
2021-11-08,478.6414794921875,0.011275733346663097
2021-11-09,484.03851318359375,-0.0089766870559147
2021-11-10,479.6934509277344,-0.028222751460928897
2021-11-11,466.1551818847656,0.003434114089759799
2021-11-12,467.7560119628906,-0.009386962418811429
2021-11-15,463.3652038574219,-0.022603803286859625
2021-11-16,452.8913879394531,0.006160301529378298
2021-11-17,455.68133544921875,0.011341993974456788
2021-11-18,460.84967041015625,-0.034537632369303406
2021-11-22,444.9330139160156,0.01367187566981598
2021-11-23,451.0160827636719,0.00020285684416876393
2021-11-24,451.1075744628906,-0.00527219348699115
2021-11-25,448.729248046875,-0.04087252685671072
2021-11-26,430.3885498046875,-0.011477084404620475
2021-11-29,425.4489440917969,-0.009782864507713929
2021-11-30,421.2868347167969,0.03202678328952113
2021-12-01,434.779296875,0.0035767911611046532
2021-12-02,436.33441162109375,-0.008071308283242873
2021-12-03,432.8126220703125,-0.016590840311698885
2021-12-06,425.63189697265625,0.024500351542463328
2021-12-07,436.0600280761719,0.031151568552045816
2021-12-08,449.64398193359375,-0.005899782094856643
2021-12-09,446.9911804199219,0.012381164288376434
2021-12-10,452.52545166015625,-0.013947873108505537
2021-12-13,446.21368408203125,0.0015375955867820146
2021-12-14,446.8997802734375,-0.007675901931793017
2021-12-15,443.46942138671875,-0.007528830605509129
2021-12-16,440.130615234375,-0.02774597495527731
2021-12-17,427.91876220703125,-0.03976061403895381
2021-12-20,410.9044494628906,-0.007123760919162558
2021-12-21,407.9772644042969,0.022085261140677437
2021-12-22,416.987548828125,0.013052472480665767
2021-12-23,422.4302673339844,-0.01050230834054855
2021-12-24,417.9937744140625,0.002407128077904108
2021-12-27,418.99993896484375,0.006877089889939958
2021-12-28,421.8814392089844,-0.014744132594619708
2021-12-29,415.6611633300781,-0.0059419025233133915
2021-12-30,413.19134521484375,0.019371239047010214
2021-12-31,421.19537353515625,0.022477906755167698
2022-01-03,430.6629638671875,0.02697547981273196
2022-01-04,442.2803039550781,0.018407342043454955
2022-01-05,450.4215087890625,-0.0014215335949697705
2022-01-06,449.7812194824219,-0.000915226322259155
2022-01-07,449.36956787109375,0.025241661393301307
2022-01-10,460.71240234375,0.004566782613119269
2022-01-11,462.8163757324219,0.008498857972141671
2022-01-12,466.7497863769531,0.0021558137042720915
2022-01-13,467.7560119628906,-0.005866867822385657
2022-01-14,465.0117492675781,0.011114418010035099
2022-01-17,470.1800842285156,-0.014007915045121777
2022-01-18,463.5938415527344,0.017758556802189185
2022-01-19,471.82659912109375,-0.00853040467338917
2022-01-20,467.8017272949219,-0.017012084407473482
2022-01-21,459.84344482421875,-0.017008259142628712
2022-01-24,452.0223083496094,0.041485587198426765
2022-01-25,470.77471923828125,0.02778577635948265
2022-01-27,483.8555603027344,-0.010397932409749622
2022-01-28,478.824462890625,0.028369254027375224
2022-01-31,492.4083557128906,-0.011146164137533221
2022-02-01,486.9198913574219,0.014089971220385689
2022-02-02,493.78057861328125,0.0005556790947356394
2022-02-03,494.0549621582031,-0.01814488220629651
2022-02-04,485.09039306640625,0.005563104190496881
2022-02-07,487.78900146484375,-0.003563279731379154
2022-02-08,486.0508728027344,0.007339839510664747
2022-02-09,489.618408203125,0.009901883691510793
2022-02-10,494.466552734375,-0.020257019209167892
2022-02-11,484.45013427734375,-0.05324778880695291
2022-02-14,458.65423583984375,0.046669339688613753
2022-02-15,480.059326171875,-0.015434392009857967
2022-02-16,472.64990234375,-0.007257522570034536
2022-02-17,469.2196350097656,0.004581217424807882
2022-02-18,471.3692321777344,-0.006695076929192578
2022-02-21,468.21337890625,-0.026277282534901913
2022-02-22,455.9100036621094,0.0006019709545166396
2022-02-23,456.1844482421875,-0.05223580656788496
2022-02-24,432.35528564453125,0.02179204425252368
2022-02-25,441.7771911621094,0.0005176789002327986
2022-02-28,442.0058898925781,-0.018522473169572118
2022-03-02,433.81884765625,-0.014443796632603978
2022-03-03,427.5528564453125,-0.011660270782720916
2022-03-04,422.5674743652344,-0.04686650406223403
2022-03-07,402.7632141113281,0.0
2022-03-08,402.7632141113281,0.0258914685804279
2022-03-09,413.19134521484375,0.037635564920121656
2022-03-10,428.7420349121094,0.0035203881495213807
2022-03-11,430.2513732910156,0.031465810101332314
2022-03-14,443.7895812988281,0.0014429830855893222
2022-03-15,444.4299621582031,0.014201871156247714
2022-03-16,450.74169921875,0.018569315007057607
2022-03-17,459.1116638183594,-0.022514434328086308
2022-03-21,448.7750244140625,0.006318741474255152
2022-03-22,451.6107177734375,-0.006177838385012402
2022-03-23,448.82073974609375,-0.007235350777502703
2022-03-24,445.5733642578125,0.007390749991027734
2022-03-25,448.8664855957031,0.01385767385389225
2022-03-28,455.08673095703125,-0.005025052503701333
2022-03-29,452.7998962402344,-0.001414201608953447
2022-03-30,452.1595458984375,-0.0015173088350151076
2022-03-31,451.4734802246094,0.029683011552815497
2022-04-01,464.87457275390625,0.008264486138983784
2022-04-04,468.7165222167969,-0.005854910340927333
2022-04-05,465.97222900390625,0.008932162977770997
2022-04-06,470.1343688964844,0.0019456211450519234
2022-04-07,471.049072265625,0.0022332523244068536
2022-04-08,472.1010437011719,-0.002325109809062309
2022-04-11,471.00335693359375,-0.003981446481426065
2022-04-12,469.1280822753906,0.009457020636154834
2022-04-13,473.56463623046875,-0.015839328934332375
2022-04-18,466.0636901855469,0.004514281879062887
2022-04-19,468.1676330566406,-0.004884779703846931
2022-04-20,465.8807373046875,0.013744351820190959
2022-04-21,472.2839660644531,-0.030408636037643544
2022-04-22,457.9224548339844,-0.011685946534678693
2022-04-25,452.5711975097656,0.02172819919388269
2022-04-26,462.4047546386719,-0.01632053264769806
2022-04-27,454.8580627441406,0.020613307575169326
2022-04-28,464.23419189453125,-0.022068920997111108
2022-04-29,453.9890441894531,-0.01067905737127206
2022-05-02,449.140869140625,-0.023116100019514252
2022-05-04,438.75848388671875,0.0007297646460329155
2022-05-05,439.07867431640625,0.008229095208208692
2022-05-06,442.69189453125,-0.0166339356718761
2022-05-09,435.32818603515625,-0.0014708197796062805
2022-05-10,434.6878967285156,0.0028408043806686933
2022-05-11,435.9227600097656,-0.029167932915518446
2022-05-12,423.2077941894531,-0.03890631110208609
2022-05-13,406.7423400878906,0.02327670349628108
2022-05-16,416.2099609375,0.0270329998427965
2022-05-17,427.46136474609375,-0.01990154389352683
2022-05-18,418.9542236328125,-0.022925721568276658
2022-05-19,409.3493957519531,0.03329607998949724
2022-05-20,422.9791259765625,-0.003243897265403528
2022-05-23,421.6070251464844,0.002495002069818897
2022-05-24,422.658935546875,-0.0018682731336618907
2022-05-25,421.8692932128906,0.032591876061980773
2022-05-26,435.6188049316406,0.00010669482345160297
2022-05-27,435.665283203125,0.012048223997399798
2022-05-30,440.9142761230469,-0.013695781920654237
2022-05-31,434.8756103515625,0.00042722795025174065
2022-06-01,435.0614013671875,0.0033098832414941715
2022-06-02,436.50140380859375,-0.011386620605430497
2022-06-03,431.5311279296875,-0.0017221563275525709
2022-06-06,430.7879638671875,-0.0006470644074905163
2022-06-07,430.50921630859375,0.01704786712569417
2022-06-08,437.8484802246094,-0.009229743691182346
2022-06-09,433.8072509765625,-0.010921986893278057
2022-06-10,429.0692138671875,-0.03464331488349004
2022-06-13,414.204833984375,0.005046540605440519
2022-06-14,416.2951354980469,0.007252902777542536
2022-06-15,419.3144836425781,-0.021601885343313088
2022-06-16,410.2565002441406,-0.0013586708903366995
2022-06-17,409.6990966796875,-0.014285788773499064
2022-06-20,403.8462219238281,0.03692211872941398
2022-06-21,418.757080078125,-0.006877507318264753
2022-06-22,415.8770751953125,0.008377129707223485
2022-06-23,419.3609313964844,0.0063137393053904756
2022-06-24,422.0086669921875,0.015299912209528532
2022-06-27,428.4653625488281,0.00661312755106791
2022-06-28,431.2988586425781,-0.011093130087942216
2022-06-29,426.514404296875,0.014811651725841424
2022-06-30,432.831787109375,0.002038985740143495
2022-07-01,433.7143249511719,0.014137397462178125
2022-07-04,439.8459167480469,-0.0027459483957082975
2022-07-05,438.63812255859375,0.016520291034191503
2022-07-06,445.8845520019531,0.014168066036331473
2022-07-07,452.2018737792969,0.0036979970847128563
2022-07-08,453.8741149902344,-0.0007162861882366034
2022-07-11,453.54901123046875,-0.006657226864893562
2022-07-12,450.5296325683594,0.0031962435704775416
2022-07-13,451.9696350097656,-0.014696821590017284
2022-07-14,445.3271179199219,-0.0005215015214344865
2022-07-15,445.0948791503906,0.023377104038438734
2022-07-18,455.4999084472656,0.015602759807986422
2022-07-19,462.6069641113281,0.021387710889551492
2022-07-20,472.5010681152344,0.006783283380422889
2022-07-21,475.7061767578125,0.003222298777131538
2022-07-22,477.2390441894531,0.007981305228252689
2022-07-25,481.04803466796875,-0.006952428163655822
2022-07-26,477.7035827636719,0.027226752337560667
2022-07-27,490.70989990234375,0.00804616687175086
2022-07-28,494.6582336425781,-0.007700308489853258
2022-07-29,490.8492126464844,0.010220560655159305
2022-08-01,495.865966796875,0.015643870930895032
2022-08-02,503.62322998046875,-0.002305800871928665
2022-08-03,502.46197509765625,-0.01405178140787966
2022-08-04,495.4014892578125,-0.00412583602758676
2022-08-05,493.3575439453125,-0.02005444646098009
2022-08-08,483.4635314941406,-0.010953133646839142
2022-08-10,478.1680908203125,0.01952597971026404
2022-08-11,487.5047912597656,0.011338718187928531
2022-08-12,493.032470703125,-0.008950531849835186
2022-08-16,488.61956787109375,0.004183039176730352
2022-08-17,490.6634826660156,0.007952140497538895
2022-08-18,494.5653076171875,-0.022541582962666173
2022-08-19,483.4170227050781,-0.017392134355440514
2022-08-22,475.0093688964844,0.020731627479335657
2022-08-23,484.8570861816406,-0.004981936765682482
2022-08-24,482.4415588378906,0.0021183346200766007
2022-08-25,483.4635314941406,0.006533400521255617
2022-08-26,486.6221923828125,-0.017086743984372932
2022-08-29,478.3074035644531,0.03185397574467519
2022-08-30,493.54339599609375,0.0038587893099553128
2022-09-01,495.4478759765625,0.00637542627470955
2022-09-02,498.6065673828125,0.004099131245891563
2022-09-05,500.6504211425781,-0.002041228960398378
2022-09-06,499.62847900390625,-0.009204165741805492
2022-09-07,495.0298156738281,0.02214511843405309
2022-09-08,505.9923095703125,0.0159736015318368
2022-09-09,514.0748291015625,0.002801153372793852
2022-09-12,515.5148315429688,0.005586539264130108
2022-09-13,518.394775390625,0.024641544355721745
2022-09-14,531.1688232421875,0.0006996703310593322
2022-09-15,531.5404663085938,-0.01808971863844211
2022-09-16,521.925048828125,0.018600854614897022
2022-09-19,531.63330078125,0.00314547867577164
2022-09-20,533.3055419921875,-0.0075775280343358675
2022-09-21,529.264404296875,-0.004212896824390078
2022-09-22,527.03466796875,-0.029437797801859844
2022-09-23,511.5199279785156,-0.013258133154669727
2022-09-26,504.7381286621094,-0.012516098816760746
2022-09-27,498.4207763671875,-0.02171476413662976
2022-09-28,487.5976867675781,-0.005906518757102575
2022-09-29,484.7176818847656,0.016962105123586646
2022-09-30,492.93951416015625,-0.02044848143108724
2022-10-03,482.8596496582031,0.024915838960659853
2022-10-04,494.8905029296875,0.008635178877508753
2022-10-06,499.1639709472656,-0.013214172500956023
2022-10-07,492.56793212890625,0.0010373306446047614
2022-10-10,493.0788879394531,-0.006311733666377606
2022-10-11,489.9667053222656,0.012134925014149589
2022-10-12,495.91241455078125,-0.023136040499055488
2022-10-13,484.43896484375,0.011027021633231993
2022-10-14,489.7808837890625,0.031202481877533605
2022-10-17,505.0632629394531,0.03458114855346972
2022-10-18,522.5289306640625,-0.0160901957385452
2022-10-19,514.121337890625,0.0036138768311566594
2022-10-20,515.9793090820312,0.009812859416558517
2022-10-21,521.0425415039062,0.017205940285782928
2022-10-24,530.007568359375,0.014110435665027232
2022-10-25,537.4862060546875,0.0019012797157993422
2022-10-27,538.5081176757812,-0.015354105677294672
2022-10-28,530.2398071289062,0.0053438011549764575
2022-10-31,533.0733032226562,0.005402757745618603
2022-11-01,535.953369140625,-0.005287061015412764
2022-11-02,533.1197509765625,0.019256101629444355
2022-11-03,543.3855590820312,0.015472609886138411
2022-11-04,551.7931518554688,0.0340095473973514
2022-11-07,570.5593872070312,0.0022795140588218743
2022-11-09,571.8599853515625,-0.01592062803903027
2022-11-10,562.755615234375,-0.007346271030482243
2022-11-11,558.6214599609375,-0.014551725690181039
2022-11-14,550.4925537109375,0.014007120310180365
2022-11-15,558.203369140625,-0.0018307156093790855
2022-11-16,557.1814575195312,-0.0011671773729493573
2022-11-17,556.5311279296875,0.00609308453877877
2022-11-18,559.922119140625,-0.007632417838522976
2022-11-21,555.6485595703125,0.0016720589524357177
2022-11-22,556.57763671875,0.014271461419757214
2022-11-23,564.5208129882812,0.002797566771026272
2022-11-24,566.10009765625,-0.0032000055202251465
2022-11-25,564.28857421875,0.00197548939439951
2022-11-28,565.4033203125,-8.214977209641816e-05
2022-11-29,565.3568725585938,-0.010023851301230846
2022-11-30,559.6898193359375,0.009378450806426741
2022-12-01,564.9388427734375,-0.0009046065247919621
2022-12-02,564.4277954101562,0.016048298015103324
2022-12-05,573.4859008789062,-0.013526723572484523
2022-12-06,565.728515625,-0.0031202205742733025
2022-12-07,563.9633178710938,0.007577617904810374
2022-12-08,568.23681640625,0.00792943753335118
2022-12-09,572.7426147460938,-0.00559612481703875
2022-12-12,569.5374755859375,0.006035492153185107
2022-12-13,572.9749145507812,0.014187193965329525
2022-12-14,581.1038208007812,-0.015267826617602176
2022-12-15,572.2316284179688,-0.020456206709378977
2022-12-16,560.5259399414062,0.0018232388252306109
2022-12-19,561.5479125976562,0.0
2022-12-20,561.5479125976562,-0.018281051010711424
2022-12-21,551.2822265625,0.0
2022-12-22,551.2822265625,-0.03269311335611402
2022-12-23,533.2590942382812,0.040243829717049984
2022-12-26,554.719482421875,0.008039039122304192
2022-12-27,559.1788940429688,-0.001412200746442771
2022-12-28,558.3892211914062,0.017885373020650297
2022-12-29,568.376220703125,0.0031054706711870494
2022-12-30,570.1412963867188,-0.002444119836915948
2023-01-02,568.747802734375,0.00032677409897274856
2023-01-03,568.9336547851562,-0.011757128133740302
2023-01-04,562.24462890625,-0.00016533113557626322
2023-01-05,562.1516723632812,-0.007353946285965085
2023-01-06,558.0176391601562,0.011737302053549392
2023-01-09,564.5672607421875,-0.020651749700266064
2023-01-10,552.907958984375,0.0026044161926179754
2023-01-11,554.3479614257812,-0.003016481149277439
2023-01-12,552.67578125,0.00874076757253417
2023-01-13,557.506591796875,0.004832613473688019
2023-01-16,560.2008056640625,-0.016666648507952964
2023-01-17,550.8641357421875,-0.002529650347387835
2023-01-18,549.4706420898438,-0.002705462588448726
2023-01-19,547.9840698242188,0.0039842190575341
2023-01-20,550.1673583984375,0.013931085866760728
2023-01-23,557.831787109375,-0.010159071880830428
2023-01-24,552.1647338867188,-0.04315633591907386
2023-01-25,528.3353271484375,-0.050553842855205366
2023-01-27,501.6259460449219,-0.0032411690523717063
2023-01-30,500.0000915527344,0.02842827848603302
2023-01-31,514.2142333984375,-0.04724497162335495
2023-02-01,489.9201965332031,0.0014221639179241574
2023-02-02,490.616943359375,0.03048672923072493
2023-02-03,505.5742492675781,0.002205272916557588
2023-02-06,506.6891784667969,0.00311669003867987
2023-02-07,508.26837158203125,0.004843728628710631
2023-02-08,510.73028564453125,0.0019099393449057978
2023-02-09,511.70574951171875,0.004085027446427247
2023-02-10,513.7960815429688,-0.028116834867044416
2023-02-13,499.3497619628906,0.006232531527664786
2023-02-14,502.46197509765625,0.0025886330941018443
2023-02-15,503.7626647949219,-0.003964913694218253
2023-02-16,501.7652893066406,-0.01684877822409836
2023-02-17,493.3111572265625,-0.011016887289805877
2023-02-20,487.87640380859375,-0.0032372465820723617
2023-02-21,486.2970275878906,-0.013563932081249397
2023-02-22,479.700927734375,0.009005626369375852
2023-02-23,484.02093505859375,9.589923279351709e-05
2023-02-24,484.0673522949219,0.01276289457788815
2023-02-27,490.2454528808594,-0.009285708994499209
2023-02-28,485.69317626953125,0.026587548979924547
2023-03-01,498.6065673828125,-0.005496519230227759
2023-03-02,495.865966796875,0.05142863332425773
2023-03-03,521.36767578125,0.0008909999522364043
2023-03-06,521.8322143554688,0.005518790778482385
2023-03-08,524.7120971679688,-0.010445995368321248
2023-03-09,519.23095703125,-0.02066566906623657
2023-03-10,508.5007019042969,-0.03169820755537367
2023-03-13,492.38214111328125,-0.008679231390264941
2023-03-14,488.108642578125,-0.014941031654689962
2023-03-15,480.8157958984375,0.013428689592349885
2023-03-16,487.27252197265625,0.010104812780102002
2023-03-17,492.1963195800781,-0.020007577989208936
2023-03-20,482.3486633300781,0.005104013444348077
2023-03-21,484.8105773925781,-0.0005748988450594572
2023-03-22,484.5318603515625,-0.01687268613868742
2023-03-23,476.35650634765625,-0.014432019475631441
2023-03-24,469.4817199707031,0.009498324132959812
2023-03-27,473.9410095214844,-0.004018454743913713
2023-03-28,472.0364990234375,0.016532266093739034
2023-03-29,479.84033203125,0.014036778795029736
2023-03-31,486.57574462890625,0.005727819055985073
2023-04-03,489.3627624511719,-0.007118981900027799
2023-04-05,485.8789978027344,0.008890992013646182
2023-04-06,490.1989440917969,-0.0025585763512913084
2023-04-10,488.9447326660156,0.01102040034226004
2023-04-11,494.3330993652344,-0.007329469678528766
2023-04-12,490.70989990234375,0.008992833271412204
2023-04-13,495.1227722167969,0.02073361721819822
2023-04-17,505.3884582519531,0.0034006681775244907
2023-04-18,507.10711669921875,-0.010167548841581997
2023-04-19,501.9510803222656,0.0083286453075897
2023-04-20,506.13165283203125,-0.0030285339900905095
2023-04-21,504.59881591796875,0.021080765087034603
2023-04-24,515.2361450195312,0.012982209950235912
2023-04-25,521.925048828125,0.00809896131780019
2023-04-26,526.152099609375,-0.002825018015246483
2023-04-27,524.6657104492188,0.023992793030067183
2023-04-28,537.25390625,-0.005187694947541344
2023-05-02,534.466796875,-0.008343321870877496
2023-05-03,530.007568359375,0.01665211056556437
2023-05-04,538.8333129882812,-0.006034494964740955
2023-05-05,535.5817260742188,0.012315596256671446
2023-05-08,542.177734375,-0.017306462652425303
2023-05-09,532.7945556640625,-0.002266503201972747
2023-05-10,531.5869750976562,0.0021845058987743915
2023-05-11,532.7482299804688,0.008195980384822388
2023-05-12,537.1146240234375,0.006486072977013979
2023-05-15,540.598388671875,0.007561449692023325
2023-05-16,544.6860961914062,0.0
2023-05-17,544.6860961914062,-0.020637961967639007
2023-05-18,533.4448852539062,0.001654584042194207
2023-05-19,534.3275146484375,0.003477442599865599
2023-05-22,536.1856079101562,0.00771019247307736
2023-05-23,540.3197021484375,0.0018911962341450206
2023-05-24,541.341552734375,-0.0024882347502744873
2023-05-25,539.9945678710938,0.00817212448900917
2023-05-26,544.407470703125,0.015358248131188468
2023-05-29,552.7686157226562,-0.0036974299626535423
2023-05-30,550.7247924804688,-0.002837613563003716
2023-05-31,549.1620483398438,0.005001405394915892
2023-06-01,551.9086303710938,0.007636187055507282
2023-06-02,556.1231079101562,0.0
2023-06-05,556.1231079101562,-0.0031506265529103183
2023-06-06,554.3709716796875,0.006577366882113855
2023-06-07,558.0172729492188,-0.001187961133403026
2023-06-08,557.3543701171875,-0.016652550994371906
2023-06-09,548.072998046875,-8.63064706021488e-05
2023-06-12,548.0256958007812,-0.0038883585687392586
2023-06-13,545.894775390625,0.00026006435642456083
2023-06-14,546.0367431640625,-0.017431294799416852
2023-06-15,536.5186157226562,0.008384790498549455
2023-06-16,541.0172119140625,-0.004201251214741464
2023-06-19,538.7442626953125,-0.0025488326101935632
2023-06-20,537.37109375,-0.0018508026997753335
2023-06-21,536.3765258789062,-0.006003304736360127
2023-06-22,533.156494140625,-0.0148324555856304
2023-06-23,525.2484741210938,0.004417552100237199
2023-06-26,527.5687866210938,0.01624619216313583
2023-06-27,536.1397705078125,0.006536003517258582
2023-06-28,539.6439819335938,0.005352808400630238
2023-06-30,542.5325927734375,0.021995298831547938
2023-07-03,554.4657592773438,0.006490710910292297
2023-07-04,558.0646362304688,0.0022909593888704727
2023-07-05,559.3431396484375,0.0032170564882469943
2023-07-06,561.142578125,0.00185658533614097
2023-07-07,562.1843872070312,-0.0016846474948128964
2023-07-10,561.2373046875,-0.006834352113337716
2023-07-11,557.401611328125,0.0011894922599235969
2023-07-12,558.0646362304688,-0.006109370862763308
2023-07-13,554.6552124023438,-0.002134477237946575
2023-07-14,553.4713134765625,0.028576299664074156
2023-07-17,569.2874755859375,-0.014556663592505625
2023-07-18,561.0005493164062,0.015362675221589406
2023-07-19,569.6190185546875,0.014298636677003929
2023-07-20,577.7637939453125,0.0082779760411964
2023-07-21,582.5465087890625,0.004145763576330674
2023-07-24,584.9616088867188,-0.01303337402262994
2023-07-25,577.3375854492188,0.009104461217712245
2023-07-26,582.5939331054688,0.0022757990151929253
2023-07-27,583.9197998046875,-0.0008110219545597319
2023-07-28,583.4462280273438,0.006736558971619289
2023-07-31,587.3766479492188,-0.013463494194831283
2023-08-01,579.468505859375,-0.021900751758055503
2023-08-02,566.7777099609375,-0.01328428360452405
2023-08-03,559.2484741210938,-0.02912800959801598
2023-08-04,542.9586791992188,-0.009418902216599134
2023-08-07,537.8446044921875,0.009156329869362878
2023-08-08,542.769287109375,0.0011342970866545787
2023-08-09,543.3849487304688,-0.00017432680592521788
2023-08-10,543.2902221679688,0.0008717860052955828
2023-08-11,543.7638549804688,-0.023251921898990724
2023-08-14,531.1203002929688,0.00811330891330897
2023-08-16,535.429443359375,0.012028075083932999
2023-08-17,541.86962890625,0.001398289162684474
2023-08-18,542.6273193359375,-0.002181677642168478
2023-08-21,541.4434814453125,-0.005597446063075107
2023-08-22,538.4127807617188,0.014775847928124364
2023-08-23,546.3682861328125,8.6575753560858e-05
2023-08-24,546.4155883789062,-0.012132736954358903
2023-08-25,539.7860717773438,0.005088165737678896
2023-08-28,542.5325927734375,0.0034913387035044874
2023-08-29,544.4267578125,-0.012959803979601503
2023-08-30,537.37109375,-0.010662758873857814
2023-08-31,531.6412353515625,0.014607578747728223
2023-09-01,539.4072265625,0.010534477046381552
2023-09-04,545.089599609375,-0.004430423968966535
2023-09-05,542.6746215820312,-0.004362974952371368
2023-09-06,540.3069458007812,0.014986914831691234
2023-09-07,548.4044799804688,0.0075986145444342235
2023-09-08,552.5715942382812,0.014140096249635414
2023-09-11,560.385009765625,-0.005661804780735857
2023-09-12,557.2122192382812,0.013767441656675983
2023-09-13,564.8836059570312,0.0014250593702704872
2023-09-14,565.6885986328125,0.0025112637326474285
2023-09-15,567.1091918945312,0.00860053315298237
2023-09-18,571.9866333007812,-0.0047189174671227185
2023-09-20,569.2874755859375,-0.021543750615136026
2023-09-21,557.0228881835938,0.01700235901595204
2023-09-22,566.4935913085938,-0.006854546459484578
2023-09-25,562.6105346679688,0.0005892939223857141
2023-09-26,562.9420776367188,-0.0078230618015811
2023-09-27,558.5381469726562,0.0003391946029591697
2023-09-28,558.7276000976562,0.01457736361905404
2023-09-29,566.8723754882812,0.007351170163088838
2023-10-03,571.03955078125,-0.02769713951990993
2023-10-04,555.223388671875,0.010064000668368323
2023-10-05,560.8111572265625,0.003546346289260427
2023-10-06,562.7999877929688,-0.01539749580166394
2023-10-09,554.13427734375,0.011194703872788647
2023-10-10,560.337646484375,-0.005577757028647046
2023-10-11,557.2122192382812,-0.0039091437356267855
2023-10-12,555.0339965820312,-0.016892836638028874
2023-10-13,545.6578979492188,-0.0008677795079428119
2023-10-16,545.1843872070312,0.0013897874690966816
2023-10-17,545.9420776367188,-0.0065920490479574045
2023-10-18,542.3432006835938,-0.002532143878440918
2023-10-19,540.9699096679688,-0.014180688327567359
2023-10-20,533.298583984375,-0.018025275694690146
2023-10-23,523.6857299804688,0.005877576480463276
2023-10-25,526.7637329101562,-0.016540762368609796
2023-10-26,518.0506591796875,0.025868481864788073
2023-10-27,531.4518432617188,0.007217156808643654
2023-10-30,535.2874145507812,0.0006192597183924953
2023-10-31,535.618896484375,0.0015030345572599746
2023-11-01,536.4239501953125,0.010063524247420297
2023-11-02,541.822265625,0.01057504965520728
2023-11-03,547.5520629882812,-0.006572666229187507
2023-11-06,543.9531860351562,0.009401906098980284
2023-11-07,549.0673828125,0.0009486522779216244
2023-11-08,549.5882568359375,-0.003360337006552583
2023-11-09,547.741455078125,0.0019884789679209813
2023-11-10,548.8306274414062,0.0031922674729796263
2023-11-13,550.5826416015625,0.005762716298629789
2023-11-15,553.7554931640625,-8.564125682131163e-05
2023-11-16,553.7080688476562,-0.03694518699556759
2023-11-17,533.251220703125,0.0012432486630098438
2023-11-20,533.9141845703125,-0.003991129046086672
2023-11-21,531.7832641601562,-0.004541397267012637
2023-11-22,529.3682250976562,0.0017890807846590029
2023-11-23,530.3153076171875,0.0007142622025930745
2023-11-24,530.694091796875,0.007316939646863974
2023-11-28,534.5771484375,0.007352162102421067
2023-11-29,538.5074462890625,-0.006770898386540658
2023-11-30,534.8612670898438,0.012394719854134983
2023-12-01,541.49072265625,0.04014017924692492
2023-12-04,563.2262573242188,0.02278449298155527
2023-12-05,576.05908203125,0.0003288779413597176
2023-12-06,576.24853515625,0.005341344414344862
2023-12-07,579.3264770507812,0.004005295160975031
2023-12-08,581.6468505859375,0.00016285923736125696
2023-12-11,581.7415771484375,-0.0030117757852219373
2023-12-12,579.989501953125,0.012165052994207448
2023-12-13,587.0451049804688,0.00613070272267624
2023-12-14,590.6441040039062,0.03944502869812516
2023-12-15,613.9420776367188,0.00038573086106352683
2023-12-18,614.1788940429688,0.010639880501340349
2023-12-19,620.7136840820312,-0.028913526388445465
2023-12-20,602.7666625976562,0.011469735550661664
2023-12-21,609.6802368164062,-0.010873760048677572
2023-12-22,603.0507202148438,0.0020415200503867137
2023-12-26,604.2818603515625,0.016456553845370703
2023-12-27,614.2262573242188,0.004394502380537624
2023-12-28,616.9254760742188,-0.014353799531387268
2023-12-29,608.0702514648438,-0.0010902751213209827
2024-01-01,607.4072875976562,-0.0029624907591732086
2024-01-02,605.6078491210938,0.006255417732156099
2024-01-03,609.3961791992188,-0.0010879028944006386
2024-01-04,608.7332153320312,-0.0012446000570512927
2024-01-05,607.9755859375,-0.023288557697404455
2024-01-08,593.8167114257812,-0.0025516253159467706
2024-01-09,592.301513671875,-0.005836401055700491
2024-01-10,588.8446044921875,-0.0024929438628968903
2024-01-11,587.3766479492188,0.021605891113898545
2024-01-12,600.0674438476562,0.010258754890527966
2024-01-15,606.223388671875,-0.004999111993881811
2024-01-16,603.1928100585938,-0.01711412991839989
2024-01-17,592.8696899414062,0.0036740327481832313
2024-01-18,595.0479125976562,-0.000875348039057311
2024-01-19,594.5270385742188,-0.03608137828670144
2024-01-23,573.07568359375,0.021814683822132253
2024-01-24,585.5771484375,-0.008976145329377516
2024-01-25,580.3209228515625,0.01664633637141355
2024-01-29,589.9811401367188,0.006099882984623495
2024-01-30,593.5799560546875,0.021938540375563864
2024-01-31,606.6022338867188,0.011163174263181252
2024-02-01,613.3738403320312,0.0030882081198528866
2024-02-02,615.26806640625,-0.010313423312532932
2024-02-05,608.9225463867188,0.011354083315266106
2024-02-06,615.8363037109375,0.03844671017304302
2024-02-07,639.51318359375,0.035986617017491396
2024-02-08,662.527099609375,0.03673788402670741
2024-02-09,686.866943359375,-0.02392268519983065
2024-02-12,670.4352416992188,0.007840110862566974
2024-02-13,675.6915283203125,0.041979019974653475
2024-02-14,704.056396484375,0.024616610288801466
2024-02-15,721.3878784179688,-0.009189947322238434
2024-02-16,714.7583618164062,0.006028896382004545
2024-02-19,719.0675659179688,0.00111949518228327
2024-02-20,719.87255859375,0.014998060095001042
2024-02-21,730.6692504882812,-0.007258535737809213
2024-02-22,725.3656616210938,-0.0089438322922899
2024-02-23,718.8781127929688,-0.00019748517990891834
2024-02-26,718.7361450195312,-0.011925246860651995
2024-02-27,710.1650390625,-0.009801944832915965
2024-02-28,703.2040405273438,0.007542034120296304
2024-02-29,708.5076293945312,0.02813798086850583
2024-03-01,728.443603515625,0.0037703962020374515
2024-03-04,731.1901245117188,0.01541358846907448
2024-03-05,742.4603881835938,-6.387454086576039e-05
2024-03-06,742.4129638671875,0.005294033210634819
2024-03-07,746.3433227539062,-0.018209468380545824
2024-03-11,732.7528076171875,-0.01809482415528585
2024-03-12,719.4937744140625,-0.016388102461226906
2024-03-13,707.70263671875,-0.008297024579560164
2024-03-14,701.830810546875,-0.012347379673489312
2024-03-15,693.1650390625,-0.0012979870414383532
2024-03-18,692.2653198242188,-0.009781808002503944
2024-03-19,685.4937133789062,0.017200942131463393
2024-03-20,697.2848510742188,0.010933697118820751
2024-03-21,704.9087524414062,0.003224631955823787
2024-03-22,707.1818237304688,-0.008905907210541408
2024-03-26,700.8837280273438,-0.00912100106598468
2024-03-27,694.490966796875,0.025978376839207895
2024-03-28,712.53271484375,0.00790859383512399
2024-04-01,718.1678466796875,0.010681800527635232
2024-04-02,725.8391723632812,0.006067280186280888
2024-04-03,730.2430419921875,-0.015238916570310623
2024-04-04,719.1149291992188,0.007177656656831566
2024-04-05,724.2764892578125,0.004642041584804968
2024-04-08,727.6386108398438,-0.005336434251320132
2024-04-09,723.755615234375,0.019432009345242696
2024-04-10,737.8196411132812,-0.016366052947953458
2024-04-12,725.7444458007812,-0.011483779998598842
2024-04-15,717.41015625,-0.007656681340760252
2024-04-16,711.9171752929688,-0.0091792294118056
2024-04-18,705.38232421875,0.007585889190466988
2024-04-19,710.7332763671875,0.020854118980263348
2024-04-22,725.5549926757812,0.009006693000786603
2024-04-23,732.08984375,0.0001293086199076754
2024-04-24,732.1845092773438,0.0512224336703786
2024-04-25,769.6887817382812,-0.014027268053708242
2024-04-26,758.8921508789062,0.031448832281392836
2024-04-29,782.7584228515625,-0.0003024628853321998
2024-04-30,782.5216674804688,0.004599076425209514
2024-05-02,786.1205444335938,0.0016866722842492354
2024-05-03,787.4464721679688,-0.028444316225301414
2024-05-06,765.048095703125,-0.00730373364879211
2024-05-07,759.4603881835938,0.011098530185528421
2024-05-08,767.8892822265625,0.011100223525800423
2024-05-09,776.4130249023438,-0.0029885028014462467
2024-05-10,774.0927124023438,-0.010460677448515643
2024-05-13,765.9951782226562,0.011622170881186777
2024-05-14,774.897705078125,0.002566571759566205
2024-05-15,776.8865356445312,-0.01017911838692187
2024-05-16,768.978515625,0.007266323272807629
2024-05-17,774.566162109375,0.015650929845745898
2024-05-21,786.6888427734375,0.0022032553062236726
2024-05-22,788.422119140625,0.01630531213915254
2024-05-23,801.277587890625,-0.004206234367539863
2024-05-24,797.9072265625,0.006155017336611834
2024-05-27,802.818359375,-0.0030586063988439216
2024-05-28,800.3628540039062,-0.010226837269015188
2024-05-29,792.1776733398438,0.0038898103318742994
2024-05-30,795.2590942382812,0.0054489323286919245
2024-05-31,799.5924072265625,0.09068470706739773
2024-06-03,872.1032104492188,-0.14404019893146525
2024-06-04,746.4852905273438,0.018769273160395672
2024-06-05,760.4962768554688,0.034441332166824434
2024-06-06,786.6887817382812,0.015912892039317894
2024-06-07,799.207275390625,0.002229000110888668
2024-06-10,800.9887084960938,0.004508283258018775
2024-06-11,804.5997924804688,0.004248642695657834
2024-06-12,808.0182495117188,0.005720556999694315
2024-06-13,812.6405639648438,-0.0055694240997820055
2024-06-14,808.1146240234375,0.006792219121384502
2024-06-18,813.603515625,0.009113373663173885
2024-06-19,821.0181884765625,-0.010379984123776831
2024-06-20,812.4960327148438,-0.008829595396912637
2024-06-21,805.322021484375,-0.004304630541632992
2024-06-24,801.8554077148438,0.011468686173173648
2024-06-25,811.0516357421875,0.0036805393027083966
2024-06-26,814.0367431640625,-0.0015968895369020686
2024-06-27,812.73681640625,0.0058649522224591966
2024-06-28,817.5034790039062,-0.008245497211171848
2024-07-01,810.7627563476562,-0.018765935608866857
2024-07-02,795.5480346679688,0.016703979873347707
2024-07-03,808.8368530273438,-0.0007739219104039297
2024-07-04,808.2108764648438,0.024365552922213318
2024-07-05,827.9033813476562,-0.004070959732811796
2024-07-08,824.5330200195312,0.005897780829865695
2024-07-09,829.3959350585938,-0.01428070701929074
2024-07-10,817.5515747070312,0.009069588006956453
2024-07-11,824.9664306640625,0.00350171090354201
2024-07-12,827.855224609375,0.025183248080521414
2024-07-15,848.7033081054688,-0.000737568189638993
2024-07-16,848.0773315429688,0.014590750173858691
2024-07-18,860.451416015625,-0.004700433462745068
2024-07-19,856.4069213867188,-0.014111379422581005
2024-07-22,844.3218383789062,-0.014712540379715144
2024-07-23,831.8997192382812,-0.013774771466586788
2024-07-24,820.4404907226562,-0.0041080643890607504
2024-07-25,817.070068359375,0.01644087836475072
2024-07-26,830.50341796875,0.010609196699808532
2024-07-29,839.3143920898438,0.0013768125796149722
2024-07-30,840.469970703125,-0.0004582339040802852
2024-07-31,840.0848388671875,-0.01117600688755771
2024-08-01,830.696044921875,-0.017156566685211705
2024-08-02,816.4441528320312,-0.04269620855670497
2024-08-05,781.5850830078125,-0.017187159569840738
2024-08-06,768.15185546875,0.013727017019721233
2024-08-07,778.6962890625,-0.0007420349015845318
2024-08-08,778.1184692382812,0.02011013991787247
2024-08-09,793.7665405273438,-0.014193924815942949
2024-08-12,782.4998779296875,-0.01852076030238503
2024-08-13,768.0073852539062,0.006833487601916044
2024-08-14,773.2555541992188,0.0113324480766821
2024-08-16,782.0184326171875,0.0019702495748321613
2024-08-19,783.5592041015625,0.00811102558266441
2024-08-20,789.9146728515625,-0.005790543968526518
2024-08-21,785.3406372070312,0.00582426965806615
2024-08-22,789.9146728515625,-0.0060344018936232535
2024-08-23,785.1480102539062,-0.0003679298562290212
2024-08-26,784.859130859375,0.001042994192765212
2024-08-27,785.677734375,-0.007966723594030833
2024-08-28,779.41845703125,0.006300943649768964
2024-08-29,784.3295288085938,0.00135053583705802
2024-08-30,785.3887939453125,0.00803089259166856
2024-09-02,791.6961669921875,0.003223230014300915
2024-09-03,794.2479858398438,-0.010063045614759902
2024-09-04,786.2554321289062,0.002755703710500379
2024-09-05,788.422119140625,-0.04427479355925312
2024-09-06,753.514892578125,0.002236426486936116
2024-09-09,755.2000732421875,-0.002040216280382756
2024-09-10,753.6593017578125,-0.01795188093509259
2024-09-11,740.1296997070312,0.024915545032959452
2024-09-12,758.5704345703125,0.003935175015838732
2024-09-13,761.5555419921875,-0.006701596159305323
2024-09-16,756.451904296875,-0.0033734052795176828
2024-09-17,753.9000854492188,0.012581385259060163
2024-09-18,763.3851928710938,-0.003532016454706466
2024-09-19,760.6889038085938,-0.010443687206268537
2024-09-20,752.7445068359375,0.025777092063660856
2024-09-23,772.1480712890625,-0.004489571234366885
2024-09-24,768.6814575195312,-0.006451604194574911
2024-09-25,763.7222290039062,0.011032600551833749
2024-09-26,772.1480712890625,0.0009977176280469013
2024-09-27,772.91845703125,-0.018376599953125128
2024-09-30,758.71484375,0.01148624254109798
2024-10-01,767.4296264648438,-0.003576153051874642
2024-10-03,764.6851806640625,0.0032112122326177772
2024-10-04,767.1407470703125,-0.03263667894730726
2024-10-07,742.1038208007812,0.01401416228754071
2024-10-08,752.5037841796875,0.02041078359662274
2024-10-09,767.8629760742188,-0.000376291654488603
2024-10-10,767.5740356445312,0.003324604226183414
2024-10-11,770.1259155273438,0.006752079195146088
2024-10-14,775.3258666992188,-0.000620958661613713
2024-10-15,774.8444213867188,0.0009941669395421293
2024-10-16,775.61474609375,0.006952571643334737
2024-10-17,781.0072631835938,0.011528347518600102
2024-10-18,790.010986328125,-0.007861991387209333
2024-10-21,783.7999267578125,-0.028932987316865333
2024-10-22,761.1222534179688,-0.0055668593683178
2024-10-23,756.8851928710938,0.010877921090135523
2024-10-24,765.1185302734375,-0.017116632159890233
2024-10-25,752.0222778320312,0.014213465596061736
2024-10-28,762.7111206054688,0.05132255981570166
2024-10-29,801.8554077148438,-0.012309402958638027
2024-10-30,791.9850463867188,-0.0027356905113894436
2024-10-31,789.8184204101562,0.0012192063837359601
2024-11-01,790.7813720703125,0.01053336628547874
2024-11-04,799.1109619140625,0.023317462322707483
2024-11-05,817.7442016601562,0.006594381322296172
2024-11-06,823.13671875,0.005615339806285924
2024-11-07,827.7589111328125,-0.019136776413983703
2024-11-08,811.9182739257812,0.005337204694857878
2024-11-11,816.2516479492188,-0.024715505709925534
2024-11-12,796.0775756835938,-0.02183365937191284
2024-11-13,778.6962890625,-0.005441223499313419
2024-11-14,774.459228515625,0.012496118605945128
2024-11-18,784.136962890625,-0.013876923555922294
2024-11-19,773.2555541992188,-0.027708696308688108
2024-11-21,751.8296508789062,0.0452129436513804
2024-11-22,785.8220825195312,0.03480179937582473
2024-11-25,813.1701049804688,-0.005980194069209244
2024-11-26,808.3071899414062,-0.006314058310972981
2024-11-27,803.2034912109375,0.005694740740774584
2024-11-28,807.7775268554688,0.00011930823588746087
2024-11-29,807.8739013671875,-0.003039466143092695
2024-12-02,805.4183959960938,0.020982686008423013
2024-12-03,822.3182373046875,0.006733387456948625
2024-12-04,827.855224609375,0.006688425917051433
2024-12-05,833.3922729492188,-0.002079784542582508
2024-12-06,831.6589965820312,-0.006484195063504394
2024-12-09,826.266357421875,0.011013368152046343
2024-12-10,835.3663330078125,-0.006801229987604018
2024-12-11,829.684814453125,-0.009168903265635575
2024-12-12,822.0775146484375,0.0091952449335575
2024-12-13,829.63671875,-0.0006963997325636351
2024-12-16,829.0589599609375,-0.012079684306511074
2024-12-17,819.044189453125,-0.014578790719579793
2024-12-18,807.103515625,-0.0063831409094539104
2024-12-19,801.95166015625,-0.024975995450551847
2024-12-20,781.922119140625,0.011268586743966802
2024-12-23,790.7332763671875,-0.011082119281156988
2024-12-24,781.9702758789062,0.0004925927275953867
2024-12-26,782.35546875,-0.015754738295312154
2024-12-27,770.0296630859375,-0.014193773290554379
2024-12-30,759.1000366210938,0.008435892786860633
2024-12-31,765.5037231445312,-0.002201401003172343
2025-01-01,763.8185424804688,0.010085738808315536
2025-01-02,771.522216796875,-0.00973536108197226
2025-01-03,764.0111694335938,-0.02142686125945159
2025-01-06,747.6408081054688,0.003026773590461662
2025-01-07,749.9037475585938,-0.009759146335756141
2025-01-08,742.5853271484375,-0.01387545721791561
2025-01-09,732.2816162109375,-0.02261816471187561
2025-01-10,715.71875,-0.018499811023665047
2025-01-13,702.4780883789062,0.02556544862760446
2025-01-14,720.437255859375,0.007418302347986794
2025-01-15,725.7816772460938,0.01671747872188245
2025-01-16,737.9149169921875,-0.002870968216868164
2025-01-17,735.79638671875,0.019827315614525443
2025-01-20,750.38525390625,-0.025922394030670426
2025-01-21,730.9334716796875,-0.007377575796948754
2025-01-22,725.5409545898438,-0.010020557297335864
2025-01-23,718.2706298828125,-0.0023461639581969784
2025-01-24,716.58544921875,0.006786231906277473
2025-01-27,721.4483642578125,0.004271243911910139
2025-01-28,724.5298461914062,0.008040892628293106
2025-01-29,730.355712890625,0.005471685625148437
2025-01-30,734.3519897460938,0.013506490354626255
2025-01-31,744.2705078125,-0.00892749362644052
2025-02-01,737.6260375976562,-0.006592656429130872
2025-02-03,732.7631225585938,0.023983159179752134
2025-02-04,750.3370971679688,-0.016876285178788808
2025-02-05,737.6741943359375,-0.018014481815156524
2025-02-06,724.3853759765625,-0.020006605815645506
2025-02-07,709.8928833007812,-0.0005426070329127564
2025-02-10,709.5076904296875,-0.007736283497356555
2025-02-11,704.0187377929688,0.002804161342488065
2025-02-12,705.992919921875,-0.007501952971681103
2025-02-13,700.6965942382812,-0.007558483453225073
2025-02-14,695.400390625,0.0076852996110041705
2025-02-17,700.7447509765625,-0.0026110090391064933
2025-02-18,698.9151000976562,0.002066714551754112
2025-02-19,700.3595581054688,0.003299958142663817
2025-02-20,702.6707153320312,-0.01055239075037806
2025-02-21,695.255859375,-0.007756162018816126
2025-02-24,689.8633422851562,-0.0076772663856782275
2025-02-25,684.5670776367188,-0.00984669417571249
2025-02-27,677.8263549804688,-0.021451969729972653
2025-02-28,663.28564453125,0.009436774933028191
2025-03-03,669.544921875,0.02984314060097959
2025-03-04,689.5262451171875,0.01997070424011338
2025-03-05,703.2965698242188,0.0023276438362132
2025-03-06,704.93359375,0.0009563075256424636
2025-03-07,705.6077270507812,-0.005254190563407368
2025-03-10,701.9003295898438,0.0013032247573572242
2025-03-11,702.8150634765625,-0.009316867278823082
2025-03-12,696.2670288085938,0.006638446395437203
2025-03-13,700.88916015625,-0.006457251914246731
2025-03-17,696.3633422851562,0.0
2025-03-18,696.3633422851562,0.030353178487182886
2025-03-19,717.5001831054688,0.005972341681437676
2025-03-20,721.7853393554688,0.004869635543037543
2025-03-21,725.3001708984375,0.03664363774494639
2025-03-24,751.8778076171875,-0.010181863995143647
2025-03-25,744.2222900390625,-0.011451089111119583
2025-03-26,735.7001342773438,0.01086387420438406
2025-03-27,743.6926879882812,-0.0010358105161891729
2025-03-28,742.92236328125,0.00025920059414863417
2025-04-01,743.1149291992188,0.005507345056896318
2025-04-02,747.20751953125,0.004188364751310347
2025-04-03,750.3370971679688,-0.01507948535175796
2025-04-04,739.0223999023438,-0.02677702105103974
2025-04-07,719.2335815429688,0.029053312721069258
2025-04-08,740.1296997070312,-0.03434811238561519
2025-04-09,714.7076416015625,0.015696550828923295
2025-04-11,725.9260864257812,0.01280094720064362
2025-04-15,735.2186279296875,0.010805572255675022
2025-04-16,743.1630859375,0.0333009636017918
2025-04-17,767.9111328125,0.024139336496507235
2025-04-21,786.447998046875,0.006979422225436904
2025-04-22,791.9369506835938,-0.010882849027309627
2025-04-23,783.3184204101562,-6.139993886500328e-05
2025-04-24,783.2703247070312,-0.01813373088858261
2025-04-25,769.0667114257812,0.023414435855908966
2025-04-28,787.073974609375,-0.005872705193006533
2025-04-29,782.4517211914062,-0.029413428048059465
2025-04-30,759.4371337890625,0.010207176656873873
2025-05-02,767.1888427734375,-0.008409640321721645
2025-05-05,760.737060546875,-0.02012666003204766
2025-05-06,745.4259643554688,0.0025836279019040287
2025-05-07,747.3518676757812,-0.009148186226873856
2025-05-08,740.5149536132812,0.01332896823326446
2025-05-09,750.38525390625,0.028745569495877366
2025-05-12,771.9555053710938,0.00012476558025986684
2025-05-13,772.0518188476562,-0.0013096379980642725
2025-05-14,771.0407104492188,0.008804826129836796
2025-05-15,777.82958984375,0.0003156789569334073
2025-05-16,778.0751342773438,0.003661128195731056
2025-05-19,780.9237670898438,-0.01176092673073248
2025-05-20,771.7393798828125,0.0018455134054582434
2025-05-21,773.1636352539062,-0.002350342959979601
2025-05-22,771.346435546875,0.006685768183235297
2025-05-23,776.5034790039062,0.004933646475426157
2025-05-26,780.33447265625,-0.0008811888932342971
2025-05-27,779.6468505859375,0.003590727660369275
2025-05-28,782.4463500976562,0.001004321429348698
2025-05-29,783.232177734375,0.018749616208126874
2025-05-30,797.91748046875,0.0016619648927413966
2025-06-02,799.2435913085938,-0.0047317994072001435
2025-06-03,795.4617309570312,-0.004075088746931299
2025-06-04,792.2201538085938,-0.0006199664322884546
2025-06-05,791.72900390625,0.008746895546670519
2025-06-06,798.6541748046875,0.008609607073667425
2025-06-09,805.5302734375,-0.003658334778017691
2025-06-10,802.5833740234375,-0.002447844888097128
2025-06-11,800.6187744140625,-0.011164917759990622
2025-06-12,791.679931640625,-0.016874563059850023
2025-06-13,778.3206787109375,0.00018938196860940337
2025-06-16,778.4680786132812,-0.00025238307564101614
2025-06-17,778.2716064453125,-0.000504815153896887
2025-06-18,777.8787231445312,-0.008587055155587442
2025-06-19,771.1990356445312,0.014074746791238102
2025-06-20,782.053466796875,-0.0074734858618838995
2025-06-23,776.2088012695312,0.00658058778500803
2025-06-24,781.3167114257812,0.005846063301000903
2025-06-25,785.8843383789062,-0.0037497100209235024
2025-06-26,782.9375,0.01047612157739275
2025-06-27,791.1396484375,0.01856221308510886
2025-06-30,805.824951171875,-6.097267242688442e-05
2025-07-01,805.7758178710938,-0.009021021402258467
2025-07-02,798.5068969726562,-0.007135051327562425
2025-07-03,792.8095092773438,0.0058852643668976246
2025-07-04,797.4754028320312,-0.006158732884850804
2025-07-07,792.56396484375,0.007188475521063387
2025-07-08,798.2612915039062,-0.002091948955528
2025-07-09,796.5913696289062,-0.0036377071404014583
2025-07-10,793.693603515625,0.0008045293572469525
2025-07-11,794.3321533203125,0.000247265746440517
2025-07-14,794.528564453125,0.009396080185865907
2025-07-15,801.9940185546875,0.018678419192883933
2025-07-16,816.9739990234375,-0.0032463966819724632
2025-07-17,814.32177734375,-0.006815472639172593
2025-07-18,808.7717895507812,0.0010324568480808427
2025-07-21,809.6068115234375,-0.011162343555379484
2025-07-22,800.5697021484375,0.006932547881932871
2025-07-23,806.1196899414062,-0.006031816097941567
2025-07-24,801.25732421875,-0.01121741647496155
2025-07-25,792.269287109375,-0.011654522847277526
2025-07-28,783.0357666015625,0.002571621835027349
2025-07-29,785.0494384765625,0.0030655600691946727
2025-07-30,787.4560546875,-0.006361884653781513
2025-07-31,782.4463500976562,-0.0032012696807022234
2025-08-01,779.9415283203125,0.002141007728412525
2025-08-04,781.6113891601562,0.006158088902781689
2025-08-05,786.4246215820312,0.0056832941126434555
2025-08-06,790.8941040039062,0.0
2025-08-07,790.8941040039062,-0.0010557177418228925
2025-08-08,790.0591430664062,0.02380949989759995
2025-08-11,808.8700561523438,-0.0034610757631355904
2025-08-12,806.0704956054688,0.0015232467197041633
2025-08-13,807.29833984375,0.005718853936892865
2025-08-14,811.9151611328125,0.0013308858584957228
2025-08-18,812.9957275390625,0.0033226422400636224
2025-08-19,815.697021484375,-0.0017461341266860053
2025-08-20,814.272705078125,-0.003920607712559865
2025-08-21,811.0802612304688,-0.011444878253685342
2025-08-22,801.7975463867188,0.00024503962235122856
2025-08-25,801.9940185546875,-0.010533437545424684
2025-08-26,793.5462646484375,-0.007303332502144766
2025-08-28,787.750732421875,0.0006858555389266385
2025-08-29,788.291015625,0.004423647501889283
2025-09-01,791.7781372070312,-0.0026672590996965617
2025-09-02,789.666259765625,0.010262413691503935
2025-09-03,797.7701416015625,-0.003386055461902293
2025-09-04,795.06884765625,-0.0034594340972584625
2025-09-05,792.318359375,0.00272752959940048
2025-09-08,794.4794311523438,6.184338933734601e-05
2025-09-09,794.528564453125,0.011559619947093092
2025-09-10,803.7130126953125,0.006660979156037916
2025-09-11,809.0665283203125,-0.00012145676297659058
2025-09-12,808.96826171875,0.001457130061137235
2025-09-15,810.1470336914062,0.008244955776000706
2025-09-16,816.82666015625,0.030785881193954534
2025-09-17,841.973388671875,-0.0032667164048837405
2025-09-18,839.222900390625,0.009363898952045036
2025-09-19,847.081298828125,-0.008233335110652495
2025-09-22,840.1069946289062,0.017947935360086653
2025-09-23,855.1851806640625,-0.005053901286056983
2025-09-24,850.8631591796875,-0.005830045919305027
2025-09-25,845.902587890625,-0.004877241712910041
2025-09-26,841.7769165039062,0.01610363006721527
2025-09-29,855.3325805664062,0.0019523655627546876
2025-09-30,857.0025024414062,-0.00957081157790085
2025-10-01,848.80029296875,0.0037033111417021924
2025-10-03,851.9436645507812,0.007782783580600583
2025-10-06,858.5741577148438,-0.010697326677793995
2025-10-07,849.3897094726562,-0.007459256168315331
2025-10-08,843.0538940429688,0.004485833400602823
2025-10-09,846.835693359375,0.021517301166249947
2025-10-10,865.0573120117188,0.0026117082791843327
2025-10-13,867.3165893554688,-0.006795441134712865
2025-10-14,861.4227905273438,0.010433873091187262
2025-10-15,870.4107666015625,0.0009592722993996272
2025-10-16,871.2457275390625,0.002480438880828606
2025-10-17,873.4067993164062,0.020637674750559
2025-10-20,891.431884765625,0.00038561555389104996
2025-10-21,891.775634765625,0.004075600793163936
2025-10-23,895.41015625,-0.007734076780455901
2025-10-24,888.4849853515625,0.020176908083279654
2025-10-27,906.411865234375,0.008127858628698581
2025-10-28,913.779052734375,0.010212301410774005
2025-10-29,923.11083984375,-0.0057462030508889095
2025-10-30,917.8064575195312,0.0028362062149152045
2025-10-31,920.4095458984375,0.013553921454855011
2025-11-03,932.8847045898438,0.008318359988754631
2025-11-04,940.644775390625,0.003289486490758442
2025-11-06,943.739013671875,-0.005100173196345703
2025-11-07,938.92578125,-0.004917066232604572
2025-11-10,934.3090209960938,0.0022604282192533187
2025-11-11,936.4209594726562,0.004038632746635962
2025-11-12,940.2028198242188,-0.003291032760174506
2025-11-13,937.1085815429688,0.014517780112230483
2025-11-14,950.7133178710938,0.005682667728609259
2025-11-17,956.1159057617188,-0.0009246088238860084
2025-11-18,955.2318725585938,0.010591789320213651
2025-11-19,965.3494873046875,-0.0012210831291239455
2025-11-20,964.1707153320312,-0.00911820258222884
2025-11-21,955.3792114257812,-0.0020563558280100036
2025-11-24,953.4146118164062,0.013393791397273258
2025-11-25,966.1844482421875,0.00030505435071681575
2025-11-26,966.4791870117188,-0.011230900052700443
2025-11-27,955.624755859375,0.006321663035905534
2025-11-28,961.6658935546875,-0.0060265548205520325
2025-12-01,955.870361328125,-0.005960354971400239
2025-12-02,950.1730346679688,-0.016799340426468135
2025-12-03,934.2107543945312,-0.0031018333921443153
2025-12-04,931.31298828125,0.02468098057545398
2025-12-05,954.2987060546875,-0.015542975702947714
2025-12-08,939.466064453125,0.0030844819445055016
2025-12-09,942.3638305664062,0.0004169773108770869
2025-12-10,942.7567749023438,0.0036467394059365166
2025-12-11,946.1947631835938,-0.00010379001261417997
2025-12-12,946.0965576171875,0.004256864431786411
2025-12-15,950.1239624023438,-0.006306550125712795
2025-12-16,944.1319580078125,0.015294151567640801
2025-12-17,958.5716552734375,0.0017420939434347193
2025-12-18,960.2415771484375,0.002813139953108834
2025-12-19,962.94287109375,-0.006120547718759695
2025-12-22,957.0491333007812,-0.0024632830521725824
2025-12-23,954.691650390625,-0.003035290098217125
2025-12-24,951.7938842773438,-0.0027349927931497042
2025-12-26,949.1907348632812,-0.0012935695568689898
2025-12-29,947.962890625,0.008704224416254513
2025-12-30,956.2141723632812,0.008988669088845214
2025-12-31,964.8092651367188,0.002596183378264616
2026-01-01,967.3140869140625,0.014419937212882372
2026-01-02,981.2626953125,0.0066068885454309
2026-01-05,987.7457885742188,0.013276338520123332
2026-01-06,1000.8594360351562,-0.011532020118695585
2026-01-07,989.3175048828125,-0.00908508852316292
2026-01-08,980.3294677734375,0.002505024680423462
2026-01-09,982.7852172851562,0.014642695827021823
2026-01-12,997.1758422851562,0.013101453696532817
2026-01-13,1010.2402954101562,-9.721010620189485e-05
2026-01-14,1010.14208984375,0.0
2026-01-15,1010.14208984375,0.013565481631364618
2026-01-16,1023.8451538085938,-0.0037417109442153818
2026-01-19,1020.0142211914062,-0.0019260511947375436
2026-01-20,1018.0496215820312,-0.0074778211271469
2026-01-21,1010.4368286132812,0.019151256868243483
2026-01-22,1029.7879638671875,-0.017980629023889527
2026-01-23,1011.271728515625,0.02297238475784069
2026-01-27,1034.5030517578125,0.00982766365899046
2026-01-28,1044.6697998046875,0.002538696543032959
2026-01-29,1047.3218994140625,0.010270219301205419
2026-01-30,1058.078125,-0.04497987719110419
2026-02-02,1010.4859008789062,0.03450953535863355
2026-02-03,1045.3572998046875,0.0037587140965908983
2026-02-04,1049.2864990234375,0.004961635132690434
2026-02-05,1054.49267578125,-0.006613837463494421
2026-02-06,1047.5184326171875,0.07464360465949627
2026-02-09,1125.708984375,-0.0016579178399723782
2026-02-10,1123.8426513671875,0.03391314350190333
2026-02-11,1161.9556884765625,0.008031104113453758
2026-02-12,1171.2874755859375,0.005199586000773193
2026-02-13,1177.377685546875,0.007925907908676422
2026-02-16,1186.70947265625,0.004387069352500772
2026-02-17,1191.9156494140625,0.004532693142573319
2026-02-18,1197.3182373046875,-0.01082945886044362
2026-02-19,1184.3519287109375,0.008625662748418916
2026-02-20,1194.5677490234375,0.009620986278317423
2026-02-23,1206.0606689453125,-0.0036650627947290015
2026-02-24,1201.640380859375,-0.01896516379078972
2026-02-25,1178.85107421875,0.007832747308004429
2026-02-26,1188.084716796875,-0.006449024380470569
2026-02-27,1180.4227294921875,-0.00981931480411169
2026-03-02,1168.831787109375,-0.01294235969032076
2026-03-04,1153.704345703125,-0.004257049885802222
2026-03-05,1148.79296875,-0.022659334185677227
2026-03-06,1122.7620849609375,-0.038932590188359706
2026-03-09,1079.050048828125,0.01247152296184284
2026-03-10,1092.5074462890625,-0.018971440881331625
2026-03-11,1071.781005859375,-0.0054073847128085495
2026-03-12,1065.9854736328125,-0.03520081698902944
2026-03-13,1028.4619140625,0.01881566640870913
2026-03-16,1047.8131103515625,-0.0018749523077792318
2026-03-17,1045.8485107421875,0.004790144627585535
2026-03-18,1050.8582763671875,-0.019536439649928128
2026-03-19,1030.3282470703125,0.008675723293867454
2026-03-20,1039.26708984375,-0.024669132346591516
2026-03-23,1013.6292724609375,-0.0010659768817354864
2026-03-24,1012.5487670898438,0.028909499259144322
2026-03-25,1041.821044921875,-0.03875162017004197
2026-03-27,1001.4487915039062,-0.03933296834292266
2026-03-30,962.058837890625,0.03920767762618471
2026-04-01,999.7789306640625,0.0005895468346335253
2026-04-02,1000.3683471679688,0.01409069596251622
2026-04-06,1014.4642333984375,-0.0022754973201943862
2026-04-07,1012.1558227539062,0.03013388098927572
2026-04-08,1042.656005859375,-0.019313199955323657
2026-04-09,1022.5189819335938,0.02473707468015629
2026-04-10,1047.8131103515625,-0.0029530440597482777
2026-04-13,1044.7188720703125,0.007474933506357528
2026-04-15,1052.528076171875,-0.004059700938611632
2026-04-16,1048.255126953125,0.012275677610649849
2026-04-17,1061.1231689453125,0.025549652404580847
2026-04-20,1088.2344970703125,0.0036106181428066098
2026-04-21,1092.1636962890625,-0.007689835872451201
2026-04-22,1083.76513671875,-0.008202785157899073
2026-04-23,1074.875244140625,0.006260037899565418
2026-04-24,1081.60400390625,0.009762993059082348
2026-04-27,1092.1636962890625,-0.018482721312886308
2026-04-28,1071.9775390625,-0.0040318209354972545
2026-04-29,1067.655517578125,-0.016974963167004198
2026-04-30,1049.5321044921875,0.0
2026-05-01,1049.5321044921875,-4.675632638106997e-05
2026-05-04,1049.4830322265625,-0.007955809716116535
2026-05-05,1041.133544921875,0.03405981451913398
2026-05-06,1076.5943603515625,-0.0036496561411178963
2026-05-07,1072.6651611328125,-0.0665751479440777
2026-05-08,1001.2523193359375,-0.04483466079283771
2026-05-11,956.3615112304688,0.0010271218500037538
2026-05-12,957.3438110351562,-0.004617305789352821
2026-05-13,952.9234619140625,0.010102097664349774
2026-05-14,962.5499877929688,0.0006753149678522252
2026-05-15,963.2000122070312,-0.024709289339017504
2026-05-18,939.4000244140625,0.010006347812018923
2026-05-19,948.7999877929688,0.0022133607168131064
2026-05-20,950.9000244140625,0.0
2026-05-21,950.9000244140625,-0.0017877927893406032
2026-05-22,949.2000122070312,0.021491743696329335
2026-05-25,969.5999755859375,-0.0011344632978902425
2026-05-26,968.5,-0.0007227797697793026
2026-05-27,967.7999877929688,0.0
2026-05-28,967.7999877929688,-0.003513084750765172
2026-05-29,964.4000244140625,-0.010680266038341268
2026-06-01,954.0999755859375,0.0026727270656923263
2026-06-02,956.6500244140625,0.014425325292205082
2026-06-03,970.4500122070312,0.009067945470942362
2026-06-04,979.25,-0.0015828315475810983
2026-06-05,977.7000122070312,0.0043469366338722
2026-06-08,981.9500122070312,0.021131421907478076
2026-06-09,1002.7000122070312,0.0005485068178647801
2026-06-10,1003.25,-0.002541727179634967
2026-06-11,1000.7000122070312,0.016438505052828845
2026-06-12,1017.1500244140625,0.0036375668122372584
2026-06-15,1020.8499755859375,-0.00543663410461781
2026-06-16,1015.2999877929688,0.011031234454535577
2026-06-17,1026.5,0.015781735189356993
2026-06-18,1042.699951171875,-0.007288746467664087
2026-06-19,1035.0999755859375,0.005458433530407758
2026-06-22,1040.75,-0.015902040670790263
2026-06-23,1024.199951171875,0.010154291066078347
2026-06-24,1034.5999755859375,0.010438864375584833
2026-06-25,1045.4000244140625,0.0
2026-06-26,1045.4000244140625,-0.008896162818953002
2026-06-29,1036.0999755859375,-0.008879404872751073
2026-06-30,1026.9000244140625,0.019962994948507395
2026-07-01,1047.4000244140625,0.004009882636984319
2026-07-02,1051.5999755859375,-0.011030787233970885
2026-07-03,1040.0,-0.0022115854116586675
2026-07-06,1037.699951171875,0.00038549140684729366
2026-07-07,1038.0999755859375,-0.020421878114301184
2026-07-08,1016.9000244140625,0.005113532350312644
2026-07-09,1022.0999755859375,0.013599476319421822
2026-07-10,1036.0,0.0009652509652509078
2026-07-13,1037.0,-0.02082929178971793
2026-07-14,1015.4000244140625,0.014477004942320848
2026-07-15,1030.0999755859375,0.0010678338142002808
2026-07-16,1031.199951171875,0.012703741540486702
2026-07-17,1044.300048828125,0.015033946603270731
2026-07-20,1060.0,-0.014716958099941002
2026-07-21,1044.4000244140625,-0.01857528146358145
2026-07-22,1025.0,-0.012097584794207306
2026-07-23,1012.5999755859375,0.0023701604502546214
2026-07-24,1015.0,0.005517217326046708
2026-07-27,1020.5999755859375,-0.00725060117178411
2026-07-28,1013.2000122070312,0.0004934859790524104
2026-07-29,1013.7000122070312,0.011443263767786815
2026-07-30,1025.300048828125,0.0020481571110209096
2026-07-31,1027.4000244140625,0.017130596814979526
2026-08-03,1045.0,-0.0022010036632774677
2026-08-04,1042.699951171875,0.011796345453264134
2026-08-05,1055.0,0.028436018957346043
2026-08-06,1085.0,0.011244194628456272
2026-08-07,1097.199951171875,-0.023878921197446168
2026-08-10,1071.0,-0.00466853408029877
2026-08-11,1066.0,0.015009380863039379
2026-08-12,1082.0,0.0009242144177448175
2026-08-13,1083.0,-0.014127468908702645
2026-08-14,1067.699951171875,-0.006087852671404326
2026-08-17,1061.199951171875,-0.007727055738006583
2026-08-18,1053.0,-0.004178560697115419
2026-08-19,1048.5999755859375,-0.0005721682242098014
2026-08-20,1048.0,0.0006678923395753156
2026-08-21,1048.699951171875,-0.008772720129904155
2026-08-24,1039.5,0.008177008177008283
2026-08-25,1048.0,0.003816793893129722
2026-08-26,1052.0,-0.008650166906784662
2026-08-27,1042.9000244140625,0.004410754126237482
2026-08-28,1047.5,0.01193317422434359
2026-08-31,1060.0,-0.024056603773584873
2026-09-01,1034.5,-0.013146423959340292
2026-09-02,1020.9000244140625,0.002448819610357811
2026-09-03,1023.4000244140625,-0.007133133333961483
2026-09-04,1016.0999755859375,-0.010038334235755841
2026-09-07,1005.9000244140625,0.002087658350700128
2026-09-08,1008.0,-0.007440476190476164
2026-09-09,1000.5,0.009195414499781451
2026-09-10,1009.7000122070312,-0.01386550443769774
2026-09-11,995.7000122070312,
