ds,y,next_return
2002-08-12,25.34391975402832,-0.013539554015864375
2002-08-13,25.000774383544922,-0.06894310066994691
2002-08-14,23.277143478393555,0.0
2002-08-15,23.277143478393555,-0.0023995554873443847
2002-08-16,23.221288681030273,-0.024742409284609024
2002-08-19,22.646738052368164,0.027836478020262678
2002-08-20,23.277143478393555,0.04902307265521988
2002-08-21,24.41826057434082,0.04313750424634022
2002-08-22,25.471603393554688,0.060150110195428486
2002-08-23,27.00372314453125,-0.0035457666653858633
2002-08-26,26.907974243164062,-0.024911593299690726
2002-08-27,26.237653732299805,0.0009129049561842351
2002-08-28,26.261606216430664,0.0
2002-08-29,26.261606216430664,0.07079890577467873
2002-08-30,28.120899200439453,0.010215655087513431
2002-09-02,28.408172607421875,-0.04691023215691836
2002-09-03,27.075538635253906,0.02180970146625172
2002-09-04,27.666048049926758,-0.006057507019831876
2002-09-05,27.49846076965332,-0.03714439915952661
2002-09-06,26.477046966552734,-0.012959170838976908
2002-09-09,26.133926391601562,0.0
2002-09-10,26.133926391601562,0.025343198189071936
2002-09-11,26.79624366760254,0.005062513928977941
2002-09-12,26.931900024414062,-0.02844404759409158
2002-09-13,26.165847778320312,-0.019518691629660467
2002-09-16,25.65512466430664,0.029238088738155366
2002-09-17,26.405231475830078,-0.030824737397848856
2002-09-18,25.591297149658203,-0.008419485123956516
2002-09-19,25.375831604003906,-0.0163521504867169
2002-09-20,24.96088218688965,-0.016943549748366538
2002-09-23,24.53795623779297,-0.03382063646389466
2002-09-24,23.708066940307617,0.007740717812074305
2002-09-25,23.891584396362305,0.015698617707020857
2002-09-26,24.26664924621582,0.012167059022710092
2002-09-27,24.56190299987793,-0.03638832069333897
2002-09-30,23.668136596679688,-0.008427888970192421
2002-10-01,23.468664169311523,0.0
2002-10-02,23.468664169311523,0.026861743649943426
2002-10-03,24.09907341003418,-0.006291247505412656
2002-10-04,23.947460174560547,-0.004332410540640597
2002-10-07,23.84370994567871,0.027108614202848713
2002-10-08,24.490079879760742,-0.02541594122363533
2002-10-09,23.86764144897461,0.0010031551478968392
2002-10-10,23.891584396362305,0.02104291122092472
2002-10-11,24.394332885742188,-0.007197222505437195
2002-10-14,24.218761444091797,0.0
2002-10-15,24.218761444091797,0.001977301863044012
2002-10-16,24.26664924621582,0.0
2002-10-17,24.26664924621582,0.02104590428157893
2002-10-18,24.777362823486328,0.01545848134563843
2002-10-21,25.160383224487305,-0.03615606271018135
2002-10-22,24.250682830810547,-0.00460684477419282
2002-10-23,24.13896369934082,-0.01752054734880193
2002-10-24,23.716035842895508,-0.02052455546804488
2002-10-25,23.22927474975586,-0.014771698102362896
2002-10-28,22.886138916015625,0.008716695358118587
2002-10-29,23.085630416870117,0.0169376360709641
2002-10-30,23.476646423339844,0.01563526219715694
2002-10-31,23.84370994567871,-0.010374714092209358
2002-11-01,23.596338272094727,0.007440218176345104
2002-11-04,23.771900177001953,-0.010741999604920727
2002-11-05,23.516542434692383,0.0
2002-11-06,23.516542434692383,0.030878691093943367
2002-11-07,24.24270248413086,-0.017445180461171272
2002-11-08,23.81978416442871,-0.01507571770247762
2002-11-11,23.460683822631836,0.005101724327864154
2002-11-12,23.580373764038086,-0.008460146145239156
2002-11-13,23.38088035583496,0.01365187629784348
2002-11-14,23.7000732421875,0.021548546620929088
2002-11-15,24.21077537536621,0.010217893224827801
2002-11-18,24.458158493041992,0.0
2002-11-19,24.458158493041992,0.032952747299623386
2002-11-20,25.264122009277344,0.08654469579355561
2002-11-21,27.450597763061523,-0.01540735875904553
2002-11-22,27.02765655517578,-0.001771313416901732
2002-11-25,26.979782104492188,-0.005915302856606353
2002-11-26,26.820188522338867,-0.021124270997204264
2002-11-27,26.253631591796875,0.040728792635877475
2002-11-28,27.32291030883789,0.0
2002-11-29,27.32291030883789,0.10718506585027066
2002-12-02,30.25151824951172,0.057240537314441564
2002-12-03,31.983131408691406,-0.03343341858112403
2002-12-04,30.91382598876953,0.025297530539097668
2002-12-05,31.69586944580078,0.02618282459661847
2002-12-06,32.5257568359375,-0.04808646805604033
2002-12-09,30.961708068847656,0.02293854462542999
2002-12-10,31.671924591064453,0.04711473085856799
2002-12-11,33.16413879394531,0.008181826547255522
2002-12-12,33.435482025146484,0.004056629896184827
2002-12-13,33.57111740112305,-0.043023285014306634
2002-12-16,32.12677764892578,-0.018380539554173514
2002-12-17,31.536270141601562,-0.009362354911864545
2002-12-18,31.241016387939453,0.08454615554154055
2002-12-19,33.88232421875,0.008243819443443767
2002-12-20,34.161643981933594,-0.03550624380951106
2002-12-23,32.948692321777344,0.041172347568720014
2002-12-24,34.305267333984375,0.0
2002-12-25,34.305267333984375,0.028378546678943017
2002-12-26,35.27880096435547,-0.022619068987598134
2002-12-27,34.48082733154297,0.05808788240924656
2002-12-30,36.48374557495117,0.05183701999007728
2002-12-31,38.37495422363281,0.016220062418959236
2003-01-01,38.997398376464844,-0.045631029213335395
2003-01-02,37.2179069519043,0.012221144758478353
2003-01-03,37.672752380371094,-0.02965464880110602
2003-01-06,36.555580139160156,-0.01156976031913759
2003-01-07,36.13264083862305,0.035777724873059524
2003-01-08,37.425384521484375,0.009807926742256612
2003-01-09,37.792449951171875,-0.06123358040283178
2003-01-10,35.4782829284668,0.010122017083316281
2003-01-13,35.83739471435547,0.01335975572240855
2003-01-14,36.3161735534668,0.01999576263486391
2003-01-15,37.04234313964844,0.014218219835418155
2003-01-16,37.56901931762695,-0.02251522136432449
2003-01-17,36.72314453125,-0.03194296477150338
2003-01-20,35.55009841918945,-0.026037731597355784
2003-01-21,34.624454498291016,0.004378845674803289
2003-01-22,34.77606964111328,-0.0367141937914105
2003-01-23,33.49929428100586,-0.035730573757359
2003-01-24,32.302345275878906,-0.06966465931322008
2003-01-27,30.052013397216797,0.06983563627870426
2003-01-28,32.15071487426758,-0.028294813657665174
2003-01-29,31.241016387939453,0.015325450614770197
2003-01-30,31.719799041748047,-0.024150842648152704
2003-01-31,30.953739166259766,0.076308390938163
2003-02-03,33.31576919555664,-0.03137723593750019
2003-02-04,32.27041244506836,-0.01854602431941854
2003-02-05,31.671924591064453,0.02015596309832879
2003-02-06,32.310302734375,-0.009632108895068159
2003-02-07,31.999086380004883,-0.033166819030422956
2003-02-10,30.93777847290039,-0.009027511564824953
2003-02-11,30.65848731994629,-0.013274271042387542
2003-02-12,30.25151824951172,0.0
2003-02-13,30.25151824951172,-0.05064642317887924
2003-02-14,28.71938705444336,0.06362890119895881
2003-02-17,30.546770095825195,-0.006008440051563202
2003-02-18,30.363231658935547,0.0005257842194126283
2003-02-19,30.379196166992188,-0.0031525452162832757
2003-02-20,30.283424377441406,-0.017391440172584205
2003-02-21,29.756752014160156,0.006168279842688085
2003-02-24,29.94029998779297,-0.023454929306493955
2003-02-25,29.238052368164062,-0.017466840974978415
2003-02-26,28.72735595703125,0.015277920895576225
2003-02-27,29.166250228881836,0.05171031124123404
2003-02-28,30.67444610595703,-0.01092590063923915
2003-03-03,30.33930015563965,-0.024987094923462516
2003-03-04,29.581209182739258,0.004046534567217597
2003-03-05,29.700910568237305,-0.02713617942552804
2003-03-06,28.894941329956055,-0.027893223376887266
2003-03-07,28.08896827697754,-0.06761340907870184
2003-03-10,26.189777374267578,0.024070886096599242
2003-03-11,26.820188522338867,-0.014876290251475965
2003-03-12,26.42120361328125,0.012986777666123883
2003-03-13,26.76432991027832,0.0
2003-03-14,26.76432991027832,-0.0029814248169052204
2003-03-17,26.684534072875977,0.0
2003-03-18,26.684534072875977,-0.002093724252398843
2003-03-19,26.628664016723633,0.02427332137199323
2003-03-20,27.2750301361084,0.0
2003-03-21,27.2750301361084,-0.026623550495312176
2003-03-24,26.548871994018555,-0.01442713708456378
2003-03-25,26.165847778320312,-0.0045752286703152345
2003-03-26,26.046133041381836,-0.009497077222473393
2003-03-27,25.798770904541016,-0.0058765401649831794
2003-03-28,25.64716339111328,-0.044493362585059315
2003-03-31,24.50603485107422,0.0
2003-04-02,24.50603485107422,0.0
2003-04-03,24.50603485107422,0.0
2003-04-04,24.50603485107422,0.0
2003-04-07,24.50603485107422,0.0
2003-04-08,24.50603485107422,0.0
2003-04-09,24.50603485107422,0.0
2003-04-10,24.50603485107422,0.0
2003-04-11,24.50603485107422,0.0
2003-04-14,24.50603485107422,0.0
2003-04-15,24.50603485107422,0.0
2003-04-16,24.50603485107422,0.0
2003-04-17,24.50603485107422,0.0
2003-04-18,24.50603485107422,0.0
2003-04-21,24.50603485107422,0.0
2003-04-22,24.50603485107422,0.0
2003-04-23,24.50603485107422,0.0
2003-04-24,24.50603485107422,0.0
2003-04-25,24.50603485107422,0.0
2003-04-28,24.50603485107422,0.0
2003-04-29,24.50603485107422,0.0
2003-04-30,24.50603485107422,0.0
2003-05-01,24.50603485107422,0.0
2003-05-02,24.50603485107422,0.0
2003-05-05,24.50603485107422,0.0
2003-05-06,24.50603485107422,0.0
2003-05-07,24.50603485107422,0.0
2003-05-08,24.50603485107422,0.0
2003-05-09,24.50603485107422,0.0
2003-05-12,24.50603485107422,0.0
2003-05-13,24.50603485107422,0.0
2003-05-14,24.50603485107422,0.0
2003-05-15,24.50603485107422,0.0
2003-05-16,24.50603485107422,0.0
2003-05-19,24.50603485107422,0.0
2003-05-20,24.50603485107422,0.0
2003-05-21,24.50603485107422,0.0
2003-05-22,24.50603485107422,0.0
2003-05-23,24.50603485107422,0.0
2003-05-26,24.50603485107422,0.0
2003-05-27,24.50603485107422,0.0
2003-05-28,24.50603485107422,0.0
2003-05-29,24.50603485107422,0.0
2003-05-30,24.50603485107422,0.0
2003-06-02,24.50603485107422,0.0
2003-06-03,24.50603485107422,0.0
2003-06-04,24.50603485107422,0.0
2003-06-05,24.50603485107422,0.0
2003-06-06,24.50603485107422,0.0
2003-06-09,24.50603485107422,0.0
2003-06-10,24.50603485107422,0.0
2003-06-11,24.50603485107422,0.0
2003-06-12,24.50603485107422,0.0
2003-06-13,24.50603485107422,0.0
2003-06-16,24.50603485107422,0.0
2003-06-17,24.50603485107422,0.0
2003-06-18,24.50603485107422,0.0
2003-06-19,24.50603485107422,0.0
2003-06-20,24.50603485107422,0.0
2003-06-23,24.50603485107422,0.0
2003-06-24,24.50603485107422,0.0
2003-06-25,24.50603485107422,0.0
2003-06-26,24.50603485107422,0.0
2003-06-27,24.50603485107422,0.0
2003-06-30,24.50603485107422,0.0
2003-07-01,24.50603485107422,0.0
2003-07-02,24.50603485107422,0.0
2003-07-03,24.50603485107422,0.0
2003-07-04,24.50603485107422,0.0
2003-07-07,24.50603485107422,0.0
2003-07-08,24.50603485107422,0.0
2003-07-09,24.50603485107422,0.0
2003-07-10,24.50603485107422,0.0
2003-07-11,24.50603485107422,0.0
2003-07-14,24.50603485107422,0.0
2003-07-15,24.50603485107422,0.0
2003-07-16,24.50603485107422,0.0
2003-07-17,24.50603485107422,0.0
2003-07-18,24.50603485107422,0.0
2003-07-21,24.50603485107422,0.0
2003-07-22,24.50603485107422,0.0
2003-07-23,24.50603485107422,0.0
2003-07-24,24.50603485107422,0.0
2003-07-25,24.50603485107422,0.0
2003-07-28,24.50603485107422,0.0
2003-07-29,24.50603485107422,0.0
2003-07-30,24.50603485107422,0.0
2003-07-31,24.50603485107422,0.0
2003-08-01,24.50603485107422,0.0
2003-08-04,24.50603485107422,0.0
2003-08-05,24.50603485107422,0.0
2003-08-06,24.50603485107422,0.0
2003-08-07,24.50603485107422,0.0
2003-08-08,24.50603485107422,0.0
2003-08-11,24.50603485107422,0.0
2003-08-12,24.50603485107422,0.0
2003-08-13,24.50603485107422,0.0
2003-08-14,24.50603485107422,0.0
2003-08-15,24.50603485107422,0.0
2003-08-18,24.50603485107422,0.0
2003-08-19,24.50603485107422,0.0
2003-08-20,24.50603485107422,0.0
2003-08-21,24.50603485107422,0.0
2003-08-22,24.50603485107422,0.0
2003-08-25,24.50603485107422,0.0
2003-08-26,24.50603485107422,0.0
2003-08-27,24.50603485107422,0.0
2003-08-28,24.50603485107422,0.0
2003-08-29,24.50603485107422,0.0
2003-09-01,24.50603485107422,0.0
2003-09-02,24.50603485107422,0.0
2003-09-03,24.50603485107422,0.0
2003-09-04,24.50603485107422,0.0
2003-09-05,24.50603485107422,0.0
2003-09-08,24.50603485107422,0.0
2003-09-09,24.50603485107422,0.0
2003-09-10,24.50603485107422,0.0
2003-09-11,24.50603485107422,0.0
2003-09-12,24.50603485107422,0.0
2003-09-15,24.50603485107422,0.0
2003-09-16,24.50603485107422,0.0
2003-09-17,24.50603485107422,0.0
2003-09-18,24.50603485107422,0.0
2003-09-19,24.50603485107422,0.0
2003-09-22,24.50603485107422,0.0
2003-09-23,24.50603485107422,0.0
2003-09-24,24.50603485107422,0.0
2003-09-25,24.50603485107422,0.0
2003-09-26,24.50603485107422,0.0
2003-09-29,24.50603485107422,0.0
2003-09-30,24.50603485107422,0.0
2003-10-01,24.50603485107422,0.0
2003-10-02,24.50603485107422,0.0
2003-10-03,24.50603485107422,0.0
2003-10-06,24.50603485107422,0.0
2003-10-07,24.50603485107422,0.0
2003-10-08,24.50603485107422,0.0
2003-10-09,24.50603485107422,0.0
2003-10-10,24.50603485107422,0.0
2003-10-13,24.50603485107422,0.0
2003-10-14,24.50603485107422,0.0
2003-10-15,24.50603485107422,0.0
2003-10-16,24.50603485107422,0.0
2003-10-17,24.50603485107422,0.0
2003-10-20,24.50603485107422,0.0
2003-10-21,24.50603485107422,0.0
2003-10-22,24.50603485107422,0.0
2003-10-23,24.50603485107422,0.0
2003-10-24,24.50603485107422,0.0
2003-10-27,24.50603485107422,0.0
2003-10-28,24.50603485107422,0.0
2003-10-29,24.50603485107422,0.0
2003-10-30,24.50603485107422,0.0
2003-10-31,24.50603485107422,0.0
2003-11-03,24.50603485107422,0.0
2003-11-04,24.50603485107422,0.0
2003-11-05,24.50603485107422,0.0
2003-11-06,24.50603485107422,0.0
2003-11-07,24.50603485107422,0.0
2003-11-10,24.50603485107422,0.0
2003-11-11,24.50603485107422,0.0
2003-11-12,24.50603485107422,0.0
2003-11-13,24.50603485107422,0.0
2003-11-14,24.50603485107422,0.0
2003-11-17,24.50603485107422,0.0
2003-11-18,24.50603485107422,0.0
2003-11-19,24.50603485107422,0.0
2003-11-20,24.50603485107422,0.0
2003-11-21,24.50603485107422,0.0
2003-11-24,24.50603485107422,0.0
2003-11-25,24.50603485107422,0.0
2003-11-26,24.50603485107422,0.0
2003-11-27,24.50603485107422,0.0
2003-11-28,24.50603485107422,0.0
2003-12-01,24.50603485107422,0.0
2003-12-02,24.50603485107422,0.0
2003-12-03,24.50603485107422,0.0
2003-12-04,24.50603485107422,0.0
2003-12-05,24.50603485107422,0.0
2003-12-08,24.50603485107422,0.0
2003-12-09,24.50603485107422,0.0
2003-12-10,24.50603485107422,0.0
2003-12-11,24.50603485107422,0.0
2003-12-12,24.50603485107422,0.0
2003-12-15,24.50603485107422,0.0
2003-12-16,24.50603485107422,0.0
2003-12-17,24.50603485107422,0.0
2003-12-18,24.50603485107422,0.0
2003-12-19,24.50603485107422,0.0
2003-12-22,24.50603485107422,0.0
2003-12-23,24.50603485107422,0.0
2003-12-24,24.50603485107422,0.0
2003-12-25,24.50603485107422,0.0
2003-12-26,24.50603485107422,0.0
2003-12-29,24.50603485107422,0.0
2003-12-30,24.50603485107422,0.0
2003-12-31,24.50603485107422,0.0
2004-01-01,24.50603485107422,0.0
2004-01-02,24.50603485107422,0.0
2004-01-05,24.50603485107422,0.0
2004-01-06,24.50603485107422,0.0
2004-01-07,24.50603485107422,0.0
2004-01-08,24.50603485107422,0.0
2004-01-09,24.50603485107422,0.0
2004-01-12,24.50603485107422,0.0
2004-01-13,24.50603485107422,0.0
2004-01-14,24.50603485107422,0.0
2004-01-15,24.50603485107422,0.0
2004-01-16,24.50603485107422,0.0
2004-01-19,24.50603485107422,0.0
2004-01-20,24.50603485107422,0.0
2004-01-21,24.50603485107422,0.0
2004-01-22,24.50603485107422,0.0
2004-01-23,24.50603485107422,0.0
2004-01-26,24.50603485107422,0.0
2004-01-27,24.50603485107422,0.0
2004-01-28,24.50603485107422,0.0
2004-01-29,24.50603485107422,0.0
2004-01-30,24.50603485107422,0.0
2004-02-02,24.50603485107422,0.0
2004-02-03,24.50603485107422,0.0
2004-02-04,24.50603485107422,0.0
2004-02-05,24.50603485107422,0.0
2004-02-06,24.50603485107422,0.0
2004-02-09,24.50603485107422,0.0
2004-02-10,24.50603485107422,0.0
2004-02-11,24.50603485107422,0.0
2004-02-12,24.50603485107422,0.0
2004-02-13,24.50603485107422,0.0
2004-02-16,24.50603485107422,0.0
2004-02-17,24.50603485107422,0.0
2004-02-18,24.50603485107422,0.0
2004-02-19,24.50603485107422,0.0
2004-02-20,24.50603485107422,0.0
2004-02-23,24.50603485107422,0.0
2004-02-24,24.50603485107422,0.0
2004-02-25,24.50603485107422,0.0
2004-02-26,24.50603485107422,0.0
2004-02-27,24.50603485107422,0.0
2004-03-01,24.50603485107422,0.0
2004-03-02,24.50603485107422,0.0
2004-03-03,24.50603485107422,0.0
2004-03-04,24.50603485107422,0.0
2004-03-05,24.50603485107422,0.0
2004-03-08,24.50603485107422,0.0
2004-03-09,24.50603485107422,0.0
2004-03-10,24.50603485107422,0.0
2004-03-11,24.50603485107422,0.0
2004-03-12,24.50603485107422,0.0
2004-03-15,24.50603485107422,0.0
2004-03-16,24.50603485107422,0.0
2004-03-17,24.50603485107422,0.0
2004-03-18,24.50603485107422,0.0
2004-03-19,24.50603485107422,0.0
2004-03-22,24.50603485107422,0.0
2004-03-23,24.50603485107422,0.0
2004-03-24,24.50603485107422,0.0
2004-03-25,24.50603485107422,0.0
2004-03-26,24.50603485107422,0.0
2004-03-29,24.50603485107422,0.0
2004-03-30,24.50603485107422,0.0
2004-03-31,24.50603485107422,0.0
2004-04-01,24.50603485107422,0.0
2004-04-02,24.50603485107422,0.0
2004-04-05,24.50603485107422,0.0
2004-04-06,24.50603485107422,0.0
2004-04-07,24.50603485107422,0.0
2004-04-08,24.50603485107422,0.0
2004-04-09,24.50603485107422,0.0
2004-04-12,24.50603485107422,0.0
2004-04-13,24.50603485107422,0.0
2004-04-14,24.50603485107422,0.0
2004-04-15,24.50603485107422,0.0
2004-04-16,24.50603485107422,0.0
2004-04-19,24.50603485107422,0.0
2004-04-20,24.50603485107422,0.0
2004-04-21,24.50603485107422,0.0
2004-04-22,24.50603485107422,0.0
2004-04-23,24.50603485107422,0.0
2004-04-26,24.50603485107422,0.0
2004-04-27,24.50603485107422,0.0
2004-04-28,24.50603485107422,0.0
2004-04-29,24.50603485107422,0.0
2004-04-30,24.50603485107422,0.0
2004-05-03,24.50603485107422,0.0
2004-05-04,24.50603485107422,0.0
2004-05-05,24.50603485107422,2.018886662899608
2004-05-06,73.98094177246094,-0.035055476892963955
2004-05-07,71.38750457763672,-0.0064834486367978394
2004-05-10,70.92466735839844,-0.05209225495302505
2004-05-11,67.23004150390625,-0.06516381796772941
2004-05-12,62.84907531738281,-0.026663153573170506
2004-05-13,61.17332077026367,-0.07083215812904531
2004-05-14,56.84028244018555,-0.1628525364422917
2004-05-17,47.58369827270508,0.07378797174649776
2004-05-18,51.09480285644531,0.06887423478049737
2004-05-19,54.61391830444336,-0.02381685290706781
2004-05-20,53.31318664550781,-0.03262963256593643
2004-05-21,51.5735969543457,0.1089279362447817
2004-05-24,57.191402435302734,-0.04004460131521448
2004-05-25,54.90119552612305,0.008430088926369539
2004-05-26,55.364017486572266,0.0030273517235344105
2004-05-27,55.53162384033203,-0.04411599637899433
2004-05-28,53.081790924072266,-0.04735418923062784
2004-05-31,50.568145751953125,0.01136160642890216
2004-06-01,51.14268112182617,-0.0014041437494121123
2004-06-02,51.07086944580078,-0.016562092309769905
2004-06-03,50.22502899169922,-0.0027014648884756687
2004-06-04,50.08934783935547,0.00971850381497541
2004-06-07,50.576141357421875,-0.022089370588778356
2004-06-08,49.458946228027344,0.03162324920098669
2004-06-09,51.02299880981445,0.09149180363044818
2004-06-10,55.691184997558594,0.07307644096112709
2004-06-11,59.76089859008789,-0.07758043059088426
2004-06-14,55.1246223449707,0.005356113858058009
2004-06-15,55.41987609863281,-0.010367092814228651
2004-06-16,54.845333099365234,0.0029097105695581327
2004-06-17,55.00491714477539,0.03264152700748002
2004-06-18,56.80036163330078,-0.01067651747758247
2004-06-21,56.193931579589844,-0.0232892052367194
2004-06-22,54.88521957397461,-0.0194819497115305
2004-06-23,53.815948486328125,0.016607232677475547
2004-06-24,54.70968246459961,0.0
2004-06-25,54.70968246459961,0.04842434517527949
2004-06-28,57.35896301269531,-0.006816433927796628
2004-06-29,56.967979431152344,-0.022272341144733643
2004-06-30,55.69916915893555,0.01260752281849653
2004-07-01,56.401397705078125,0.034945751479443565
2004-07-02,58.37238693237305,-0.03349228671260718
2004-07-05,56.417362213134766,0.00947687588327173
2004-07-06,56.952022552490234,-0.012330445407525481
2004-07-07,56.249778747558594,-0.0417078599077606
2004-07-08,53.90372085571289,0.014063655188758961
2004-07-09,54.66180419921875,0.019561367562213938
2004-07-12,55.73106384277344,0.011884817370319878
2004-07-13,56.39341735839844,0.025753835638788747
2004-07-14,57.84576416015625,0.0031723327477328755
2004-07-15,58.02927017211914,0.03382876375761934
2004-07-16,59.99232864379883,0.015295967114122178
2004-07-19,60.909969329833984,0.01860428354832533
2004-07-20,62.043155670166016,-0.008874684038437497
2004-07-21,61.4925422668457,-0.005191222948577656
2004-07-22,61.17332077026367,0.01082730286983491
2004-07-23,61.835662841796875,0.0007737888720487085
2004-07-26,61.88351058959961,0.0
2004-07-27,61.88351058959961,0.04255346822795736
2004-07-28,64.5168685913086,-0.007915940142058875
2004-07-29,64.00615692138672,-0.0012465112287328717
2004-07-30,63.92637252807617,-0.0011235884655101946
2004-08-02,63.85454559326172,-0.0012497098109179872
2004-08-03,63.77474594116211,0.0005007726026424741
2004-08-04,63.80668258666992,-0.011005325130321375
2004-08-05,63.104469299316406,-0.013024666588242195
2004-08-06,62.282554626464844,0.009352974747715459
2004-08-09,62.865081787109375,0.02767209896488443
2004-08-10,64.60469055175781,0.05039427879468095
2004-08-11,67.86039733886719,0.0
2004-08-12,67.86039733886719,0.005409575564853997
2004-08-13,68.22749328613281,-0.04187129321143446
2004-08-16,65.37071990966797,0.00012219501460686288
2004-08-17,65.37870788574219,0.00024377669261421708
2004-08-18,65.39464569091797,0.015864023257791793
2004-08-19,66.43206787109375,-0.012973242020795195
2004-08-20,65.57022857666016,0.041864251239263295
2004-08-23,68.31527709960938,0.07627621389691108
2004-08-24,73.52610778808594,0.07222689046855235
2004-08-25,78.836669921875,-0.009059079014601346
2004-08-26,78.12248229980469,-0.016690479283023807
2004-08-27,76.8185806274414,0.025034450600446068
2004-08-30,78.74169158935547,0.0013582239647176308
2004-08-31,78.84864044189453,-0.0002024219221780088
2004-09-01,78.83267974853516,0.005830583260595379
2004-09-02,79.29232025146484,0.0042265936034080465
2004-09-03,79.62745666503906,-0.003006535446726244
2004-09-06,79.38805389404297,0.0007440259530706594
2004-09-07,79.4471206665039,-0.001908618147976826
2004-09-08,79.29548645019531,-0.013826827709613965
2004-09-09,78.19908142089844,0.009020450334692454
2004-09-10,78.90447235107422,0.014866903618941718
2004-09-13,80.0775375366211,0.012117752769337242
2004-09-14,81.04789733886719,-0.009412968518635267
2004-09-15,80.28499603271484,0.0023456932666801045
2004-09-16,80.47332000732422,0.015905308775792992
2004-09-17,81.7532730102539,-0.0015612802498048417
2004-09-20,81.6256332397461,0.02238739077665941
2004-09-21,83.45301818847656,0.00598572692015642
2004-09-22,83.95254516601562,-0.020721152675232668
2004-09-23,82.21295166015625,-0.0014176188606040974
2004-09-24,82.09640502929688,-0.007814570644224195
2004-09-27,81.4548568725586,-0.005094202183853036
2004-09-28,81.03990936279297,0.015203167219023372
2004-09-29,82.27197265625,-0.0037823344293235195
2004-09-30,81.9607925415039,0.020056102874818516
2004-10-01,83.60460662841797,0.027488763461010146
2004-10-04,85.90279388427734,0.003901788817234575
2004-10-05,86.23796844482422,0.0008327595375650088
2004-10-06,86.30978393554688,0.01433049796000918
2004-10-07,87.54664611816406,0.0008753878242573343
2004-10-08,87.62328338623047,-0.007977912676919385
2004-10-11,86.92423248291016,-0.004443388076166954
2004-10-12,86.53799438476562,0.029267878534826153
2004-10-14,89.0707778930664,0.008779680136980161
2004-10-15,89.85279083251953,0.01000026746629179
2004-10-18,90.7513427734375,0.005222968383248094
2004-10-19,91.22533416748047,-0.008694927117282036
2004-10-20,90.43213653564453,-0.006795003611285155
2004-10-21,89.8176498413086,0.0
2004-10-22,89.8176498413086,-0.00728489483910022
2004-10-25,89.16333770751953,0.017756246204591042
2004-10-26,90.74654388427734,0.00237432437351881
2004-10-27,90.96200561523438,0.025560843750828344
2004-10-28,93.28707122802734,-0.008319482522871069
2004-10-29,92.51097106933594,0.01245423112328159
2004-11-01,93.66312408447266,-0.0093625171698416
2004-11-02,92.78620147705078,0.013365924244139737
2004-11-03,94.02637481689453,-0.0040847193231217105
2004-11-04,93.64230346679688,-0.004220587387008035
2004-11-05,93.24707794189453,0.016045058120626177
2004-11-08,94.74323272705078,0.003581038613935883
2004-11-09,95.08251190185547,0.0050144210844318415
2004-11-10,95.55929565429688,0.0015911987626813229
2004-11-11,95.71134948730469,0.00041753427120982956
2004-11-12,95.75131225585938,0.0
2004-11-15,95.75131225585938,-0.004896211378263349
2004-11-16,95.2824935913086,0.012175644115675288
2004-11-17,96.44261932373047,0.02123760385610951
2004-11-18,98.49082946777344,-0.01129147078212056
2004-11-19,97.37872314453125,0.004404156687787042
2004-11-22,97.8075942993164,0.010715970881689074
2004-11-23,98.85569763183594,-0.001343807395633001
2004-11-24,98.72285461425781,-0.013809484874652611
2004-11-25,97.35954284667969,0.0
2004-11-26,97.35954284667969,0.022220480820242194
2004-11-29,99.52291870117188,0.02472926102833739
2004-11-30,101.98404693603516,-0.010277579095719913
2004-12-01,100.93589782714844,-0.015028719103059918
2004-12-02,99.41896057128906,-0.004700084613340927
2004-12-03,98.9516830444336,-0.017950168063566196
2004-12-06,97.17548370361328,0.0030460112813197604
2004-12-07,97.47148132324219,-0.014331725447412902
2004-12-08,96.07454681396484,0.00887769508690095
2004-12-09,96.9274673461914,0.011721301081500712
2004-12-10,98.06358337402344,0.00856715621326365
2004-12-13,98.9037094116211,-0.002426966715102674
2004-12-14,98.6636734008789,0.010006460695118236
2004-12-15,99.65094757080078,0.013777874108760857
2004-12-16,101.02392578125,-0.004878635262956954
2004-12-17,100.53106689453125,0.004823247026138677
2004-12-20,101.01595306396484,0.008030746589047455
2004-12-21,101.82718658447266,-0.02556730719737088
2004-12-22,99.22373962402344,-0.00991776219423024
2004-12-23,98.23966217041016,0.03265786606561161
2004-12-24,101.44795989990234,0.002050614925020122
2004-12-27,101.65599060058594,0.030537544540955253
2004-12-28,104.76031494140625,0.008324943646355942
2004-12-29,105.63243865966797,-0.017875252203701453
2004-12-30,103.74423217773438,0.029923376764344978
2004-12-31,106.8486099243164,0.013328443602546258
2005-01-03,108.27273559570312,-0.00886768750135647
2005-01-04,107.31260681152344,-0.012123055852693354
2005-01-05,106.01165008544922,-0.0034264451381952332
2005-01-06,105.64840698242188,0.014767596400460103
2005-01-07,107.20858001708984,-0.00932860794690138
2005-01-10,106.2084732055664,-0.010319908322394822
2005-01-11,105.11241149902344,-0.011950605104311451
2005-01-12,103.85625457763672,-0.003975200414731983
2005-01-13,103.44340515136719,0.002706929819993764
2005-01-14,103.72341918945312,-0.025563072240893825
2005-01-17,101.07192993164062,0.0004747239143398918
2005-01-18,101.11991119384766,-0.006693532037788774
2005-01-19,100.44306182861328,-0.009320049800714325
2005-01-20,99.50692749023438,-0.01852464375891505
2005-01-24,97.6635971069336,0.012124087851828058
2005-01-25,98.8476791381836,0.004127996845979753
2005-01-27,99.25572204589844,0.039208368928716375
2005-01-28,103.14737701416016,0.00868700587504212
2005-01-31,104.04341888427734,0.011428170004954774
2005-02-01,105.2324447631836,-0.0047901740495396306
2005-02-02,104.72836303710938,0.004319675826162772
2005-02-03,105.18075561523438,-0.0035389604078033265
2005-02-04,104.80852508544922,0.005588222512409979
2005-02-07,105.39421844482422,0.0017051256780056256
2005-02-08,105.57392883300781,0.012765409148544515
2005-02-09,106.92162322998047,-0.0001052486540481512
2005-02-10,106.91036987304688,0.03684383223639598
2005-02-11,110.84935760498047,0.020191548811855142
2005-02-14,113.08757781982422,-0.020075742370695093
2005-02-15,110.8172607421875,-0.009556049415354484
2005-02-16,109.75828552246094,0.010013875760987778
2005-02-17,110.85739135742188,-0.004964453590084128
2005-02-18,110.30704498291016,-0.006865463217496814
2005-02-21,109.54973602294922,-0.0015377219276431209
2005-02-22,109.38127899169922,0.00843422563004359
2005-02-23,110.30382537841797,-0.0050909052678553834
2005-02-24,109.74227905273438,-0.0028509872679214343
2005-02-25,109.42940521240234,0.012345491371444695
2005-02-28,110.78036499023438,-0.016974210555168456
2005-03-01,108.89995574951172,0.007764400838323082
2005-03-02,109.74549865722656,0.015760646726678207
2005-03-03,111.47515869140625,0.001942199145974488
2005-03-04,111.69166564941406,0.005703141810084356
2005-03-07,112.32865905761719,0.00982718226856738
2005-03-08,113.43253326416016,-0.004568656257749493
2005-03-09,112.91429901123047,-0.005640982917252901
2005-03-10,112.27735137939453,0.01993521928605313
2005-03-11,114.515625,0.01709257530017738
2005-03-14,116.47299194335938,-0.006336485975558803
2005-03-15,115.7349624633789,0.006515327714688546
2005-03-16,116.489013671875,0.006129568637231575
2005-03-17,117.20304107666016,0.005298125502496864
2005-03-18,117.8239974975586,-0.008334095793634422
2005-03-21,116.842041015625,-0.008857034278132447
2005-03-22,115.80716705322266,-0.015447711346348703
2005-03-23,114.0182113647461,-0.025963165947287314
2005-03-24,111.05793762207031,0.0058078865470241325
2005-03-28,111.70294952392578,-0.015440954041180843
2005-03-29,109.9781494140625,0.014341394164545829
2005-03-30,111.55538940429688,0.029843819374210545
2005-03-31,114.88462829589844,0.013197364511648768
2005-04-01,116.40080261230469,-0.015989632484636807
2005-04-04,114.53959655761719,-0.0016105446143971358
2005-04-05,114.3551254272461,0.011154161903373483
2005-04-06,115.63066101074219,-0.011211972175665497
2005-04-07,114.33421325683594,-0.02219989918600107
2005-04-08,111.79600524902344,-0.021499078093260238
2005-04-11,109.39249420166016,0.013493307745908067
2005-04-12,110.86856079101562,0.01418293057883413
2005-04-13,112.44100189208984,-0.05893268001400742
2005-04-15,105.8145523071289,-0.00025819569445517665
2005-04-18,105.7872314453125,-0.08338759175129729
2005-04-19,96.96588897705078,-0.07652842402380011
2005-04-20,89.54524230957031,0.023472774778020122
2005-04-21,91.6471176147461,0.021323600478206917
2005-04-22,93.60136413574219,-0.008399710543685934
2005-04-25,92.81513977050781,-0.017511618543835428
2005-04-26,91.1897964477539,-0.018509124797980392
2005-04-27,89.501953125,-0.0007709356246590193
2005-04-28,89.43295288085938,0.014621115774265503
2005-04-29,90.74056243896484,-0.0019445838991513087
2005-05-02,90.5641098022461,-0.017982347548136213
2005-05-03,88.93555450439453,0.011058799973680866
2005-05-04,89.91907501220703,0.014275480484135628
2005-05-05,91.20271301269531,0.026951372923917027
2005-05-06,93.66075134277344,0.006646626972845793
2005-05-09,94.28327941894531,-0.019366157577931142
2005-05-10,92.4573745727539,-0.002950429889723827
2005-05-11,92.18458557128906,-0.002036114422976465
2005-05-12,91.99688720703125,0.001604217406621311
2005-05-13,92.14447021484375,0.004962757378145888
2005-05-16,92.60176086425781,-0.00324012411783714
2005-05-17,92.30171966552734,-0.0068315285012916505
2005-05-18,91.67115783691406,0.017327586766517467
2005-05-19,93.25959777832031,0.006159498718966372
2005-05-20,93.83403015136719,0.04628639336454121
2005-05-23,98.1772689819336,0.009037796860515535
2005-05-24,99.0645751953125,0.02081212871378635
2005-05-25,101.1263198852539,0.023401810766476183
2005-05-26,103.49285888671875,-0.01616946120815488
2005-05-27,101.8194351196289,0.03931677651122523
2005-05-30,105.82264709472656,0.011491965688626093
2005-05-31,107.03875732421875,-0.022305047604439188
2005-06-01,104.65125274658203,-0.027550423570311233
2005-06-02,101.76806640625,0.019392689556234632
2005-06-03,103.74162292480469,-0.009867534190904803
2005-06-06,102.71794891357422,-0.0021400165945615335
2005-06-07,102.49813079833984,0.011301758477249235
2005-06-08,103.65653991699219,-0.011454189351612354
2005-06-09,102.46923828125,-0.008721117236975662
2005-06-10,101.57559204101562,0.004343340356666836
2005-06-13,102.01676940917969,-0.0044034562356383145
2005-06-14,101.56754302978516,0.004817444085746692
2005-06-15,102.05683898925781,0.0043550794009386
2005-06-16,102.50130462646484,-0.007857953051313316
2005-06-17,101.69585418701172,0.02227746485815385
2005-06-20,103.96138000488281,0.007099220294448427
2005-06-21,104.69942474365234,0.02165390005205059
2005-06-22,106.9665756225586,-0.01946980822053812
2005-06-23,104.88395690917969,0.014042851895092578
2005-06-24,106.35682678222656,-0.007014503598963606
2005-06-27,105.61078643798828,0.0053937055399277956
2005-06-28,106.180419921875,0.006799029695457648
2005-06-29,106.90234375,0.019166631458508387
2005-06-30,108.95130157470703,-0.004197412339164042
2005-07-01,108.49398803710938,0.004924291116136015
2005-07-04,109.02824401855469,-0.028592881309676632
2005-07-05,105.91081237792969,0.006006652383362399
2005-07-06,106.54698181152344,-0.010157872433482762
2005-07-07,105.46469116210938,0.001099362330784226
2005-07-08,105.58063507080078,0.011410204669308754
2005-07-11,106.78533172607422,-0.03028521208093382
2005-07-12,103.55131530761719,-0.011773652922437261
2005-07-13,102.33213806152344,-0.03600972140356451
2005-07-14,98.64718627929688,0.019150287813873623
2005-07-15,100.53630828857422,0.05906524722642659
2005-07-18,106.4745101928711,-0.0022991113317756273
2005-07-19,106.2297134399414,-0.008263152840892407
2005-07-20,105.35192108154297,-0.013728314647149298
2005-07-21,103.9056167602539,0.0028371149172152776
2005-07-22,104.20040893554688,-0.007419300798754969
2005-07-25,103.42731475830078,-0.014871324851500334
2005-07-26,101.88921356201172,0.015206116921205215
2005-07-27,103.43855285644531,1.0
2005-07-28,206.87710571289062,-0.50611097679006
2005-07-29,102.17433166503906,-0.013083741170416108
2005-08-01,100.83750915527344,0.030426253392039637
2005-08-02,103.9056167602539,0.008106839819350897
2005-08-03,104.74796295166016,-0.004228187064009847
2005-08-04,104.30506896972656,-0.007612127265867574
2005-08-05,103.5110855102539,-0.0018203923299997538
2005-08-08,103.3226547241211,0.0010444736048709213
2005-08-09,103.43057250976562,0.022313070910562338
2005-08-10,105.7384262084961,-0.000151883057693869
2005-08-11,105.72236633300781,-0.02285115609585231
2005-08-12,103.30648803710938,-0.010756770680859673
2005-08-16,102.19524383544922,0.023718144208986436
2005-08-17,104.61912536621094,0.013532771739471317
2005-08-18,106.034912109375,0.00887531687538412
2005-08-19,106.97600555419922,-0.005659071148935713
2005-08-22,106.37062072753906,-0.0013652785318827299
2005-08-23,106.22539520263672,-0.015470896544789503
2005-08-24,104.58199310302734,0.02157958431024265
2005-08-25,106.83882904052734,0.03104999086305016
2005-08-26,110.15617370605469,-0.006887887084363276
2005-08-29,109.39743041992188,0.021396839654814093
2005-08-30,111.73818969726562,0.014808120418294823
2005-08-31,113.392822265625,0.013809203543062143
2005-09-01,114.95868682861328,0.002064725161792902
2005-09-02,115.196044921875,-0.011869745339021631
2005-09-05,113.82869720458984,-0.008367563676481282
2005-09-06,112.87622833251953,0.005463161561004126
2005-09-08,113.49288940429688,-0.010056037548384134
2005-09-09,112.35160064697266,0.027471948029318405
2005-09-12,115.43811798095703,-0.005453810645307033
2005-09-13,114.80854034423828,-0.015635440420223468
2005-09-14,113.01345825195312,0.03552444153406831
2005-09-15,117.0281982421875,0.005311386833142917
2005-09-16,117.6497802734375,-0.002360415216225209
2005-09-19,117.37207794189453,0.011208972742346557
2005-09-20,118.68769836425781,-0.01142496506635049
2005-09-21,117.33169555664062,-0.035909395340368966
2005-09-22,113.1183853149414,0.007849310292754597
2005-09-23,114.00628662109375,0.037834624191395605
2005-09-26,118.31967163085938,-0.0024560244657152452
2005-09-27,118.0290756225586,0.0049237549067384645
2005-09-28,118.61022186279297,0.0022867557342083344
2005-09-29,118.88145446777344,0.006449801470026717
2005-09-30,119.6482162475586,0.010483448111787474
2005-10-03,120.90254211425781,-0.005434614560869688
2005-10-04,120.2454833984375,-0.013263336111531299
2005-10-05,118.65062713623047,-0.030843681830530545
2005-10-06,114.99100494384766,0.014136715246268583
2005-10-07,116.6166000366211,0.0025603900669479707
2005-10-10,116.9151840209961,0.013296783991602279
2005-10-11,118.46977996826172,-0.01802735188421023
2005-10-13,116.3340835571289,-0.011961064630763851
2005-10-14,114.9426040649414,0.00709210960989215
2005-10-17,115.7577896118164,0.006847406888929042
2005-10-18,116.55043029785156,-0.027314702623598697
2005-10-19,113.36688995361328,0.010530091576108402
2005-10-20,114.56065368652344,0.008401809466815235
2005-10-21,115.5231704711914,-0.0145346807950123
2005-10-24,113.84407806396484,0.02309048972806238
2005-10-25,116.47279357910156,-0.012319339261938844
2005-10-26,115.03792572021484,-0.014737054052223919
2005-10-27,113.34260559082031,-0.027931261906771643
2005-10-28,110.17680358886719,0.02870391952299456
2005-10-31,113.33930969238281,0.01979662901758994
2005-11-02,115.58304595947266,0.0
2005-11-04,115.58304595947266,0.025024718309622163
2005-11-07,118.47547912597656,0.008355819483491844
2005-11-08,119.46543884277344,-0.013675510937330548
2005-11-09,117.8316879272461,0.00889595508026031
2005-11-10,118.87991333007812,0.008777147328285162
2005-11-11,119.92333984375,0.01864187326702038
2005-11-14,122.158935546875,0.0009270769421401148
2005-11-16,122.27218627929688,-0.0026726426172717366
2005-11-17,121.94539642333984,0.012801474909293065
2005-11-18,123.50647735595703,-0.005436600554686533
2005-11-21,122.83502197265625,-0.0123787657221337
2005-11-22,121.3144760131836,0.011201042253437876
2005-11-23,122.67332458496094,0.005011058497405241
2005-11-24,123.28804779052734,0.006193465919445806
2005-11-25,124.05162811279297,0.009101708242374773
2005-11-28,125.18070983886719,-0.00148552330901508
2005-11-29,124.9947509765625,-0.01569945075818613
2005-11-30,123.03240203857422,0.019065424548013965
2005-12-01,125.37806701660156,-6.425877202220764e-05
2005-12-02,125.37001037597656,-0.01202610826424566
2005-12-05,123.86229705810547,0.014784896148594573
2005-12-06,125.69358825683594,0.02674333274051266
2005-12-07,129.0550537109375,0.013162126295497956
2005-12-08,130.75369262695312,0.04091317218173174
2005-12-09,136.10324096679688,-0.01931384843954853
2005-12-12,133.4745635986328,0.010544289273061835
2005-12-13,134.8819580078125,0.009774623898030077
2005-12-14,136.20037841796875,-0.0006534821535402191
2005-12-15,136.1113739013672,0.018778176934472812
2005-12-16,138.66729736328125,0.01175919099442102
2005-12-19,140.29791259765625,-0.02367137800117547
2005-12-20,136.97686767578125,-0.00437009770393304
2005-12-21,136.37826538085938,-0.0008299687413498846
2005-12-22,136.26507568359375,-0.007681068474092778
2005-12-23,135.21841430664062,-0.005299901576158228
2005-12-26,134.50177001953125,0.021204219130117608
2005-12-27,137.35377502441406,-0.007361232987362132
2005-12-28,136.34268188476562,0.014475195946349828
2005-12-29,138.31626892089844,-0.004210290583411824
2005-12-30,137.73391723632812,-0.008961694028602363
2006-01-02,136.4995880126953,0.027020546440683857
2006-01-03,140.18788146972656,0.005712200238741305
2006-01-04,140.98866271972656,-0.006161366769291132
2006-01-05,140.11997985839844,-0.01544751153311763
2006-01-06,137.95547485351562,-0.009755835881894215
2006-01-09,136.60960388183594,-0.009745279909284754
2006-01-10,135.27830505371094,0.0007167028420753674
2006-01-12,135.37525939941406,-0.013108275032566064
2006-01-13,133.60072326660156,-0.026032883654533268
2006-01-16,130.12271118164062,0.009100437373544823
2006-01-17,131.306884765625,-0.0005182835564199184
2006-01-18,131.23883056640625,0.019017731698707685
2006-01-19,133.7346954345703,-0.003853641711384359
2006-01-20,133.21932983398438,-0.013284903252468117
2006-01-23,131.44952392578125,0.012600473888977337
2006-01-24,133.10585021972656,0.005235449045507767
2006-01-25,133.80271911621094,0.004820561769755427
2006-01-27,134.44772338867188,-0.00015616548366015337
2006-01-30,134.42672729492188,0.006931833789454611
2006-01-31,135.35855102539062,-0.0022387913322476916
2006-02-01,135.05551147460938,-0.017916171713065587
2006-02-02,132.63583374023438,-0.0036656066629070505
2006-02-03,132.14964294433594,0.029592893484127192
2006-02-06,136.06033325195312,-0.002953957956004616
2006-02-07,135.65841674804688,-0.006929523728110065
2006-02-08,134.71836853027344,0.004271085547094655
2006-02-10,135.29376220703125,-0.011141234103849373
2006-02-13,133.7864227294922,-0.019647969787725095
2006-02-14,131.1577911376953,0.0004939761320876812
2006-02-15,131.2225799560547,0.006051882816385357
2006-02-16,132.0167236328125,-0.0025529805886557178
2006-02-17,131.6796875,0.015297876186591619
2006-02-20,133.69410705566406,0.009783289394377448
2006-02-21,135.0020751953125,-0.0024859010956320704
2006-02-22,134.66647338867188,0.0052359627814939635
2006-02-23,135.37158203125,-0.0002998293903138105
2006-02-24,135.33099365234375,0.012155075875076582
2006-02-27,136.9759521484375,0.006176327213001986
2006-02-28,137.82196044921875,0.023165860301362917
2006-03-01,141.0147247314453,0.000919760027034533
2006-03-02,141.14442443847656,-0.020691583961627846
2006-03-03,138.2239227294922,0.022594002214239017
2006-03-06,141.34695434570312,-0.011236583365305308
2006-03-07,139.75869750976562,-0.0012407161915209963
2006-03-08,139.58529663085938,0.0013350660514992452
2006-03-09,139.7716522216797,0.022494357306026336
2006-03-10,142.9157257080078,0.036821097305449246
2006-03-13,148.17803955078125,-0.013912167196856062
2006-03-14,146.11656188964844,0.017879999728484863
2006-03-16,148.7291259765625,0.013947515941132194
2006-03-17,150.80352783203125,0.025255841814175062
2006-03-20,154.61219787597656,0.003772946209116723
2006-03-21,155.19554138183594,-0.011403027953783784
2006-03-22,153.42584228515625,-0.010119627056058955
2006-03-23,151.87322998046875,0.009208930948992666
2006-03-24,153.27182006835938,-0.00026381751712478696
2006-03-27,153.23138427734375,-0.0017772051703556224
2006-03-28,152.9590606689453,0.005594192127649444
2006-03-29,153.8147430419922,0.0368466419447715
2006-03-30,159.4822998046875,-0.026726797751819964
2006-03-31,155.2198486328125,0.018408279272484673
2006-04-03,158.07717895507812,-0.0011278268791532486
2006-04-04,157.89889526367188,-0.008467672497516898
2006-04-05,156.56185913085938,-0.02215285546289547
2006-04-07,153.09356689453125,0.002562208839904656
2006-04-10,153.48582458496094,-0.059817591419772054
2006-04-12,144.30467224121094,0.009186593298552648
2006-04-13,145.63034057617188,0.060874494317390004
2006-04-17,154.49551391601562,0.0539922003101625
2006-04-18,162.83706665039062,0.001622610851702122
2006-04-19,163.10128784179688,-0.011357557475409785
2006-04-20,161.2488555908203,0.004603029730956054
2006-04-21,161.9910888671875,-0.009904535010862636
2006-04-24,160.3866424560547,-0.026424258776365783
2006-04-25,156.14854431152344,0.007992201186102221
2006-04-26,157.39651489257812,0.0018015270372533365
2006-04-27,157.68006896972656,0.016548346912017564
2006-04-28,160.28941345214844,0.01774458298630699
2006-05-02,163.13368225097656,0.009139820499780793
2006-05-03,164.62469482421875,0.005975338970514388
2006-05-04,165.60838317871094,-0.01812387021803763
2006-05-05,162.60691833496094,0.006378859612632848
2006-05-08,163.6441650390625,0.0026738566269797204
2006-05-09,164.08172607421875,-0.0015608289951140053
2006-05-10,163.82562255859375,-0.0014833545010485283
2006-05-11,163.58261108398438,-0.011165751757139297
2006-05-12,161.75608825683594,-0.01766387157554483
2006-05-15,158.8988494873047,0.007037435198891551
2006-05-16,160.01708984375,0.021198201943762207
2006-05-17,163.40916442871094,-0.0450767346117813
2006-05-18,156.043212890625,-0.01729280782535636
2006-05-19,153.34478759765625,-0.05911118487852851
2006-05-22,144.2803955078125,0.027913523894935954
2006-05-23,148.30776977539062,-0.02160440796427965
2006-05-24,145.10366821289062,0.04819415587379128
2006-05-25,152.09681701660156,-0.005646873332445845
2006-05-26,151.23794555664062,-0.008465696012623702
2006-05-29,149.95761108398438,0.005295584221696847
2006-05-30,150.75172424316406,-0.04163724174858152
2006-05-31,144.47483825683594,-0.041247306935572325
2006-06-01,138.51564025878906,0.04951573411108745
2006-06-02,145.3743438720703,-0.014716204135651667
2006-06-05,143.2349853515625,-0.010578938128365856
2006-06-06,141.71971130371094,-0.025695909113764293
2006-06-07,138.07809448242188,-0.03290011831029127
2006-06-08,133.53530883789062,0.01411481859411734
2006-06-09,135.42013549804688,-0.019387837195576685
2006-06-12,132.7946319580078,-0.04173872656810795
2006-06-13,127.251953125,-0.05521024789725726
2006-06-14,120.2263412475586,0.04509164594902226
2006-06-15,125.64754486083984,0.08986655129752341
2006-06-16,136.93905639648438,-0.009874824473688482
2006-06-19,135.58680725097656,-0.03656298571082439
2006-06-20,130.6293487548828,0.021115241635687676
2006-06-21,133.3876190185547,0.02160463004240265
2006-06-22,136.2694091796875,0.010794965417591174
2006-06-23,137.7404327392578,-0.03620389462362561
2006-06-26,132.75369262695312,0.00677092085581088
2006-06-27,133.65255737304688,0.03285948459730936
2006-06-28,138.0443115234375,-0.010478981022390976
2006-06-29,136.59774780273438,0.03448375627089595
2006-06-30,141.3081512451172,0.0353351788960119
2006-07-03,146.30130004882812,0.008276906909280957
2006-07-04,147.51222229003906,0.01515087726629849
2006-07-05,149.74716186523438,-0.020785972449084644
2006-07-06,146.634521484375,-0.031923944623427625
2006-07-07,141.953369140625,0.02957598019403518
2006-07-10,146.1517791748047,-0.015792419517523304
2006-07-11,143.84368896484375,0.06799014314294993
2006-07-12,153.62364196777344,-0.012135425942246592
2006-07-13,151.7593536376953,0.0037168822991964223
2006-07-14,152.32342529296875,-0.00816344888961551
2006-07-17,151.07994079589844,-0.013179445873848339
2006-07-18,149.0887908935547,-0.04194015914752325
2006-07-19,142.8359832763672,0.027651724476463135
2006-07-20,146.78564453125,-0.0213709429273794
2006-07-21,143.64869689941406,0.028570044638072334
2006-07-24,147.75274658203125,0.01608365234195075
2006-07-25,150.129150390625,0.022465093531123026
2006-07-26,153.50181579589844,0.005770636771059712
2006-07-27,154.3876190185547,-0.020983901180743447
2006-07-28,151.14796447753906,0.008293160063571836
2006-07-31,152.40145874023438,-0.004432715892277228
2006-08-01,151.7259063720703,0.008798201922480375
2006-08-02,153.06082153320312,0.004786365139885396
2006-08-03,153.79342651367188,0.004075104231508586
2006-08-04,154.42015075683594,-0.01312519398316947
2006-08-07,152.3933563232422,0.01997706876496852
2006-08-08,155.43772888183594,0.011834569299562947
2006-08-09,157.2772674560547,-0.00036236372916609305
2006-08-10,157.22027587890625,0.0019154492590347516
2006-08-11,157.52142333984375,-0.0030485335924747003
2006-08-14,157.0412139892578,0.007826676109734532
2006-08-16,158.27032470703125,-0.012395197873125596
2006-08-17,156.30853271484375,0.009946664511224057
2006-08-18,157.86328125,-0.00041273074258285636
2006-08-21,157.79812622070312,0.006293793389674951
2006-08-22,158.79127502441406,-0.012610429301944115
2006-08-23,156.78884887695312,0.007579525063662329
2006-08-24,157.97723388671875,0.004122495121313241
2006-08-25,158.6284942626953,0.006875802782199125
2006-08-28,159.7191925048828,0.00917337585791711
2006-08-29,161.18435668945312,-0.006363021374412581
2006-08-30,160.1587371826172,0.014484531156766511
2006-08-31,162.4785614013672,0.0012024573178834874
2006-09-01,162.67393493652344,0.017913612035795223
2006-09-04,165.5880126953125,-0.01115888940410481
2006-09-05,163.740234375,-0.012129387338223885
2006-09-06,161.75416564941406,-0.00694471630750404
2006-09-07,160.63082885742188,0.004358274480479096
2006-09-08,161.33090209960938,-0.03789120231170351
2006-09-11,155.21788024902344,0.02564360931422094
2006-09-12,159.19822692871094,0.022548658299479163
2006-09-13,162.78793334960938,0.01345056976304937
2006-09-14,164.97752380371094,-0.010558485796340333
2006-09-15,163.23561096191406,-0.006532552600256758
2006-09-18,162.1692657470703,0.013954370208671962
2006-09-19,164.43223571777344,0.01980052209348515
2006-09-20,167.68807983398438,0.022280598594708545
2006-09-21,171.4242706298828,-0.012773109453137144
2006-09-22,169.23464965820312,-0.013419485162783906
2006-09-25,166.96360778808594,0.018233657861949526
2006-09-26,170.00796508789062,-0.001580018456884491
2006-09-27,169.73934936523438,-0.02129208835856189
2006-09-28,166.125244140625,0.0015677148471082702
2006-09-29,166.38568115234375,-0.007582454990952114
2006-10-03,165.1240692138672,-0.026520918265933835
2006-10-04,160.7448272705078,0.012507293840955835
2006-10-05,162.75531005859375,-0.005551017913187017
2006-10-06,161.8518524169922,0.00799623045758957
2006-10-09,163.14605712890625,0.00933039280055814
2006-10-10,164.66827392578125,0.032871651361694676
2006-10-11,170.08119201660156,0.03618150403343989
2006-10-12,176.2349853515625,0.019444080799768892
2006-10-13,179.66171264648438,0.023649963352417203
2006-10-16,183.91070556640625,-0.011330339609842421
2006-10-17,181.82693481445312,-0.009535330444831014
2006-10-18,180.09315490722656,-0.012519969142353093
2006-10-19,177.83839416503906,-0.0025633178109960575
2006-10-20,177.38253784179688,-0.005981621241637147
2006-10-23,176.32150268554688,-0.0007868178755466859
2006-10-26,176.18276977539062,-0.004262139415228128
2006-10-27,175.43185424804688,0.004373015043269257
2006-10-30,176.1990203857422,0.007180417305087117
2006-10-31,177.46420288085938,-0.0035873555732984785
2006-11-01,176.82757568359375,-0.002907951040041823
2006-11-02,176.31336975097656,-0.012129341447543407
2006-11-03,174.1748046875,-0.007076213871211934
2006-11-06,172.9423065185547,0.0054275884649892525
2006-11-07,173.88096618652344,-0.0017370070878208743
2006-11-08,173.5789337158203,0.0002825328338931232
2006-11-09,173.6279754638672,0.004794758852868064
2006-11-10,174.46047973632812,0.006596963539063694
2006-11-13,175.61138916015625,0.02835231058345622
2006-11-14,180.5903778076172,-0.008542250889319591
2006-11-15,179.0477294921875,-0.008616360970002623
2006-11-16,177.50498962402344,0.00717366429389843
2006-11-17,178.77835083007812,0.020727836784245834
2006-11-20,182.48403930664062,0.027463372776641792
2006-11-21,187.49566650390625,-0.0003919361417532574
2006-11-22,187.42218017578125,-0.003440718397121234
2006-11-23,186.77731323242188,0.005113540650413917
2006-11-24,187.73240661621094,0.009391354189805856
2006-11-27,189.49546813964844,-0.009433378090834221
2006-11-28,187.7078857421875,0.012784084442834631
2006-11-29,190.10755920410156,0.029410969148212063
2006-11-30,195.6988067626953,-0.00788346985887367
2006-12-01,194.15602111816406,0.0025644816113912228
2006-12-04,194.6539306640625,-0.0004188341313365873
2006-12-05,194.57240295410156,0.005620516555820965
2006-12-06,195.66600036621094,-0.003586945409039699
2006-12-07,194.9641571044922,-0.014569265763133332
2006-12-08,192.12367248535156,-0.002932090394286657
2006-12-11,191.5603485107422,-0.04512327009688233
2006-12-12,182.91651916503906,0.00031273938765319365
2006-12-13,182.97372436523438,0.025650372109399466
2006-12-14,187.6670684814453,0.009220543966805606
2006-12-15,189.3974609375,0.018143459031777276
2006-12-18,192.8337860107422,-0.03335463228448854
2006-12-19,186.40188598632812,-0.011472790596358862
2006-12-20,184.26333618164062,0.007264810967844815
2006-12-21,185.6019744873047,0.01495254986368777
2006-12-22,188.377197265625,0.032453395118929196
2006-12-26,194.4906768798828,0.0038612471021621797
2006-12-27,195.2416534423828,0.013294119108986147
2006-12-28,197.83721923828125,0.008334374561334457
2006-12-29,199.48606872558594,0.021685362602066105
2007-01-02,203.81199645996094,0.025350633894992924
2007-01-03,208.978759765625,-0.016482189357891586
2007-01-04,205.53433227539062,0.00313721752013274
2007-01-05,206.17913818359375,-0.015202163148501202
2007-01-08,203.04476928710938,0.01012990257119295
2007-01-09,205.10159301757812,-0.01671423314802223
2007-01-10,201.67347717285156,0.03419992005673356
2007-01-11,208.57069396972656,0.03623805855764872
2007-01-12,216.12889099121094,0.0018129480169861711
2007-01-15,216.52072143554688,-0.0016962766902829385
2007-01-16,216.1534423828125,-0.014689077210572554
2007-01-17,212.9783477783203,0.008277910714686199
2007-01-18,214.74136352539062,-0.013151508993277328
2007-01-19,211.9171905517578,0.014129039713915548
2007-01-22,214.911376953125,-0.008184213605490043
2007-01-23,213.15249633789062,0.00341631087104588
2007-01-24,213.8806915283203,0.006349413582261709
2007-01-25,215.23870849609375,-0.013454881664984653
2007-01-29,212.3426971435547,-0.015295746485130102
2007-01-31,209.09475708007812,0.011072349782540458
2007-02-01,211.40992736816406,0.00653982353324567
2007-02-02,212.79251098632812,0.004075416064026172
2007-02-05,213.65972900390625,-0.00566702689052534
2007-02-06,212.44891357421875,0.006084657300712504
2007-02-07,213.74159240722656,-0.001378163788965936
2007-02-08,213.447021484375,-0.013108158265267678
2007-02-09,210.6491241455078,-0.02454585446350588
2007-02-12,205.4785614013672,-0.002309404337943355
2007-02-13,205.0040283203125,0.0062653589719618985
2007-02-14,206.2884521484375,0.024985132388315456
2007-02-15,211.44259643554688,0.013581339013020166
2007-02-19,214.31427001953125,-0.00782546474621404
2007-02-20,212.6371612548828,-0.012081471137978306
2007-02-21,210.0681915283203,0.008140027888370094
2007-02-22,211.7781524658203,-0.013096316884684045
2007-02-23,209.004638671875,0.006849949128764354
2007-02-26,210.43630981445312,-0.017066954658036648
2007-02-27,206.8448028564453,-0.055966306921010345
2007-02-28,195.26846313476562,0.05132375940387801
2007-03-01,205.29037475585938,-0.03674307320325465
2007-03-02,197.74737548828125,-0.04385430321309991
2007-03-05,189.07530212402344,0.036086463992826
2007-03-06,195.8983612060547,-0.004552126648229793
2007-03-07,195.00660705566406,0.022319409155886483
2007-03-08,199.35903930664062,-0.005129583227007628
2007-03-09,198.33641052246094,0.018850338605227224
2007-03-12,202.0751190185547,0.024615736610387406
2007-03-13,207.04934692382812,-0.04097504448682476
2007-03-14,198.56549072265625,0.01709842353772184
2007-03-15,201.9606475830078,0.002714402638380964
2007-03-16,202.50885009765625,0.018785498680643276
2007-03-19,206.31307983398438,-0.006265765367984177
2007-03-20,205.02037048339844,0.011173384766468786
2007-03-21,207.31114196777344,0.02845313120683035
2007-03-22,213.2097930908203,-0.011396260351363985
2007-03-23,210.77999877929688,-0.020843109271839078
2007-03-26,206.38668823242188,-0.04784589521711091
2007-03-28,196.51193237304688,0.03942554031080703
2007-03-29,204.259521484375,-0.011614889553180685
2007-03-30,201.88706970214844,-0.03618771583518576
2007-04-02,194.58123779296875,0.011310472114501202
2007-04-03,196.78204345703125,-0.003534267326741891
2007-04-04,196.08656311035156,-0.0035048595297589857
2007-04-05,195.39930725097656,0.019259877387308055
2007-04-09,199.1626739501953,-0.016307592708578733
2007-04-10,195.91481018066406,-0.005679360827348545
2007-04-11,194.80213928222656,0.008734855837750466
2007-04-12,196.5037078857422,0.05083495838311758
2007-04-13,206.4929656982422,0.014461095523790712
2007-04-16,209.4790802001953,-0.02343241076304403
2007-04-17,204.5704803466797,-0.0021998651274497405
2007-04-18,204.12045288085938,-0.003687233493191888
2007-04-19,203.36781311035156,0.011867649496211552
2007-04-20,205.78131103515625,-0.007832444169856845
2007-04-23,204.16954040527344,-0.018392274403224662
2007-04-24,200.41439819335938,-0.0028573912786601374
2007-04-25,199.84173583984375,0.015597364491615862
2007-04-26,202.958740234375,-0.004756447284375742
2007-04-27,201.99337768554688,0.025516780005919504
2007-04-30,207.14759826660156,0.01911521568988528
2007-05-03,211.10726928710938,-0.013292542474857116
2007-05-04,208.30111694335938,-0.00011793815967542365
2007-05-07,208.27655029296875,-0.004988639970132436
2007-05-08,207.23753356933594,-0.021357183979199945
2007-05-09,202.8115234375,-0.007906432523269058
2007-05-10,201.2080078125,0.01858222066910309
2007-05-11,204.9468994140625,-0.00183666631922208
2007-05-14,204.5704803466797,-0.009758008868828605
2007-05-15,202.57427978515625,-0.011186880776817731
2007-05-16,200.30810546875,0.021074711564947446
2007-05-17,204.529541015625,0.0022802066957683387
2007-05-18,204.99591064453125,-0.01261152908621399
2007-05-21,202.4105987548828,-0.005173242641770215
2007-05-22,201.3634796142578,0.0022344464544805653
2007-05-23,201.81341552734375,-0.007013283790678448
2007-05-24,200.39804077148438,0.004245319868919406
2007-05-25,201.24879455566406,-0.0036173972012066846
2007-05-28,200.5207977294922,0.0046104157942601365
2007-05-29,201.44528198242188,-0.012590291804569609
2007-05-30,198.90902709960938,-0.006004893330639138
2007-05-31,197.714599609375,0.008566208839040801
2007-06-01,199.40826416015625,-0.00869845015694326
2007-06-04,197.67372131347656,-4.152918486621804e-05
2007-06-05,197.66551208496094,-0.006373605115311154
2007-06-06,196.40567016601562,0.005539386505622135
2007-06-07,197.49363708496094,0.01085386839762803
2007-06-08,199.63720703125,0.001024502454403331
2007-06-11,199.84173583984375,-0.003275144179949563
2007-06-12,199.18722534179688,-0.011582715218262929
2007-06-13,196.88009643554688,0.00108054618501785
2007-06-14,197.09283447265625,-0.013451990279852222
2007-06-15,194.44154357910156,-0.018406454846577214
2007-06-18,190.86256408691406,-0.0022361028843967956
2007-06-19,190.43577575683594,-0.01120677311678897
2007-06-20,188.30160522460938,-0.0012208547863488128
2007-06-21,188.07171630859375,-0.004931658578806064
2007-06-22,187.1442108154297,-0.012456416525400638
2007-06-25,184.8130645751953,-0.00355303197869139
2007-06-26,184.1564178466797,0.010162670505743154
2007-06-27,186.02793884277344,0.003265218540712711
2007-06-28,186.63536071777344,0.010995038562838788
2007-06-29,188.6874237060547,-0.012964123120353
2007-07-02,186.2412567138672,-0.0060380941160412815
2007-07-03,185.11671447753906,-0.008823581050443563
2007-07-04,183.4833221435547,-0.005368421814217927
2007-07-05,182.49830627441406,0.04227944511671988
2007-07-06,190.2142333984375,0.015621680940294702
2007-07-09,193.18569946289062,0.005438518088137556
2007-07-10,194.23634338378906,-0.02894825261030054
2007-07-11,188.61354064941406,0.011880937890265564
2007-07-12,190.8544464111328,-0.0228380814364626
2007-07-13,186.49569702148438,-0.006777758668623957
2007-07-16,185.23167419433594,0.024328664244844145
2007-07-17,189.7381134033203,0.00943088429237049
2007-07-18,191.5275115966797,0.013329167180199164
2007-07-19,194.08041381835938,-0.00532924336600249
2007-07-20,193.04611206054688,0.012798749868592418
2007-07-23,195.51686096191406,-0.015995451009736428
2007-07-24,192.3894805908203,-0.020223918317551992
2007-07-25,188.4986114501953,0.035621237638569614
2007-07-26,195.21316528320312,-0.027906771334483382
2007-07-27,189.76539611816406,-0.014353516051386017
2007-07-30,187.04159545898438,0.017466938620608774
2007-07-31,190.3086395263672,-0.03558800638258275
2007-08-01,183.5359344482422,-0.017934836693503264
2007-08-02,180.24424743652344,0.0015980546687586195
2007-08-03,180.53228759765625,0.002324584046268896
2007-08-06,180.9519500732422,0.008959287594674903
2007-08-07,182.57315063476562,0.039033142517488795
2007-08-08,189.69955444335938,-0.005986414256584749
2007-08-09,188.56393432617188,-0.0010476037419829831
2007-08-10,188.36639404296875,-0.008737134238115174
2007-08-13,186.72061157226562,-0.003745631458629828
2007-08-14,186.02122497558594,-0.037381408237017744
2007-08-16,179.06748962402344,-0.029273732981678346
2007-08-17,173.8255157470703,-0.0005683020698432628
2007-08-20,173.7267303466797,-0.03817939800735248
2007-08-21,167.0939483642578,0.010489861395682754
2007-08-22,168.84674072265625,-0.01754518984161646
2007-08-23,165.88429260253906,0.010417432246263125
2007-08-24,167.6123809814453,0.007953739060297282
2007-08-27,168.94552612304688,0.0021918324886511797
2007-08-28,169.31582641601562,0.0027703874144511254
2007-08-29,169.78489685058594,0.013958989749549344
2007-08-30,172.15492248535156,0.01754307282750167
2007-08-31,175.175048828125,-0.002912561653591439
2007-09-03,174.6648406982422,0.004569909499001268
2007-09-04,175.46304321289062,0.005862261423587478
2007-09-05,176.4916534423828,0.005269070130376807
2007-09-06,177.42160034179688,-0.0016231345305294242
2007-09-07,177.1336212158203,-0.026945559204278102
2007-09-10,172.36065673828125,-0.022821700188777716
2007-09-11,168.42709350585938,-0.007573447382587362
2007-09-12,167.15151977539062,0.014967079108182846
2007-09-13,169.65328979492188,-0.008100447564478253
2007-09-14,168.27902221679688,-0.02425615691363714
2007-09-17,164.1972198486328,0.004811432279055783
2007-09-18,164.98724365234375,0.02054972141770839
2007-09-19,168.377685546875,-0.02052678797984553
2007-09-20,164.9214324951172,0.015718303661513167
2007-09-21,167.5137176513672,-0.010365744628503482
2007-09-24,165.77731323242188,-0.005510023487760307
2007-09-25,164.86387634277344,0.0389835956602973
2007-09-26,171.29086303710938,0.020898618689690895
2007-09-27,174.87060546875,-0.0022119801192287403
2007-09-28,174.48379516601562,-0.017450329996493208
2007-10-01,171.43899536132812,0.03604803235765153
2007-10-03,177.61903381347656,9.312361962909854e-05
2007-10-04,177.6355743408203,-0.00602223505941013
2007-10-05,176.56581115722656,0.005173610111881777
2007-10-08,177.4792938232422,0.01539357266090069
2007-10-09,180.21133422851562,0.027900913861001353
2007-10-10,185.23939514160156,-0.04753452864199548
2007-10-11,176.4341278076172,-0.007929230210675042
2007-10-12,175.03514099121094,0.010014294179033989
2007-10-15,176.78799438476562,-0.0053528497982647805
2007-10-16,175.8416748046875,0.024615843859228992
2007-10-17,180.170166015625,0.026628455222859282
2007-10-18,184.9678192138672,-0.01334708128187223
2007-10-19,182.49903869628906,-0.03065544494570649
2007-10-22,176.90444946289062,-0.00778894580721623
2007-10-23,175.52655029296875,-0.01466743305490903
2007-10-24,172.9520263671875,0.0015264786074196124
2007-10-25,173.21603393554688,0.020674538134015874
2007-10-26,176.7971954345703,-0.003080028526102785
2007-10-29,176.25265502929688,-0.018258673311347118
2007-10-30,173.03451538085938,-0.010014118178234721
2007-10-31,171.30172729492188,-0.01440270860816839
2007-11-01,168.8345184326172,-0.001808718669279008
2007-11-02,168.52914428710938,-0.009694219666472437
2007-11-05,166.8953857421875,-0.006921958415953111
2007-11-06,165.74014282226562,-0.0072186880693385636
2007-11-07,164.54371643066406,-0.007421869095455391
2007-11-08,163.32249450683594,-0.026069876375986456
2007-11-12,159.064697265625,-0.017118769847543236
2007-11-13,156.34170532226562,0.04153665670831863
2007-11-14,162.8356170654297,-0.006587487624858279
2007-11-15,161.762939453125,0.002754663203442309
2007-11-16,162.2085418701172,0.010784253871807925
2007-11-19,163.9578399658203,-0.032410649613625386
2007-11-20,158.64385986328125,-0.017164373479592543
2007-11-21,155.92083740234375,0.0057157519728083805
2007-11-22,156.81204223632812,0.011313503750279619
2007-11-23,158.5861358642578,0.025131382827897175
2007-11-26,162.57162475585938,0.011013775290976469
2007-11-27,164.36215209960938,-0.01952878475864117
2007-11-28,161.15235900878906,-0.010701921480926413
2007-11-29,159.42771911621094,0.04777228350571461
2007-11-30,167.0439453125,0.037245400548368
2007-12-03,173.26556396484375,-0.019240110991224024
2007-12-04,169.93191528320312,0.003399224435194137
2007-12-05,170.50955200195312,0.0022745508216286403
2007-12-06,170.8973846435547,0.026121410926549515
2007-12-07,175.36146545410156,-0.025409291233604803
2007-12-10,170.90565490722656,0.005504053266321973
2007-12-11,171.84632873535156,0.01162001367238008
2007-12-12,173.8431854248047,-0.022593723665268794
2007-12-13,169.91542053222656,0.010489802189864061
2007-12-14,171.6977996826172,-0.026913045205430586
2007-12-17,167.07688903808594,-0.007407792337786323
2007-12-18,165.83921813964844,0.019504548905321162
2007-12-19,169.07383728027344,0.020350757367295413
2007-12-20,172.51461791992188,0.061558557208711395
2007-12-24,183.13436889648438,-0.008470663047015714
2007-12-26,181.58309936523438,0.009497295430424435
2007-12-27,183.30764770507812,-0.025748069839552135
2007-12-28,178.58782958984375,-0.004389379569190943
2007-12-31,177.80393981933594,-0.021208388646648313
2008-01-01,174.0330047607422,-0.004314788039062489
2008-01-02,173.28208923339844,-0.03709545830190786
2008-01-03,166.85411071777344,-0.005785668358276097
2008-01-04,165.8887481689453,-0.02944713721929948
2008-01-07,161.00379943847656,0.012556928866815253
2008-01-08,163.0255126953125,0.008553412379586733
2008-01-09,164.41993713378906,-0.014704663621156522
2008-01-10,162.002197265625,0.008251784688973585
2008-01-11,163.33900451660156,-0.02889640280309791
2008-01-14,158.6190948486328,-0.02200473850536322
2008-01-15,155.12872314453125,0.005265717380467327
2008-01-16,155.94558715820312,-0.023545970910122782
2008-01-17,152.27369689941406,-0.02113341581650774
2008-01-18,149.05563354492188,-0.07988280710159479
2008-01-21,137.14865112304688,-0.03706158781527813
2008-01-22,132.06570434570312,0.09369677245374897
2008-01-23,144.43983459472656,-0.03291418801735768
2008-01-24,139.6857147216797,0.049035643129789586
2008-01-25,146.53529357910156,-0.034252364568691074
2008-01-28,141.51611328125,0.015684788234279212
2008-01-29,143.7357635498047,0.0024782727824077533
2008-01-30,144.09197998046875,0.004483749808857462
2008-01-31,144.73805236816406,0.06380534693127538
2008-02-01,153.97311401367188,0.04965036406494572
2008-02-04,161.61793518066406,-0.02111446097936398
2008-02-05,158.20545959472656,-0.05125348748229308
2008-02-06,150.0968780517578,-0.029853460731792625
2008-02-07,145.615966796875,0.022012686040409513
2008-02-08,148.8213653564453,0.00857076329233708
2008-02-11,150.0968780517578,-0.04574590649817334
2008-02-12,143.23056030273438,0.0049737087075218955
2008-02-13,143.9429473876953,0.005580888000088935
2008-02-14,144.74627685546875,-0.0012587902373285553
2008-02-15,144.56407165527344,-0.0223440601696131
2008-02-18,141.33392333984375,0.026077953373077944
2008-02-19,145.01962280273438,0.012165396360229508
2008-02-20,146.78384399414062,0.032219963645156335
2008-02-21,151.51321411132812,-0.015416075419177222
2008-02-22,149.17747497558594,0.00022247236867611875
2008-02-25,149.21066284179688,-0.0026090460154601924
2008-02-26,148.8213653564453,-0.023208280149699223
2008-02-27,145.3674774169922,0.003818279857366713
2008-02-28,145.9225311279297,-0.003973574059421003
2008-02-29,145.3426971435547,-0.032824579989520375
2008-03-03,140.57188415527344,0.012019839524890052
2008-03-04,142.26153564453125,0.019212716764493765
2008-03-05,144.99476623535156,-0.033302614703668354
2008-03-07,140.1660614013672,-0.014772821413808979
2008-03-10,138.0954132080078,-0.01217583526413335
2008-03-11,136.4139862060547,6.084992808186307e-05
2008-03-12,136.4222869873047,-0.05324469768206075
2008-03-13,129.1585235595703,0.030973356710878308
2008-03-14,133.15899658203125,-0.014928195145294199
2008-03-17,131.17117309570312,0.032644931607687555
2008-03-18,135.4532470703125,-0.007643292872508312
2008-03-19,134.41793823242188,0.015096579558630419
2008-03-24,136.4471893310547,0.0641009827220429
2008-03-25,145.19358825683594,0.0021102618101358495
2008-03-26,145.49998474121094,-0.029429540410468857
2008-03-27,141.21798706054688,0.021759157510938598
2008-03-28,144.290771484375,-0.06957162677766215
2008-03-31,134.25222778320312,0.027022327130733714
2008-04-01,137.88003540039062,0.02270701561048538
2008-04-02,141.01087951660156,0.04011756368619146
2008-04-03,146.6678924560547,-0.014118041907289713
2008-04-04,144.59722900390625,0.035742973752269425
2008-04-07,149.76556396484375,-0.018526473056237336
2008-04-08,146.99093627929688,-0.012509864325429665
2008-04-09,145.152099609375,0.026591011920079843
2008-04-10,149.0118408203125,0.009393854371039678
2008-04-11,150.41163635253906,0.07285244340355446
2008-04-15,161.36949157714844,-0.0023103375335716825
2008-04-16,160.99667358398438,0.029839036352494075
2008-04-17,165.8006591796875,-0.007493342482434939
2008-04-21,164.55825805664062,-0.10690621438751391
2008-04-22,146.96595764160156,0.0021986051897506798
2008-04-23,147.28907775878906,0.001799075226021296
2008-04-24,147.55406188964844,-0.0016280074783071585
2008-04-25,147.3138427734375,-0.008545879789027988
2008-04-28,146.05491638183594,0.032721243687874546
2008-04-29,150.83401489257812,0.011476513339628402
2008-04-30,152.5650634765625,0.024701295313778848
2008-05-02,156.3336181640625,-0.017271128341473485
2008-05-05,153.63356018066406,0.010350568588519682
2008-05-06,155.2237548828125,0.03169538130518168
2008-05-07,160.1436309814453,-0.020429201119409823
2008-05-08,156.8720245361328,-0.03167877098640037
2008-05-09,151.9025115966797,0.01079619326127168
2008-05-12,153.54248046875,-0.023573722790224405
2008-05-13,149.92291259765625,0.07303476680927745
2008-05-14,160.87249755859375,0.014003968532496636
2008-05-15,163.12535095214844,-0.0037573254891711816
2008-05-16,162.51243591308594,-0.025431778949458805
2008-05-20,158.37945556640625,0.009412926718638026
2008-05-21,159.87026977539062,-0.0040926738656239525
2008-05-22,159.21597290039062,-0.02991198900404035
2008-05-23,154.45350646972656,0.0247215420659308
2008-05-26,158.27183532714844,0.014076640903357696
2008-05-27,160.49977111816406,0.041851352943139464
2008-05-28,167.21690368652344,-0.014661191943188268
2008-05-29,164.7653045654297,0.04473915173088061
2008-05-30,172.1367645263672,-0.0532165367819164
2008-06-02,162.9762420654297,-0.008842774205067405
2008-06-03,161.5350799560547,-0.018868708734057216
2008-06-04,158.48712158203125,0.0262346374351905
2008-06-05,162.6449737548828,-0.015939149089590154
2008-06-06,160.05255126953125,-0.05392249020993389
2008-06-09,151.422119140625,-0.03839876657664554
2008-06-10,145.60769653320312,0.012912382083355878
2008-06-11,147.4878387451172,-0.0023585308267956018
2008-06-12,147.13998413085938,0.02403627680528997
2008-06-13,150.6766815185547,0.0013189198670102709
2008-06-16,150.8754119873047,0.011528685282051976
2008-06-17,152.61480712890625,-0.01680723520371008
2008-06-18,150.04977416992188,-0.014318572267381202
2008-06-19,147.90127563476562,-0.027195900321659527
2008-06-20,143.87896728515625,-0.006251185141727067
2008-06-23,142.97955322265625,-0.01636659115153949
2008-06-24,140.63946533203125,0.03837007651556679
2008-06-25,146.0358123779297,0.005189432682559225
2008-06-26,146.7936553955078,-0.01798380066087546
2008-06-27,144.15374755859375,-0.008434403202621676
2008-06-30,142.93789672851562,-0.012234966178023776
2008-07-01,141.18905639648438,0.033974619597651134
2008-07-02,145.98590087890625,-0.022646961556262446
2008-07-03,142.6797637939453,-0.014183275385558303
2008-07-04,140.65609741210938,0.009176790115206668
2008-07-07,141.94686889648438,-0.02587257581995628
2008-07-08,138.2743377685547,0.05607051111643013
2008-07-09,146.02745056152344,-0.009523456239279748
2008-07-10,144.6367645263672,-0.0803778702520278
2008-07-11,133.01116943359375,-0.03850438567308556
2008-07-14,127.88965606689453,-0.022400795382476857
2008-07-15,125.02482604980469,-0.030040725554141057
2008-07-16,121.26898956298828,0.07574541353304931
2008-07-17,130.45455932617188,0.013533470495831867
2008-07-18,132.22006225585938,0.023871072871704646
2008-07-21,135.3762969970703,0.023437162738906947
2008-07-22,138.54913330078125,0.034501819171810943
2008-07-23,143.32933044433594,-0.06739895995318335
2008-07-24,133.66908264160156,-0.0041742497862761185
2008-07-25,133.11111450195312,0.008821273859211276
2008-07-28,134.2853240966797,0.003349005507968128
2008-07-29,134.73504638671875,0.037085407513208324
2008-07-30,139.73175048828125,-0.0026320617289073978
2008-07-31,139.3639678955078,0.008276036948955401
2008-08-01,140.51734924316406,-0.030095955617065795
2008-08-04,136.28834533691406,0.01760038549930565
2008-08-05,138.68707275390625,0.037181774532632605
2008-08-06,143.8437042236328,-0.008367189314115842
2008-08-07,142.64013671875,-0.009667563251599454
2008-08-08,141.2611541748047,-0.013193786658033835
2008-08-11,139.3973846435547,-0.01762653073756837
2008-08-12,136.94029235839844,0.011046943017224642
2008-08-13,138.45306396484375,0.005915143393073974
2008-08-14,139.27203369140625,0.010021986709807473
2008-08-18,140.66781616210938,-0.00035666224020769466
2008-08-19,140.61764526367188,0.0004153863081814979
2008-08-20,140.67605590820312,-0.02821892138552995
2008-08-21,136.70632934570312,0.0014050383595116678
2008-08-22,136.89840698242188,-0.0009765069873584054
2008-08-25,136.7647247314453,0.019371834002695376
2008-08-26,139.4141082763672,-0.018703915650419956
2008-08-27,136.8065185546875,-0.03188946114057134
2008-08-28,132.44383239746094,0.025051501531307308
2008-08-29,135.76174926757812,0.0033865398444155037
2008-09-01,136.2215118408203,0.0415365571190669
2008-09-02,141.8796844482422,-0.005419527830413218
2008-09-04,141.1107635498047,-0.006870472926906679
2008-09-05,140.14126586914062,0.02182692678308129
2008-09-08,143.2001190185547,0.009454793903692638
2008-09-09,144.55404663085938,-0.016073056044580758
2008-09-10,142.23062133789062,-0.01668804082209785
2008-09-11,139.85707092285156,-0.031253897013345355
2008-09-12,135.48599243164062,-0.06162457020388079
2008-09-15,127.13672637939453,-0.01544845150327967
2008-09-16,125.17266082763672,-0.025038169018368195
2008-09-17,122.03856658935547,-0.012258750541312646
2008-09-18,120.54252624511719,0.06337100270573903
2008-09-19,128.18142700195312,-6.487710609537345e-05
2008-09-22,128.17311096191406,-0.05972896515016213
2008-09-23,120.51746368408203,-0.011026517641763545
2008-09-24,119.1885757446289,-0.034569846856589814
2008-09-25,115.06824493408203,-0.017722451428751396
2008-09-26,113.0289535522461,-0.083111153200781
2008-09-29,103.6349868774414,0.07354822656216364
2008-09-30,111.25715637207031,0.009239922543825552
2008-10-01,112.28516387939453,-0.021213266626990412
2008-10-03,109.90322875976562,-0.05855516702399044
2008-10-06,103.46782684326172,-0.06962855416360814
2008-10-07,96.26351165771484,-0.050876995678445724
2008-10-08,91.36591339111328,-0.03988296785281764
2008-10-10,87.72196960449219,0.09155876719684497
2008-10-13,95.7536849975586,0.03465157557467058
2008-10-14,99.07170104980469,-0.08368501976739329
2008-10-15,90.7808837890625,-0.08856533145438139
2008-10-16,82.7408447265625,-0.08313142784219252
2008-10-17,75.86248016357422,0.08262607524332366
2008-10-20,82.13069915771484,0.1378858498834421
2008-10-21,93.45536041259766,-0.02226798235763916
2008-10-22,91.37429809570312,0.0011889005004086517
2008-10-23,91.4829330444336,-0.08852482613619339
2008-10-24,83.3844223022461,-0.004210126427313332
2008-10-27,83.03336334228516,0.0952907969780259
2008-10-29,90.9456787109375,-0.006101792284038066
2008-10-31,90.3907470703125,0.018418686637469373
2008-11-03,92.05562591552734,-0.07106357039644318
2008-11-04,85.51382446289062,-0.004129645550132288
2008-11-05,85.16068267822266,-0.012243485390534325
2008-11-06,84.1180191040039,0.049880744821308554
2008-11-07,88.31388854980469,0.04055936178186337
2008-11-10,91.89584350585938,-0.032207795916835646
2008-11-11,88.93608093261719,0.011439792125438553
2008-11-12,89.9534912109375,-0.007571678751090771
2008-11-14,89.27239227294922,-0.022322581163446764
2008-11-17,87.27960205078125,-0.06907491945742239
2008-11-18,81.25077056884766,-0.001035334231449303
2008-11-19,81.1666488647461,-0.01999374922159014
2008-11-20,79.5438232421875,0.07071918885613315
2008-11-21,85.16909790039062,0.026557149311976724
2008-11-24,87.43094635009766,-0.030582607001252815
2008-11-25,84.757080078125,0.0465279478057985
2008-11-26,88.70065307617188,0.0
2008-11-27,88.70065307617188,0.06057436618002909
2008-11-28,94.07363891601562,0.00849127604736899
2008-12-01,94.87244415283203,-0.05548188875685245
2008-12-02,89.6087417602539,0.003659708730300526
2008-12-03,89.93668365478516,0.027300055878001883
2008-12-04,92.39196014404297,-0.050236750638872896
2008-12-05,87.75048828125,0.0008623993534135899
2008-12-08,87.82616424560547,0.03599775564561192
2008-12-10,90.98770904541016,-0.06173156482997866
2008-12-11,85.37089538574219,-0.05190570213733414
2008-12-12,80.93965911865234,-0.024205473072054562
2008-12-15,78.98047637939453,0.02065381913227715
2008-12-16,80.61172485351562,-0.004276950276075775
2008-12-17,80.26695251464844,0.06955834897702151
2008-12-18,85.85018920898438,0.005974375955116296
2008-12-19,86.36309051513672,-0.005841808098264734
2008-12-22,85.85857391357422,-0.01948869056319924
2008-12-23,84.185302734375,-0.04484637770682354
2008-12-24,80.40989685058594,-0.013593642042885157
2008-12-26,79.31683349609375,0.010918684259734412
2008-12-29,80.18286895751953,0.012059682985165354
2008-12-30,81.14984893798828,-0.009636182971554552
2008-12-31,80.36787414550781,0.042686912769326124
2009-01-02,83.79853057861328,0.034015041096117304
2009-01-05,86.64894104003906,-0.01717572475731366
2009-01-06,85.16068267822266,-0.003159597573270001
2009-01-07,84.89160919189453,0.06368864392127449
2009-01-09,90.2982406616211,-0.04544182954924603
2009-01-12,86.1949234008789,0.025558560777769745
2009-01-13,88.39794158935547,0.02530169822711703
2009-01-14,90.63455963134766,-0.052880500802506614
2009-01-15,85.84175872802734,-0.01459473982511228
2009-01-16,84.58892059326172,-0.004473431122031357
2009-01-19,84.21051788330078,-0.008586889173148538
2009-01-20,83.48741149902344,-0.008359604644561869
2009-01-21,82.78948974609375,0.008734554043981824
2009-01-22,83.51261901855469,-0.021043075721672744
2009-01-23,81.75525665283203,0.026637986342628706
2009-01-27,83.93305206298828,0.02287844324924948
2009-01-28,85.85330963134766,0.012908064674510333
2009-01-29,86.96150970458984,-0.004669325971013549
2009-01-30,86.55545806884766,-0.039679693172241515
2009-02-02,83.12096405029297,0.01740293172055618
2009-02-03,84.56751251220703,-0.002401115149507471
2009-02-04,84.36445617675781,-0.03158507401731514
2009-02-05,81.69979858398438,0.041209384346498235
2009-02-06,85.06659698486328,0.024263826353164042
2009-02-09,87.1306381225586,0.018641049554625422
2009-02-10,88.75484466552734,-0.018776139994971297
2009-02-11,87.08837127685547,-0.009422202505210975
2009-02-12,86.26780700683594,0.00254950477099114
2009-02-13,86.48774719238281,-0.020441999477422756
2009-02-16,84.71976470947266,-0.030953076301631688
2009-02-17,82.09742736816406,-0.009274326124924848
2009-02-18,81.33602905273438,0.01820066193434755
2009-02-19,82.81639862060547,-0.03156248816779794
2009-02-20,80.20250701904297,-0.010863937236207932
2009-02-24,79.33119201660156,0.025271737196552735
2009-02-25,81.33602905273438,0.003016356254401664
2009-02-26,81.58136749267578,0.001866635967550101
2009-02-27,81.73365020751953,-0.04812688666929965
2009-03-02,77.80006408691406,-0.029683321549295316
2009-03-03,75.4906997680664,0.032160192151023725
2009-03-04,77.91849517822266,0.005753782973020538
2009-03-05,78.3668212890625,0.03993975288988305
2009-03-06,81.49677276611328,-0.03882092633878942
2009-03-09,78.33299255371094,0.03110157313605133
2009-03-12,80.76927185058594,0.061688324569101116
2009-03-13,85.75179290771484,0.02555006339605148
2009-03-16,87.94275665283203,-0.04280490573603346
2009-03-17,84.17837524414062,0.015274763201427621
2009-03-18,85.46417999267578,0.01940035320601452
2009-03-19,87.1222152709961,-0.010000890598823031
2009-03-20,86.25091552734375,0.01932122550216353
2009-03-23,87.91738891601562,0.0038485676410342506
2009-03-24,88.25574493408203,0.008339141813388684
2009-03-25,88.9917221069336,0.06169145007387056
2009-03-26,94.48175048828125,0.02936745674549357
2009-03-27,97.25643920898438,-0.08976257170371571
2009-03-30,88.52645111083984,0.02924072114069931
2009-03-31,91.11502838134766,0.011047986167869839
2009-04-01,92.12166595458984,0.06290144801003694
2009-04-02,97.91625213623047,0.0013822573478003974
2009-04-06,98.05159759521484,0.04244675403536258
2009-04-08,102.21356964111328,-0.002648063566662584
2009-04-09,101.94290161132812,-0.017094177008290745
2009-04-13,100.20027160644531,-0.02456749749684961
2009-04-15,97.73860168457031,-0.009779643634891033
2009-04-16,96.78275299072266,0.0018346918519391853
2009-04-17,96.96031951904297,-0.0204145432336047
2009-04-20,94.98091888427734,-0.018970645750750248
2009-04-21,93.17906951904297,-0.014162829346393124
2009-04-22,91.85939025878906,0.04632109748397739
2009-04-23,96.11441802978516,0.027812472688919954
2009-04-24,98.78759765625,0.03082654633570092
2009-04-27,101.83287811279297,-0.00564872407358441
2009-04-28,101.25765228271484,0.04193807991731191
2009-04-29,105.50420379638672,-0.0024055137136699267
2009-04-30,105.25041198730469,0.07121114877427814
2009-05-04,112.74541473388672,-0.02310971610257495
2009-05-05,110.13990020751953,-0.024039749361624674
2009-05-06,107.4921646118164,-0.005744607594476703
2009-05-07,106.87466430664062,-0.0011875836826744646
2009-05-08,106.74774169921875,-0.024882787150040997
2009-05-11,104.09156036376953,0.04201491275435476
2009-05-12,108.46495819091797,-0.030260005842416948
2009-05-13,105.18280792236328,-0.0030563185592652475
2009-05-14,104.86133575439453,0.03912550470610365
2009-05-15,108.9640884399414,0.1549567393292084
2009-05-18,125.84880828857422,-0.09961682920330728
2009-05-19,113.31214904785156,0.010302416164771788
2009-05-20,114.47953796386719,-0.0431535704417616
2009-05-21,109.53933715820312,-0.020696721026025378
2009-05-22,107.27223205566406,-0.004258702428226346
2009-05-25,106.81539154052734,-0.010928604228404026
2009-05-26,105.6480484008789,0.038593822813228096
2009-05-27,109.72541046142578,0.022589111655328065
2009-05-28,112.20401000976562,0.0624236917823886
2009-05-29,119.20819854736328,-0.009863066266782461
2009-06-01,118.03244018554688,-0.004156941862151764
2009-06-02,117.54178619384766,0.003022632682689652
2009-06-03,117.8970718383789,0.014852645165131406
2009-06-04,119.64815521240234,0.020008578976737246
2009-06-05,122.04214477539062,0.02876551264204208
2009-06-08,125.55274963378906,0.053968018618839375
2009-06-09,132.32858276367188,-0.000447286909126432
2009-06-10,132.26939392089844,-0.00856962530716432
2009-06-11,131.13589477539062,-0.013611512612923149
2009-06-12,129.35093688964844,0.01759224776555035
2009-06-15,131.6265106201172,0.006856261827961729
2009-06-16,132.5289764404297,-0.02672467499840825
2009-06-17,128.9871826171875,-0.00620443793338088
2009-06-18,128.1868896484375,0.009033008064892378
2009-06-19,129.3448028564453,-0.02672489344666773
2009-06-22,125.88807678222656,-0.008115317432872193
2009-06-23,124.866455078125,0.04118328077066713
2009-06-24,130.0088653564453,-0.003274195473589314
2009-06-25,129.58319091796875,0.044415076885540916
2009-06-26,135.33863830566406,-0.02818349470373538
2009-06-29,131.52432250976562,0.009450926715901975
2009-06-30,132.76734924316406,0.007952151932165252
2009-07-01,133.82313537597656,-0.00750789631244686
2009-07-02,132.8184051513672,0.002436472551140101
2009-07-03,133.1420135498047,-0.02621769632901827
2009-07-06,129.65133666992188,0.0221952186874399
2009-07-07,132.5289764404297,-0.020557327170974693
2009-07-08,129.80453491210938,0.018365509288375215
2009-07-09,132.18846130371094,0.018034531045054036
2009-07-10,134.57241821289062,0.005946591456184036
2009-07-13,135.37266540527344,0.023773687882131522
2009-07-14,138.59097290039062,0.03980843577536097
2009-07-15,144.10806274414062,-0.007917290766693785
2009-07-16,142.9671173095703,0.03406384955941588
2009-07-17,147.83712768554688,0.15307595874514668
2009-07-20,170.46743774414062,-0.04585000708035636
2009-07-21,162.65150451660156,-0.02365986339546522
2009-07-22,158.80319213867188,0.02005154830356992
2009-07-23,161.98744201660156,0.018711645779501573
2009-07-24,165.01849365234375,-0.004662840746054497
2009-07-27,164.24903869628906,0.0007285243480139592
2009-07-28,164.3686981201172,0.03984165713042809
2009-07-29,170.91741943359375,0.06662724247413943
2009-07-30,182.30517578125,-0.013412119905399922
2009-07-31,179.86007690429688,0.01083716301683757
2009-08-03,181.8092498779297,-0.0028213055907188034
2009-08-04,181.2963104248047,-0.002169182426196792
2009-08-05,180.90304565429688,-0.021928172378733457
2009-08-06,176.93617248535156,-0.01604165134128721
2009-08-07,174.0978240966797,0.05882902010793467
2009-08-10,184.33982849121094,0.00528743938259546
2009-08-11,185.31451416015625,-0.04105923108313603
2009-08-12,177.7056427001953,0.013662665418868736
2009-08-13,180.13357543945312,-0.009966257339752871
2009-08-14,178.33831787109375,-0.021764642466618356
2009-08-17,174.45684814453125,-0.002548017161243643
2009-08-18,174.0123291015625,-0.021224787076054907
2009-08-19,170.31895446777344,0.005923657387195913
2009-08-20,171.32786560058594,0.01646692600904709
2009-08-21,174.14910888671875,0.02415308249268633
2009-08-24,178.3553466796875,0.012942162239483412
2009-08-25,180.6636505126953,0.038235644625203014
2009-08-26,187.57144165039062,-0.0013672362141964323
2009-08-27,187.3149871826172,-0.012688708544197458
2009-08-28,184.93820190429688,-0.025424934262147758
2009-08-31,180.2361602783203,-0.00028428820050729886
2009-09-01,180.18492126464844,0.014613503261479144
2009-09-02,182.81805419921875,-0.0017767055020697642
2009-09-03,182.4932403564453,-0.0032794651650681628
2009-09-04,181.89476013183594,0.03581539772772557
2009-09-07,188.40939331054688,0.006715557147228157
2009-09-08,189.67466735839844,0.010456844159121514
2009-09-09,191.65806579589844,-0.006958877363430482
2009-09-10,190.3243408203125,0.006827414781382268
2009-09-11,191.62376403808594,-0.002230166531894784
2009-09-14,191.1964111328125,0.022893641051637603
2009-09-15,195.57359313964844,-0.0024478215098551193
2009-09-16,195.09486389160156,0.02182283273932506
2009-09-17,199.35238647460938,0.001801411093875549
2009-09-18,199.7115020751953,0.03193487492983227
2009-09-22,206.08926391601562,-0.019496950526518564
2009-09-23,202.07115173339844,0.01971541807008803
2009-09-24,206.05506896972656,-0.02514346648499244
2009-09-25,200.87413024902344,0.03915587443703661
2009-09-29,208.73953247070312,0.017365628568634106
2009-09-30,212.3644256591797,0.014251322883431339
2009-10-01,215.39089965820312,-0.02310089829466977
2009-10-05,210.41517639160156,-0.0017877746900618607
2009-10-06,210.03900146484375,-0.036632964081087294
2009-10-07,202.3446502685547,-0.034307883071526546
2009-10-08,195.4026336669922,-0.016888690508216286
2009-10-09,192.1025390625,0.032220878259189734
2009-10-12,198.29225158691406,0.0019832583843319984
2009-10-13,198.68551635742188,0.020568304224834577
2009-10-14,202.7721405029297,-0.018804300589779
2009-10-15,198.9591522216797,0.028360408672851722
2009-10-16,204.60171508789062,0.038024195791741766
2009-10-20,212.38153076171875,0.018919670002146782
2009-10-21,216.39971923828125,-0.010983028312282705
2009-10-22,214.0229949951172,0.02228926971082923
2009-10-23,218.7934112548828,0.007424586847824877
2009-10-26,220.41786193847656,-0.002792672082728598
2009-10-27,219.80230712890625,0.003277203608422763
2009-10-28,220.52264404296875,-0.013688945855335755
2009-10-29,217.50392150878906,-0.009068748690310935
2009-10-30,215.53143310546875,-0.03541278526942315
2009-11-03,207.89886474609375,0.03242323223871657
2009-11-04,214.63961791992188,-0.001918086659327356
2009-11-05,214.22792053222656,-0.003763201637420832
2009-11-06,213.42173767089844,0.0009649807851070946
2009-11-09,213.627685546875,0.006261935455115886
2009-11-10,214.9654083251953,0.0296817718205451
2009-11-11,221.34596252441406,0.015652900922086044
2009-11-12,224.8106689453125,0.022583157811287613
2009-11-13,229.88760375976562,-0.006565416475893815
2009-11-16,228.3782958984375,0.03710075499432075
2009-11-17,236.85130310058594,-0.005140930585808667
2009-11-18,235.6336669921875,-0.010190974407750852
2009-11-19,233.23233032226562,0.019488307381940295
2009-11-20,237.7776336669922,0.0013702115671603288
2009-11-23,238.1034393310547,0.007131666579831997
2009-11-24,239.801513671875,0.0053643404223260305
2009-11-25,241.087890625,-0.021200718787721673
2009-11-26,235.97665405273438,-0.025367272065131008
2009-11-27,229.99057006835938,0.026773041152253096
2009-11-30,236.1481170654297,-0.0038494584233613738
2009-12-01,235.23907470703125,-0.0021145350332122392
2009-12-02,234.7416534423828,0.008402480260535139
2009-12-03,236.7140655517578,0.007463341277702984
2009-12-04,238.48074340820312,0.00604168871425137
2009-12-07,239.92156982421875,-0.0015729958342608485
2009-12-08,239.54417419433594,0.012029161271073008
2009-12-09,242.42568969726562,-0.001485623073577469
2009-12-10,242.06553649902344,0.0006381111657352001
2009-12-11,242.22000122070312,-0.0014165185745612652
2009-12-14,241.87689208984375,-0.005885951009245494
2009-12-15,240.45321655273438,0.01740570169120592
2009-12-16,244.6384735107422,0.013460988021488873
2009-12-17,247.93154907226562,0.006572014719934405
2009-12-18,249.5609588623047,0.009003360210164013
2009-12-21,251.80784606933594,-0.01362298355295588
2009-12-22,248.37747192382812,0.03107558540640909
2009-12-23,256.095947265625,0.0036830211378982014
2009-12-24,257.0391540527344,-0.010543107586333478
2009-12-29,254.32916259765625,0.0018214253230617317
2009-12-30,254.7924041748047,0.010097271691497323
2009-12-31,257.3651123046875,0.0018664016866389854
2010-01-04,257.845458984375,0.0002657094026805584
2010-01-05,257.9139709472656,-0.02261059656326081
2010-01-06,252.08238220214844,-0.027829049183888288
2010-01-07,245.06716918945312,-0.02043693926088752
2010-01-08,240.05874633789062,0.020577480106454882
2010-01-11,244.99855041503906,0.05019579633444349
2010-01-12,257.29644775390625,0.051329899218250485
2010-01-13,270.5034484863281,-0.011032894596562204
2010-01-14,267.5190124511719,0.014810981851259841
2010-01-15,271.4812316894531,0.013646291093523333
2010-01-18,275.1859436035156,-0.026801280606053246
2010-01-19,267.81060791015625,-0.0016650679188633388
2010-01-20,267.36468505859375,-0.011226450478403982
2010-01-21,264.3631286621094,-0.016609696038776156
2010-01-22,259.9721374511719,-0.0021771930139655726
2010-01-25,259.4061279296875,-0.01445186124594422
2010-01-27,255.6572265625,-0.0020854978933737556
2010-01-28,255.12405395507812,-0.007482381677782257
2010-01-29,253.21511840820312,0.013515394608376807
2010-02-01,256.6374206542969,-0.010386711687205952
2010-02-02,253.9718017578125,0.019704287883368643
2010-02-03,258.97613525390625,-0.018925234470836494
2010-02-04,254.074951171875,-0.020576472747434127
2010-02-05,248.84698486328125,0.0008981241364898196
2010-02-08,249.0704803466797,0.015190696512417334
2010-02-09,252.85403442382812,-0.0038772456191952243
2010-02-10,251.8736572265625,0.01420172980915968
2010-02-11,255.45069885253906,0.0046456001376722345
2010-02-15,256.6374206542969,0.016082416363883967
2010-02-16,260.7647705078125,0.000659470036536991
2010-02-17,260.9367370605469,0.00019741824189001278
2010-02-18,260.9882507324219,-0.010872113547339413
2010-02-19,258.1507568359375,0.008926853072980467
2010-02-22,260.4552307128906,0.006405106181346376
2010-02-23,262.12347412109375,0.004263928612260326
2010-02-24,263.24114990234375,0.0011762269985946538
2010-02-25,263.55078125,-0.00580799144792421
2010-02-26,262.02008056640625,0.0018380190531563922
2010-03-02,262.5016784667969,0.0072720889177722015
2010-03-03,264.4106140136719,-0.006308713538353827
2010-03-04,262.7425231933594,-0.0017019478492886764
2010-03-05,262.29534912109375,0.00013112436290652063
2010-03-08,262.3297424316406,0.00786677929241919
2010-03-09,264.3934326171875,0.014765265054750731
2010-03-10,268.2972717285156,0.014806578805935056
2010-03-11,272.26983642578125,0.006758548614630877
2010-03-12,274.1099853515625,0.026413499122025286
2010-03-15,281.3501892089844,0.013447249639695347
2010-03-16,285.1335754394531,0.014113493827687673
2010-03-17,289.1578063964844,-0.017664045099994974
2010-03-18,284.05010986328125,-0.005993712339195878
2010-03-19,282.34759521484375,0.008161292421524191
2010-03-22,284.65191650390625,0.0012694755300308724
2010-03-23,285.0132751464844,0.001387039627638753
2010-03-25,285.4085998535156,-0.005723851612908004
2010-03-26,283.77496337890625,-0.015877961073857527
2010-03-29,279.2691955566406,-0.014717367641220558
2010-03-30,275.1590881347656,-0.024187889352450864
2010-03-31,268.5035705566406,0.03477923354729451
2010-04-01,277.8419189453125,-0.005509579843599566
2010-04-05,276.3111267089844,-0.009086427977936795
2010-04-06,273.8004455566406,0.002512067408739771
2010-04-07,274.4882507324219,0.0017544189287794776
2010-04-08,274.9698181152344,-0.009819192913462338
2010-04-09,272.26983642578125,0.00821106829185081
2010-04-12,274.5054626464844,0.02850529655658507
2010-04-13,282.330322265625,0.001035518948483416
2010-04-15,282.6226806640625,-0.008031979336959982
2010-04-16,280.3526611328125,-0.0038646523696045376
2010-04-19,279.2691955566406,-0.02764948405616685
2010-04-20,271.54754638671875,-0.005699662960619523
2010-04-21,269.99981689453125,0.0012105314199024608
2010-04-22,270.32666015625,-0.007316722931782871
2010-04-23,268.3487548828125,0.006281407606651079
2010-04-26,270.03436279296875,0.002801270183396376
2010-04-27,270.7908020019531,-0.021592596102926187
2010-04-28,264.9437255859375,-0.013695742619282303
2010-04-29,261.31512451171875,0.0074362583900964285
2010-04-30,263.2583312988281,0.0018294897471717864
2010-05-03,263.7399597167969,-0.007563903348568157
2010-05-04,261.74505615234375,0.006241676734451307
2010-05-05,263.3787841796875,0.0017628391559321166
2010-05-06,263.84307861328125,-0.03350220516539604
2010-05-07,255.00375366210938,0.03891221155479019
2010-05-10,264.926513671875,-0.018111274223855167
2010-05-11,260.12835693359375,0.004165471007003152
2010-05-12,261.2119140625,0.008097771430494172
2010-05-13,263.3271484375,-0.0022856271347354573
2010-05-14,262.72528076171875,-0.02369536839547348
2010-05-17,256.4999084472656,-0.014281220356147983
2010-05-18,252.83677673339844,-0.01850058216969297
2010-05-19,248.15914916992188,0.011780285473639518
2010-05-20,251.08253479003906,-0.015479176624412894
2010-05-21,247.19598388671875,-0.0015306567138898552
2010-05-24,246.81761169433594,-0.025153196769497232
2010-05-25,240.60935974121094,0.054963875936792084
2010-05-26,253.8341827392578,0.005216624886979604
2010-05-27,255.15834045410156,0.012064365047912418
2010-05-28,258.2366638183594,-0.010322092003225314
2010-05-31,255.5711212158203,-0.005181111425091367
2010-06-01,254.24697875976562,0.020359577562081732
2010-06-02,259.42333984375,0.014849336249456613
2010-06-03,263.2756042480469,-0.00013086797693062646
2010-06-04,263.24114990234375,-0.015809738269205065
2010-06-07,259.0793762207031,-0.004048642130590974
2010-06-08,258.03045654296875,-0.022860645037067417
2010-06-09,252.1317138671875,0.023804469022199903
2010-06-10,258.1335754394531,0.01145885906058508
2010-06-11,261.09149169921875,0.028850044755118542
2010-06-14,268.6239929199219,-0.0011733335635769615
2010-06-15,268.3088073730469,0.011356079082860404
2010-06-16,271.3557434082031,0.0006453147483884702
2010-06-17,271.5308532714844,0.010189689872113883
2010-06-18,274.29766845703125,0.005745875752904972
2010-06-21,275.8737487792969,-0.011488599731565796
2010-06-22,272.704345703125,0.009824108748725413
2010-06-23,275.3834228515625,-0.01634229352629346
2010-06-24,270.8830261230469,-0.019328785264572712
2010-06-25,265.6471862792969,0.008239201528089213
2010-06-28,267.8359069824219,-0.014318550547847031
2010-06-29,264.0008850097656,-0.003713653137213835
2010-06-30,263.0204772949219,-0.025300119334165205
2010-07-01,256.36602783203125,0.01612015424608848
2010-07-02,260.4986877441406,-0.006453123768088154
2010-07-05,258.8176574707031,0.02726679846814095
2010-07-06,265.8747863769531,0.007178107443769788
2010-07-07,267.78326416015625,0.015956858804187846
2010-07-08,272.0562438964844,-0.003024990411945927
2010-07-09,271.2332763671875,0.022273748696523654
2010-07-12,277.274658203125,-0.021536174944990716
2010-07-13,271.30322265625,0.0
2010-07-14,271.30322265625,0.009617366084203605
2010-07-15,273.9124450683594,0.06591218846104696
2010-07-16,291.96661376953125,-0.008336746048619226
2010-07-19,289.5325622558594,0.0006648816330454554
2010-07-20,289.7250671386719,0.01903891955421866
2010-07-21,295.2411193847656,0.0008307439556580754
2010-07-22,295.48638916015625,-0.005214666711007787
2010-07-23,293.9455261230469,0.011854954009065777
2010-07-26,297.43023681640625,-0.00011819998657935926
2010-07-27,297.39508056640625,0.006241635490129127
2010-07-28,299.2513122558594,-0.0028738917221700078
2010-07-29,298.39129638671875,-0.012000078546191784
2010-07-30,294.8105773925781,-0.0017857525496220994
2010-08-02,294.28411865234375,-0.007456106966409748
2010-08-03,292.08990478515625,0.04416832911895496
2010-08-04,304.99102783203125,0.010416506152824967
2010-08-05,308.16796875,-0.014979924832997482
2010-08-06,303.5516357421875,0.017520544336961263
2010-08-09,308.8700256347656,-0.017446109609346006
2010-08-10,303.4814453125,-0.007345281000112669
2010-08-11,301.2522888183594,-0.005476913944122641
2010-08-12,299.60235595703125,0.0011132309365950999
2010-08-13,299.9358825683594,-0.00035123066565234673
2010-08-16,299.8305358886719,-0.0045663815426336685
2010-08-17,298.4613952636719,0.024582558067841154
2010-08-18,305.79833984375,0.0010908746157838323
2010-08-19,306.1319274902344,-0.00355506163638708
2010-08-20,305.0436096191406,0.0016686226804829563
2010-08-23,305.5526123046875,0.00034487414940032046
2010-08-24,305.6579895019531,0.0005738931913683576
2010-08-25,305.8334045410156,0.006083989610787821
2010-08-26,307.694091796875,-0.0233316670832292
2010-08-27,300.51507568359375,-0.01214873795580873
2010-08-30,296.86419677734375,-0.0022466894868501397
2010-08-31,296.1972351074219,0.017362727056455363
2010-09-01,301.34002685546875,-0.016658682986456785
2010-09-02,296.3200988769531,-0.0080558675822624
2010-09-03,293.9329833984375,0.021557590247763825
2010-09-06,300.26947021484375,0.018705528786297387
2010-09-07,305.88616943359375,0.00883663009247071
2010-09-08,308.58917236328125,-0.004948451569198542
2010-09-09,307.0621337890625,0.005773810919941669
2010-09-13,308.8350524902344,0.017732178764093387
2010-09-14,314.3113708496094,0.021723107903359073
2010-09-15,321.1391906738281,-0.02120660577896849
2010-09-16,314.32891845703125,0.020549362956835626
2010-09-17,320.7881774902344,-0.0016960331489431768
2010-09-20,320.2441101074219,0.04571078866972256
2010-09-21,334.8827209472656,-0.019602791723322466
2010-09-22,328.3180847167969,-0.00417044397330546
2010-09-23,326.9488525390625,0.0006447030184459912
2010-09-24,327.1596374511719,-0.004667657366580813
2010-09-27,325.632568359375,-0.008570495677358791
2010-09-28,322.84173583984375,0.0007616119592266379
2010-09-29,323.0876159667969,0.007171008417450331
2010-09-30,325.40447998046875,0.03738079879927092
2010-10-01,337.568359375,-0.006032126016142558
2010-10-04,335.5321044921875,-0.005806425559332307
2010-10-05,333.5838623046875,0.009892436800124749
2010-10-06,336.8838195800781,-0.0113064497003309
2010-10-07,333.0748596191406,-0.006534241593770029
2010-10-08,330.8984680175781,-0.001803764147185638
2010-10-11,330.3016052246094,0.010415285582810352
2010-10-12,333.7417907714844,0.0443355650042232
2010-10-13,348.5384216308594,-0.006848580414847927
2010-10-14,346.15142822265625,-0.03625594986727132
2010-10-15,333.60137939453125,0.03256914681949796
2010-10-18,344.46649169921875,-0.013758520725355994
2010-10-19,339.7271423339844,-0.004649763536860085
2010-10-20,338.1474914550781,0.02382590835705911
2010-10-21,346.20416259765625,0.05475521088873836
2010-10-22,365.16064453125,0.025716337790115285
2010-10-25,374.5512390136719,-0.0040767373390764305
2010-10-26,373.0242919921875,-0.013552112938774119
2010-10-27,367.9690246582031,0.004484388239824222
2010-10-28,369.619140625,0.0
2010-10-29,369.619140625,0.002378778171153728
2010-11-01,370.4983825683594,-0.003749765969102925
2010-11-02,369.1091003417969,0.003191988866112716
2010-11-03,370.28729248046875,0.015529884269877892
2010-11-04,376.0378112792969,-0.0009351560991647245
2010-11-08,375.6861572265625,0.021485670262842538
2010-11-09,383.7580261230469,0.0010997231566833854
2010-11-10,384.1800537109375,-0.025221760401219706
2010-11-11,374.4903564453125,-0.008311751811136525
2010-11-12,371.377685546875,0.009565132073288574
2010-11-15,374.9299621582031,-0.016041488868567155
2010-11-16,368.91552734375,-0.0058154675006849565
2010-11-18,366.7701110839844,-0.026275462891120482
2010-11-19,357.133056640625,0.023340838259331198
2010-11-22,365.4688415527344,-0.008709816383750346
2010-11-23,362.2856750488281,-0.02456185158638291
2010-11-24,353.38726806640625,0.01696955921668386
2010-11-25,359.38409423828125,0.024906553825319255
2010-11-26,368.3351135253906,0.022965374591794818
2010-11-29,376.7940673828125,0.0043868899344510215
2010-11-30,378.447021484375,0.005483853175143327
2010-12-01,380.5223693847656,0.012847586209496109
2010-12-02,385.4111633300781,0.0014145049949114696
2010-12-03,385.9563293457031,0.0039639386900485185
2010-12-06,387.4862365722656,-0.012889271441959171
2010-12-07,382.4918212890625,-0.00767822726499523
2010-12-08,379.5549621582031,-0.006069103500876416
2010-12-09,377.25140380859375,0.0021437052643091814
2010-12-10,378.06011962890625,0.001116620442847882
2010-12-13,378.4822692871094,0.00450737927031275
2010-12-14,380.188232421875,0.021000066784352622
2010-12-15,388.1722106933594,0.03356985232349974
2010-12-16,401.2030944824219,0.022793229865951226
2010-12-20,410.3478088378906,-0.005057013179187053
2010-12-21,408.2726745605469,-0.009519236368145667
2010-12-22,404.38623046875,-0.008480236252132678
2010-12-23,400.9569396972656,0.0009650983741973373
2010-12-24,401.3439025878906,8.736820726440442e-05
2010-12-27,401.37896728515625,0.004512793344112698
2010-12-28,403.1903076171875,0.009247381495548712
2010-12-29,406.91876220703125,0.01145185127187709
2010-12-30,411.5787353515625,-0.003888078043618348
2010-12-31,409.9784851074219,-0.00652023663529766
2011-01-03,407.3053283691406,-0.0114845891992863
2011-01-04,402.6275939941406,0.012404628682389562
2011-01-05,407.6220397949219,0.011001156775281018
2011-01-06,412.1063537597656,-0.02479246552533232
2011-01-07,401.88922119140625,-0.010283613785172618
2011-01-10,397.75634765625,-0.02864985176864865
2011-01-11,386.3606872558594,0.034092171989737574
2011-01-12,399.5325622558594,-0.01029989345306559
2011-01-13,395.41741943359375,-0.0036466667767741656
2011-01-14,393.9754638671875,0.015399633208539099
2011-01-17,400.04254150390625,0.05727982726446479
2011-01-18,422.9569091796875,-0.00794143953166404
2011-01-19,419.5980224609375,0.016094025421349745
2011-01-20,426.3510437011719,-0.00045423730900251424
2011-01-21,426.1573791503906,-0.0020220096567503676
2011-01-24,425.2956848144531,-0.01707731631162801
2011-01-25,418.03277587890625,0.010829532684026644
2011-01-27,422.55987548828125,-0.015048631265707102
2011-01-28,416.200927734375,-0.018495869504135176
2011-01-31,408.5029296875,-0.008064053434439278
2011-02-01,405.208740234375,0.028083248229386015
2011-02-02,416.58831787109375,0.0010573765604069418
2011-02-03,417.02880859375,-0.029483798261276783
2011-02-04,404.73321533203125,-0.01536400403610294
2011-02-07,398.514892578125,-0.005348608756754913
2011-02-08,396.3833923339844,-0.023820029285476108
2011-02-09,386.9415283203125,-0.006874511999873767
2011-02-10,384.281494140625,-0.0010543088162325853
2011-02-11,383.8763427734375,0.020833366457691627
2011-02-14,391.873779296875,-0.01312585079573736
2011-02-15,386.7301025390625,-0.0010928498626776584
2011-02-16,386.3074645996094,0.011581919944372743
2011-02-17,390.7816467285156,-0.017579981402770284
2011-02-18,383.9117126464844,0.04487473349603044
2011-02-21,401.1396484375,0.0001313853108939611
2011-02-22,401.1923522949219,-0.01159149997744613
2011-02-23,396.54193115234375,-0.012216745629444525
2011-02-24,391.6974792480469,-0.0015738040472162984
2011-02-25,391.0810241699219,0.0001803363464043528
2011-02-28,391.15155029296875,0.012834808454291302
2011-03-01,396.1719055175781,0.022854449407903932
2011-03-03,405.2261962890625,-0.012736349086474807
2011-03-04,400.0650939941406,-0.024041421481932
2011-03-07,390.44696044921875,0.008527011451938238
2011-03-08,393.77630615234375,0.008052072413936795
2011-03-09,396.947021484375,-0.016108589423056263
2011-03-10,390.5527648925781,-0.02841603599665654
2011-03-11,379.4548034667969,0.01903373619457982
2011-03-14,386.67724609375,-0.00706128498639369
2011-03-15,383.9468078613281,0.02298633775605441
2011-03-16,392.7723388671875,-0.015114801725887528
2011-03-17,386.8356628417969,-0.01388816244078983
2011-03-18,381.4632263183594,-0.011037148073003156
2011-03-21,377.2529602050781,-0.0012138984332814573
2011-03-22,376.7950134277344,-0.004815329357302445
2011-03-23,374.9806213378906,0.027293483997586243
2011-03-24,385.21514892578125,0.024007801798818562
2011-03-25,394.46331787109375,0.00022342956019505422
2011-03-28,394.55145263671875,0.016786655881327883
2011-03-29,401.1746520996094,0.011636512679325861
2011-03-30,405.8429260253906,0.02773557428074902
2011-03-31,417.0992126464844,-0.003167951551076631
2011-04-01,415.7778625488281,0.02800529557348974
2011-04-04,427.4218444824219,0.021966463938155822
2011-04-05,436.810791015625,-0.014518057743867718
2011-04-06,430.4691467285156,-0.018536946958632727
2011-04-07,422.48956298828125,-0.0026685662913790154
2011-04-08,421.36212158203125,-0.014715589568742193
2011-04-11,415.1615295410156,0.02690044474376796
2011-04-13,426.3295593261719,-0.015453078736692771
2011-04-15,419.741455078125,-0.03928163030511367
2011-04-18,403.2533264160156,0.017560725317196768
2011-04-19,410.3347473144531,0.046364123232381926
2011-04-20,429.35955810546875,-0.0218269568521543
2011-04-21,419.9879455566406,0.00482365964948106
2011-04-25,422.0138244628906,-0.007388266115266329
2011-04-26,418.8958740234375,-0.007064644866308534
2011-04-27,415.9365234375,-0.01859215015061544
2011-04-28,408.203369140625,0.00604148861154985
2011-04-29,410.6695251464844,-0.006176645461308472
2011-05-02,408.1329650878906,-0.01726440571686172
2011-05-03,401.0867919921875,-0.0012297216151307966
2011-05-04,400.59356689453125,-0.019392533510072973
2011-05-05,392.8250427246094,0.030448277595302997
2011-05-06,404.785888671875,-0.011662448741045717
2011-05-09,400.0650939941406,0.0038306296742938173
2011-05-10,401.59759521484375,0.000307001379226568
2011-05-11,401.72088623046875,-0.02499454935925538
2011-05-12,391.6800537109375,0.013807005017385965
2011-05-13,397.0879821777344,0.0035491687954429807
2011-05-16,398.497314453125,0.009370989036572297
2011-05-17,402.23162841796875,0.011692958125618436
2011-05-18,406.9349060058594,0.008484868846790228
2011-05-19,410.3876953125,0.008713386731772799
2011-05-20,413.96356201171875,-0.007191503158404999
2011-05-23,410.9865417480469,-0.014272744155488182
2011-05-24,405.1206359863281,-0.018523474927632733
2011-05-25,397.61639404296875,0.006335359926024076
2011-05-26,400.13543701171875,0.007748383535298942
2011-05-27,403.23583984375,0.006465412852812991
2011-05-30,405.8429260253906,0.004514138679074575
2011-05-31,407.6749572753906,0.01577130337526289
2011-06-01,414.1045227050781,-0.006508552308628457
2011-06-02,411.4093017578125,-0.013401542608667216
2011-06-03,405.8957824707031,0.010632768520449032
2011-06-06,410.2115783691406,0.012839785823534289
2011-06-07,415.4786071777344,0.00862277986041704
2011-06-08,419.0611877441406,0.0041896191736594535
2011-06-09,420.81689453125,0.0024021475158180206
2011-06-10,421.8277587890625,-0.011688230134566546
2011-06-13,416.8973388671875,0.013401101480049693
2011-06-14,422.4842224121094,-0.005709275588211216
2011-06-15,420.0721435546875,-0.02795024513030364
2011-06-16,408.3310241699219,-0.03644208068479737
2011-06-17,393.4505920410156,-0.0359716733388461
2011-06-20,379.2975158691406,0.03502303235359161
2011-06-21,392.5816650390625,-0.021007117784074714
2011-06-22,384.33465576171875,0.012459387013277423
2011-06-23,389.12322998046875,0.03714679639457641
2011-06-24,403.5779113769531,0.01129386111670061
2011-06-27,408.1358642578125,0.0029551819094593146
2011-06-28,409.34197998046875,0.013734856655154282
2011-06-29,414.9642333984375,0.012266402736728743
2011-06-30,420.0543518066406,0.006502527073399378
2011-07-01,422.7857666015625,-0.005202021908143339
2011-07-04,420.58642578125,-0.00527101877145586
2011-07-05,418.3695068359375,0.002840296526432251
2011-07-06,419.55780029296875,0.011075372761413016
2011-07-07,424.2045593261719,-0.020277928553520508
2011-07-08,415.6025695800781,-0.012801956755038146
2011-07-11,410.28204345703125,-0.00977029217675951
2011-07-12,406.2734680175781,0.0032309581875866744
2011-07-13,407.58612060546875,-0.02206160597709661
2011-07-14,398.5941162109375,0.019889470529813158
2011-07-15,406.5219421386719,-0.018323671706837463
2011-07-18,399.0729675292969,0.013332902035914973
2011-07-19,404.3937683105469,-0.006666654089165669
2011-07-20,401.69781494140625,-0.008741658521257634
2011-07-21,398.1863098144531,0.009665100600723342
2011-07-22,402.0348205566406,0.005734910080001487
2011-07-25,404.3404541015625,0.004167425189977925
2011-07-26,406.0255126953125,0.0021837487722331517
2011-07-27,406.91217041015625,-0.012760675995511561
2011-07-28,401.7196960449219,0.006595636694080476
2011-07-29,404.3692932128906,-0.0015393528921789912
2011-08-01,403.746826171875,-0.004052010374017256
2011-08-02,402.11083984375,-0.01795388531953568
2011-08-03,394.8913879394531,-0.013059165283917373
2011-08-04,389.73443603515625,-0.034584942013894504
2011-08-05,376.2554931640625,-0.049718877391286
2011-08-08,357.5484924316406,-0.040334242932554054
2011-08-09,343.1270446777344,0.01995252938408365
2011-08-10,349.9732971191406,-0.0057924166752050255
2011-08-11,347.94610595703125,-0.03189045860465001
2011-08-12,336.8499450683594,0.027925785514072876
2011-08-16,346.2567443847656,0.027013237364139853
2011-08-17,355.6102600097656,-0.0375538172175105
2011-08-18,342.2557373046875,-0.03470662064749508
2011-08-19,330.377197265625,-0.01173400580095696
2011-08-22,326.50054931640625,0.06922300413972815
2011-08-23,349.1018981933594,-0.019356134179055795
2011-08-24,342.3446350097656,-0.012673974538482957
2011-08-25,338.0057678222656,-0.002051775528443933
2011-08-26,337.312255859375,0.07501686412652875
2011-08-29,362.6163635253906,0.022362080194993972
2011-08-30,370.7252197265625,-0.01947435627684202
2011-09-02,363.5055847167969,0.005478891521205176
2011-09-05,365.4971923828125,0.006033008333241385
2011-09-06,367.7022399902344,-0.002804828039018159
2011-09-07,366.6708984375,0.004898014760127856
2011-09-08,368.46685791015625,-0.019304249273765395
2011-09-09,361.3538818359375,-0.029870505852454432
2011-09-12,350.56005859375,0.008166689184577747
2011-09-13,353.4229736328125,0.02148456726054926
2011-09-14,361.01611328125,0.026253497952962057
2011-09-15,370.4940490722656,-0.013439152367036522
2011-09-16,365.5149230957031,-0.009437937586878609
2011-09-19,362.0652160644531,0.03919259975828027
2011-09-20,376.2554931640625,-0.013658779120035991
2011-09-21,371.1163024902344,-0.04705297926384244
2011-09-22,353.6541748046875,-0.004122866210929055
2011-09-23,352.19610595703125,0.006715067861203572
2011-09-26,354.5611267089844,0.043733144527075885
2011-09-27,370.06719970703125,0.007063948775403617
2011-09-28,372.68133544921875,0.012930373037323362
2011-09-29,377.500244140625,-0.02275170882158728
2011-09-30,368.9114685058594,0.005784096625459645
2011-10-03,371.0452880859375,0.0025396408675737447
2011-10-04,371.98760986328125,-0.002294063066839769
2011-10-05,371.1342468261719,0.004791335682364339
2011-10-07,372.9124755859375,0.015401982193191888
2011-10-10,378.65606689453125,-0.022400905494784684
2011-10-11,370.173828125,0.03670167230344701
2011-10-12,383.75982666015625,0.01269554407850082
2011-10-13,388.6318664550781,0.03797791999474831
2011-10-14,403.39129638671875,-0.012343242253217257
2011-10-17,398.4121398925781,-0.07739317660307576
2011-10-18,367.5777587890625,0.014899722602008447
2011-10-19,373.0545654296875,-0.00386052250886193
2011-10-20,371.6143798828125,0.0047369397867793595
2011-10-21,373.37469482421875,0.028480289980777673
2011-10-24,384.0085144042969,0.020339038007131993
2011-10-25,391.8188781738281,0.02079807488378682
2011-10-28,399.96795654296875,-0.00508188903682627
2011-10-31,397.93536376953125,-0.0065873459091290165
2011-11-01,395.31402587890625,-0.001443608558205578
2011-11-02,394.74334716796875,-0.0016714405544667743
2011-11-03,394.08355712890625,-0.004705989856992776
2011-11-04,392.22900390625,0.004955588614252715
2011-11-08,394.1727294921875,0.016014320562962148
2011-11-09,400.4851379394531,0.007168582233294529
2011-11-11,403.3560485839844,-0.0022988277900013454
2011-11-14,402.4288024902344,-0.003544684539152687
2011-11-15,401.0023193359375,-0.0063589589197722285
2011-11-16,398.4523620605469,-0.0018796786608832328
2011-11-17,397.7033996582031,-0.02560162738562821
2011-11-18,387.52154541015625,-0.01785427127051431
2011-11-21,380.6026306152344,0.013727763756128164
2011-11-22,385.82745361328125,-0.018071084603608956
2011-11-23,378.8551330566406,0.027770015687522243
2011-11-24,389.3759460449219,-0.025554133212363217
2011-11-25,379.42578125,0.023122693240196446
2011-11-28,388.1991271972656,0.004409650588667491
2011-11-29,389.91094970703125,0.020351420510711593
2011-11-30,397.84619140625,0.017255847832997162
2011-12-01,404.71136474609375,0.03806853511142183
2011-12-02,420.1181335449219,0.0025039895961416203
2011-12-05,421.17010498046875,-0.0011853573049065425
2011-12-07,420.6708679199219,-0.001653301092390258
2011-12-08,419.9753723144531,-0.004416007175830017
2011-12-09,418.1207580566406,0.006781485208978921
2011-12-12,420.95623779296875,-0.0013982273605988027
2011-12-13,420.3676452636719,0.003181796765599154
2011-12-14,421.7051696777344,4.182818097708818e-05
2011-12-15,421.7228088378906,-0.030612967800232926
2011-12-16,408.8126220703125,-0.002311665028860932
2011-12-19,407.8675842285156,-0.009006356525867343
2011-12-20,404.1941833496094,0.02236739630801443
2011-12-21,413.2349548339844,-0.006041186531188569
2011-12-22,410.738525390625,0.004731972764854708
2011-12-23,412.68212890625,0.02700600942055642
2011-12-26,423.8270263671875,-0.007531269522299988
2011-12-27,420.63507080078125,-0.00869040009808919
2011-12-28,416.9795837402344,-0.0029933574543785646
2011-12-29,415.7314147949219,-0.004332405200236922
2011-12-30,413.9302978515625,0.015465654275819807
2012-01-02,420.3320007324219,0.0161205200821668
2012-01-03,427.10797119140625,-0.02054049759229304
2012-01-04,418.3349609375,-0.0008528596440035008
2012-01-05,417.9781799316406,-0.0022183348813172854
2012-01-06,417.05096435546875,0.001667724528875647
2012-01-09,417.7464904785156,-0.005080242363108223
2012-01-10,415.6242370605469,-0.024369023821193325
2012-01-11,405.4958801269531,-0.04177639246049358
2012-01-12,388.55572509765625,-0.003442061910146843
2012-01-13,387.2182922363281,0.02178238984064862
2012-01-16,395.65283203125,-0.004913167641000804
2012-01-17,393.70892333984375,-0.025181508425590637
2012-01-18,383.79473876953125,-0.0005581183357179498
2012-01-19,383.5805358886719,0.0036727175317186056
2012-01-20,384.98931884765625,-0.0016676535611831467
2012-01-23,384.3472900390625,0.010207243090758933
2012-01-24,388.2704162597656,0.011328991275143308
2012-01-25,392.66912841796875,0.00979040772731321
2012-01-27,396.5135192871094,0.002705774013686657
2012-01-30,397.5863952636719,0.018574373521994092
2012-01-31,404.9713134765625,-0.0032674207428731172
2012-02-01,403.6481018066406,0.01709929906391916
2012-02-02,410.5502014160156,0.02051415050826555
2012-02-03,418.9722900390625,0.019034759125359457
2012-02-06,426.94732666015625,0.00347607362577107
2012-02-07,428.4314270019531,0.018072147123825877
2012-02-08,436.1741027832031,0.007337597418739739
2012-02-09,439.37457275390625,0.00390653162586152
2012-02-10,441.09100341796875,-0.006242705139940186
2012-02-13,438.33740234375,-0.0046504180057145295
2012-02-14,436.2989501953125,0.01770520410244525
2012-02-15,444.0237121582031,-0.013088111570705996
2012-02-16,438.2122802734375,0.0027749186243934965
2012-02-17,439.42828369140625,0.006754617934652707
2012-02-21,442.3964538574219,0.012368547962131604
2012-02-22,447.8682556152344,0.005948317315636498
2012-02-23,450.5323181152344,0.008096501513949361
2012-02-24,454.1800537109375,-0.01413357852392716
2012-02-27,447.7608642578125,-0.02036677728835734
2012-02-28,438.64141845703125,-0.003750121230867931
2012-02-29,436.9964599609375,-0.0019234610147002007
2012-03-01,436.1559143066406,-0.0019266780609541456
2012-03-02,435.3155822753906,-0.008174043657292462
2012-03-05,431.7572937011719,-0.004390710853535595
2012-03-06,429.861572265625,-0.007611618134244491
2012-03-07,426.5896301269531,0.013161866064350658
2012-03-09,432.204345703125,-0.016135318749438632
2012-03-12,425.2305908203125,0.006686112687595669
2012-03-13,428.07373046875,-0.03546365896919679
2012-03-14,412.8926696777344,0.007925028753479335
2012-03-15,416.16485595703125,0.0050273192788090615
2012-03-16,418.2570495605469,-0.0406566819746923
2012-03-19,401.2521057128906,0.011452264787904065
2012-03-20,405.84735107421875,0.03604007758290484
2012-03-21,420.47412109375,-0.006804133169053261
2012-03-22,417.6131591796875,0.014472593067641926
2012-03-23,423.6571044921875,-0.019457304056158642
2012-03-26,415.41387939453125,0.011320658799163885
2012-03-27,420.11663818359375,-0.008214721921852797
2012-03-28,416.6654968261719,-0.020513143530554334
2012-03-29,408.1183776855469,0.02418504499625862
2012-03-30,417.9887390136719,0.02177451355823745
2012-04-02,427.0902404785156,-0.013606534898123246
2012-04-03,421.2790222167969,0.00038168793284443225
2012-04-04,421.4398193359375,-0.012177202467244186
2012-04-09,416.307861328125,-0.0067862393611999305
2012-04-10,413.4826965332031,-0.015654438286630823
2012-04-11,407.0098571777344,-0.005667284426462249
2012-04-12,404.7032165527344,-0.055936307975491095
2012-04-13,382.06561279296875,0.0013101933731356485
2012-04-16,382.5661926269531,0.019724345918040953
2012-04-17,390.112060546875,0.006142362564842907
2012-04-18,392.5082702636719,0.004919563190309617
2012-04-19,394.4392395019531,-0.013145856648963283
2012-04-20,389.2539978027344,-0.022233973536023854
2012-04-23,380.5993347167969,0.12210492436382236
2012-04-24,427.0723876953125,-0.01938538154226699
2012-04-25,418.7934265136719,0.020152775376096166
2012-04-26,427.2332763671875,0.007826306217757928
2012-04-27,430.5769348144531,0.03538229991966202
2012-04-30,445.8117370605469,0.016565104951213216
2012-05-02,453.1966552734375,0.009666709493945769
2012-05-03,457.57757568359375,-0.0021100578088345534
2012-05-04,456.612060546875,-0.0027805284013168174
2012-05-07,455.3424377441406,-0.05698031742695586
2012-05-08,429.3968811035156,0.02069659756382114
2012-05-09,438.283935546875,0.005711375988671996
2012-05-10,440.7871398925781,-0.0014603585656957074
2012-05-11,440.1434326171875,-0.003899984884854435
2012-05-14,438.4268798828125,0.0002852494700820163
2012-05-15,438.55194091796875,-0.0023647104096108373
2012-05-16,437.514892578125,-0.0011440737787385968
2012-05-17,437.01434326171875,-0.009288142543278033
2012-05-18,432.9552917480469,-0.0011980619830198602
2012-05-21,432.43658447265625,0.012281015734418421
2012-05-22,437.7473449707031,0.0008986269969439853
2012-05-23,438.1407165527344,-0.0030198519954907077
2012-05-24,436.8175964355469,-0.0005321497908393757
2012-05-25,436.58514404296875,0.003194528849459255
2012-05-28,437.9798278808594,0.012778465693631391
2012-05-29,443.5765380859375,0.00016147101956387466
2012-05-30,443.6481628417969,0.0038695197366969136
2012-05-31,445.3648681640625,-0.0166620345359606
2012-06-01,437.9441833496094,-0.009268143287837982
2012-06-04,433.88525390625,0.010920797054232656
2012-06-05,438.6236267089844,0.020097657947268477
2012-06-06,447.4389343261719,0.0040888222965460574
2012-06-07,449.2684326171875,-0.007499306462573352
2012-06-08,445.89923095703125,0.002153412725256487
2012-06-11,446.85943603515625,0.011795168783877763
2012-06-12,452.1302185058594,0.001842474349162071
2012-06-13,452.9632568359375,0.0028793278850882675
2012-06-14,454.2674865722656,0.01471310516446378
2012-06-15,460.951171875,-0.012024073968144977
2012-06-18,455.4086608886719,0.013363081040052016
2012-06-19,461.49432373046875,-0.016601766695238274
2012-06-20,453.83270263671875,-0.022948600616359505
2012-06-21,443.4178771972656,0.007679259282761253
2012-06-22,446.822998046875,-0.013539053659544109
2012-06-25,440.7734375,0.015081147862422206
2012-06-26,447.4208068847656,0.009391937909097425
2012-06-27,451.6229553222656,0.00974614057738954
2012-06-28,456.0245361328125,0.014774866004256815
2012-06-29,462.7622375488281,-0.014090340062014817
2012-07-02,456.24176025390625,-0.0159193264540175
2012-07-03,448.97869873046875,0.006817297884861517
2012-07-04,452.0395202636719,-0.0058099848701405055
2012-07-05,449.4131774902344,0.005763538077371511
2012-07-06,452.0033874511719,0.009336350950058359
2012-07-09,456.22344970703125,0.0018266795009609371
2012-07-10,457.05682373046875,-0.002694827840162284
2012-07-11,455.82513427734375,-0.01772251798583302
2012-07-12,447.74676513671875,0.01084191228240683
2012-07-13,452.6011962890625,-0.033656228145196976
2012-07-16,437.36834716796875,-0.017766297698679656
2012-07-17,429.5979309082031,0.007926581286653134
2012-07-18,433.003173828125,0.004768319011085431
2012-07-19,435.06787109375,0.018360158425353434
2012-07-20,443.0557861328125,-0.004754081332674631
2012-07-23,440.949462890625,-0.004200419792827592
2012-07-24,439.0972900390625,0.0033083038071104465
2012-07-25,440.5499572753906,-0.012117256505828067
2012-07-26,435.2117004394531,0.02240352143188673
2012-07-27,444.96197509765625,0.004652236539809174
2012-07-30,447.03204345703125,0.010276245522873317
2012-07-31,451.6258544921875,-0.015277444043723332
2012-08-01,444.7261657714844,0.006655281518902267
2012-08-02,447.6859436035156,0.0033256138319250894
2012-08-03,449.1747741699219,-0.006468092426711092
2012-08-06,446.26947021484375,0.028602732696553
2012-08-07,459.03399658203125,-0.011747932038730369
2012-08-08,453.64129638671875,0.00716445257215681
2012-08-09,456.8913879394531,0.0174069695607304
2012-08-10,464.844482421875,-0.01074197362083984
2012-08-13,459.85113525390625,0.001658370940727405
2012-08-14,460.6137390136719,-0.003823726556875129
2012-08-16,458.85247802734375,0.011911135633524417
2012-08-17,464.31793212890625,0.015680552515746182
2012-08-21,471.59869384765625,-0.005389641829025238
2012-08-22,469.05694580078125,0.024619295515996065
2012-08-23,480.60479736328125,-0.0004530602297697639
2012-08-24,480.3870544433594,-0.0018145234679448619
2012-08-27,479.515380859375,0.023060557152276173
2012-08-28,490.5732727050781,-0.005625655322313627
2012-08-29,487.8134765625,0.017754696499246325
2012-08-30,496.4744567871094,-0.017116232468009418
2012-08-31,487.9766845703125,-0.004390863801296052
2012-09-03,485.83404541015625,0.002242928778672715
2012-09-04,486.9237365722656,0.017637911701638975
2012-09-05,495.5120544433594,0.0081347229302271
2012-09-06,499.54290771484375,0.008069510811336222
2012-09-07,503.573974609375,-0.010997804269191058
2012-09-10,498.0357666015625,0.015458494294848135
2012-09-11,505.7346496582031,0.015976610545807235
2012-09-12,513.8145751953125,0.0019790129595651518
2012-09-13,514.8314208984375,-0.00324481404737742
2012-09-14,513.160888671875,-0.05024425438423297
2012-09-17,487.37750244140625,-0.031517397262658564
2012-09-18,472.0166320800781,0.017079284912996595
2012-09-20,480.0783386230469,-0.013577788404920188
2012-09-21,473.5599365234375,-0.011195730373977697
2012-09-24,468.2580871582031,0.002908129957472916
2012-09-25,469.6198425292969,-0.005876854948138832
2012-09-26,466.8599548339844,-0.010928831727563981
2012-09-27,461.7577209472656,0.019149716173094244
2012-09-28,470.6002502441406,0.005440439556648524
2012-10-01,473.1605224609375,0.01511971602610962
2012-10-03,480.3145751953125,-0.004158473615898606
2012-10-04,478.31719970703125,-0.009983731774489635
2012-10-05,473.54180908203125,-0.00866558252365246
2012-10-08,469.43829345703125,0.0016629228150280007
2012-10-09,470.21893310546875,-0.004247431908367405
2012-10-10,468.2217102050781,7.769172665894608e-05
2012-10-11,468.2580871582031,0.006979264242208405
2012-10-12,471.52618408203125,-0.0029264829327867448
2012-10-15,470.1462707519531,0.0009656133004338763
2012-10-16,470.6002502441406,-0.009838703726028242
2012-10-17,465.97015380859375,0.018859564959122777
2012-10-18,474.7581481933594,-0.013500204893334922
2012-10-19,468.34881591796875,0.02264073144893408
2012-10-22,478.95257568359375,-0.0032599696272243017
2012-10-23,477.3912048339844,0.0005701535272135683
2012-10-25,477.66339111328125,-0.005283517059783915
2012-10-29,475.1396484375,0.0023690737509325377
2012-10-30,476.2652893066406,0.005349455580680118
2012-10-31,478.81304931640625,-0.00018948681514663335
2012-11-01,478.7223205566406,0.012126330890362302
2012-11-02,484.5274658203125,-0.0012013607611918165
2012-11-05,483.94537353515625,-0.0068065664593380815
2012-11-06,480.6513671875,0.008291754455115541
2012-11-07,484.6368103027344,-0.00022562149654614672
2012-11-08,484.5274658203125,-0.004694590840735868
2012-11-09,482.2528076171875,0.007207548698114019
2012-11-12,485.7286682128906,-0.030235499241440755
2012-11-15,471.04241943359375,-0.0056794512358117055
2012-11-16,468.3671569824219,-0.01900093533422964
2012-11-19,459.4677429199219,0.00827818363360544
2012-11-20,463.27130126953125,0.007385737757595656
2012-11-21,466.6929016113281,-0.004485047107446016
2012-11-22,464.5997619628906,0.009518783000925124
2012-11-23,469.0221862792969,0.00395753273213284
2012-11-26,470.87835693359375,0.0011596434988996318
2012-11-27,471.4244079589844,0.0022394366516298447
2012-11-29,472.4801330566406,0.01224836552927866
2012-11-30,478.2672424316406,0.0021306340070270657
2012-12-03,479.2862548828125,-0.013175783489497661
2012-12-04,472.9712829589844,-0.001192774211764669
2012-12-05,472.4071350097656,-0.013252271325596032
2012-12-06,466.14666748046875,-0.012922353796416486
2012-12-07,460.1229553222656,-0.021318791038904883
2012-12-10,450.3136901855469,-0.014144938434369148
2012-12-11,443.94403076171875,0.005000976823101855
2012-12-12,446.1641845703125,-0.0026509058743734437
2012-12-13,444.9814453125,0.016645598372474257
2012-12-14,452.388427734375,-0.03009080493452987
2012-12-17,438.77569580078125,0.004271654318233065
2012-12-18,440.6499938964844,0.018172451016914337
2012-12-19,448.6576843261719,0.01573840697093476
2012-12-20,455.7188415527344,0.005311191760259737
2012-12-21,458.1392517089844,0.005958044956048347
2012-12-24,460.8688659667969,-0.0031591700856410387
2012-12-26,459.41290283203125,-0.008912357226052658
2012-12-27,455.3184509277344,0.0132300036025772
2012-12-28,461.3423156738281,-0.009191212828510986
2012-12-31,457.1020202636719,0.0066088858168931175
2013-01-01,460.1229553222656,-0.0006722685062698908
2013-01-02,459.8136291503906,0.013694008823022186
2013-01-03,466.1103210449219,0.014524565844521664
2013-01-04,472.88037109375,-0.0033483606430422252
2013-01-07,471.2969970703125,0.004170697499135567
2013-01-08,473.26263427734375,-0.018189087218296263
2013-01-09,464.6544189453125,-0.014256660210080319
2013-01-10,458.0299987792969,0.03810416433052577
2013-01-11,475.48284912109375,0.02154824114210596
2013-01-14,485.7286682128906,0.0022109330671584715
2013-01-15,486.8025817871094,0.007701698148775193
2013-01-16,490.5517883300781,0.010572649021260538
2013-01-17,495.73822021484375,-0.008076346545106472
2013-01-18,491.7344665527344,-0.015544255609779678
2013-01-21,484.0908203125,-0.009398470171007589
2013-01-22,479.5411071777344,-0.001939784274809564
2013-01-23,478.61090087890625,0.0126528378724593
2013-01-24,484.66668701171875,0.00899439463055196
2013-01-25,489.0259704589844,0.003394822259525032
2013-01-28,490.6861267089844,-7.481900238470729e-05
2013-01-29,490.6494140625,0.0008924839528288153
2013-01-30,491.0873107910156,-0.0014859604638319812
2013-01-31,490.3575744628906,0.002939126913884982
2013-02-01,491.7987976074219,0.006119354055841297
2013-02-04,494.80828857421875,0.0027285267596068863
2013-02-05,496.15838623046875,0.007719897223036565
2013-02-06,499.9886779785156,0.012111968599874956
2013-02-07,506.0445251464844,0.025555861039519456
2013-02-08,518.9769287109375,-0.00555338767232616
2013-02-11,516.0948486328125,-0.0032864229540837675
2013-02-12,514.3987426757812,0.017977412902773438
2013-02-13,523.6463012695312,0.008569342849593209
2013-02-14,528.1336059570312,-0.0038331475968690354
2013-02-15,526.1091918945312,-0.011649726738743538
2013-02-18,519.9801635742188,0.012769041787787927
2013-02-19,526.6198120117188,0.00640729130580775
2013-02-20,529.9940185546875,-0.0012044790636687175
2013-02-21,529.3556518554688,0.002791087659430813
2013-02-22,530.8331298828125,0.012782778765966452
2013-02-25,537.61865234375,0.015403462898360809
2013-02-26,545.8998413085938,-0.008820974633003464
2013-02-27,541.08447265625,0.022788277845508853
2013-02-28,553.4148559570312,-0.009987152521702236
2013-03-01,547.8878173828125,0.007557989143766486
2013-03-04,552.0287475585938,0.017809949295915395
2013-03-05,561.8603515625,0.013667451702891409
2013-03-06,569.53955078125,0.018383326889097162
2013-03-07,580.0095825195312,-0.004245661603322848
2013-03-08,577.5470581054688,-0.010706543524137468
2013-03-11,571.363525390625,-0.0036395897115973908
2013-03-12,569.2839965820312,-0.005639129384552577
2013-03-13,566.07373046875,0.0103113336363847
2013-03-14,571.9107055664062,0.0016266487801468443
2013-03-15,572.8410034179688,-0.002101982147429182
2013-03-18,571.6369018554688,-0.012890975889786715
2013-03-19,564.2679443359375,0.007047402878496145
2013-03-20,568.2445678710938,0.0014763506245194513
2013-03-21,569.08349609375,-0.011410505344136346
2013-03-22,562.5899658203125,0.0007779788692650058
2013-03-25,563.0276489257812,0.008423305178681728
2013-03-26,567.7702026367188,0.01246481129977206
2013-03-28,574.8473510742188,-0.01199409787266259
2013-04-01,567.9525756835938,0.006744410598866102
2013-04-02,571.7830810546875,-0.01528069637217555
2013-04-03,563.0458374023438,-0.023065725175754448
2013-04-04,550.0587768554688,-0.00626808458746253
2013-04-05,546.6109619140625,-0.01174584961444558
2013-04-08,540.1905517578125,0.01124447233495296
2013-04-09,546.2647094726562,0.02207128245013612
2013-04-10,558.3214721679688,0.004214794820770917
2013-04-11,560.6746826171875,-0.016363973632318563
2013-04-12,551.4998168945312,-0.025997001031345057
2013-04-15,537.1624755859375,0.007267122454939212
2013-04-16,541.0661010742188,-0.017867692172672922
2013-04-17,531.3984985351562,-0.0026772158012356995
2013-04-18,529.975830078125,-0.01889492767810297
2013-04-22,519.9619750976562,0.003683506284791749
2013-04-23,521.8772583007812,-0.019747645646649437
2013-04-25,511.5714111328125,-0.023497223556496305
2013-04-26,499.5509033203125,0.00102264705041466
2013-04-29,500.061767578125,0.005580792509519039
2013-04-30,502.8525085449219,0.040263642399977595
2013-05-02,523.0991821289062,-0.010739917369633867
2013-05-03,517.4811401367188,0.034332612561481124
2013-05-06,535.2476196289062,0.002998233536085415
2013-05-07,536.8524169921875,0.005776172464326601
2013-05-08,539.953369140625,0.012397989011818877
2013-05-09,546.647705078125,-0.0017017117382268632
2013-05-10,545.7174682617188,-0.029614468571032337
2013-05-13,529.5563354492188,0.00437481580466037
2013-05-14,531.873046875,0.009328214336862262
2013-05-15,536.83447265625,-0.011892336714154572
2013-05-16,530.4502563476562,0.013582717641228426
2013-05-17,537.6552124023438,-0.000949943710613188
2013-05-20,537.1444702148438,0.013889206103010254
2013-05-21,544.60498046875,0.0037174396221457684
2013-05-22,546.6295166015625,-0.0038040513275043875
2013-05-23,544.5501098632812,-0.015508564366661926
2013-05-24,536.1049194335938,0.019359386070063156
2013-05-27,546.4835815429688,0.010747647842144215
2013-05-28,552.3569946289062,-0.01106276513657678
2013-05-29,546.2463989257812,0.0013693194889974336
2013-05-30,546.994384765625,-0.0006337902127615536
2013-05-31,546.647705078125,-0.01938651734269914
2013-06-03,536.0501098632812,-0.0027564589027565534
2013-06-04,534.572509765625,0.001671759661199701
2013-06-05,535.4661865234375,0.010963996900517747
2013-06-06,541.3370361328125,0.032772046751106565
2013-06-07,559.0777587890625,0.004016187896632495
2013-06-10,561.3231201171875,-0.015408975245299494
2013-06-11,552.6737060546875,-0.02227718015868796
2013-06-12,540.3616943359375,-0.015292288083769146
2013-06-13,532.0983276367188,0.003493616982715775
2013-06-14,533.957275390625,0.001206169479156971
2013-06-17,534.601318359375,-0.005955194414646203
2013-06-18,531.4176635742188,-0.01115169649468395
2013-06-19,525.491455078125,-0.016249669556911206
2013-06-20,516.952392578125,0.012638746749017882
2013-06-21,523.4860229492188,-0.0081217984107117
2013-06-24,519.234375,-0.013043049975926091
2013-06-25,512.4619750976562,0.032607935730749826
2013-06-26,529.1723022460938,0.03769867885188383
2013-06-27,549.1213989257812,0.017595357463010552
2013-06-28,558.7833862304688,-0.016994339880462395
2013-07-01,549.2872314453125,0.005494847393005875
2013-07-02,552.3054809570312,-0.007163906887555083
2013-07-03,548.3488159179688,0.032554231358859154
2013-07-04,566.1998901367188,-0.005265280378551673
2013-07-05,563.2186889648438,-0.0153900588169954
2013-07-08,554.5507202148438,-0.0011614879945638368
2013-07-09,553.9066162109375,0.004684411571483915
2013-07-10,556.5013427734375,0.034789845441589584
2013-07-11,575.8619384765625,0.028953816470342897
2013-07-12,592.5353393554688,0.019815516920459908
2013-07-15,604.2767333984375,0.004629679197048153
2013-07-16,607.0743408203125,0.01767299337060413
2013-07-17,617.8031616210938,-0.010783250529263433
2013-07-18,611.1412353515625,0.04962659311382933
2013-07-19,641.4700927734375,0.0021231519472311167
2013-07-22,642.83203125,0.0018893560295323297
2013-07-23,644.0465698242188,0.01885935247329451
2013-07-24,656.19287109375,0.00726374617433212
2013-07-25,660.9592895507812,-0.01183360810079681
2013-07-26,653.1377563476562,0.004913648797043368
2013-07-29,656.3470458984375,0.007363215447120375
2013-07-30,661.1798706054688,0.012944333448939416
2013-07-31,669.7384033203125,-5.513536232681915e-05
2013-08-01,669.7014770507812,0.016773193148730048
2013-08-02,680.9345092773438,0.01156660225837447
2013-08-05,688.8106079101562,0.0015528813014749066
2013-08-06,689.8802490234375,-0.025346195761513868
2013-08-07,672.3944091796875,0.012454307217076854
2013-08-08,680.7686157226562,-0.017015678994071304
2013-08-12,669.1848754882812,0.0031978511345160943
2013-08-13,671.3248291015625,0.007527784833983864
2013-08-14,676.37841796875,-0.028688160678822072
2013-08-16,656.974365234375,-0.001937221823976265
2013-08-19,655.70166015625,-0.02309481806598812
2013-08-20,640.558349609375,-0.010711861409361534
2013-08-21,633.69677734375,0.03559782587757376
2013-08-22,656.2550048828125,0.02838733930786619
2013-08-23,674.8843383789062,0.006860170719718672
2013-08-26,679.51416015625,-0.0017369731504801589
2013-08-27,678.3338623046875,0.037578521592301906
2013-08-28,703.8246459960938,0.02054656898261742
2013-08-29,718.2858276367188,0.04421953885810259
2013-08-30,750.048095703125,0.011631822438469941
2013-09-02,758.7725219726562,-0.027104677072674277
2013-09-03,738.2062377929688,0.033981379225782815
2013-09-04,763.29150390625,-0.03786668679604488
2013-09-05,734.38818359375,-0.0009794538262943853
2013-09-06,733.6688842773438,-0.00045272919082517404
2013-09-10,733.3367309570312,0.0029679594379985463
2013-09-11,735.5132446289062,-0.012990254715741889
2013-09-12,725.958740234375,-0.007190366860633901
2013-09-13,720.7388305664062,-0.02620627280914689
2013-09-16,701.8509521484375,0.02359996751057425
2013-09-17,718.4146118164062,0.0036202354954184557
2013-09-18,721.0154418945312,0.006037356609606137
2013-09-19,725.3684692382812,-0.008137112426949589
2013-09-20,719.466064453125,0.002461457386374155
2013-09-23,721.2369995117188,-0.007979522621581081
2013-09-24,715.4818725585938,0.010079970449875963
2013-09-25,722.6939086914062,-0.008243742703610835
2013-09-26,716.7362060546875,0.0026767422242652827
2013-09-27,718.6547241210938,-0.01042036907236088
2013-09-30,711.1660766601562,0.011022726638799663
2013-10-01,719.0050659179688,0.038762483999606356
2013-10-03,746.87548828125,0.0044450317435722475
2013-10-04,750.1953735351562,0.027611622330478536
2013-10-07,770.9094848632812,-0.013542607422413866
2013-10-08,760.4693603515625,0.014261773919240994
2013-10-09,771.3150024414062,-0.00518935130141307
2013-10-10,767.3123779296875,0.020216445801926053
2013-10-11,782.82470703125,0.04274189524240213
2013-10-14,816.2841186523438,0.001197472797777266
2013-10-15,817.2615966796875,-0.048275976410480204
2013-10-17,777.8074951171875,0.005786513353607026
2013-10-18,782.3082885742188,-0.023106200124690446
2013-10-21,764.2321166992188,0.008544083588294615
2013-10-22,770.7617797851562,-0.013497056301388644
2013-10-23,760.3587646484375,-0.02544719666956663
2013-10-24,741.009765625,0.03145130628339188
2013-10-25,764.3154907226562,-0.0018376456223555548
2013-10-28,762.9109497070312,0.0028344258941515044
2013-10-29,765.0733642578125,0.010701348755584483
2013-10-30,773.2606811523438,0.009608178258555533
2013-10-31,780.6903076171875,-0.006841776491439577
2013-11-01,775.3489990234375,-0.026506460753009553
2013-11-05,754.7972412109375,0.024045173943553433
2013-11-06,772.9464721679688,0.014753132019183601
2013-11-07,784.349853515625,-0.014656533124661308
2013-11-08,772.85400390625,0.0018174222345772595
2013-11-11,774.2586059570312,-0.0035804791519861157
2013-11-12,771.4863891601562,-0.018278749746934997
2013-11-13,757.3845825195312,-0.011127095043762192
2013-11-14,748.9570922851562,0.00878492089382421
2013-11-18,755.53662109375,-0.0068986175621502666
2013-11-19,750.324462890625,-0.003103475091667751
2013-11-20,747.995849609375,-0.018283884246673487
2013-11-21,734.319580078125,0.007172665623369934
2013-11-22,739.5866088867188,0.006197705825521593
2013-11-25,744.1703491210938,-0.009710570124044415
2013-11-26,736.9440307617188,-0.0036367955152897258
2013-11-27,734.263916015625,-0.0009311581372847266
2013-11-28,733.5802001953125,0.009951428482521507
2013-11-29,740.88037109375,0.0047648885570179544
2013-12-02,744.4105834960938,0.003426332458295267
2013-12-03,746.961181640625,-0.010268330046905527
2013-12-04,739.2911376953125,-0.00645008902339772
2013-12-05,734.5226440429688,0.0066176023952631
2013-12-06,739.3834228515625,0.002274712569479087
2013-12-09,741.0653076171875,0.0388559544060616
2013-12-10,769.860107421875,-0.011859303781030173
2013-12-11,760.7301025390625,-0.014164137074706429
2013-12-12,749.9550170898438,-0.013356758132384683
2013-12-13,739.9380493164062,0.008667140416121377
2013-12-16,746.3511962890625,0.012975725490010026
2013-12-17,756.03564453125,0.005109112151494344
2013-12-18,759.8983154296875,0.01250119074641054
2013-12-19,769.39794921875,0.018760864032919322
2013-12-20,783.83251953125,-0.0054234782646613855
2013-12-23,779.5814208984375,0.0007824523971589059
2013-12-24,780.19140625,-0.004926988569511681
2013-12-26,776.347412109375,0.02873367214699485
2013-12-27,798.6547241210938,-0.0021292060723144823
2013-12-30,796.9542236328125,0.007420907449611658
2013-12-31,802.8683471679688,-0.008632303231022487
2014-01-01,795.937744140625,0.006362569210538904
2014-01-02,801.001953125,0.02547278128223196
2014-01-03,821.4057006835938,0.007829818461423832
2014-01-06,827.837158203125,-0.014935542159258741
2014-01-07,815.4729614257812,0.012012087083103085
2014-01-08,825.2684936523438,0.004165458995167404
2014-01-09,828.7061157226562,0.017373274546951478
2014-01-10,843.1034545898438,0.03851569710499381
2014-01-13,875.576171875,-0.017731000234220806
2014-01-14,860.0513305664062,0.011539568894678887
2014-01-15,869.9759521484375,-0.0014021636227989909
2014-01-16,868.756103515625,-0.05839683286847408
2014-01-17,818.0234985351562,0.056550506968962466
2014-01-20,864.2831420898438,-0.02476205676175447
2014-01-21,842.8817138671875,-0.0027408848254866225
2014-01-22,840.5714721679688,-0.009498528273792939
2014-01-23,832.5872802734375,-0.0016647472236497318
2014-01-24,831.2012329101562,-0.006727074639673147
2014-01-27,825.6096801757812,-0.007736795480435155
2014-01-28,819.2221069335938,-0.0011524992111910937
2014-01-29,818.2779541015625,0.0035292890864888626
2014-01-30,821.1658935546875,0.010574787449544765
2014-01-31,829.8495483398438,-0.02079388772864288
2014-02-03,812.59375,-0.019640537269738134
2014-02-04,796.6339721679688,0.020010801367539965
2014-02-05,812.5752563476562,-0.008726805878031318
2014-02-06,805.4840698242188,-0.014182259354760363
2014-02-07,794.0604858398438,-0.023712888513174657
2014-02-10,775.2310180664062,0.003893040010990889
2014-02-11,778.2490234375,0.0017839620191058003
2014-02-12,779.6373901367188,0.01344133856298213
2014-02-13,790.1167602539062,0.01600460646909485
2014-02-14,802.7622680664062,-0.0011529404734035298
2014-02-17,801.8367309570312,0.0002773783000804553
2014-02-18,802.0591430664062,0.014750318032876963
2014-02-19,813.8897705078125,-0.003912778398127648
2014-02-20,810.7052001953125,0.007468194842061626
2014-02-21,816.7597045898438,-0.01260369407951445
2014-02-24,806.4655151367188,0.005050581879495475
2014-02-25,810.5386352539062,-0.003083766288286771
2014-02-26,808.0391235351562,0.04289332515441413
2014-02-28,842.6986083984375,-0.015687082297428767
2014-03-03,829.4791259765625,0.00026776675462714117
2014-03-04,829.7012329101562,0.0050211768946561985
2014-03-05,833.8673095703125,-0.004951441515282928
2014-03-06,829.7384643554688,-0.005466722228617771
2014-03-07,825.2025146484375,-0.038523998089365796
2014-03-10,793.4124145507812,0.00420023618251153
2014-03-11,796.7449340820312,0.012920613804229264
2014-03-12,807.0393676757812,-0.013718929648351086
2014-03-13,795.9676513671875,-0.0046521261111188705
2014-03-14,792.2647094726562,-0.008202710765754517
2014-03-18,785.7659912109375,-0.03892569436515014
2014-03-19,755.1795043945312,0.03373568974871688
2014-03-20,780.656005859375,0.008917014092276965
2014-03-21,787.6171264648438,0.012035892789073133
2014-03-24,797.0968017578125,-0.002763936569738501
2014-03-25,794.8936767578125,-0.024759708153037963
2014-03-26,775.2123413085938,0.0003581585470022741
2014-03-27,775.489990234375,0.0037488111567567373
2014-03-28,778.3971557617188,0.014770577465728518
2014-03-31,789.89453125,0.02041566318683774
2014-04-01,806.020751953125,-0.002044095023385095
2014-04-02,804.3731689453125,-0.002647044317220404
2014-04-03,802.2439575195312,-0.012762358998977819
2014-04-04,792.0054321289062,0.006989864611542718
2014-04-07,797.5414428710938,-0.006221742095439686
2014-04-09,792.579345703125,-0.006657672101909706
2014-04-10,787.3026123046875,0.017849371036856132
2014-04-11,801.35546875,0.040963842391065874
2014-04-15,834.1820678710938,-0.02505853596326224
2014-04-16,813.2786865234375,0.012111514520563915
2014-04-17,823.1287231445312,-0.0005174942186946252
2014-04-21,822.7027587890625,-0.00031515312302055065
2014-04-22,822.4434814453125,-0.0032865515876391305
2014-04-23,819.740478515625,0.0
2014-04-24,819.740478515625,-0.003839507728156888
2014-04-25,816.5930786132812,-0.0063033571638547725
2014-04-28,811.44580078125,0.001323381719430472
2014-04-29,812.5196533203125,-0.0023016270189377686
2014-04-30,810.6495361328125,0.008793163396021653
2014-05-02,817.7777099609375,0.002377211726413586
2014-05-05,819.7217407226562,-0.006685171560679715
2014-05-06,814.2417602539062,-0.015167230524528397
2014-05-07,801.8919677734375,-0.0016156705813080707
2014-05-08,800.5963745117188,-0.0009943606645161918
2014-05-09,799.80029296875,-0.00025473277936205463
2014-05-12,799.5965576171875,0.023895946671104173
2014-05-13,818.7036743164062,0.0023293451792842923
2014-05-14,820.6107177734375,-0.010356130948228182
2014-05-15,812.1123657226562,-0.01477334927443219
2014-05-16,800.11474609375,-0.05741051240819339
2014-05-19,754.1797485351562,0.015465972876905543
2014-05-20,765.8438720703125,0.007083753002370408
2014-05-21,771.2689208984375,0.013971306860222743
2014-05-22,782.0445556640625,0.007552006873009942
2014-05-23,787.9505615234375,0.012265660256695288
2014-05-26,797.6152954101562,-0.010468828399229912
2014-05-27,789.2651977539062,0.008961342773874392
2014-05-28,796.3380737304688,0.004370745208762461
2014-05-29,799.8186645507812,-0.008611342185793625
2014-05-30,792.93115234375,-0.005370405493363872
2014-06-02,788.6727905273438,-0.0005871557077037348
2014-06-03,788.209716796875,-0.018486098992506417
2014-06-04,773.6387939453125,0.0071317455416037845
2014-06-05,779.1561889648438,4.794098558669191e-05
2014-06-06,779.1935424804688,0.014177866786377669
2014-06-09,790.2408447265625,0.020980812533510917
2014-06-10,806.8207397460938,0.022612232997913484
2014-06-11,825.0647583007812,0.013774516545184134
2014-06-12,836.4296264648438,-0.010637648119393495
2014-06-13,827.531982421875,0.02538912741464916
2014-06-16,848.5422973632812,0.004450201355625127
2014-06-17,852.3184814453125,-0.023159557462820057
2014-06-18,832.5791625976562,0.022002236350079585
2014-06-19,850.8977661132812,0.007183503120160584
2014-06-20,857.0101928710938,-0.010273084564022206
2014-06-23,848.2060546875,0.01771827432206985
2014-06-24,863.2348022460938,0.0006497097305644406
2014-06-25,863.795654296875,-0.0012551909820703866
2014-06-26,862.71142578125,0.03982365622557427
2014-06-27,897.0677490234375,0.010772810013745193
2014-06-30,906.731689453125,-0.014286116242632874
2014-07-01,893.7780151367188,0.004538824620267334
2014-07-02,897.834716796875,0.0067866865024386325
2014-07-03,903.9280395507812,-0.003060846159107733
2014-07-04,901.1612548828125,0.03237935048270102
2014-07-07,930.3402709960938,-0.015711526078557636
2014-07-08,915.7232055664062,-0.020943719440287722
2014-07-09,896.5445556640625,-0.019327406262079627
2014-07-10,879.2166748046875,0.01813505313331687
2014-07-11,895.1613159179688,0.01328083392135837
2014-07-14,907.0498046875,-0.01110785578245066
2014-07-15,896.9744262695312,0.0010630082452884881
2014-07-16,897.9279174804688,-0.008285473873734461
2014-07-17,890.4881591796875,0.024874641512216966
2014-07-18,912.6387329101562,0.009237411932970119
2014-07-21,921.0691528320312,0.027863405756501702
2014-07-22,946.7332763671875,0.021225072492414787
2014-07-23,966.8277587890625,0.0034998250687194865
2014-07-24,970.2114868164062,0.004065187694094252
2014-07-25,974.1555786132812,0.011148602822017795
2014-07-28,985.0160522460938,0.0022210238458919562
2014-07-30,987.2037963867188,-0.0057802024403210694
2014-07-31,981.49755859375,-0.02467014193771777
2014-08-01,957.2838745117188,0.0038347020515439034
2014-08-04,960.9547729492188,-0.0009301789100208957
2014-08-05,960.0609130859375,-0.006755845239413638
2014-08-06,953.5748901367188,-0.014700860652928194
2014-08-07,939.5565185546875,0.0036033586220436398
2014-08-08,942.9420776367188,-0.004155370747269571
2014-08-11,939.0238037109375,0.0013572340686356377
2014-08-12,940.2982788085938,0.01144922444056462
2014-08-13,951.06396484375,-0.00012013683277212195
2014-08-14,950.94970703125,-0.00486047819177482
2014-08-18,946.32763671875,-0.01973803699436405
2014-08-19,927.6489868164062,-0.0009427183462478173
2014-08-20,926.7744750976562,-0.0015392241696392528
2014-08-21,925.3479614257812,0.013052522406155065
2014-08-22,937.4260864257812,0.023476199848829316
2014-08-25,959.4332885742188,0.004659224249341065
2014-08-26,963.9035034179688,0.006373936645624134
2014-08-27,970.04736328125,-0.010824339581518072
2014-08-28,959.5472412109375,0.005867928078364448
2014-09-01,965.1777954101562,0.0002951913219821911
2014-09-02,965.4627075195312,0.026991604133507208
2014-09-03,991.5220947265625,-0.008306751981428495
2014-09-04,983.2857666015625,0.005358359702830828
2014-09-05,988.5545654296875,0.0169702326641632
2014-09-08,1005.33056640625,-0.004332435450287719
2014-09-09,1000.9750366210938,-0.011819835091211983
2014-09-10,989.1436767578125,-0.0006918986827824103
2014-09-11,988.4592895507812,0.0035601293912157495
2014-09-12,991.9783325195312,-0.01890654482831733
2014-09-15,973.2234497070312,-0.002911705667622444
2014-09-16,970.3897094726562,0.01581798449134575
2014-09-17,985.7393188476562,0.019720188159354723
2014-09-18,1005.1782836914062,0.027211568804386355
2014-09-19,1032.53076171875,0.0028004991906358523
2014-09-22,1035.42236328125,-0.012345588044582856
2014-09-23,1022.6394653320312,-0.016813742824870914
2014-09-24,1005.445068359375,0.024819810489903338
2014-09-25,1030.4000244140625,-0.009081940998481586
2014-09-26,1021.0419921875,0.03127800567549799
2014-09-29,1052.9781494140625,-0.01132599512844723
2014-09-30,1041.0521240234375,0.0142511419920901
2014-10-01,1055.8883056640625,-0.01594284377844346
2014-10-07,1039.054443359375,-0.017628543642373207
2014-10-08,1020.7374267578125,0.008516026477774608
2014-10-09,1029.4300537109375,-0.010180845908101754
2014-10-10,1018.9495849609375,0.014206021514908906
2014-10-13,1033.4248046875,-0.006386980298177969
2014-10-14,1026.8243408203125,0.0
2014-10-15,1026.8243408203125,-0.007817284047483608
2014-10-16,1018.79736328125,-0.08847682263621759
2014-10-17,928.6574096679688,-0.00731200135549348
2014-10-20,921.8670654296875,0.0041678059993894845
2014-10-21,925.709228515625,0.007582143125586027
2014-10-22,932.7280883789062,0.002161588507439971
2014-10-27,934.7442626953125,0.008729631697339535
2014-10-28,942.9042358398438,0.013118259760807272
2014-10-29,955.2734985351562,0.020809649048657564
2014-10-30,975.1524047851562,0.01940833692549937
2014-10-31,994.0784912109375,-0.0067105127272811815
2014-11-03,987.40771484375,0.0035319632817742974
2014-11-05,990.8952026367188,-0.010251356543559131
2014-11-07,980.7371826171875,-0.0012445546842939637
2014-11-10,979.5166015625,0.004300802572219098
2014-11-11,983.7293090820312,0.0042817644336523575
2014-11-12,987.94140625,-0.0012735357613091747
2014-11-13,986.6832275390625,0.006954241350484169
2014-11-14,993.5448608398438,0.004546130573460649
2014-11-17,998.0616455078125,-0.01239328527549921
2014-11-18,985.6923828125,-0.004679253657555504
2014-11-19,981.080078125,0.01231646154887489
2014-11-20,993.1635131835938,0.006409295580362517
2014-11-21,999.5289916992188,0.013557838491188745
2014-11-24,1013.0804443359375,-0.008165108375491226
2014-11-25,1004.8085327148438,-0.0032997458570643845
2014-11-26,1001.492919921875,0.009896297397805842
2014-11-27,1011.4039916992188,-0.003882482019774147
2014-11-28,1007.4772338867188,0.018899152921935558
2014-12-01,1026.5177001953125,-0.013238068204317832
2014-12-02,1012.9285888671875,-0.008260633308793008
2014-12-03,1004.5611572265625,0.0009863458480696696
2014-12-04,1005.552001953125,-0.02236569378846598
2014-12-05,983.0621337890625,-0.025649722565251665
2014-12-08,957.8468627929688,0.0008156314232965478
2014-12-09,958.6281127929688,-0.00276350118103319
2014-12-10,955.9789428710938,-0.0062801834593764205
2014-12-11,949.9752197265625,-0.016632256932072043
2014-12-12,934.1749877929688,-0.03756082036530217
2014-12-15,899.0866088867188,0.03578311457720584
2014-12-16,931.2587280273438,0.0004302077967888174
2014-12-17,931.6593627929688,0.006791530070772378
2014-12-18,937.9867553710938,0.02025836195074504
2014-12-19,956.9888305664062,0.0011351906222885066
2014-12-22,958.0751953125,0.001313299574239979
2014-12-23,959.3334350585938,-0.014622350736770429
2014-12-24,945.3057250976562,0.010121263136635417
2014-12-26,954.8734130859375,0.007145703392713365
2014-12-29,961.6966552734375,0.002833952699207831
2014-12-30,964.4220581054688,0.011146129086909262
2014-12-31,975.171630859375,-0.004964508200804962
2015-01-01,970.3303833007812,0.013317173539914906
2015-01-02,983.25244140625,-0.015196769530332443
2015-01-05,968.3101806640625,-0.036866473021963
2015-01-06,932.6119995117188,-0.011812434820481665
2015-01-07,921.5955810546875,0.010795777480753888
2015-01-08,931.544921875,0.028029608911607218
2015-01-09,957.65576171875,-0.0010345289986789519
2015-01-12,956.6650390625,-0.004701671557994169
2015-01-13,952.1671142578125,0.009628016270962991
2015-01-14,961.3345947265625,0.006800670403858788
2015-01-15,967.872314453125,-0.0027376113187225215
2015-01-16,965.22265625,-0.00835248910346953
2015-01-19,957.16064453125,-0.004201727827615187
2015-01-20,953.138916015625,0.005339125427728186
2015-01-21,958.2278442382812,-9.930186141626773e-05
2015-01-22,958.1326904296875,-0.003958772958112089
2015-01-23,954.3396606445312,0.0013810524893960174
2015-01-27,955.6576538085938,0.015007509183301737
2015-01-28,969.9996948242188,0.0019880478024976167
2015-01-29,971.9281005859375,-0.024600243530705446
2015-01-30,948.0184326171875,0.012952979249609253
2015-02-02,960.298095703125,0.017520550386550315
2015-02-03,977.123046875,-0.01717957642313317
2015-02-04,960.3364868164062,0.015153596129388047
2015-02-05,974.8890380859375,0.009147988722173928
2015-02-06,983.8073120117188,-0.024400790659345417
2015-02-09,959.8016357421875,-0.028552551001914783
2015-02-10,932.3968505859375,0.0076806104059925495
2015-02-11,939.5582275390625,0.000915048355426995
2015-02-12,940.41796875,0.0311105252609587
2015-02-13,969.6748657226562,0.01813905864694565
2015-02-16,987.2638549804688,0.019672487691287488
2015-02-18,1006.685791015625,0.01722528941634116
2015-02-19,1024.0262451171875,-0.002051360482871023
2015-02-20,1021.9255981445312,0.007886471599952483
2015-02-23,1029.9849853515625,0.003003329012613465
2015-02-24,1033.078369140625,-0.01203412084965838
2015-02-25,1020.6461791992188,-0.005894057306942924
2015-02-26,1014.6304321289062,0.002220985033119849
2015-02-27,1016.8839111328125,0.0026480397555290747
2015-03-02,1019.57666015625,0.039934045083241054
2015-03-03,1060.29248046875,-0.010806804947227189
2015-03-04,1048.8341064453125,-0.018044357056157367
2015-03-05,1029.9085693359375,-0.01841345234704561
2015-03-09,1010.9443969726562,-0.0015485428549227853
2015-03-10,1009.37890625,-0.013679078254341115
2015-03-11,995.571533203125,0.004795038379189487
2015-03-12,1000.3453369140625,-0.014012616980781378
2015-03-13,986.327880859375,-0.007764110832700677
2015-03-16,978.669921875,0.008351789338607363
2015-03-17,986.8435668945312,-0.009424344765374792
2015-03-18,977.543212890625,0.014418083140006699
2015-03-19,991.6375122070312,0.0056617875472186885
2015-03-20,997.251953125,0.002374138991329655
2015-03-23,999.6195678710938,-0.00987698750385202
2015-03-24,989.746337890625,-0.006772506962874458
2015-03-25,983.0432739257812,-0.023564928271947228
2015-03-26,959.8779296875,0.0006770041153101314
2015-03-27,960.5277709960938,0.019623522148385586
2015-03-30,979.376708984375,-0.003977724691869189
2015-03-31,975.4810180664062,-0.0044249003005265575
2015-04-01,971.1646118164062,0.0018290474454392136
2015-04-06,972.94091796875,0.014799822642268756
2015-04-07,987.3402709960938,0.021818142929195927
2015-04-08,1008.8822021484375,0.008764437649331214
2015-04-09,1017.7244873046875,-0.004053039875862363
2015-04-10,1013.599609375,0.0006590667350081514
2015-04-13,1014.2676391601562,-0.010450384982670036
2015-04-15,1003.6681518554688,-0.01710546743850183
2015-04-16,986.4999389648438,-0.04179562780369628
2015-04-17,945.2685546875,-0.018606882551358228
2015-04-20,927.6800537109375,-0.0007206343002978954
2015-04-21,927.0115356445312,0.0074370445341063185
2015-04-22,933.90576171875,0.004968854551224755
2015-04-23,938.5462036132812,0.014568898080598913
2015-04-24,952.2197875976562,0.002868054310545487
2015-04-27,954.9508056640625,-0.0020797762278381704
2015-04-28,952.9647216796875,-0.0030861362829072148
2015-04-29,950.0237426757812,-0.009488545240279422
2015-04-30,941.0093994140625,0.007245857920656018
2015-05-04,947.8278198242188,0.014627530014242218
2015-05-05,961.6921997070312,-0.0217644107635232
2015-05-06,940.7615356445312,0.03337321844569763
2015-05-07,972.1577758789062,-0.007071771784648906
2015-05-08,965.2828979492188,0.011375705452888907
2015-05-11,976.263671875,-0.0129500252077136
2015-05-12,963.6210327148438,-0.0029726436595668426
2015-05-13,960.7565307617188,-0.006420289390119516
2015-05-14,954.5881958007812,0.004761197477770596
2015-05-15,959.1331787109375,0.0036839370265739912
2015-05-18,962.6665649414062,-0.0030554143272055745
2015-05-19,959.7252197265625,0.017650124922587107
2015-05-20,976.6644897460938,-0.0006058742240107051
2015-05-21,976.07275390625,0.024417682968008503
2015-05-22,999.9061889648438,-0.006455683739374218
2015-05-25,993.4511108398438,0.003018608866918626
2015-05-26,996.449951171875,0.0024527993543486115
2015-05-27,998.89404296875,-0.002198659650443524
2015-05-28,996.6978149414062,0.0003069829528012935
2015-05-29,997.0037841796875,0.002853459247709411
2015-06-01,999.8486938476562,-0.006818597613738042
2015-06-02,993.0311279296875,0.004230839157306043
2015-06-03,997.2324829101562,-0.0020106915764251942
2015-06-04,995.2273559570312,-0.002246500556090325
2015-06-05,992.9915771484375,0.000620867414657944
2015-06-08,993.6080932617188,-0.006129941290383023
2015-06-09,987.517333984375,0.015263712983677458
2015-06-10,1002.5905151367188,-0.01132363226780142
2015-06-11,991.237548828125,-0.025473638761914996
2015-06-12,965.9871215820312,-0.00039881888447856895
2015-06-15,965.6018676757812,0.0028747654692626856
2015-06-16,968.3777465820312,0.0007161269946156512
2015-06-17,969.0712280273438,0.006464212377158551
2015-06-18,975.3355102539062,0.007707308751739861
2015-06-19,982.8527221679688,0.016453892393985425
2015-06-22,999.0244750976562,-0.006520704371213659
2015-06-23,992.5101318359375,-0.0016704090931061177
2015-06-24,990.8522338867188,-0.007898178423312419
2015-06-25,983.0263061523438,0.01678471551703753
2015-06-26,999.526123046875,3.822612229087419e-05
2015-06-29,999.5643310546875,-0.016178923654604938
2015-06-30,983.3924560546875,0.01652312681643675
2015-07-01,999.6411743164062,-0.005919421403712932
2015-07-02,993.723876953125,0.010144662804373095
2015-07-03,1003.8048706054688,0.01129102349161104
2015-07-06,1015.1388549804688,-0.006475274973868239
2015-07-07,1008.5655517578125,-0.008083591608934682
2015-07-08,1000.4127197265625,-0.02797606358996607
2015-07-09,972.4251098632812,-0.019087869337423458
2015-07-10,953.8635864257812,0.014225912668468066
2015-07-13,967.4331665039062,-0.0040053184693785715
2015-07-14,963.5582885742188,0.018504030452008546
2015-07-15,981.3880004882812,-0.002180102432598474
2015-07-16,979.2484741210938,0.009526485497045822
2015-07-17,988.5772705078125,0.00791406971108577
2015-07-20,996.4009399414062,-0.00688237506166145
2015-07-21,989.5433349609375,-0.013020242553389405
2015-07-22,976.6592407226562,-0.015605141615658735
2015-07-23,961.4183349609375,0.006650952984780689
2015-07-24,967.8126831054688,-0.003233408231490098
2015-07-27,964.683349609375,0.0020024837124996697
2015-07-28,966.6151123046875,0.0018780677326835082
2015-07-29,968.4304809570312,-0.010412330427784111
2015-07-30,958.3468627929688,0.012134530624514639
2015-07-31,969.9759521484375,-0.0004584042648648756
2015-08-03,969.5313110351562,-0.00027900884625498
2015-08-04,969.2608032226562,0.015245678485178882
2015-08-05,984.037841796875,0.010266475198970726
2015-08-06,994.1404418945312,-0.00825749169772072
2015-08-07,985.9313354492188,0.00785619264284465
2015-08-10,993.677001953125,0.01248003427924771
2015-08-11,1006.078125,0.025919605833294446
2015-08-12,1032.1552734375,-0.01351163561911084
2015-08-13,1018.2091674804688,0.02564862157518788
2015-08-14,1044.3248291015625,-0.0068248107651228684
2015-08-17,1037.197509765625,0.02091383006293479
2015-08-18,1058.8892822265625,-0.0026630019456053144
2015-08-19,1056.0694580078125,-0.017102359281316648
2015-08-20,1038.0081787109375,-0.00398218916445181
2015-08-21,1033.8746337890625,-0.03643278393851068
2015-08-24,996.2077026367188,-0.004460028990556086
2015-08-25,991.7645874023438,0.003739783031288413
2015-08-26,995.4735717773438,-0.0008153360680016597
2015-08-27,994.6619262695312,-0.0014757119317528877
2015-08-28,993.194091796875,-0.0026448929887321615
2015-08-31,990.5671997070312,-0.01039400403698143
2015-09-01,980.271240234375,0.021439515579707136
2015-09-02,1001.2877807617188,0.0053247468972907885
2015-09-03,1006.619384765625,-0.022317603228434457
2015-09-04,984.154052734375,-0.0030229379362183284
2015-09-07,981.1790161132812,0.0002167876769050281
2015-09-08,981.3917236328125,0.0037201658150238792
2015-09-09,985.0426635742188,-0.0017059981452312023
2015-09-10,983.3621826171875,0.002593007711431339
2015-09-11,985.9120483398438,-0.00013737230612687057
2015-09-14,985.776611328125,-0.0056430687357114095
2015-09-15,980.2138061523438,0.00516251019703029
2015-09-16,985.274169921875,0.00035297618767371475
2015-09-18,985.6219482421875,-7.876926735295164e-05
2015-09-21,985.5443115234375,-0.009505573674327139
2015-09-22,976.1761474609375,0.002315541085942119
2015-09-23,978.4365234375,0.018853944280924795
2015-09-24,996.8839111328125,0.0051539997744436405
2015-09-28,1002.0218505859375,-0.0021017686043220962
2015-09-29,999.9158325195312,-7.672764937916021e-05
2015-09-30,999.839111328125,0.02185019513637565
2015-10-01,1021.685791015625,0.025353748364626894
2015-10-05,1047.58935546875,-0.004296625017537026
2015-10-06,1043.0882568359375,-0.017055395923149752
2015-10-07,1025.2979736328125,-0.007592769394282217
2015-10-08,1017.5131225585938,-0.0015749566536009674
2015-10-09,1015.9105834960938,-0.014089247380499215
2015-10-12,1001.59716796875,0.0022946139247326247
2015-10-13,1003.8954467773438,-0.04419758164955934
2015-10-14,959.5256958007812,-0.006421718799387022
2015-10-15,953.3638916015625,0.0017221605701542853
2015-10-16,955.0057373046875,0.006775884215150851
2015-10-19,961.4767456054688,0.015268807170264909
2015-10-20,976.1573486328125,0.001286033543166143
2015-10-21,977.4127197265625,0.005010700059260964
2015-10-23,982.3102416992188,-0.00023635886557937802
2015-10-26,982.0780639648438,-0.0021484283111752323
2015-10-27,979.9681396484375,-0.0007902441224035828
2015-10-28,979.1937255859375,-0.013345043448558247
2015-10-29,966.1263427734375,-6.001637246644265e-05
2015-10-30,966.068359375,0.00887745968174003
2015-11-02,974.6445922851562,0.010367799209660244
2015-11-03,984.74951171875,-0.0037938195141035136
2015-11-04,981.0135498046875,-0.02018755016976992
2015-11-05,961.2092895507812,0.00930497744762615
2015-11-06,970.1533203125,-0.013728474981302252
2015-11-09,956.8345947265625,-0.005341276121917371
2015-11-10,951.723876953125,-0.0247139686131842
2015-11-13,928.2030029296875,-0.00951032761214432
2015-11-16,919.37548828125,0.006717166406161601
2015-11-17,925.5510864257812,-0.01635599145858324
2015-11-18,910.4127807617188,0.004720102025964623
2015-11-19,914.7100219726562,0.015153394607145598
2015-11-20,928.5709838867188,-0.003043571169077941
2015-11-23,925.7448120117188,-0.009660981514106326
2015-11-24,916.8012084960938,-0.009459504711810673
2015-11-26,908.1287231445312,0.0033249363640743823
2015-11-27,911.148193359375,0.008583858311073556
2015-11-30,918.9693603515625,-0.0049080809123353
2015-12-01,914.458984375,0.0013964962847312634
2015-12-02,915.7360229492188,-0.006109207507968728
2015-12-03,910.1416015625,-0.009507462566457625
2015-12-04,901.4884643554688,-0.003693368179674139
2015-12-07,898.158935546875,0.003965631735274533
2015-12-08,901.720703125,0.01659526545385237
2015-12-09,916.6849975585938,0.0071377079395673615
2015-12-10,923.22802734375,0.000607953051956045
2015-12-11,923.789306640625,-0.0031642450092379537
2015-12-14,920.8662109375,-0.001092827214526082
2015-12-15,919.85986328125,0.013700167155641596
2015-12-16,932.4620971679688,0.013017020696962867
2015-12-17,944.5999755859375,-0.009406689934032153
2015-12-18,935.7144165039062,0.012247415243029636
2015-12-21,947.1744995117188,-0.016902012545407907
2015-12-22,931.1653442382812,0.008627567011551207
2015-12-23,939.1990356445312,0.003483465544897646
2015-12-24,942.470703125,0.011687251966137957
2015-12-28,953.485595703125,-0.002801834449415508
2015-12-29,950.8140869140625,-0.015270117648206738
2015-12-30,936.2950439453125,0.007670861859037759
2015-12-31,943.4772338867188,-0.008392132168270172
2016-01-01,935.5594482421875,-0.019367759018896313
2016-01-04,917.4397583007812,-0.008714396787031453
2016-01-05,909.44482421875,0.01389974620720169
2016-01-06,922.0858764648438,-0.004345735267786699
2016-01-07,918.0787353515625,0.011112564837643779
2016-01-08,928.2809448242188,-0.014702325044685827
2016-01-11,914.633056640625,-0.014943063050654515
2016-01-12,900.9656372070312,-0.02056238352662665
2016-01-13,882.4396362304688,-0.00017561344182215333
2016-01-14,882.28466796875,-0.0077671577973335015
2016-01-15,875.4318237304688,0.007319350975993677
2016-01-18,881.8394165039062,0.0007245957016919213
2016-01-19,882.4783935546875,0.0003511422948645482
2016-01-20,882.7882690429688,-0.008836871421318726
2016-01-21,874.9871826171875,0.018296933758097822
2016-01-22,890.9967651367188,0.0038766027694991934
2016-01-25,894.4508056640625,0.006551899249673143
2016-01-27,900.3111572265625,0.004935834222895785
2016-01-28,904.7549438476562,0.025780474995623415
2016-01-29,928.0799560546875,0.0047675004218823425
2016-02-01,932.5045776367188,-0.0019144327309155162
2016-02-02,930.7193603515625,0.007589659218831812
2016-02-03,937.783203125,0.0015518098699351945
2016-02-04,939.2384643554688,0.0007847427196039369
2016-02-05,939.9755249023438,-0.02436041444989112
2016-02-08,917.0773315429688,-0.034511904678712235
2016-02-09,885.42724609375,-0.00552298088350045
2016-02-10,880.5370483398438,-0.03122795973221626
2016-02-11,853.0396728515625,0.01303494325568555
2016-02-12,864.1589965820312,0.01910995332022769
2016-02-15,880.6730346679688,-0.0015866022655707246
2016-02-16,879.2757568359375,0.004413630547268621
2016-02-17,883.1565551757812,0.017710326803637155
2016-02-18,898.7975463867188,0.0016405110479162932
2016-02-19,900.2720336914062,-0.0016162649405354612
2016-02-22,898.8169555664062,-0.02241010029935042
2016-02-23,878.6743774414062,-0.023432293005633875
2016-02-24,858.0850219726562,0.0008593154568310446
2016-02-25,858.8223876953125,-0.0010619044376973807
2016-02-26,857.910400390625,-0.015245371301829458
2016-02-29,844.8312377929688,0.04587018299394252
2016-03-01,883.5838012695312,0.0185359348307208
2016-03-02,899.9618530273438,0.023416452045527336
2016-03-03,921.0357666015625,-0.006573317208131035
2016-03-04,914.9815063476562,-0.0013784885215232245
2016-03-08,913.72021484375,0.0012532069968509418
2016-03-09,914.8652954101562,-0.0037969456979990435
2016-03-10,911.3916015625,0.0072181400781128335
2016-03-11,917.9701538085938,-0.004333836457563911
2016-03-14,913.9918212890625,-0.010658276060608873
2016-03-15,904.250244140625,-0.0012232002244175755
2016-03-16,903.1441650390625,0.010743378742638532
2016-03-17,912.8469848632812,0.0313773290269479
2016-03-18,941.4896850585938,0.008409265076156691
2016-03-21,949.4069213867188,0.01097609058080895
2016-03-22,959.8276977539062,0.0002826562206592609
2016-03-23,960.0989990234375,-0.00016153577098720895
2016-03-28,959.9439086914062,-0.0016173354041567611
2016-03-29,958.391357421875,0.008139707573751709
2016-03-30,966.1923828125,0.012371940132264614
2016-03-31,978.1460571289062,-0.02634590347090293
2016-04-01,952.3759155273438,0.007070298012776144
2016-04-04,959.1094970703125,-0.0034394697738647784
2016-04-05,955.8106689453125,0.007775414077213938
2016-04-06,963.2424926757812,-0.004472060000893396
2016-04-07,958.934814453125,-0.015682900618336437
2016-04-08,943.8959350585938,0.030673418088870363
2016-04-11,972.8484497070312,0.00458757239799934
2016-04-12,977.3114624023438,0.0031969231597441805
2016-04-13,980.4358520507812,-0.0025528745019519627
2016-04-18,977.9329223632812,-0.027542599126363476
2016-04-20,950.9981079101562,-0.01059067964995919
2016-04-21,940.9263916015625,-0.0030314336833259237
2016-04-22,938.0740356445312,0.014149083845470978
2016-04-25,951.346923828125,0.015726764350605826
2016-04-26,966.3085327148438,0.008554699883444927
2016-04-27,974.5750122070312,0.006631308456078511
2016-04-28,981.0377197265625,0.0030657632566559734
2016-04-29,984.0453491210938,-0.0034708423871362415
2016-05-02,980.6298828125,-0.019234575493071393
2016-05-03,961.7678833007812,-4.029800213933843e-05
2016-05-04,961.7291259765625,-0.003107577154744856
2016-05-05,958.740478515625,0.001255219950287767
2016-05-06,959.9439086914062,0.015828230930597043
2016-05-09,975.1381225585938,0.004119571151998347
2016-05-10,979.1552734375,-0.0018236581875121782
2016-05-11,977.36962890625,0.019020841774273656
2016-05-12,995.9600219726562,-0.016678403332212044
2016-05-13,979.3489990234375,0.010997058767439505
2016-05-16,990.1189575195312,0.007467401433438825
2016-05-17,997.5125732421875,-0.007431571427120365
2016-05-18,990.0994873046875,0.002293458366801726
2016-05-19,992.3702392578125,-0.010813645665900373
2016-05-20,981.6390991210938,-0.014965017790330548
2016-05-23,966.9488525390625,-0.009532339928887468
2016-05-24,957.7315673828125,0.023807514832577148
2016-05-25,980.5327758789062,0.0088071315562126
2016-05-26,989.16845703125,0.009396517553164951
2016-05-27,998.4631958007812,0.024780208793775627
2016-05-30,1023.205322265625,-0.025413506260604457
2016-05-31,997.2020874023438,0.024966766451471
2016-06-01,1022.0989990234375,0.006303329676754066
2016-06-02,1028.5416259765625,-0.007773255827063785
2016-06-03,1020.5465087890625,0.003823300001662533
2016-06-06,1024.4483642578125,0.007138821972238585
2016-06-07,1031.76171875,-0.0068601139207439266
2016-06-08,1024.6837158203125,-0.013719339130107477
2016-06-09,1010.625732421875,-0.008342205128465285
2016-06-10,1002.1948852539062,-0.0034237596544839377
2016-06-13,998.7636108398438,-0.004770363357576524
2016-06-14,993.9991455078125,0.008679280364187303
2016-06-15,1002.6263427734375,0.0005672358302140079
2016-06-16,1003.195068359375,0.017315829526121096
2016-06-17,1020.5662231445312,0.021785774582160577
2016-06-20,1042.800048828125,-0.0030454364224176134
2016-06-21,1039.624267578125,0.006204234975404566
2016-06-22,1046.0743408203125,-0.00835912167433095
2016-06-23,1037.330078125,-0.026991137008508526
2016-06-24,1009.3313598632812,-0.030341990042260125
2016-06-27,978.7062377929688,-0.012781255248244694
2016-06-28,966.1971435546875,0.015807533132611074
2016-06-29,981.4703369140625,0.020057137846609674
2016-06-30,1001.1558227539062,-0.020465176449802835
2016-07-01,980.6669921875,-0.00265938510440622
2016-07-04,978.0590209960938,-0.003568281831111464
2016-07-05,974.5690307617188,-0.02233127260591139
2016-07-07,952.8056640625,-0.0013172958562961412
2016-07-08,951.550537109375,0.015474589043222187
2016-07-11,966.275390625,0.0003244174130287991
2016-07-12,966.5888671875,0.011420638985963683
2016-07-13,977.6279296875,0.011551085265974814
2016-07-14,988.9205932617188,-0.030353387368287854
2016-07-15,958.9035034179688,-0.00486662730913856
2016-07-18,954.2368774414062,0.013458429034213903
2016-07-19,967.0794067382812,0.011657956775131817
2016-07-20,978.3535766601562,0.0044487781628008705
2016-07-21,982.7060546875,0.003610846663639089
2016-07-22,986.2544555664062,0.0200709298027395
2016-07-25,1006.0494995117188,-0.0024813877716681754
2016-07-26,1003.5531005859375,0.009774656867986176
2016-07-27,1013.3624877929688,0.016178047117102468
2016-07-28,1029.7567138671875,1.9085401481655495e-05
2016-07-29,1029.7763671875,0.03395915659782767
2016-08-01,1064.7467041015625,-0.0033416242423964793
2016-08-02,1061.188720703125,-0.015893465947979468
2016-08-03,1044.32275390625,-0.0016186851058994645
2016-08-04,1042.63232421875,-0.0010936346040459899
2016-08-05,1041.4920654296875,0.00015131442539839668
2016-08-08,1041.649658203125,0.0002641449379916505
2016-08-09,1041.9248046875,0.009508698313199337
2016-08-10,1051.8321533203125,0.012894979916113103
2016-08-11,1065.3955078125,0.010535626715797441
2016-08-12,1076.6201171875,-0.017071723302181763
2016-08-16,1058.2403564453125,-0.024946981262771617
2016-08-17,1031.8404541015625,0.005334067130360998
2016-08-18,1037.3443603515625,-0.013283831052874673
2016-08-19,1023.564453125,-0.021048259757854515
2016-08-22,1002.0202026367188,0.020539560612992558
2016-08-23,1022.6012573242188,-0.011149257871069351
2016-08-24,1011.2000122070312,-0.008164840309953791
2016-08-25,1002.9437255859375,-0.01023117373600535
2016-08-26,992.6824340820312,-0.009663486637970786
2016-08-29,983.0896606445312,0.01743652006920504
2016-08-30,1000.2313232421875,-0.012912174246802022
2016-08-31,987.316162109375,-0.0015132118889814583
2016-09-01,985.8221435546875,0.0029112087822280586
2016-09-02,988.6920776367188,-0.012227562764021482
2016-09-06,976.602783203125,-0.017511652644328413
2016-09-07,959.5008544921875,-0.04853432424568693
2016-09-08,912.93212890625,0.01306998237671042
2016-09-09,924.8641357421875,0.0028056538604237513
2016-09-12,927.458984375,-0.01297095558892214
2016-09-14,915.428955078125,-0.0006443359112993097
2016-09-15,914.839111328125,0.014933492670890391
2016-09-16,928.5008544921875,0.02106535929065978
2016-09-19,948.06005859375,-0.002052466822927368
2016-09-20,946.1141967773438,0.0028669513554975268
2016-09-21,948.82666015625,-0.014667581310592759
2016-09-22,934.90966796875,0.00845226002052546
2016-09-23,942.811767578125,0.00125085550437265
2016-09-26,943.9910888671875,0.014576483785767147
2016-09-27,957.7511596679688,-0.005356748542789447
2016-09-28,952.6207275390625,0.006087108843062294
2016-09-29,958.41943359375,-0.0028710268727555333
2016-09-30,955.6677856445312,-0.007857750911837935
2016-10-03,948.1583862304688,-0.0027157394895931386
2016-10-04,945.5834350585938,-0.007816780818049374
2016-10-05,938.1920166015625,0.0010058981202547557
2016-10-06,939.1357421875,-0.008770374606805853
2016-10-07,930.899169921875,0.005279096597580413
2016-10-10,935.8134765625,-0.021593989917278233
2016-10-13,915.6055297851562,0.01601649885766432
2016-10-14,930.2703247070312,-0.0015852719431601603
2016-10-17,928.7955932617188,0.01597941880560705
2016-10-18,943.63720703125,-0.0021248271083723624
2016-10-19,941.6321411132812,0.002525975840470318
2016-10-20,944.0106811523438,0.011452690756789119
2016-10-21,954.8221435546875,0.002291577893512642
2016-10-24,957.0101928710938,-0.012048288052256217
2016-10-25,945.4798583984375,-0.0009174512105359911
2016-10-26,944.6124267578125,0.00911838764891093
2016-10-27,953.2257690429688,-0.008022653342682595
2016-10-28,945.578369140625,-0.02030272219409368
2016-11-01,926.3805541992188,-0.019553138695355354
2016-11-02,908.2669067382812,0.006683670400835506
2016-11-03,914.3374633789062,0.004786020230960197
2016-11-04,918.7135009765625,-0.022956176112970073
2016-11-07,897.6233520507812,0.002700613007942554
2016-11-08,900.0474853515625,-0.04964480091314627
2016-11-09,855.3648071289062,-0.0066365797727848674
2016-11-10,849.6881103515625,-0.025192277439806232
2016-11-11,828.2825317382812,0.009590009447642656
2016-11-15,836.2257690429688,0.03219757088731745
2016-11-16,863.1502075195312,-0.023931375895365314
2016-11-17,842.4938354492188,-0.005661640786242872
2016-11-18,837.7239379882812,0.0036703834365650057
2016-11-21,840.7987060546875,0.0009846362196008762
2016-11-22,841.6265869140625,0.010000137788894303
2016-11-23,850.04296875,0.0148860093239771
2016-11-24,862.6967163085938,0.05113226058113596
2016-11-25,906.808349609375,-0.0077162857905164195
2016-11-28,899.8111572265625,-0.009966690873315587
2016-11-29,890.843017578125,0.007168886563678312
2016-11-30,897.2293701171875,-0.005535976842773516
2016-12-01,892.2623291015625,-0.018379382858787707
2016-12-02,875.8630981445312,-0.01613517246973395
2016-12-05,861.7308959960938,-0.0016693582698963372
2016-12-06,860.2923583984375,-0.012738887395060572
2016-12-07,849.3331909179688,0.019122236215436406
2016-12-08,865.5743408203125,-0.0002276193679543459
2016-12-09,865.3773193359375,0.0058992088073486215
2016-12-12,870.4823608398438,-0.003577693228213774
2016-12-13,867.3680419921875,0.0033177214372177577
2016-12-14,870.2457275390625,0.023419239553977178
2016-12-15,890.626220703125,0.01033468978249763
2016-12-16,899.83056640625,0.002738281349624838
2016-12-19,902.2945556640625,0.022019395808510644
2016-12-20,922.1625366210938,-0.01098617876799679
2016-12-21,912.031494140625,-0.0025502712892241375
2016-12-22,909.70556640625,-0.008493140648507813
2016-12-23,901.9793090820312,0.0021852711210677
2016-12-26,903.9503784179688,0.013213351255067174
2016-12-27,915.8945922851562,-0.004304340052393663
2016-12-28,911.9522705078125,0.016555983344561653
2016-12-29,927.050537109375,0.005889538578304654
2016-12-30,932.5104370117188,-0.001775792268368992
2017-01-02,930.8544921875,0.0029223427525322254
2017-01-03,933.5747680664062,0.004750227335296842
2017-01-04,938.0094604492188,-0.01895376256145176
2017-01-05,920.2306518554688,-0.022703897358231417
2017-01-06,899.3378295898438,0.009774715568658054
2017-01-09,908.1286010742188,0.005057135400693857
2017-01-10,912.7211303710938,0.003908647191461556
2017-01-11,916.2886352539062,0.008583196119653413
2017-01-12,924.1533203125,-0.04054452819462073
2017-01-13,886.6839599609375,0.004112633824427281
2017-01-16,890.33056640625,0.008943814758936242
2017-01-17,898.2935180664062,0.0071751308514727
2017-01-18,904.7388916015625,-0.0017867211504744018
2017-01-19,903.1223754882812,-0.0024662836593180026
2017-01-20,900.89501953125,0.012221461621553686
2017-01-23,911.9052734375,0.005050313721164601
2017-01-24,916.5106811523438,0.014946013651603973
2017-01-25,930.2088623046875,0.002039888082720376
2017-01-27,932.1063842773438,-0.010560627086916963
2017-01-30,922.2627563476562,-0.04419400393888884
2017-01-31,881.5042724609375,-0.027760579387347106
2017-02-01,857.033203125,0.01833561796805383
2017-02-02,872.7474365234375,0.011279316018203644
2017-02-03,882.5914306640625,0.0036728638767258293
2017-02-06,885.8330688476562,0.0017183325112246628
2017-02-07,887.355224609375,0.01173882073082444
2017-02-08,897.771728515625,0.02041030132927313
2017-02-09,916.0955200195312,0.03480360088529055
2017-02-10,947.9789428710938,0.006797329871507163
2017-02-13,954.4226684570312,-0.0033135598363421837
2017-02-14,951.2601318359375,0.0030962219496317722
2017-02-15,954.2054443359375,0.014106511688658285
2017-02-16,967.6659545898438,-0.016279810087384217
2017-02-17,951.9125366210938,0.03916271563435436
2017-02-20,989.1920166015625,-0.014727287513322973
2017-02-21,974.6239013671875,-0.021842547687478064
2017-02-22,953.3356323242188,0.029152048942053144
2017-02-23,981.1273193359375,0.0032434016245312947
2017-02-27,984.3095092773438,-0.009478061133407545
2017-02-28,974.9801635742188,0.005392550116360306
2017-03-01,980.23779296875,0.008832384321605602
2017-03-02,988.8956298828125,-0.0029585115873493883
2017-03-03,985.969970703125,-0.008640451867051757
2017-03-06,977.4507446289062,0.01104133221826431
2017-03-07,988.2431030273438,0.004960356980182379
2017-03-08,993.1451416015625,0.0030054653204429904
2017-03-09,996.1300048828125,0.008929148044489077
2017-03-10,1005.0245971679688,0.009932211338256947
2017-03-14,1015.0067138671875,-0.02695210485710353
2017-03-15,987.650146484375,0.009045981685438909
2017-03-16,996.5844116210938,0.0019239909948769451
2017-03-17,998.5018310546875,-0.01811350183202931
2017-03-20,980.4154663085938,0.002701591041395668
2017-03-21,983.0641479492188,-0.003116439221550138
2017-03-22,980.00048828125,-0.007503272230113933
2017-03-23,972.6472778320312,-0.013473706114131456
2017-03-24,959.5421142578125,-0.006241660113917913
2017-03-27,953.552978515625,0.0074209121774981845
2017-03-28,960.6292114257812,0.006029309835110297
2017-03-29,966.421142578125,-0.0014726682920458423
2017-03-30,964.9979248046875,-0.0037690713136299125
2017-03-31,961.3607788085938,-0.008265731526414188
2017-04-03,953.4144287109375,-0.004333020800164289
2017-04-05,949.2832641601562,-0.0004995802432923302
2017-04-06,948.8090209960938,0.012083147773341185
2017-04-07,960.2736206054688,-0.002799507764605913
2017-04-10,957.5853271484375,-0.0012182360238122136
2017-04-11,956.4187622070312,-0.010767094885023698
2017-04-12,946.1209106445312,-0.026992993143453936
2017-04-13,920.582275390625,-0.005925814933812057
2017-04-17,915.1270751953125,-0.0026136760324947383
2017-04-18,912.7352294921875,-0.004179880855307072
2017-04-19,908.9201049804688,0.01146104617544208
2017-04-20,919.3372802734375,-0.006321094973969044
2017-04-21,913.5260620117188,0.007486765570419163
2017-04-24,920.3654174804688,-0.007130452693754896
2017-04-25,913.8027954101562,-0.0004974704017467468
2017-04-26,913.3482055664062,-0.0033331335244147775
2017-04-27,910.3038940429688,-0.012811360603453559
2017-04-28,898.6416625976562,0.007368570117727957
2017-05-02,905.2633666992188,0.020699596509804685
2017-05-03,924.001953125,-0.0030800229977868687
2017-05-04,921.156005859375,-0.004120003551498774
2017-05-05,917.36083984375,0.009458923595679014
2017-05-08,926.0380859375,0.00431130393150414
2017-05-09,930.030517578125,-0.008543591453258448
2017-05-10,922.084716796875,0.007288662351440767
2017-05-11,928.8054809570312,0.004766996314583993
2017-05-12,933.2330932617188,0.0018850116719384413
2017-05-15,934.9922485351562,0.027081294867331573
2017-05-16,960.3130493164062,0.01078578184286294
2017-05-17,970.6707763671875,0.032928474100306415
2017-05-18,1002.6334838867188,-0.011455001894120742
2017-05-19,991.1483154296875,0.009652949749165085
2017-05-22,1000.7158203125,-0.0038122125470732016
2017-05-23,996.90087890625,0.014850895328442304
2017-05-24,1011.7057495117188,0.025575316574712348
2017-05-25,1037.5804443359375,-0.01765999883056879
2017-05-26,1019.2567749023438,-0.002094253942767077
2017-05-29,1017.1221923828125,-0.008453703764822684
2017-05-30,1008.5237426757812,-0.00176389567125379
2017-05-31,1006.7448120117188,0.002748369502647119
2017-06-01,1009.51171875,0.004425012575695941
2017-06-02,1013.9788208007812,0.01522485755005909
2017-06-05,1029.41650390625,0.035349900035337445
2017-06-06,1065.8062744140625,-0.029951489419699828
2017-06-07,1033.8837890625,-0.03580923059194463
2017-06-08,996.8612060546875,-0.005790085506424125
2017-06-09,991.0892944335938,-0.007897828840694565
2017-06-12,983.2618408203125,-0.003313270549869074
2017-06-13,980.0040283203125,0.007607689551060837
2017-06-14,987.4595947265625,-0.023885038314339635
2017-06-15,963.8740844726562,-0.004769342772559915
2017-06-16,959.2770385742188,0.013335161526252692
2017-06-19,972.0691528320312,0.005469164652032399
2017-06-20,977.3855590820312,-0.01582834717114978
2017-06-21,961.9151611328125,-0.004758243296422604
2017-06-22,957.338134765625,-0.013841989953731648
2017-06-23,944.086669921875,-0.007981941458694242
2017-06-27,936.551025390625,0.003073553881233426
2017-06-28,939.4295654296875,-0.007148697985799313
2017-06-29,932.7138671875,0.01247174376687643
2017-06-30,944.346435546875,0.004762356571527349
2017-07-03,948.84375,-0.0028440376650857857
2017-07-04,946.1452026367188,-0.004584030221828739
2017-07-05,941.8080444335938,-0.00358644906676564
2017-07-06,938.4302978515625,-0.00664542385739364
2017-07-07,932.1940307617188,0.04416912464274536
2017-07-10,973.3682250976562,0.01677668799789811
2017-07-11,989.6981201171875,-0.014682384086944555
2017-07-12,975.1669921875,0.00284857060739796
2017-07-13,977.94482421875,-0.020008116011785315
2017-07-14,958.3779907226562,-0.0008346672873917882
2017-07-17,957.5780639648438,0.005385124659959883
2017-07-18,962.7347412109375,0.017128089828944093
2017-07-19,979.2245483398438,-0.002000359644631189
2017-07-20,977.2657470703125,0.019020552824397408
2017-07-21,995.8538818359375,0.01871835558440238
2017-07-24,1014.49462890625,0.01612203004786572
2017-07-25,1030.850341796875,-0.0060275490288258515
2017-07-26,1024.6368408203125,-0.029068749944155425
2017-07-27,994.8519287109375,0.0010473228450125216
2017-07-28,995.8938598632812,0.003019355906286325
2017-07-31,998.9008178710938,0.003952709004911403
2017-08-01,1002.8491821289062,-0.011132527008466675
2017-08-02,991.6849365234375,0.006326285102825846
2017-08-03,997.9586181640625,0.013396426812204654
2017-08-04,1011.3276977539062,-0.007669651270251432
2017-08-07,1003.5711669921875,-0.00015989043035402606
2017-08-08,1003.4107055664062,0.003575390843765902
2017-08-09,1006.998291015625,-0.00021910870337349397
2017-08-10,1006.7776489257812,-0.006131417040693088
2017-08-11,1000.6046752929688,-0.01067707655045258
2017-08-14,989.921142578125,0.009293620245260037
2017-08-16,999.12109375,-0.0026879092952790673
2017-08-17,996.435546875,0.011324729259567734
2017-08-18,1007.7199096679688,0.005967117981951153
2017-08-21,1013.7330932617188,-0.01235775561001462
2017-08-22,1001.2056274414062,-0.003243099307823072
2017-08-23,997.9586181640625,0.002872073937066677
2017-08-24,1000.8248291015625,-0.0037253817865318117
2017-08-28,997.0963745117188,-0.006613012747524238
2017-08-29,990.5025634765625,0.005544294771250957
2017-08-30,995.9942016601562,0.004749126582442198
2017-08-31,1000.7243041992188,-0.015982991323362117
2017-09-01,984.729736328125,-0.00010189780319735942
2017-09-04,984.62939453125,0.011461323735284745
2017-09-05,995.91455078125,-0.01253926564239738
2017-09-06,983.426513671875,0.002813040342691364
2017-09-07,986.1929321289062,0.0042679117218109575
2017-09-08,990.4019165039062,-0.0065367391919944895
2017-09-11,983.9279174804688,0.013852583716252642
2017-09-12,997.557861328125,0.000301334044053414
2017-09-13,997.8584594726562,-0.0009040968044786712
2017-09-14,996.956298828125,0.00768005303250896
2017-09-15,1004.6129760742188,-0.002793145559798371
2017-09-18,1001.8069458007812,-0.00031985660676003835
2017-09-19,1001.4865112304688,-0.0018814805018541048
2017-09-20,999.6022338867188,0.012572139442916797
2017-09-21,1012.1693725585938,-0.00843579383048687
2017-09-22,1003.6309204101562,0.0028560240469648335
2017-09-25,1006.497314453125,-0.01437819897235082
2017-09-26,992.0256958007812,0.00822347443594551
2017-09-27,1000.18359375,-0.007434731221221069
2017-09-28,992.7474975585938,-0.01635481942247774
2017-09-29,976.5112915039062,0.0051322691233621764
2017-10-03,981.5230102539062,-0.0025117414523091464
2017-10-04,979.0576782226562,-0.005200213130438391
2017-10-05,973.9663696289062,0.007017593333277006
2017-10-06,980.80126953125,0.0030445974248773933
2017-10-09,983.7874145507812,0.0020988470734608633
2017-10-10,985.8522338867188,0.016712271384900168
2017-10-11,1002.3280639648438,0.01913751451317891
2017-10-12,1021.5101318359375,0.004081159043432425
2017-10-13,1025.6790771484375,0.010083949003393489
2017-10-16,1036.02197265625,0.003927022353475085
2017-10-17,1040.0904541015625,-0.00306416783865493
2017-10-18,1036.9034423828125,-0.0010436394326416298
2017-10-19,1035.8212890625,0.0015478263492982869
2017-10-23,1037.424560546875,-0.0036706123445063854
2017-10-24,1033.6165771484375,-0.004472099834340826
2017-10-25,1028.994140625,-0.008223125397412878
2017-10-26,1020.5325927734375,0.017902077258171945
2017-10-27,1038.80224609375,0.012343317193639125
2017-10-30,1051.62451171875,0.0029816917371607854
2017-10-31,1054.7601318359375,-0.00806044028217967
2017-11-01,1046.25830078125,0.008951518548473203
2017-11-02,1055.6239013671875,-0.0023036260283260113
2017-11-03,1053.192138671875,0.017346701051838442
2017-11-06,1071.4615478515625,0.016694554534462558
2017-11-07,1089.34912109375,0.009206575385692473
2017-11-08,1099.3782958984375,0.0005116528151398736
2017-11-09,1099.9407958984375,-0.010104525556517974
2017-11-10,1088.826416015625,0.01853253249617204
2017-11-13,1109.005126953125,-0.016075011805212314
2017-11-14,1091.1778564453125,-0.0034255781649009664
2017-11-15,1087.43994140625,0.015284496225321353
2017-11-16,1104.0609130859375,-0.014326659603047909
2017-11-17,1088.243408203125,-0.0014218907916979662
2017-11-20,1086.696044921875,-0.011281687903705762
2017-11-21,1074.436279296875,0.002880893891714198
2017-11-22,1077.5316162109375,0.00022340194257730595
2017-11-23,1077.7723388671875,0.002536495463699495
2017-11-24,1080.506103515625,-0.0008186177583792142
2017-11-27,1079.62158203125,-0.00020487864445417614
2017-11-28,1079.400390625,-0.010110209299506234
2017-11-29,1068.4874267578125,-0.007956884509614848
2017-11-30,1059.985595703125,-0.002673836821098452
2017-12-01,1057.1513671875,0.000912567215662019
2017-12-04,1058.1160888671875,0.0012160699356156268
2017-12-05,1059.40283203125,-0.0008540520460146306
2017-12-06,1058.498046875,-0.006094992905262608
2017-12-07,1052.0465087890625,-0.006017962803849697
2017-12-08,1045.71533203125,0.022910406817253204
2017-12-11,1069.673095703125,-0.018394656844497148
2017-12-12,1049.996826171875,0.0062208381861272866
2017-12-13,1056.5286865234375,-0.026860632070195067
2017-12-14,1028.149658203125,-0.004769310006575211
2017-12-15,1023.24609375,0.01370962508255369
2017-12-18,1037.2744140625,-0.0020152160343598347
2017-12-19,1035.18408203125,0.0053002112679045865
2017-12-20,1040.6707763671875,0.0026073365062886378
2017-12-21,1043.3841552734375,0.019667026347067074
2017-12-22,1063.9044189453125,0.0010205949052866092
2017-12-26,1064.990234375,-0.011153775617807504
2017-12-27,1053.111572265625,0.002691173964801674
2017-12-28,1055.9456787109375,0.028264661589467277
2017-12-29,1085.7916259765625,-0.02058347541064698
2018-01-01,1063.4422607421875,-0.005442668662751893
2018-01-02,1057.654296875,0.0028312718482639276
2018-01-03,1060.6488037109375,0.00699196152303494
2018-01-04,1068.0648193359375,0.01208091307624004
2018-01-05,1080.968017578125,0.009370782887968554
2018-01-08,1091.0975341796875,-0.001988863394273954
2018-01-09,1088.927490234375,0.036027489060583395
2018-01-10,1128.1588134765625,-0.005736497034098176
2018-01-11,1121.6871337890625,-0.005070813455552381
2018-01-12,1115.999267578125,-0.010895657597361552
2018-01-15,1103.8397216796875,0.03814532346971111
2018-01-16,1145.946044921875,0.013364239384123122
2018-01-17,1161.2607421875,0.0101252511287655
2018-01-18,1173.018798828125,0.014083545539405717
2018-01-19,1189.5390625,0.055583935643401805
2018-01-22,1255.6583251953125,-0.0046203936419447755
2018-01-23,1249.856689453125,0.023403855090417647
2018-01-24,1279.108154296875,-0.01686813722711389
2018-01-25,1257.531982421875,0.02492753139238535
2018-01-29,1288.879150390625,-0.014380170361352529
2018-01-30,1270.3448486328125,-0.01284551775232512
2018-01-31,1254.026611328125,0.008434061917343305
2018-02-01,1264.6031494140625,0.004795441998936445
2018-02-02,1270.66748046875,-0.015997701288116395
2018-02-05,1250.3397216796875,-0.03414228340090775
2018-02-06,1207.6502685546875,-0.014079349071688618
2018-02-07,1190.6473388671875,0.006480357416194238
2018-02-08,1198.3631591796875,-0.0008407871617688301
2018-02-09,1197.3555908203125,-0.0014803129087873623
2018-02-12,1195.5831298828125,-0.018703792248017326
2018-02-14,1173.22119140625,0.004825290281122996
2018-02-15,1178.88232421875,0.0024605991423782836
2018-02-16,1181.7830810546875,-0.0032221322078216375
2018-02-19,1177.9752197265625,0.007234320759239354
2018-02-20,1186.4970703125,0.03312655919102725
2018-02-21,1225.8016357421875,0.002596953305130434
2018-02-22,1228.9849853515625,0.008392759324363785
2018-02-23,1239.299560546875,-0.014337479962751476
2018-02-26,1221.5311279296875,0.003513117052703185
2018-02-27,1225.822509765625,-0.0023997359872167667
2018-02-28,1222.880859375,0.0008729426702762666
2018-03-01,1223.9483642578125,0.022434856932844083
2018-03-05,1251.407470703125,-0.020300286884006535
2018-03-06,1226.0035400390625,-0.005044894563316582
2018-03-07,1219.8184814453125,-0.007762425429708952
2018-03-08,1210.3497314453125,0.010037230772799388
2018-03-09,1222.498291015625,0.0059486519124973825
2018-03-12,1229.7705078125,-0.05417478966238776
2018-03-13,1163.14794921875,3.494775887258328e-05
2018-03-14,1163.1885986328125,-0.00595812229420134
2018-03-15,1156.2581787109375,-0.015332767388575252
2018-03-16,1138.529541015625,0.0018758777094134427
2018-03-19,1140.665283203125,0.011956448455908486
2018-03-20,1154.3035888671875,-0.0028271832175257305
2018-03-21,1151.0401611328125,-0.00889120224033102
2018-03-22,1140.8060302734375,-0.004662038334455221
2018-03-23,1135.487548828125,-0.00040808805585601515
2018-03-26,1135.024169921875,0.010898011834222787
2018-03-27,1147.3936767578125,0.0005092851719286084
2018-03-28,1147.97802734375,0.021234579821263422
2018-04-02,1172.3548583984375,0.0005495666305808111
2018-04-03,1172.9991455078125,-0.00011998906465660042
2018-04-04,1172.8583984375,0.01616341536727095
2018-04-05,1191.8157958984375,-0.002586406004903008
2018-04-06,1188.7332763671875,-0.008948149346951872
2018-04-09,1178.0963134765625,0.004685749041676068
2018-04-10,1183.6165771484375,0.026058284560724676
2018-04-11,1214.4595947265625,0.04150438246499366
2018-04-12,1264.864990234375,0.004475391955084174
2018-04-13,1270.5257568359375,0.010893581729773727
2018-04-16,1284.3663330078125,-0.006603507912205542
2018-04-17,1275.885009765625,-0.0023686262503528344
2018-04-18,1272.8629150390625,0.010145394399102337
2018-04-19,1285.776611328125,0.06621433308883384
2018-04-20,1370.9134521484375,0.0018223550230029861
2018-04-23,1373.4117431640625,-0.006747940114420148
2018-04-24,1364.14404296875,0.024988125351899315
2018-04-25,1398.2314453125,0.01988307983927795
2018-04-26,1426.0325927734375,-0.024665942878733915
2018-04-27,1390.858154296875,0.02321863170764038
2018-04-30,1423.1519775390625,-0.00915918490442258
2018-05-02,1410.1170654296875,-0.005114494611562548
2018-05-03,1402.905029296875,-0.00031568144992111247
2018-05-04,1402.462158203125,-0.017180391279635998
2018-05-07,1378.3673095703125,0.005919363844845593
2018-05-08,1386.5263671875,0.013977995538817733
2018-05-09,1405.9072265625,-0.010905262324358178
2018-05-10,1390.575439453125,0.0016518320438736467
2018-05-11,1392.8724365234375,-0.006768993684802438
2018-05-14,1383.444091796875,0.014227082368981625
2018-05-15,1403.12646484375,0.003302735276932811
2018-05-16,1407.7606201171875,-0.000601350545746171
2018-05-17,1406.9140625,0.0029358532082073285
2018-05-18,1411.0445556640625,0.015618883430166042
2018-05-21,1433.08349609375,-0.013453272707758757
2018-05-22,1413.8038330078125,-0.003932780866942043
2018-05-23,1408.24365234375,0.031072007983126593
2018-05-24,1452.0006103515625,-0.004966796804886542
2018-05-25,1444.788818359375,-0.023355844305073425
2018-05-28,1411.0445556640625,0.006124604505973963
2018-05-29,1419.6866455078125,-0.002667653074920562
2018-05-30,1415.8994140625,-0.0008606740829074644
2018-05-31,1414.6807861328125,-0.004939570189657183
2018-06-01,1407.69287109375,0.00681124055006066
2018-06-04,1417.281005859375,-0.012985809405147042
2018-06-05,1398.87646484375,0.0024106434467672244
2018-06-06,1402.2486572265625,0.005678570996414223
2018-06-07,1410.21142578125,0.006655123951174957
2018-06-08,1419.5965576171875,0.0014881332423564153
2018-06-11,1421.7091064453125,0.01788884881057129
2018-06-12,1447.141845703125,0.02419985987330553
2018-06-13,1482.1624755859375,-0.02003743243938849
2018-06-14,1452.4637451171875,0.029370051879286763
2018-06-15,1495.1226806640625,-0.006005366570746573
2018-06-18,1486.1439208984375,-0.0024607188916563327
2018-06-19,1482.4869384765625,-0.0011233037943904067
2018-06-20,1480.8216552734375,-0.0017009467812381107
2018-06-21,1478.3028564453125,-0.005249269276448865
2018-06-22,1470.5428466796875,0.0052218506216688
2018-06-25,1478.2218017578125,0.018001513345659026
2018-06-26,1504.83203125,0.003240050929687488
2018-06-27,1509.707763671875,-0.008234710806348855
2018-06-28,1497.2757568359375,0.002740491499739539
2018-06-29,1501.3790283203125,0.0019484040429302851
2018-07-02,1504.3043212890625,0.012261040320415084
2018-07-03,1522.7486572265625,-0.004215127080297587
2018-07-04,1516.330078125,0.007582410115912541
2018-07-05,1527.8275146484375,0.017363985495962186
2018-07-06,1554.356689453125,-0.01565651924993461
2018-07-09,1530.0208740234375,-0.0041953318555846275
2018-07-10,1523.6019287109375,0.05589060219221542
2018-07-11,1608.7569580078125,-0.004318557710686344
2018-07-12,1601.8094482421875,0.0049458075176365135
2018-07-13,1609.731689453125,0.0040886720949739885
2018-07-16,1616.3133544921875,0.008538054121796979
2018-07-17,1630.113525390625,-0.0009487872073230541
2018-07-18,1628.56689453125,-0.00942365091048647
2018-07-19,1613.2198486328125,0.0076712211428748844
2018-07-20,1625.59521484375,0.00453289495223963
2018-07-23,1632.9638671875,-0.0033159306404011435
2018-07-24,1627.549072265625,-0.008754146327853207
2018-07-25,1613.30126953125,-0.008478557015484944
2018-07-26,1599.622802734375,-0.010663372026028517
2018-07-27,1582.5654296875,0.000437429460546257
2018-07-30,1583.2576904296875,-0.002262674915518792
2018-07-31,1579.67529296875,0.01870926611388879
2018-08-01,1609.2298583984375,-0.01421707403678929
2018-08-02,1586.351318359375,0.01593642053066513
2018-08-03,1611.632080078125,-0.0019703101460406547
2018-08-06,1608.4566650390625,-0.004150502444621562
2018-08-07,1601.78076171875,0.0033797223366205387
2018-08-08,1607.1943359375,0.00017757677727159304
2018-08-09,1607.479736328125,0.00949677236709423
2018-08-10,1622.74560546875,0.003537208922354207
2018-08-13,1628.485595703125,0.0017000043626373973
2018-08-14,1631.2540283203125,0.0024705099432151822
2018-08-16,1635.2840576171875,0.0021160404104223485
2018-08-17,1638.744384765625,-0.0013914014829796706
2018-08-20,1636.4642333984375,0.0038311446850141095
2018-08-21,1642.7337646484375,0.00864855626417671
2018-08-23,1656.9410400390625,0.003882003536113121
2018-08-24,1663.373291015625,0.0038666249240260075
2018-08-27,1669.804931640625,0.008923139500558674
2018-08-28,1684.704833984375,0.0013531528134491655
2018-08-29,1686.9844970703125,0.005019328459496819
2018-08-30,1695.4520263671875,-0.0019212128494896508
2018-08-31,1692.1947021484375,-0.012268674699055904
2018-09-03,1671.4337158203125,0.022407272363434094
2018-09-04,1708.885986328125,-0.009362038985958776
2018-09-05,1692.8873291015625,-0.0018999673568171893
2018-09-06,1689.6708984375,0.002192491950459674
2018-09-07,1693.37548828125,0.0004328822707280189
2018-09-10,1694.1085205078125,-0.016580611648378984
2018-09-11,1666.0191650390625,-0.0011241183617063388
2018-09-12,1664.1463623046875,0.01049455620891182
2018-09-14,1681.61083984375,0.004236282930679014
2018-09-17,1688.734619140625,-0.0016389918429181582
2018-09-18,1685.966796875,0.0034527174574121577
2018-09-19,1691.7879638671875,0.012151631195817636
2018-09-21,1712.345947265625,0.04531322602726151
2018-09-24,1789.9378662109375,-0.006936903347850243
2018-09-25,1777.521240234375,-0.01880272395874749
2018-09-26,1744.0989990234375,0.021800562289455483
2018-09-27,1782.121337890625,-0.0023528101453661465
2018-09-28,1777.9283447265625,0.032902639372256015
2018-10-01,1836.4268798828125,-0.04109835350404267
2018-10-03,1760.9527587890625,-0.04533366607224243
2018-10-04,1681.122314453125,0.01833099836084795
2018-10-05,1711.93896484375,-0.011937076785249245
2018-10-08,1691.50341796875,0.006858800548120936
2018-10-09,1703.1051025390625,-0.02304205532217729
2018-10-10,1663.862060546875,-0.031146137174093314
2018-10-11,1612.0391845703125,-0.03113701718749118
2018-10-12,1561.8450927734375,0.016264082562730486
2018-10-15,1587.2470703125,0.006565776043304217
2018-10-16,1597.6685791015625,-0.016765992255102558
2018-10-17,1570.882080078125,-0.008396363694574083
2018-10-19,1557.6923828125,-0.005331325697756295
2018-10-22,1549.3878173828125,-0.029146860154964482
2018-10-23,1504.22802734375,0.0026306871354473405
2018-10-24,1508.1851806640625,0.002434145770155771
2018-10-25,1511.8563232421875,-0.029087872897871736
2018-10-26,1467.879638671875,0.039964340570833645
2018-10-29,1526.54248046875,0.012720708018497007
2018-10-30,1545.961181640625,0.022878414442117467
2018-10-31,1581.330322265625,-0.0012384344977535156
2018-11-01,1579.3719482421875,-0.0115199816976298
2018-11-02,1561.1776123046875,-0.011811089807491015
2018-11-05,1542.7384033203125,0.022132813656595696
2018-11-06,1576.883544921875,0.004889520917986889
2018-11-07,1584.59375,-0.016965960690831672
2018-11-09,1557.7095947265625,0.0029594639252201738
2018-11-12,1562.319580078125,0.01049699332469789
2018-11-13,1578.71923828125,-0.02806283958051692
2018-11-14,1534.4158935546875,-0.004147356370577837
2018-11-15,1528.0521240234375,0.0073418634244364345
2018-11-16,1539.2708740234375,0.008401146830770978
2018-11-19,1552.2025146484375,-0.012720394871104879
2018-11-20,1532.4578857421875,-0.035272319865667145
2018-11-21,1478.404541015625,0.0003036886027598662
2018-11-22,1478.853515625,0.018510053184675135
2018-11-26,1506.2271728515625,0.023915121898323566
2018-11-27,1542.248779296875,0.049543529092926475
2018-11-28,1618.6572265625,-0.011769421510040678
2018-11-29,1599.6065673828125,0.0039274336333161575
2018-11-30,1605.888916015625,0.00718896408041636
2018-12-03,1617.43359375,0.01435122795323407
2018-12-04,1640.645751953125,-0.00203896230479228
2018-12-05,1637.300537109375,-0.007001315015858767
2018-12-06,1625.8372802734375,0.0012544618123819795
2018-12-07,1627.8768310546875,-0.009723096138319454
2018-12-10,1612.048828125,0.012248158096560546
2018-12-11,1631.79345703125,0.008399904485843823
2018-12-12,1645.5003662109375,-0.016957495134065526
2018-12-13,1617.5968017578125,0.003606197797311639
2018-12-14,1623.43017578125,0.002286839600154522
2018-12-17,1627.1427001953125,-0.0032340919459189488
2018-12-18,1621.88037109375,-0.0097594962203581
2018-12-19,1606.0516357421875,-0.007315394540075348
2018-12-20,1594.302734375,-0.029809820858697322
2018-12-21,1546.77685546875,0.011973849982274798
2018-12-24,1565.2977294921875,-0.015272419641736756
2018-12-26,1541.391845703125,0.010454196781172431
2018-12-27,1557.505859375,-0.006757614650827692
2018-12-28,1546.9808349609375,-0.0015821991977033045
2018-12-31,1544.533203125,0.005150236911688255
2019-01-01,1552.4879150390625,0.010773722652990259
2019-01-02,1569.2139892578125,-0.012140644718736326
2019-01-03,1550.1627197265625,-0.0121581080867188
2019-01-04,1531.315673828125,0.011215638232352498
2019-01-07,1548.4903564453125,-0.002291956324333988
2019-01-08,1544.9412841796875,-0.0034854966660896602
2019-01-09,1539.556396484375,0.0008478402314739952
2019-01-10,1540.8616943359375,-0.024357391846571486
2019-01-11,1503.330322265625,-0.015901706513906877
2019-01-14,1479.4248046875,0.030083878407663356
2019-01-15,1523.931640625,0.0012581656206385183
2019-01-16,1525.8489990234375,0.015084535656898934
2019-01-17,1548.86572265625,0.0033522200123137225
2019-01-18,1554.057861328125,0.004235383645480706
2019-01-21,1560.639892578125,-0.003562678757727311
2019-01-22,1555.079833984375,-0.013828247174433206
2019-01-23,1533.5758056640625,0.013835649662546246
2019-01-24,1554.7938232421875,0.01012320843949821
2019-01-25,1570.5333251953125,0.017805254220702338
2019-01-28,1598.4970703125,0.014194012197737083
2019-01-29,1621.1861572265625,-0.0006804581997847947
2019-01-30,1620.0830078125,0.01650336203596825
2019-01-31,1646.81982421875,0.007869393157443838
2019-02-01,1659.779296875,0.010000358905021933
2019-02-04,1676.377685546875,-0.002780187645918031
2019-02-05,1671.717041015625,0.01479549834804783
2019-02-06,1696.450927734375,0.0039037725674708756
2019-02-07,1703.073486328125,-0.010322058192987149
2019-02-08,1685.4942626953125,0.002183150415543844
2019-02-11,1689.1739501953125,-0.0069220253375684715
2019-02-12,1677.4814453125,-0.0034119666468925836
2019-02-14,1671.7579345703125,-0.00728745536431763
2019-02-15,1659.5750732421875,-0.029265318542763374
2019-02-18,1611.007080078125,-0.033243896321767163
2019-02-19,1557.450927734375,0.0052237550747971095
2019-02-20,1565.586669921875,-0.0002872450563675688
2019-02-21,1565.136962890625,0.005981467838418242
2019-02-22,1574.498779296875,0.0308988925202045
2019-02-25,1623.1490478515625,0.026975137019427997
2019-02-26,1666.9337158203125,0.009515858091390328
2019-02-27,1682.7960205078125,-0.036271101482612256
2019-02-28,1621.7591552734375,0.006024786061082921
2019-03-01,1631.5299072265625,-0.0036586005469457783
2019-03-05,1625.560791015625,0.005784737448629951
2019-03-06,1634.9642333984375,0.006851243505586746
2019-03-07,1646.165771484375,0.004668904644211214
2019-03-08,1653.8515625,-0.0039057148795661467
2019-03-11,1647.39208984375,-0.0011664684268074543
2019-03-12,1645.470458984375,-0.005937894435882551
2019-03-13,1635.6998291015625,-0.0065482292713102686
2019-03-14,1624.9888916015625,0.026441511882330238
2019-03-15,1667.9560546875,-0.008407192209308412
2019-03-18,1653.9332275390625,0.0
2019-03-19,1653.9332275390625,-0.003831420735121771
2019-03-20,1647.5963134765625,-0.004664702641135943
2019-03-22,1639.9107666015625,-0.010669674722232125
2019-03-25,1622.4134521484375,-0.0008064970602621457
2019-03-26,1621.10498046875,-0.007439556894635935
2019-03-27,1609.044677734375,0.016464240915952555
2019-03-28,1635.536376953125,0.015672494315329466
2019-04-01,1661.1693115234375,0.023453923227289453
2019-04-02,1700.1302490234375,0.0
2019-04-03,1700.1302490234375,-0.0311643172444781
2019-04-04,1647.1468505859375,0.01677839143458515
2019-04-05,1674.7833251953125,0.010960343881937229
2019-04-08,1693.1395263671875,0.010020476274348988
2019-04-09,1710.1055908203125,-0.024503995057528316
2019-04-10,1668.201171875,-0.010170274868021911
2019-04-11,1651.235107421875,-0.0024758780972872207
2019-04-12,1647.1468505859375,0.04904447180097393
2019-04-15,1727.9302978515625,0.008754023696583735
2019-04-16,1743.056640625,0.008560891707612317
2019-04-18,1757.978759765625,0.005301998519306794
2019-04-22,1767.299560546875,-0.0029607566606836278
2019-04-23,1762.0670166015625,0.013178173688363826
2019-04-24,1785.287841796875,0.005289817941483754
2019-04-25,1794.731689453125,0.019840785632754043
2019-04-26,1830.340576171875,0.009738397975210367
2019-04-30,1848.1651611328125,-0.019886567976883263
2019-05-02,1811.4114990234375,-0.03764531811029026
2019-05-03,1743.2203369140625,0.012124748633815186
2019-05-06,1764.3564453125,-0.002734334568918695
2019-05-07,1759.5321044921875,0.00041861825865208147
2019-05-08,1760.2686767578125,0.009150269959593338
2019-05-09,1776.3756103515625,-0.016915464048445572
2019-05-10,1746.327392578125,-0.0033009425332768405
2019-05-13,1740.5628662109375,-0.017099325597279558
2019-05-14,1710.8004150390625,0.0014575939553376216
2019-05-15,1713.2940673828125,0.006371218865568018
2019-05-16,1724.2098388671875,-0.006307095351294256
2019-05-17,1713.3350830078125,0.023145505075258033
2019-05-20,1752.9910888671875,-0.015952157107588794
2019-05-21,1725.027099609375,-0.01327141741291149
2019-05-22,1702.133544921875,-0.013306197888421023
2019-05-23,1679.484619140625,-0.0029454139010104408
2019-05-24,1674.537841796875,0.0034912997070815077
2019-05-27,1680.3841552734375,0.009050316122521052
2019-05-28,1695.5921630859375,0.01629893858955156
2019-05-29,1723.228515625,0.018386607396862598
2019-05-30,1754.912841796875,0.023412301097240462
2019-05-31,1795.9993896484375,0.020828084228816213
2019-06-03,1833.4066162109375,-0.018522808070460473
2019-06-04,1799.44677734375,-0.0077868849122736394
2019-06-06,1785.4346923828125,0.007224939818946563
2019-06-07,1798.3343505859375,0.022803015621484013
2019-06-10,1839.341796875,0.009544934233649771
2019-06-11,1856.898193359375,0.00359525654906645
2019-06-12,1863.57421875,-0.0030075852853325147
2019-06-13,1857.9693603515625,0.00017745820846060134
2019-06-14,1858.299072265625,-0.0023506905847435755
2019-06-17,1853.9307861328125,0.0007336344118391569
2019-06-18,1855.2908935546875,0.00402038537509819
2019-06-19,1862.7498779296875,0.007987144132495239
2019-06-20,1877.6279296875,-0.012335380464151502
2019-06-21,1854.4666748046875,0.011400894074964585
2019-06-24,1875.6092529296875,-0.003384382066998981
2019-06-25,1869.261474609375,-0.005996869324671361
2019-06-26,1858.0517578125,-0.0007318101905505747
2019-06-27,1856.6920166015625,-0.011253896362141802
2019-06-28,1835.7969970703125,0.005545105213836443
2019-07-01,1845.9766845703125,0.00560353455549345
2019-07-02,1856.3206787109375,-0.00641619877294497
2019-07-03,1844.41015625,0.002234568025431649
2019-07-04,1848.5316162109375,-0.03547143461564295
2019-07-05,1782.9615478515625,0.0056862166636622025
2019-07-08,1793.099853515625,-0.019329605120104953
2019-07-09,1758.43994140625,-0.011789264109894115
2019-07-10,1737.709228515625,-0.002679463199757981
2019-07-11,1733.0531005859375,0.002401675657777158
2019-07-12,1737.21533203125,0.018077096151938088
2019-07-15,1768.619140625,-0.016209514175629214
2019-07-16,1739.95068359375,0.0053419903749740705
2019-07-17,1749.2454833984375,-0.024229615182159714
2019-07-18,1706.8619384765625,0.005324326719190475
2019-07-19,1715.9498291015625,0.015864767179995853
2019-07-22,1743.1729736328125,0.0012083971839640384
2019-07-23,1745.2794189453125,-0.0074082368811685395
2019-07-24,1732.3499755859375,0.01483199943966107
2019-07-25,1758.044189453125,-0.008858415744924741
2019-07-26,1742.470703125,0.009933362850209404
2019-07-29,1759.779296875,0.023075084322319306
2019-07-30,1800.3863525390625,0.0121837997961185
2019-07-31,1822.3218994140625,-0.011628794153663913
2019-08-01,1801.1304931640625,0.011582284645039964
2019-08-02,1821.99169921875,0.019634382338824308
2019-08-05,1857.765380859375,-0.01498723882163222
2019-08-06,1829.922607421875,-0.0006546714281883137
2019-08-07,1828.724609375,0.020172136382618167
2019-08-08,1865.6138916015625,-0.005247819668105502
2019-08-09,1855.823486328125,-0.020834766721572806
2019-08-13,1817.1578369140625,0.0022506816232019666
2019-08-14,1821.2476806640625,-0.017827951988989565
2019-08-16,1788.778564453125,-0.0009700638897794933
2019-08-19,1787.0433349609375,0.010980392103287384
2019-08-20,1806.665771484375,-0.00025182081925079203
2019-08-21,1806.2108154296875,0.013631215912920824
2019-08-22,1830.8316650390625,0.01430474231761436
2019-08-23,1857.021240234375,0.012724287665097034
2019-08-26,1880.6505126953125,-0.01748467784811769
2019-08-27,1847.7679443359375,0.0012298410871700582
2019-08-28,1850.0404052734375,-0.0025900775103161466
2019-08-29,1845.2486572265625,0.01170850468008755
2019-08-30,1866.853759765625,-0.003540839477976787
2019-09-03,1860.2435302734375,-0.0027533751139747764
2019-09-04,1855.12158203125,-0.013405337156504826
2019-09-05,1830.2530517578125,-0.008035317862160052
2019-09-06,1815.54638671875,-0.006666193324312952
2019-09-09,1803.443603515625,-0.013216631322590433
2019-09-11,1779.608154296875,-0.00947103792901216
2019-09-12,1762.75341796875,0.003913721403643544
2019-09-13,1769.65234375,0.0037582279137631236
2019-09-16,1776.3031005859375,-0.012720772292843185
2019-09-17,1753.7071533203125,0.007490480023170765
2019-09-18,1766.84326171875,-0.017114642966205573
2019-09-19,1736.6043701171875,-0.01736471482356261
2019-09-20,1706.44873046875,-0.02403816576995521
2019-09-23,1665.4288330078125,0.014336599944016148
2019-09-24,1689.305419921875,0.021396740610992726
2019-09-25,1725.4510498046875,-0.0004067239268491507
2019-09-26,1724.749267578125,-0.01506538328643503
2019-09-27,1698.7652587890625,0.020985916859276754
2019-09-30,1734.4154052734375,-0.018744354984410183
2019-10-01,1701.9049072265625,0.00014560316109490934
2019-10-03,1702.1527099609375,0.009270702490348004
2019-10-04,1717.932861328125,-0.01522108593389504
2019-10-07,1691.7840576171875,-0.01347844141338228
2019-10-09,1668.9814453125,-0.007747345434885311
2019-10-10,1656.05126953125,-0.008780387269345158
2019-10-11,1641.510498046875,0.01718789575923818
2019-10-14,1669.724609375,0.008065572658290554
2019-10-15,1683.19189453125,0.004466625879669062
2019-10-16,1690.7100830078125,0.014764520934099856
2019-10-17,1715.672607421875,0.01299905583790295
2019-10-18,1737.9747314453125,-0.002892223481261391
2019-10-22,1732.9481201171875,0.009115959772929783
2019-10-23,1748.74560546875,0.005748330764993037
2019-10-24,1758.7979736328125,0.02062919864439894
2019-10-25,1795.08056640625,-0.004352920375646829
2019-10-27,1787.2667236328125,0.037410572252210894
2019-10-29,1854.12939453125,0.0264026769849921
2019-10-30,1903.0833740234375,0.007479766433212243
2019-10-31,1917.3179931640625,-0.030291209421934084
2019-11-01,1859.2401123046875,-0.0031576607940636547
2019-11-04,1853.3692626953125,0.003600982453764612
2019-11-05,1860.043212890625,-0.006063406572506702
2019-11-06,1848.7650146484375,-0.0014392790056020344
2019-11-07,1846.1041259765625,-0.025350444695051322
2019-11-08,1799.3045654296875,-0.013615489871269815
2019-11-11,1774.80615234375,0.036959362034201027
2019-11-13,1840.40185546875,0.008354419028410387
2019-11-14,1855.77734375,-0.01017429469625053
2019-11-15,1836.8961181640625,-0.010048343773693125
2019-11-18,1818.4383544921875,-0.02034746476841398
2019-11-19,1781.437744140625,-0.00011840857234213242
2019-11-20,1781.226806640625,0.00452897892722004
2019-11-21,1789.2939453125,-0.021906281774683123
2019-11-22,1750.09716796875,0.004730345608600306
2019-11-25,1758.375732421875,-0.016742968607142084
2019-11-26,1728.935302734375,0.0037378636458182957
2019-11-27,1735.3978271484375,0.011220508400908491
2019-11-28,1754.869873046875,-0.011601365452472034
2019-11-29,1734.510986328125,-0.015682328961538317
2019-12-02,1707.309814453125,0.014818949024479888
2019-12-03,1732.6103515625,0.013407997326108312
2019-12-04,1755.8411865234375,0.020591912416222824
2019-12-05,1791.997314453125,0.0010841930833713764
2019-12-06,1793.940185546875,-0.029737360436114524
2019-12-09,1740.5931396484375,-0.023101648727159807
2019-12-10,1700.382568359375,0.014432356459304296
2019-12-11,1724.923095703125,-0.01028444004735829
2019-12-12,1707.1832275390625,0.024914543863908012
2019-12-13,1749.7169189453125,0.026795489588473442
2019-12-16,1796.6014404296875,0.017961498078613802
2019-12-17,1828.87109375,0.0012934091001322034
2019-12-18,1831.236572265625,0.02827799105288875
2019-12-19,1883.020263671875,-0.0027587075129547056
2019-12-20,1877.8255615234375,0.003958422811665363
2019-12-23,1885.2587890625,-0.007214045029668381
2019-12-24,1871.658447265625,-0.006160914640453652
2019-12-26,1860.1273193359375,-0.0015666586582647746
2019-12-27,1857.213134765625,-0.00695937832130189
2019-12-30,1844.2880859375,-0.009847893967385613
2019-12-31,1826.125732421875,0.0027292801917053744
2020-01-01,1831.1097412109375,-0.00459012865679842
2020-01-02,1822.7047119140625,0.019928745732957998
2020-01-03,1859.0289306640625,-9.087825891962442e-05
2020-01-06,1858.8599853515625,0.002454330016960382
2020-01-07,1863.4222412109375,0.02239479389498511
2020-01-08,1905.1531982421875,-0.01813549868440567
2020-01-09,1870.602294921875,-0.00036106821898806984
2020-01-10,1869.9268798828125,-0.01048102741003476
2020-01-13,1850.328125,0.007555670024742334
2020-01-14,1864.30859375,0.009062351366018406
2020-01-15,1881.20361328125,0.005344232169345986
2020-01-16,1891.2572021484375,-0.008799420699909244
2020-01-17,1874.615234375,-0.021968310163648197
2020-01-20,1833.43310546875,0.0003225809888010023
2020-01-21,1834.0245361328125,0.0165123514001857
2020-01-22,1864.30859375,-0.004972756111410237
2020-01-23,1855.037841796875,-0.003445997656034594
2020-01-24,1848.6453857421875,-0.006480674358857685
2020-01-27,1836.6649169921875,0.006684253227062564
2020-01-28,1848.941650390625,-0.013348403891848548
2020-01-29,1824.26123046875,-0.007774243479876097
2020-01-30,1810.0789794921875,-0.027503938956177088
2020-01-31,1760.294677734375,0.01127886496942443
2020-02-03,1780.1488037109375,0.0024969520973732173
2020-02-04,1784.59375,0.018408494689792887
2020-02-05,1817.4454345703125,-0.00847881853614263
2020-02-06,1802.03564453125,0.0038526579505762104
2020-02-07,1808.978271484375,0.011888266196104391
2020-02-10,1830.48388671875,-0.003954766165772727
2020-02-11,1823.2447509765625,0.008057366818110312
2020-02-12,1837.935302734375,0.009765968760323762
2020-02-13,1855.884521484375,-0.003535655102547386
2020-02-14,1849.32275390625,0.008721652484162679
2020-02-17,1865.451904296875,0.005673422117917992
2020-02-18,1876.035400390625,-0.008755516647642847
2020-02-19,1859.6097412109375,-0.01800698349335228
2020-02-20,1826.123779296875,-0.019218554285453826
2020-02-24,1791.0283203125,0.019287690436218252
2020-02-25,1825.5731201171875,-0.01509639357021808
2020-02-26,1798.0135498046875,-0.00852320000771245
2020-02-27,1782.688720703125,-0.05003558666225316
2020-02-28,1693.4908447265625,0.0005749986106182714
2020-03-02,1694.464599609375,0.017438805439414118
2020-03-03,1724.0140380859375,0.023082005304350783
2020-03-04,1763.8077392578125,0.020089399259317853
2020-03-05,1799.2415771484375,-0.004046979701394671
2020-03-06,1791.9600830078125,-0.06808541597168938
2020-03-09,1669.9537353515625,-0.009456106137156306
2020-03-11,1654.1624755859375,-0.09410364581715203
2020-03-12,1498.499755859375,0.02059522422735638
2020-03-13,1529.3616943359375,-0.06084280750871751
2020-03-16,1436.31103515625,-0.02263607977386184
2020-03-17,1403.798583984375,-0.002171319830280516
2020-03-18,1400.75048828125,-0.0036834153845403117
2020-03-19,1395.5909423828125,0.09845066087298338
2020-03-20,1532.98779296875,-0.07107303923895048
2020-03-23,1424.03369140625,0.020033801704212095
2020-03-24,1452.5625,0.027684019486037714
2020-03-25,1492.7752685546875,0.023224408906341365
2020-03-26,1527.444091796875,0.018733104330901584
2020-03-27,1556.057861328125,-0.025212230488421583
2020-03-30,1516.826171875,0.026763904894960833
2020-03-31,1557.42236328125,-0.06426242655429315
2020-04-01,1457.338623046875,-0.0319239791739645
2020-04-03,1410.8145751953125,0.07314694585534998
2020-04-07,1514.0113525390625,-0.0392911073734189
2020-04-08,1454.524169921875,0.03559165393670849
2020-04-09,1506.2930908203125,-0.0039067865748459996
2020-04-13,1500.4083251953125,-0.01369890764598991
2020-04-15,1479.8543701171875,-0.011007866308635483
2020-04-16,1463.5643310546875,0.052533466938915474
2020-04-17,1540.450439453125,0.006892974847397371
2020-04-20,1551.0687255859375,-0.044538579317199956
2020-04-21,1481.986328125,0.018329413648542348
2020-04-22,1509.1502685546875,0.06145794061114329
2020-04-23,1601.8995361328125,-0.03178477456078033
2020-04-24,1550.9835205078125,0.009925342703647644
2020-04-27,1566.3775634765625,0.012223883464199892
2020-04-28,1585.5247802734375,0.02506632922252927
2020-04-29,1625.26806640625,0.05709342118743033
2020-04-30,1718.0601806640625,-0.04169883807769725
2020-05-04,1646.4190673828125,0.0011914766785308117
2020-05-05,1648.3807373046875,-0.015081976682402076
2020-05-06,1623.5198974609375,-0.00627757779678384
2020-05-07,1613.328125,0.0009251395843219434
2020-05-08,1614.8206787109375,0.022129383047093887
2020-05-11,1650.5556640625,0.007337357980178316
2020-05-12,1662.6663818359375,7.701590602393615e-05
2020-05-13,1662.79443359375,-0.024261005231979937
2020-05-14,1622.453369140625,-0.0049673699874307475
2020-05-15,1614.39404296875,0.027840965629337466
2020-05-18,1659.34033203125,0.0015675351032815588
2020-05-19,1661.94140625,0.0025403566047803583
2020-05-20,1666.163330078125,0.01924660841176884
2020-05-21,1698.2313232421875,0.014639182208684431
2020-05-22,1723.092041015625,-0.03828538273693516
2020-05-26,1657.122802734375,0.03206380776639661
2020-05-27,1710.2564697265625,-0.0004987715929449799
2020-05-28,1709.4034423828125,-0.015940519728269487
2020-05-29,1682.1546630859375,0.03696075480992267
2020-06-01,1744.328369140625,0.0009292112873069414
2020-06-02,1745.94921875,0.0024493778008469747
2020-06-03,1750.2257080078125,0.02218812598737796
2020-06-04,1789.0599365234375,-0.020702608812417145
2020-06-05,1752.021728515625,0.011473561305640034
2020-06-08,1772.1236572265625,0.00014458674195361176
2020-06-09,1772.3798828125,0.01771189811985896
2020-06-10,1803.7720947265625,-0.019490202721199057
2020-06-11,1768.6162109375,-0.013614311042741245
2020-06-12,1744.5377197265625,-0.004707144992814882
2020-06-15,1736.325927734375,0.007833038596364972
2020-06-16,1749.9266357421875,0.0009774405302565015
2020-06-17,1751.6370849609375,-0.004736570720568212
2020-06-18,1743.34033203125,0.003189103286754369
2020-06-19,1748.9000244140625,-0.008143302127195051
2020-06-22,1734.658203125,0.0036242674338087255
2020-06-23,1740.945068359375,0.0033901699235903138
2020-06-24,1746.84716796875,-0.012780349530389978
2020-06-25,1724.5218505859375,0.05096478919548786
2020-06-26,1812.4117431640625,-0.008117650125339493
2020-06-29,1797.69921875,-0.009278692273761435
2020-06-30,1781.0189208984375,0.004754934285265966
2020-07-01,1789.487548828125,0.03111781166619676
2020-07-02,1845.1724853515625,0.01970189445338555
2020-07-03,1881.52587890625,0.0288909822972907
2020-07-06,1935.885009765625,0.002960380912264915
2020-07-07,1941.615966796875,-0.02246814636095018
2020-07-08,1897.991455078125,-0.006557096169586107
2020-07-09,1885.546142578125,0.008165724634500382
2020-07-10,1900.9429931640625,-0.0010573750884972366
2020-07-13,1898.9329833984375,-0.021644235214073215
2020-07-14,1857.83203125,0.02852274997108939
2020-07-15,1910.822509765625,0.0026246596758365826
2020-07-16,1915.8377685546875,-0.015214205345131737
2020-07-17,1886.6898193359375,0.0032486911192932677
2020-07-20,1892.819091796875,0.007767844831933823
2020-07-21,1907.522216796875,-0.015325645243677632
2020-07-22,1878.2882080078125,-0.009014399682016005
2020-07-23,1861.3565673828125,-0.006355949571337227
2020-07-24,1849.52587890625,0.02289807697232371
2020-07-27,1891.87646484375,0.046651067488127085
2020-07-28,1980.134521484375,-0.01459017183743161
2020-07-29,1951.2440185546875,0.001515772283444683
2020-07-30,1954.20166015625,0.000833415579661656
2020-07-31,1955.830322265625,-0.01194426819551564
2020-08-03,1932.4693603515625,-0.001974254094347372
2020-08-04,1928.6541748046875,0.004356267447111595
2020-08-05,1937.055908203125,0.021509025317168806
2020-08-06,1978.7200927734375,-0.0055238615209743935
2020-08-07,1967.7899169921875,-0.005467572076784721
2020-08-10,1957.0308837890625,-0.0012705840700942828
2020-08-11,1954.5443115234375,-0.009890687560982991
2020-08-12,1935.2125244140625,-0.0012849091426678783
2020-08-13,1932.7259521484375,-0.005455731363274041
2020-08-14,1922.1815185546875,0.005017619458685063
2020-08-17,1931.8262939453125,0.007255811672803647
2020-08-18,1945.84326171875,-0.005793788190822435
2020-08-19,1934.5694580078125,-0.0016617246108071582
2020-08-20,1931.354736328125,-0.0018863383344527307
2020-08-21,1927.7115478515625,-0.00022226706965189358
2020-08-24,1927.2830810546875,-0.0024245797664258495
2020-08-25,1922.6102294921875,0.004838024680979824
2020-08-26,1931.911865234375,-0.002263205962863446
2020-08-27,1927.53955078125,-0.004380825215111628
2020-08-28,1919.0953369140625,0.008353799820612018
2020-08-31,1935.1270751953125,-0.00482880967939503
2020-09-01,1925.78271484375,0.008368654891996785
2020-09-02,1941.89892578125,0.015164851273909541
2020-09-03,1971.3475341796875,-0.004652963144670452
2020-09-04,1962.1749267578125,0.016711503703122688
2020-09-07,1994.9658203125,0.009089101228923369
2020-09-08,2013.0982666015625,-0.008751462361883955
2020-09-09,1995.480712890625,0.0015033971416613667
2020-09-10,1998.480712890625,0.018424274201459534
2020-09-11,2035.30126953125,0.0494079476582403
2020-09-14,2135.861328125,0.0
2020-09-15,2135.861328125,0.00465646177945267
2020-09-16,2145.806884765625,-0.016799888499839266
2020-09-17,2109.757568359375,-0.0044901578614156
2020-09-18,2100.284423828125,0.00628611847469962
2020-09-21,2113.487060546875,0.023384275306829627
2020-09-22,2162.909423828125,-0.021997844745118567
2020-09-23,2115.330078125,-0.05479357351329439
2020-09-24,1999.423583984375,0.03861098150968556
2020-09-25,2076.623291015625,0.0016512167098192698
2020-09-28,2080.05224609375,0.025594215139296272
2020-09-29,2133.28955078125,0.0015678727537362658
2020-09-30,2136.63427734375,0.012498094645880586
2020-10-01,2163.338134765625,0.0722623423250992
2020-10-05,2319.666015625,0.0031416581555971934
2020-10-06,2326.95361328125,0.007976013938221005
2020-10-07,2345.513427734375,0.0328039642673017
2020-10-08,2422.45556640625,-0.004512124008982488
2020-10-09,2411.525146484375,0.00606128589647259
2020-10-12,2426.14208984375,-0.0012191221957925658
2020-10-13,2423.184326171875,-0.0017587266077825348
2020-10-14,2418.922607421875,-0.024558567213034954
2020-10-15,2359.517333984375,0.008283026800018245
2020-10-16,2379.061279296875,-0.01872774095694707
2020-10-19,2334.5068359375,0.01012357066514391
2020-10-20,2358.140380859375,-0.02322065675302154
2020-10-21,2303.3828125,-0.0015881872110652395
2020-10-22,2299.724609375,0.005858802726889101
2020-10-23,2313.1982421875,0.000521063108056552
2020-10-26,2314.403564453125,-0.021594555242058444
2020-10-27,2264.425048828125,-0.0030225059932065257
2020-10-28,2257.580810546875,0.003985270547334441
2020-10-29,2266.577880859375,0.012231062732990683
2020-10-30,2294.300537109375,-0.022609419252340168
2020-11-02,2242.427734375,0.011134260005243313
2020-11-03,2267.3955078125,0.00742329377947315
2020-11-04,2284.22705078125,0.012268557064977426
2020-11-05,2312.251220703125,0.008098316320136245
2020-11-06,2330.9765625,0.00707313190220038
2020-11-09,2347.4638671875,-0.028240250968985414
2020-11-10,2281.1708984375,0.014417344950745203
2020-11-11,2314.059326171875,-0.006232073030991492
2020-11-12,2299.637939453125,-0.0053162028626916324
2020-11-13,2287.41259765625,0.0050814142702260146
2020-11-14,2299.035888671875,-0.001610304761113901
2020-11-17,2295.333740234375,-0.0147787306682301
2020-11-18,2261.41162109375,0.0039023002044102917
2020-11-19,2270.236328125,0.008854929750740093
2020-11-20,2290.339111328125,0.0240578286704225
2020-11-23,2345.439697265625,-0.000807126445611428
2020-11-24,2343.546630859375,-0.007622953116661058
2020-11-25,2325.681884765625,0.007144661979071376
2020-11-26,2342.298095703125,-0.015051824291568927
2020-11-27,2307.042236328125,0.017595475808879657
2020-12-01,2347.6357421875,0.00834314692432847
2020-12-02,2367.222412109375,-0.014584355861913312
2020-12-03,2332.697998046875,0.006680460182500125
2020-12-04,2348.281494140625,0.0037212427097983447
2020-12-07,2357.02001953125,0.021770177476400754
2020-12-08,2408.332763671875,0.00482597702820331
2020-12-09,2419.955322265625,-0.009427835793633599
2020-12-10,2397.140380859375,-0.000251459283710731
2020-12-11,2396.53759765625,0.005065596546449891
2020-12-14,2408.677490234375,-0.012921420689334995
2020-12-15,2377.553955078125,0.019065435493349492
2020-12-16,2422.883056640625,0.008528103574631185
2020-12-17,2443.545654296875,0.008033060628970912
2020-12-18,2463.1748046875,-0.014278090830915247
2020-12-21,2428.00537109375,0.018562690608751486
2020-12-22,2473.07568359375,0.01261999593670815
2020-12-23,2504.285888671875,0.0002062869757948338
2020-12-24,2504.802490234375,0.006891449053288312
2020-12-28,2522.064208984375,0.00037549459724361967
2020-12-29,2523.01123046875,-0.007234194166313324
2020-12-30,2504.75927734375,-0.01600059418135047
2020-12-31,2464.681640625,0.02288036772624502
2021-01-01,2521.074462890625,0.03797489928891418
2021-01-04,2616.81201171875,0.017618199327478212
2021-01-05,2662.91552734375,-0.013417341887113743
2021-01-06,2627.186279296875,-0.0061280806396829535
2021-01-07,2611.086669921875,0.029048777976946383
2021-01-08,2686.935546875,0.017799523301042175
2021-01-11,2734.76171875,-0.0005036787654317809
2021-01-12,2733.38427734375,-0.005008064529094525
2021-01-13,2719.6953125,0.031002869691860058
2021-01-14,2804.013671875,-0.005337459208514583
2021-01-15,2789.04736328125,-0.0035877295552549926
2021-01-18,2779.041015625,0.01208983399033925
2021-01-19,2812.63916015625,0.014751440249918257
2021-01-20,2854.129638671875,-0.010562751084960742
2021-01-21,2823.982177734375,0.008934271897429902
2021-01-22,2849.21240234375,-0.00357229339865206
2021-01-25,2839.0341796875,-0.009190807833457382
2021-01-27,2812.941162109375,-0.01977910235781588
2021-01-28,2757.3037109375,-0.02665373108849045
2021-01-29,2683.811279296875,0.00899927052856242
2021-02-01,2707.963623046875,0.020418201919811363
2021-02-02,2763.25537109375,-0.0010612023331431075
2021-02-03,2760.322998046875,-0.0036251524926450562
2021-02-04,2750.31640625,-0.009565749537340129
2021-02-05,2724.007568359375,0.01778054023581377
2021-02-08,2772.44189453125,-0.011573961145559086
2021-02-09,2740.353759765625,0.011457893539741582
2021-02-10,2771.75244140625,-0.0022716266520380612
2021-02-11,2765.4560546875,-0.004741461960776516
2021-02-12,2752.34375,-0.015967658955435726
2021-02-15,2708.395263671875,-0.009889046707796112
2021-02-16,2681.61181640625,-0.011483462768445585
2021-02-17,2650.817626953125,-0.0051252796505057985
2021-02-18,2637.2314453125,0.0047428740707824435
2021-02-19,2649.739501953125,-0.03691621735000672
2021-02-22,2551.921142578125,0.007351902179242531
2021-02-23,2570.6826171875,-0.010771055383742234
2021-02-24,2542.99365234375,0.0160104998971784
2021-02-25,2583.708251953125,-0.03371958965002775
2021-02-26,2496.586669921875,0.01033080419662813
2021-03-01,2522.37841796875,0.02809305995492295
2021-03-02,2593.23974609375,0.017546279341474458
2021-03-03,2638.741455078125,-0.0030729204494515105
2021-03-04,2630.6328125,-0.013657170921920536
2021-03-05,2594.705810546875,-0.00036545267815935034
2021-03-08,2593.757568359375,0.014632769802723766
2021-03-09,2631.71142578125,0.006555319407504534
2021-03-10,2648.963134765625,-0.004233488689053488
2021-03-12,2637.748779296875,0.0026816376084195515
2021-03-15,2644.822265625,0.014317756022417027
2021-03-16,2682.690185546875,0.000932355408239216
2021-03-17,2685.19140625,-0.024558614303856974
2021-03-18,2619.246826171875,0.004511562031181526
2021-03-19,2631.063720703125,0.02604762417766926
2021-03-22,2699.5966796875,0.00413816878751061
2021-03-23,2710.76806640625,-0.006841926179463997
2021-03-24,2692.22119140625,-0.018022391260701376
2021-03-25,2643.700927734375,0.0006363704113523383
2021-03-26,2645.38330078125,0.02991705958844504
2021-03-30,2724.525390625,0.006110493011612483
2021-03-31,2741.173583984375,-0.004043606935505983
2021-04-01,2730.08935546875,0.023349184963647573
2021-04-05,2793.834716796875,0.007965624644177272
2021-04-06,2816.08935546875,0.00205215531359193
2021-04-07,2821.868408203125,0.014046181067179697
2021-04-08,2861.5048828125,0.0014769565429575415
2021-04-09,2865.731201171875,-0.02278601145762471
2021-04-12,2800.4326171875,-0.043892318534768826
2021-04-13,2677.51513671875,0.03701588623868002
2021-04-15,2776.625732421875,-0.0073938770562959055
2021-04-16,2756.095703125,-0.010437623704841803
2021-04-19,2727.32861328125,-0.00545557668341401
2021-04-20,2712.449462890625,-0.008188786639440004
2021-04-22,2690.23779296875,-0.0029821546255477394
2021-04-23,2682.215087890625,-0.0027976526878391583
2021-04-26,2674.711181640625,0.010061961822871224
2021-04-27,2701.6240234375,-0.0025224447245454362
2021-04-28,2694.809326171875,-0.002832865809459517
2021-04-29,2687.17529296875,-0.02555177905760775
2021-04-30,2618.51318359375,0.00044483065014633283
2021-05-03,2619.677978515625,0.004198150621782304
2021-05-04,2630.67578125,0.01506675298795912
2021-05-05,2670.3115234375,0.0050874982034443406
2021-05-06,2683.896728515625,0.0068941452297826
2021-05-07,2702.39990234375,0.004021851959927769
2021-05-10,2713.2685546875,-0.007280303283883738
2021-05-11,2693.51513671875,-0.011208470721145725
2021-05-12,2663.324951171875,-0.011691928273030894
2021-05-14,2632.185546875,0.005980559910779837
2021-05-17,2647.927490234375,0.006205748876235484
2021-05-18,2664.35986328125,-0.002201458818104851
2021-05-19,2658.494384765625,-0.00713799452356112
2021-05-20,2639.51806640625,0.006699276490348405
2021-05-21,2657.200927734375,0.00032451617734285954
2021-05-24,2658.063232421875,0.015489885718636742
2021-05-25,2699.236328125,0.014290427920512716
2021-05-26,2737.8095703125,0.00680698565409088
2021-05-27,2756.44580078125,-0.011446625195453586
2021-05-28,2724.893798828125,0.004946705832231668
2021-05-31,2738.373046875,-0.00194679636274675
2021-06-01,2733.0419921875,-0.007469176938043054
2021-06-02,2712.62841796875,0.003770792821408353
2021-06-03,2722.857177734375,0.0007956729879063928
2021-06-04,2725.023681640625,0.012548987846561221
2021-06-07,2759.219970703125,0.005324655042818538
2021-06-08,2773.911865234375,3.133266906907295e-05
2021-06-09,2773.998779296875,0.005171400611795107
2021-06-10,2788.34423828125,0.0177192866019944
2021-06-11,2837.751708984375,0.0007790298750860458
2021-06-14,2839.96240234375,-0.004151047334164049
2021-06-15,2828.173583984375,0.003555446518140881
2021-06-16,2838.22900390625,0.013254613653258529
2021-06-17,2875.8486328125,-0.006163941418107277
2021-06-18,2858.1220703125,-0.00733919610266387
2021-06-21,2837.145751953125,0.008585099203171742
2021-06-22,2861.5029296875,-0.012056430682221175
2021-06-23,2827.00341796875,0.034402628252260925
2021-06-24,2924.259765625,0.002134120480543622
2021-06-25,2930.50048828125,-0.013029467656058724
2021-06-28,2892.317626953125,0.0012287568436488705
2021-06-29,2895.87158203125,0.0014665105311391091
2021-06-30,2900.118408203125,-0.0012701528805102447
2021-07-01,2896.434814453125,-0.004803184005929939
2021-07-02,2882.522705078125,-0.0013381257075892883
2021-07-05,2878.66552734375,-0.017675409426195277
2021-07-06,2827.783935546875,0.0038774531079066588
2021-07-07,2838.74853515625,-0.005022827751486658
2021-07-08,2824.489990234375,-0.01545174905833302
2021-07-09,2780.8466796875,-0.004691252628980291
2021-07-12,2767.801025390625,-0.001738215685345712
2021-07-13,2762.989990234375,0.008470464488278706
2021-07-14,2786.393798828125,-0.0014343206021096844
2021-07-15,2782.397216796875,-0.0025441577425182604
2021-07-16,2775.318359375,-0.0031927291562130478
2021-07-19,2766.45751953125,0.0066569826702942425
2021-07-20,2784.873779296875,0.003290743985868927
2021-07-22,2794.0380859375,-0.0010879575826737709
2021-07-23,2790.998291015625,-0.004762013479964744
2021-07-26,2777.70751953125,-0.0045661213501395626
2021-07-27,2765.024169921875,0.0046653850205276015
2021-07-28,2777.924072265625,-0.0006255725223377473
2021-07-29,2776.186279296875,-0.008870873489030595
2021-07-30,2751.55908203125,0.016401124149607593
2021-08-02,2796.687744140625,0.020345548623934562
2021-08-03,2853.587890625,-0.003333591141086778
2021-08-04,2844.0751953125,0.0030544240648304744
2021-08-05,2852.76220703125,0.00787168822979778
2021-08-06,2875.21826171875,0.0038974622680649773
2021-08-09,2886.42431640625,0.003370861405518788
2021-08-10,2896.154052734375,0.003089361084418929
2021-08-11,2905.101318359375,0.0022577808181072356
2021-08-12,2911.660400390625,0.033310886881369406
2021-08-13,3008.650390625,0.0027574299107586686
2021-08-16,3016.946533203125,0.023063969780729998
2021-08-17,3086.529296875,0.002110987576433132
2021-08-18,3093.044921875,-0.000295048303306511
2021-08-20,3092.13232421875,0.021885022897863093
2021-08-23,3159.8037109375,-0.006653168045013702
2021-08-24,3138.781005859375,0.012675819376846587
2021-08-25,3178.567626953125,0.0035118326763272645
2021-08-26,3189.730224609375,0.013154246014296822
2021-08-27,3231.688720703125,-0.005066934743582663
2021-08-30,3215.31396484375,0.02300544437379526
2021-08-31,3289.28369140625,-0.018883157056094668
2021-09-01,3227.171630859375,0.03278663720794239
2021-09-02,3332.979736328125,0.0013811279541249277
2021-09-03,3337.5830078125,0.00258976470915262
2021-09-06,3346.2265625,-0.009371855424837205
2021-09-07,3314.8662109375,-0.010940813799576565
2021-09-08,3278.598876953125,0.004570284875257569
2021-09-09,3293.5830078125,0.014229774457848787
2021-09-13,3340.449951171875,0.010545162014818477
2021-09-14,3375.675537109375,0.017666530433325445
2021-09-15,3435.31201171875,-0.012959811493650997
2021-09-16,3390.791015625,-0.019329698718668742
2021-09-17,3325.248046875,-0.0011366926926856813
2021-09-20,3321.46826171875,0.01031787905592263
2021-09-21,3355.73876953125,-0.00020720102122162576
2021-09-22,3355.04345703125,0.0018384897154455349
2021-09-23,3361.211669921875,0.0005297249185638453
2021-09-24,3362.9921875,-0.008873004183867161
2021-09-27,3333.15234375,-0.015064099183510371
2021-09-28,3282.94140625,0.003374153561318982
2021-09-29,3294.0185546875,-0.004312163233844535
2021-09-30,3279.814208984375,-0.012011431490222768
2021-10-01,3240.4189453125,0.011554495539584986
2021-10-04,3277.8603515625,0.01590109902223391
2021-10-05,3329.98193359375,-0.005843497238849915
2021-10-06,3310.523193359375,0.02151711557228686
2021-10-07,3381.756103515625,0.010981489383989906
2021-10-08,3418.892822265625,-0.06353439445121445
2021-10-11,3201.675537109375,-0.008886109514648521
2021-10-12,3173.22509765625,0.0006435068816921241
2021-10-13,3175.26708984375,-0.01007366352516792
2021-10-14,3143.280517578125,0.009885298321684832
2021-10-18,3174.352783203125,-0.003564487685843276
2021-10-19,3163.037841796875,-0.0069617452503716315
2021-10-20,3141.017578125,-0.02115601532395517
2021-10-21,3074.566162109375,-0.009526162982058217
2021-10-22,3045.27734375,-0.0016862207234306092
2021-10-25,3040.142333984375,-0.0029630377959374288
2021-10-26,3031.13427734375,0.0020529939690030474
2021-10-27,3037.357177734375,-0.019514163434414367
2021-10-28,2978.085693359375,-0.006985024641671611
2021-10-29,2957.28369140625,0.023147545032895955
2021-11-01,3025.737548828125,0.002243851798466201
2021-11-02,3032.52685546875,0.0023103992116721983
2021-11-03,3039.533203125,0.004696171736896737
2021-11-04,3053.807373046875,-0.0016815906437236405
2021-11-08,3048.672119140625,0.000842291657941141
2021-11-09,3051.239990234375,-0.006104395793878337
2021-11-10,3032.614013671875,0.0011192611700903132
2021-11-11,3036.00830078125,0.010850879217465526
2021-11-12,3068.95166015625,0.007728218598160419
2021-11-15,3092.669189453125,0.0008722270635423968
2021-11-16,3095.36669921875,-0.00970081764406261
2021-11-17,3065.339111328125,-0.013117781673861129
2021-11-18,3025.128662109375,-0.004977593686089854
2021-11-22,3010.07080078125,0.0016917492953747448
2021-11-23,3015.1630859375,-0.006047477479549146
2021-11-24,2996.928955078125,0.0007549231916363919
2021-11-25,2999.19140625,0.00027611608858113534
2021-11-26,3000.01953125,0.01599973307465441
2021-11-29,3048.01904296875,0.0077528581816155295
2021-11-30,3071.64990234375,0.013785184856659916
2021-12-01,3113.9931640625,0.018195729395630744
2021-12-02,3170.654541015625,-0.0006726726208767797
2021-12-03,3168.521728515625,-0.02858178654851018
2021-12-06,3077.959716796875,0.013601380721347534
2021-12-07,3119.82421875,0.011828810216921726
2021-12-08,3156.72802734375,-0.006934206592163705
2021-12-09,3134.838623046875,0.009731393326588345
2021-12-10,3165.344970703125,-0.007465261186958672
2021-12-13,3141.71484375,0.003919892848128548
2021-12-14,3154.030029296875,-0.014749932018242706
2021-12-15,3107.50830078125,0.003151232280308891
2021-12-16,3117.30078125,0.0007677509213324107
2021-12-17,3119.694091796875,-0.0076583937399336
2021-12-20,3095.80224609375,0.014450956854220598
2021-12-21,3140.53955078125,0.006221717786164982
2021-12-22,3160.0791015625,0.008799658582517855
2021-12-23,3187.88671875,0.0022388521490652735
2021-12-24,3195.02392578125,0.006864923161612024
2021-12-27,3216.95751953125,0.0028271963953228063
2021-12-28,3226.052490234375,-0.0031969338979201956
2021-12-29,3215.739013671875,0.010569201301551256
2021-12-30,3249.726806640625,0.0012319995949179319
2021-12-31,3253.73046875,0.021239217604792637
2022-01-03,3322.837158203125,0.017549450083579776
2022-01-04,3381.151123046875,-0.006126421066350751
2022-01-05,3360.436767578125,-0.013856594307511405
2022-01-06,3313.87255859375,0.012094561053785036
2022-01-07,3353.952392578125,0.006838072705877218
2022-01-10,3376.886962890625,0.009291535425542286
2022-01-11,3408.263427734375,-0.014300678204332673
2022-01-12,3359.52294921875,0.009844842589054492
2022-01-13,3392.596923828125,0.018022496565037738
2022-01-14,3453.739990234375,0.012852278359078984
2022-01-17,3498.12841796875,-0.007103268251563599
2022-01-18,3473.2802734375,-0.01730868665613805
2022-01-19,3413.162353515625,-0.02250500400098343
2022-01-20,3336.34912109375,0.0018163010623835074
2022-01-21,3342.408935546875,-0.016212547862544446
2022-01-24,3288.219970703125,-0.00038459970706572477
2022-01-25,3286.955322265625,-0.03200335666355125
2022-01-27,3181.76171875,0.011180360231838993
2022-01-28,3217.3349609375,0.012520067226156062
2022-01-31,3257.6162109375,0.017236650049958113
2022-02-01,3313.7666015625,0.014615947263089568
2022-02-02,3362.200439453125,-0.008194416135324567
2022-02-03,3334.649169921875,-0.0025364010969399775
2022-02-04,3326.191162109375,-0.009410470975689478
2022-02-07,3294.89013671875,-0.009407174194772217
2022-02-08,3263.89453125,0.004567836185921381
2022-02-09,3278.803466796875,0.002606184268791445
2022-02-10,3287.3486328125,-0.019998395838686678
2022-02-11,3221.60693359375,0.010500919162921285
2022-02-14,3255.436767578125,0.0225108702996768
2022-02-15,3328.719482421875,-0.0012309274275025262
2022-02-16,3324.6220703125,-0.007579206753117185
2022-02-17,3299.424072265625,0.00256318407842393
2022-02-18,3307.881103515625,-0.019636682369822744
2022-02-21,3242.92529296875,-0.03575857963647133
2022-02-22,3126.962890625,-0.006301354461728748
2022-02-23,3107.2587890625,-0.045499245246372166
2022-02-24,2965.880859375,0.035012456117129
2022-02-25,3069.7236328125,0.00950062941461094
2022-02-28,3098.887939453125,-0.002264941154782041
2022-03-02,3091.869140625,-0.0004934344554170522
2022-03-03,3090.343505859375,-0.005656796818656162
2022-03-04,3072.862060546875,-0.011193472214508948
2022-03-07,3038.466064453125,0.03301386992964628
2022-03-08,3138.777587890625,0.009069545184111405
2022-03-09,3167.244873046875,-0.0032071138326537074
2022-03-10,3157.087158203125,-0.006020448320135374
2022-03-11,3138.080078125,0.0121834577396982
2022-03-14,3176.312744140625,-0.01347798727104177
2022-03-15,3133.50244140625,0.01725142202940666
2022-03-16,3187.559814453125,0.004608982138432527
2022-03-17,3202.251220703125,-0.012538328862728654
2022-03-21,3162.100341796875,0.020473267256862826
2022-03-22,3226.8388671875,0.003093712009534233
2022-03-23,3236.82177734375,0.01008808101238623
2022-03-24,3269.47509765625,-0.011307392525409243
2022-03-25,3232.505859375,6.744537755221103e-05
2022-03-28,3232.723876953125,-0.000633702123147506
2022-03-29,3230.67529296875,0.007070814547377013
2022-03-30,3253.518798828125,0.002251018334791244
2022-03-31,3260.842529296875,0.005026799489773026
2022-04-01,3277.234130859375,0.003086292144306668
2022-04-04,3287.3486328125,0.01178924885146504
2022-04-05,3326.10400390625,-0.015584067261501633
2022-04-06,3274.269775390625,-0.01895938003232922
2022-04-07,3212.191650390625,0.00040700343851396426
2022-04-08,3213.4990234375,0.002916469009059952
2022-04-11,3222.87109375,-0.0014334650417244799
2022-04-12,3218.251220703125,-0.007897537520415221
2022-04-13,3192.8349609375,-0.0365651790523398
2022-04-18,3076.08837890625,-0.015915511357530443
2022-04-19,3027.130859375,0.024453574477173
2022-04-20,3101.155029296875,0.020200780470922997
2022-04-21,3163.80078125,-0.004436941080311563
2022-04-22,3149.76318359375,-0.017812754090050453
2022-04-25,3093.6572265625,-0.0005357641722211204
2022-04-26,3091.999755859375,0.004201635221188438
2022-04-27,3104.9912109375,0.006486610676924798
2022-04-28,3125.132080078125,-0.010490181625917194
2022-04-29,3092.348876953125,-0.001212196716931735
2022-05-02,3088.600341796875,-0.017686004647729958
2022-05-04,3033.975341796875,0.009670509673044503
2022-05-05,3063.3154296875,-0.022997782796991273
2022-05-06,2992.865966796875,0.0036415535348177652
2022-05-09,3003.7646484375,-0.0018432273302870783
2022-05-10,2998.22802734375,-0.007778845936182055
2022-05-11,2974.9052734375,-0.0009819279303470152
2022-05-12,2971.984130859375,0.0018336110324550514
2022-05-13,2977.43359375,-0.011157003921424602
2022-05-16,2944.21435546875,0.022150997611675827
2022-05-17,3009.431640625,-0.0008111704803064335
2022-05-18,3006.990478515625,-0.054178199512805114
2022-05-19,2844.0771484375,0.009518822525568016
2022-05-20,2871.1494140625,0.008730613045937474
2022-05-23,2896.21630859375,-0.010160245781344224
2022-05-24,2866.7900390625,-0.03011325139418164
2022-05-25,2780.461669921875,0.01872054499998277
2022-05-26,2832.513427734375,0.010644739365496036
2022-05-27,2862.664794921875,0.03493982120127326
2022-05-30,2962.685791015625,-0.0032293761903942064
2022-05-31,2953.1181640625,-0.002719665687056838
2022-06-01,2945.086669921875,0.020207451251028408
2022-06-02,3004.599365234375,0.005010141109345723
2022-06-03,3019.65283203125,-0.0026742940007752347
2022-06-06,3011.577392578125,-0.019892389566598445
2022-06-07,2951.669921875,0.012326261947851247
2022-06-08,2988.052978515625,0.006741854872083675
2022-06-09,3008.197998046875,-0.019608444664437896
2022-06-10,2949.2119140625,-0.041756967648600485
2022-06-13,2826.061767578125,-0.0028110113826999017
2022-06-14,2818.11767578125,-0.001323918111480471
2022-06-15,2814.38671875,-0.02005399502833516
2022-06-16,2757.947021484375,-0.016900114025953594
2022-06-17,2711.33740234375,0.007607577340446259
2022-06-20,2731.964111328125,0.031985254856402356
2022-06-21,2819.3466796875,0.0034245626358888615
2022-06-22,2829.001708984375,0.026637201813560774
2022-06-23,2904.3583984375,-0.004744771714654372
2022-06-24,2890.577880859375,0.006558721776461329
2022-06-27,2909.536376953125,0.0010411613681806653
2022-06-28,2912.565673828125,-0.008332949842114745
2022-06-29,2888.29541015625,-0.007111389939425838
2022-06-30,2867.755615234375,0.014691741512048884
2022-07-01,2909.887939453125,-0.024146773263743038
2022-07-04,2839.62353515625,-0.005796099388037157
2022-07-05,2823.164794921875,0.013820164388802514
2022-07-06,2862.181396484375,0.0083109175207563
2022-07-07,2885.96875,-0.0068129168877435475
2022-07-08,2866.306884765625,-0.04644060893021218
2022-07-11,2733.19384765625,-0.009345644127347175
2022-07-12,2707.650390625,-0.014896033879697068
2022-07-13,2667.317138671875,-0.010558398642567468
2022-07-14,2639.154541015625,-0.001383906737266849
2022-07-15,2635.502197265625,0.023008023053599613
2022-07-18,2696.139892578125,0.0035090677327402897
2022-07-19,2705.600830078125,0.029454416795454907
2022-07-20,2785.292724609375,0.003949578557642663
2022-07-21,2796.29345703125,-0.001982779589820405
2022-07-22,2790.7490234375,-0.0013402259907961955
2022-07-25,2787.0087890625,-0.016057604741867015
2022-07-26,2742.256103515625,0.023412341625000277
2022-07-27,2806.458740234375,0.02246883605452865
2022-07-28,2869.5166015625,0.012697536231637496
2022-07-29,2905.952392578125,-0.0009390242498791279
2022-08-01,2903.2236328125,-0.002121917278779195
2022-08-02,2897.063232421875,0.014490698124978607
2022-08-03,2939.043701171875,0.0046263088305571465
2022-08-04,2952.640625,0.0030104970921156493
2022-08-05,2961.529541015625,0.002793554224192585
2022-08-08,2969.802734375,-0.005986199630525713
2022-08-10,2952.02490234375,0.020347196136391466
2022-08-11,3012.09033203125,-0.006121245417029408
2022-08-12,2993.652587890625,-0.0026017776380869995
2022-08-16,2985.86376953125,0.0024760226778230976
2022-08-17,2993.2568359375,-0.005836360700076204
2022-08-18,2975.787109375,0.0013308913148635249
2022-08-19,2979.74755859375,-0.009215286857583327
2022-08-22,2952.288330078125,-0.020852220615083294
2022-08-23,2890.7265625,-0.008905092523776137
2022-08-24,2864.984375,-0.011412038678221381
2022-08-25,2832.2890625,0.0012429040942478764
2022-08-26,2835.809326171875,-0.02782262455904727
2022-08-29,2756.90966796875,0.025091429542001276
2022-08-30,2826.08447265625,-0.024742040225501083
2022-09-01,2756.161376953125,-0.0004149970454159213
2022-09-02,2755.017578125,0.0009583898412626191
2022-09-05,2757.657958984375,-0.002026494579591809
2022-09-06,2752.069580078125,0.007211192358165919
2022-09-07,2771.915283203125,0.006365905935167726
2022-09-08,2789.56103515625,0.01514347662996518
2022-09-09,2831.8046875,0.007862784195149297
2022-09-12,2854.070556640625,-0.004193657410737961
2022-09-13,2842.1015625,-0.033737362179725006
2022-09-14,2746.216552734375,-0.005143439975968334
2022-09-15,2732.091552734375,-0.030811623313647507
2022-09-16,2647.911376953125,0.006680346252412761
2022-09-19,2665.600341796875,0.0037972032090347607
2022-09-20,2675.72216796875,-0.01286068542754315
2022-09-21,2641.310546875,0.002065754378855811
2022-09-22,2646.766845703125,-0.008428989636438233
2022-09-23,2624.457275390625,0.004141202184938297
2022-09-26,2635.32568359375,0.007697770692552952
2022-09-27,2655.61181640625,0.006031688128011581
2022-09-28,2671.629638671875,-0.01263319593950285
2022-09-29,2637.87841796875,0.002418843564173212
2022-09-30,2644.259033203125,-0.006523381976634379
2022-10-03,2627.009521484375,0.03557841834436459
2022-10-04,2720.474365234375,0.0034938328895743886
2022-10-06,2729.979248046875,-0.011944201370149066
2022-10-07,2697.371826171875,0.01750465111122068
2022-10-10,2744.58837890625,-0.015712560779673534
2022-10-11,2701.4638671875,0.010164483304227145
2022-10-12,2728.9228515625,0.0008224434649517498
2022-10-13,2731.167236328125,-0.0013372830859345042
2022-10-14,2727.514892578125,0.006664398476141198
2022-10-17,2745.692138671875,0.010588675175201123
2022-10-18,2774.765380859375,-0.007266239341920722
2022-10-19,2754.603271484375,0.011355459234386966
2022-10-20,2785.883056640625,-0.0063027907251062
2022-10-21,2768.32421875,0.007745089185554832
2022-10-24,2789.76513671875,0.00012680628952188577
2022-10-25,2790.118896484375,-0.0014864817921292905
2022-10-27,2785.971435546875,0.0018528062307148208
2022-10-28,2791.13330078125,0.009452278166718342
2022-10-31,2817.515869140625,0.020841390072999122
2022-11-01,2876.23681640625,-0.005521826293138465
2022-11-02,2860.354736328125,-0.010781483427852123
2022-11-03,2829.515869140625,0.0033211394568815056
2022-11-04,2838.9130859375,0.005066309557430593
2022-11-07,2853.2958984375,-0.005458069153168932
2022-11-09,2837.722412109375,-0.0032339322246475177
2022-11-10,2828.54541015625,0.034407868581690426
2022-11-11,2925.86962890625,0.005895933383854635
2022-11-14,2943.120361328125,-0.0008693473035011889
2022-11-15,2940.561767578125,0.006826412065017662
2022-11-16,2960.63525390625,-0.0018925909488451964
2022-11-17,2955.031982421875,-0.0016570813936205298
2022-11-18,2950.13525390625,-0.01793068610963111
2022-11-21,2897.2373046875,0.009578258652251925
2022-11-22,2924.98779296875,-0.0020060513740792763
2022-11-23,2919.1201171875,0.02171808714031509
2022-11-24,2982.517822265625,0.0028104858774598007
2022-11-25,2990.900146484375,0.0016519835924839743
2022-11-28,2995.841064453125,0.0006185332612389516
2022-11-29,2997.694091796875,-0.0019279955988306119
2022-11-30,2991.91455078125,0.02502357835840452
2022-12-01,3066.782958984375,-0.010501496512012931
2022-12-02,3034.5771484375,-0.0038527299449347963
2022-12-05,3022.8857421875,-0.011836220111228313
2022-12-06,2987.106201171875,-0.001403084399118737
2022-12-07,2982.9150390625,-0.008889001654932671
2022-12-08,2956.39990234375,-0.017250958634331903
2022-12-09,2905.399169921875,-0.00191319451301053
2022-12-12,2899.840576171875,0.01389026050142328
2022-12-13,2940.1201171875,0.009978798830697189
2022-12-14,2969.458984375,-0.01790296133226077
2022-12-15,2916.296875,-0.01962134931393089
2022-12-16,2859.0751953125,-0.011789145924794742
2022-12-19,2825.369140625,0.013085437536162647
2022-12-20,2862.34033203125,0.007583238898594358
2022-12-21,2884.046142578125,-0.0027077674162639953
2022-12-22,2876.23681640625,-0.009617126327957082
2022-12-23,2848.57568359375,0.007604283459232919
2022-12-26,2870.237060546875,0.0020287516062402755
2022-12-27,2876.06005859375,-0.0007360567290830566
2022-12-28,2873.943115234375,0.003576722455121306
2022-12-29,2884.222412109375,-0.0036862899454238596
2022-12-30,2873.59033203125,0.001458255771809247
2023-01-02,2877.78076171875,0.015299994315959742
2023-01-03,2921.810791015625,0.000996763214298646
2023-01-04,2924.72314453125,-0.0010710649195061483
2023-01-05,2921.590576171875,-0.030065593784822764
2023-01-06,2833.751220703125,0.03375312148785503
2023-01-09,2929.399169921875,-0.01010549454908849
2023-01-10,2899.796142578125,0.012871240864604783
2023-01-11,2937.1201171875,0.0016973604631715933
2023-01-12,2942.10546875,0.012056479933720832
2023-01-13,2977.576904296875,0.010455836286108244
2023-01-16,3008.7099609375,0.013302037476480288
2023-01-17,3048.73193359375,0.0034337246066220573
2023-01-18,3059.200439453125,-0.004985281894515636
2023-01-19,3043.949462890625,-0.0029646254091568736
2023-01-20,3034.92529296875,0.015402394680290143
2023-01-23,3081.67041015625,0.006266814191332015
2023-01-24,3100.982666015625,-0.0019062127877338408
2023-01-25,3095.071533203125,-0.005452216473502913
2023-01-27,3078.196533203125,0.0066254012339339585
2023-01-30,3098.5908203125,-0.021828061332063387
2023-01-31,3030.95458984375,0.014782529547418877
2023-02-01,3075.759765625,0.015271410963627607
2023-02-02,3122.73095703125,0.006328657698801088
2023-02-03,3142.49365234375,-0.00641828936669675
2023-02-06,3122.32421875,0.003641555581967104
2023-02-07,3133.6943359375,0.013693464713641967
2023-02-08,3176.60546875,0.0058945341368967785
2023-02-09,3195.330078125,-0.0009319936504016413
2023-02-10,3192.35205078125,-0.015589856555668913
2023-02-13,3142.583740234375,0.005082728643353018
2023-02-14,3158.556640625,0.00587109606160352
2023-02-15,3177.100830078125,0.010623199692932017
2023-02-16,3210.851806640625,-0.015991910976334567
2023-02-17,3159.504150390625,-0.003955853374873586
2023-02-20,3147.005615234375,-0.010409278102983421
2023-02-21,3114.24755859375,-0.014329147211052273
2023-02-22,3069.623046875,0.003601476667470571
2023-02-23,3080.67822265625,-0.003910858204702938
2023-02-24,3068.630126953125,-0.02017366545234034
2023-02-27,3006.724609375,-0.005702549558509129
2023-02-28,2989.57861328125,0.02199012618214602
2023-03-01,3055.31982421875,-0.018976730360323435
2023-03-02,2997.33984375,0.006232251514689535
2023-03-03,3016.02001953125,0.008886384539330994
2023-03-06,3042.821533203125,0.005501309153515654
2023-03-08,3059.56103515625,-0.015794573906304565
2023-03-09,3011.236572265625,-0.001753117899469192
2023-03-10,3005.95751953125,-0.014725233955161676
2023-03-13,2961.694091796875,-0.020414720875660097
2023-03-14,2901.23193359375,-0.004992407084611683
2023-03-15,2886.747802734375,-0.004345017163646658
2023-03-16,2874.204833984375,-0.0017895574548769666
2023-03-17,2869.061279296875,-0.011323321994524238
2023-03-20,2836.573974609375,-0.011834895525771771
2023-03-21,2803.00341796875,0.007952111217198521
2023-03-22,2825.293212890625,-0.001964415163283717
2023-03-23,2819.7431640625,-0.0013280035408810287
2023-03-24,2815.99853515625,0.0005766264707183222
2023-03-27,2817.622314453125,-0.002049652451554973
2023-03-28,2811.84716796875,0.007381574507832722
2023-03-29,2832.60302734375,0.021345000862756924
2023-03-31,2893.06494140625,-0.0018404228727879612
2023-04-03,2887.740478515625,0.012437664781198565
2023-04-05,2923.6572265625,-0.005895635182417092
2023-04-06,2906.42041015625,0.013258043169175782
2023-04-10,2944.953857421875,-0.015198883219450399
2023-04-11,2900.19384765625,0.008665907804856099
2023-04-12,2925.32666015625,-0.016287994680081352
2023-04-13,2877.678955078125,-0.015475898689171541
2023-04-17,2833.144287109375,-0.00278700810603838
2023-04-18,2825.248291015625,-0.013143808139788549
2023-04-19,2788.11376953125,0.004919740731134548
2023-04-20,2801.83056640625,0.018052598494741057
2023-04-21,2852.410888671875,0.004413584143416305
2023-04-24,2865.000244140625,0.00037784273612673225
2023-04-25,2866.082763671875,0.006974247144782897
2023-04-26,2886.071533203125,-0.003189483704440166
2023-04-27,2876.866455078125,0.009818184441231947
2023-04-28,2905.112060546875,4.6641246207013154e-05
2023-05-02,2905.24755859375,-0.012269268953152057
2023-05-03,2869.602294921875,0.012830389528029507
2023-05-04,2906.42041015625,0.003104992667600559
2023-05-05,2915.44482421875,0.006159862839862695
2023-05-08,2933.403564453125,0.010044176465834553
2023-05-09,2962.8671875,0.0010812544331266771
2023-05-10,2966.07080078125,-0.0014147636197338054
2023-05-11,2961.87451171875,-0.0023916409038762243
2023-05-12,2954.790771484375,-0.005879206859424446
2023-05-15,2937.4189453125,0.0009523201604300091
2023-05-16,2940.21630859375,-0.015177371722258859
2023-05-17,2895.591552734375,-0.002758014671245146
2023-05-18,2887.60546875,0.007187913861371298
2023-05-19,2908.361328125,0.023534901727978452
2023-05-22,2976.809326171875,-0.0005002045844131331
2023-05-23,2975.3203125,0.0019109845053446595
2023-05-24,2981.006103515625,-0.002982014792385468
2023-05-25,2972.11669921875,0.010748583637470333
2023-05-26,3004.062744140625,-0.002568461769831387
2023-05-29,2996.346923828125,-0.0012498129028699623
2023-05-30,2992.60205078125,-0.008051511792834143
2023-05-31,2968.507080078125,0.010488029242524455
2023-06-01,2999.640869140625,-0.005535493384665413
2023-06-02,2983.036376953125,-0.005052331637301011
2023-06-05,2967.965087890625,-0.017209237475204198
2023-06-06,2916.888671875,0.013179577179504909
2023-06-07,2955.33203125,-0.011740894701711024
2023-06-08,2920.6337890625,-0.00838875738992062
2023-06-09,2896.13330078125,0.011715850252247417
2023-06-12,2930.06396484375,-0.0009856233473998222
2023-06-13,2927.176025390625,0.00226602588402236
2023-06-14,2933.80908203125,-0.0033312301810070055
2023-06-15,2924.035888671875,-0.012871914328733025
2023-06-16,2886.39794921875,0.011181300086968493
2023-06-19,2918.671630859375,0.005388929490628858
2023-06-20,2934.400146484375,0.00944954961198663
2023-06-21,2962.12890625,-0.006046462175509859
2023-06-22,2944.218505859375,-0.006839493349610426
2023-06-23,2924.08154296875,-0.008301551685817476
2023-06-26,2899.80712890625,0.0024142904170114665
2023-06-27,2906.80810546875,0.005660707293609457
2023-06-28,2923.2626953125,0.026995033441670868
2023-06-30,3002.17626953125,-0.009069673903550068
2023-07-03,2974.947509765625,0.011169363955262801
2023-07-04,3008.17578125,0.0033547084572902452
2023-07-05,3018.267333984375,0.0008885511019611769
2023-07-06,3020.94921875,0.0019110527656482912
2023-07-07,3026.722412109375,-0.017211193749039566
2023-07-10,2974.62890625,0.0001374744748885437
2023-07-11,2975.037841796875,-0.003819787940919528
2023-07-12,2963.673828125,0.0247401642677183
2023-07-13,3036.99560546875,0.05211706483538703
2023-07-14,3195.27490234375,-0.006529798715541157
2023-07-17,3174.410400390625,0.0014750370797358414
2023-07-18,3179.0927734375,-0.007664209921327436
2023-07-19,3154.7275390625,0.0006502208212439964
2023-07-20,3156.77880859375,-0.02743042896742398
2023-07-21,3070.18701171875,0.007852499696632043
2023-07-24,3094.295654296875,0.0012960940048847291
2023-07-25,3098.30615234375,-0.003191953264534142
2023-07-26,3088.41650390625,0.0025381509189532636
2023-07-27,3096.25537109375,-0.012217063485993274
2023-07-28,3058.42822265625,0.019684893547080584
2023-07-31,3118.633056640625,0.008943455967826974
2023-08-01,3146.5244140625,-0.0033024098700171756
2023-08-02,3136.13330078125,-0.011829106958163527
2023-08-03,3099.03564453125,0.012823734701996603
2023-08-04,3138.77685546875,0.011761196537452445
2023-08-07,3175.692626953125,-0.0038605782126299726
2023-08-08,3163.4326171875,-0.002333952283710805
2023-08-09,3156.04931640625,-0.005891541061784689
2023-08-10,3137.455322265625,0.0019463829205113026
2023-08-11,3143.56201171875,0.0003043640003945747
2023-08-14,3144.518798828125,0.0024785036027705765
2023-08-16,3152.3125,-0.006549321430695754
2023-08-17,3131.6669921875,-0.01998096560868423
2023-08-18,3069.09326171875,0.010260833540290948
2023-08-21,3100.584716796875,-0.005732364461560779
2023-08-22,3082.81103515625,0.0047602816587755115
2023-08-23,3097.486083984375,-0.0030897819654815972
2023-08-24,3087.91552734375,-0.0019039220271942492
2023-08-25,3082.036376953125,-0.0017008051555047476
2023-08-28,3076.79443359375,0.00017790050426302884
2023-08-29,3077.341796875,0.004383650281575502
2023-08-30,3090.831787109375,-0.010070815692864277
2023-08-31,3059.70458984375,0.00667294365472304
2023-09-01,3080.121826171875,0.011629987177575796
2023-09-04,3115.943603515625,0.003173963921223155
2023-09-05,3125.83349609375,0.00016034785721985578
2023-09-06,3126.334716796875,0.007390905774853795
2023-09-07,3149.441162109375,-0.003863765203260705
2023-09-08,3137.2724609375,0.01125836441699124
2023-09-11,3172.593017578125,0.028773428059427175
2023-09-12,3263.87939453125,-0.0036165414377452576
2023-09-13,3252.075439453125,-0.002186028888853331
2023-09-14,3244.96630859375,0.010744104713866554
2023-09-15,3279.83056640625,0.002181598498040671
2023-09-18,3286.98583984375,-2.7704546828655197e-05
2023-09-20,3286.894775390625,-0.005754386371481068
2023-09-21,3267.980712890625,0.005118242679155838
2023-09-22,3284.70703125,-0.007353636347419701
2023-09-25,3260.552490234375,0.002390001275156539
2023-09-26,3268.34521484375,0.0010041725112051036
2023-09-27,3271.627197265625,-0.014640853365729956
2023-09-28,3223.727783203125,-0.0023041581098527386
2023-09-29,3216.2998046875,-0.004180138946789258
2023-10-03,3202.855224609375,0.006801487472839707
2023-10-04,3224.639404296875,0.014585645515263534
2023-10-05,3271.6728515625,0.008929037819612073
2023-10-06,3300.8857421875,0.004680547095106791
2023-10-09,3316.335693359375,-0.00259737563615714
2023-10-10,3307.721923828125,-0.005235662378272776
2023-10-11,3290.40380859375,-0.018656955068946823
2023-10-12,3229.014892578125,0.007988555913729378
2023-10-13,3254.81005859375,-0.013106128534826289
2023-10-16,3212.152099609375,-0.004824057201598397
2023-10-17,3196.656494140625,-0.005645776283737636
2023-10-18,3178.60888671875,-0.006497520427307113
2023-10-19,3157.955810546875,0.011256833887811402
2023-10-20,3193.50439453125,-0.024151731947341215
2023-10-23,3116.375732421875,-0.005879663994578843
2023-10-25,3098.052490234375,-0.01573687413723801
2023-10-26,3049.298828125,0.004255588983379299
2023-10-27,3062.275390625,0.008236573473181963
2023-10-30,3087.498046875,-0.002900590144604087
2023-10-31,3078.54248046875,-0.011309934962818291
2023-11-01,3043.724365234375,0.008842156091695808
2023-11-02,3070.637451171875,-0.0027381007941986724
2023-11-03,3062.229736328125,0.008758744892426229
2023-11-06,3089.051025390625,-0.002899131912240782
2023-11-07,3080.095458984375,0.003293497634881737
2023-11-08,3090.23974609375,-0.010084358657574066
2023-11-09,3059.07666015625,-0.004182130247954108
2023-11-10,3046.283203125,-0.0005700626467832759
2023-11-13,3044.546630859375,0.021836959862677086
2023-11-15,3111.0302734375,0.027479796402354983
2023-11-16,3196.520751953125,0.0013150589679986613
2023-11-17,3200.724365234375,0.004896657685596217
2023-11-20,3216.397216796875,-0.002670869172194501
2023-11-21,3207.806640625,0.005683461428631409
2023-11-22,3226.0380859375,-0.0062038684858889415
2023-11-23,3206.024169921875,-0.014579791537765896
2023-11-24,3159.281005859375,0.00377491757412729
2023-11-28,3171.20703125,0.012564068295170427
2023-11-29,3211.05029296875,-0.007441952692963438
2023-11-30,3187.15380859375,0.006895739748695062
2023-12-01,3209.131591796875,0.00022785016785986656
2023-12-04,3209.86279296875,0.005452022491104547
2023-12-05,3227.363037109375,0.02052888058418323
2023-12-06,3293.6171875,0.002996592604540549
2023-12-07,3303.48681640625,0.0032643361410418237
2023-12-08,3314.2705078125,0.00446695206836667
2023-12-11,3329.0751953125,0.008015610566584064
2023-12-12,3355.759765625,-0.021391116253596132
2023-12-13,3283.976318359375,0.020509001189264797
2023-12-14,3351.327392578125,0.052832668841790165
2023-12-15,3528.386962890625,-0.0004664318201019757
2023-12-18,3526.7412109375,-0.01114226876517943
2023-12-19,3487.4453125,-0.009472734787507875
2023-12-20,3454.40966796875,0.001970986189951063
2023-12-21,3461.21826171875,0.009636774669097736
2023-12-22,3494.5732421875,-0.007439688154876278
2023-12-26,3468.57470703125,0.00412316726028239
2023-12-27,3482.876220703125,-0.0029649104249649394
2023-12-28,3472.5498046875,-0.0017105417460770989
2023-12-29,3466.60986328125,0.00466595592410135
2024-01-01,3482.784912109375,-0.007320675417530453
2024-01-02,3457.28857421875,-0.02417256512121202
2024-01-03,3373.717041015625,-0.006758283766000406
2024-01-04,3350.91650390625,0.01939002811876467
2024-01-05,3415.890869140625,-0.015944764706601222
2024-01-08,3361.42529296875,0.0031535985522788135
2024-01-09,3372.02587890625,0.006273830135902436
2024-01-10,3393.181396484375,0.006059731318646566
2024-01-11,3413.7431640625,0.039418661299269075
2024-01-12,3548.308349609375,0.005408469636203561
2024-01-15,3567.499267578125,-0.010886723722473568
2024-01-16,3528.660888671875,0.006034014845647029
2024-01-17,3549.952880859375,0.004633781794666447
2024-01-18,3566.402587890625,0.017403837695616486
2024-01-19,3628.4716796875,-0.021506208359181822
2024-01-23,3550.43701171875,-0.004263683429155285
2024-01-24,3535.299072265625,-0.008199254380952148
2024-01-25,3506.312255859375,-0.0024407710563850715
2024-01-29,3497.754150390625,-0.00011837953217885833
2024-01-30,3497.340087890625,0.004051977280445707
2024-01-31,3511.51123046875,0.010010672210190474
2024-02-01,3546.663818359375,0.029098511165484453
2024-02-02,3649.866455078125,0.0017648334067230653
2024-02-05,3656.307861328125,0.04094833702217726
2024-02-06,3806.027587890625,-0.012717543211326565
2024-02-07,3757.624267578125,0.01241603253385426
2024-02-08,3804.279052734375,-9.664795251695946e-05
2024-02-09,3803.911376953125,-0.0031449562253490493
2024-02-12,3791.9482421875,0.0069890714674776255
2024-02-13,3818.450439453125,-0.011904895107041291
2024-02-14,3772.9921875,0.0007561063106826804
2024-02-15,3775.844970703125,0.006117085883547091
2024-02-16,3798.942138671875,-0.005934783319806569
2024-02-19,3776.396240234375,-0.01782492105213307
2024-02-20,3709.082275390625,-0.009712947940223482
2024-02-21,3673.05615234375,0.023950872717938276
2024-02-22,3761.029052734375,-0.008563550884686522
2024-02-23,3728.8212890625,-0.01259843024917029
2024-02-26,3681.843994140625,0.02583073494680299
2024-02-27,3776.94873046875,0.003545096688627236
2024-02-28,3790.33837890625,-0.005790382697166585
2024-02-29,3768.390869140625,-0.00018308647648523912
2024-03-01,3767.700927734375,-0.003334002267810998
2024-03-04,3755.139404296875,-0.016810684783504115
2024-03-05,3692.012939453125,0.013010493976353787
2024-03-06,3740.0478515625,0.010900021384878444
2024-03-07,3780.814453125,0.003346459845323002
2024-03-11,3793.466796875,0.016956385747494584
2024-03-12,3857.790283203125,-0.01031673620538398
2024-03-13,3817.990478515625,0.01412387091873124
2024-03-14,3871.915283203125,0.0027689633223020316
2024-03-15,3882.636474609375,-0.01582051097764181
2024-03-18,3821.211181640625,-0.04219150645863534
2024-03-19,3659.988525390625,-0.00160899849132623
2024-03-20,3654.099609375,0.0005163293154788473
2024-03-21,3655.986328125,-0.015618247042388234
2024-03-22,3598.88623046875,-0.008540239839284092
2024-03-26,3568.15087890625,-0.009439043578490458
2024-03-27,3534.470947265625,0.009216565669878163
2024-03-28,3567.046630859375,0.010435283971121478
2024-04-01,3604.269775390625,-0.008412602538669267
2024-04-02,3573.948486328125,0.016349938482370208
2024-04-03,3632.38232421875,0.014186894980440456
2024-04-04,3683.91455078125,-0.0060074964309179135
2024-04-05,3661.783447265625,-0.0016836831811364306
2024-04-08,3655.6181640625,-0.006545001232851955
2024-04-09,3631.692138671875,0.009653850908724504
2024-04-10,3666.751953125,0.004203804030836533
2024-04-12,3682.166259765625,-0.015044735323928915
2024-04-15,3626.76904296875,-0.017355081161227526
2024-04-16,3563.826171875,-0.002788709685374813
2024-04-18,3553.8876953125,-0.009269942880005155
2024-04-19,3520.943359375,0.01003620633896607
2024-04-22,3556.2802734375,0.0026134580906191918
2024-04-23,3565.574462890625,-0.011265428622351914
2024-04-24,3525.40673828125,0.005520819641683161
2024-04-25,3544.869873046875,-0.00800851968420746
2024-04-26,3516.480712890625,0.0127833468312053
2024-04-29,3561.43310546875,-0.012802902184933407
2024-04-30,3515.83642578125,0.011163148105120868
2024-05-02,3555.084228515625,-0.005151142128711594
2024-05-03,3536.771484375,0.020203545120544453
2024-05-06,3608.226806640625,0.014766331578558889
2024-05-07,3661.507080078125,-0.0005025493192780672
2024-05-08,3659.6669921875,-0.004211875706971457
2024-05-09,3644.2529296875,-0.016741498211948147
2024-05-10,3583.24267578125,0.013842237923624712
2024-05-13,3632.8427734375,-0.011804068299430814
2024-05-14,3589.96044921875,-0.005331709156897624
2024-05-15,3570.81982421875,0.012602489881429646
2024-05-16,3615.821044921875,-0.017136805797924648
2024-05-17,3553.857421875,-0.0036253658134454136
2024-05-21,3540.973388671875,0.0030888399316952864
2024-05-22,3551.910888671875,0.016035946209906893
2024-05-23,3608.869140625,-0.011288243319815927
2024-05-24,3568.13134765625,-0.000636398084004508
2024-05-27,3565.860595703125,-0.001858581183525776
2024-05-28,3559.233154296875,-0.009440331762562648
2024-05-29,3525.6328125,-0.017759306285883958
2024-05-30,3463.02001953125,-0.017437870694340996
2024-05-31,3402.63232421875,0.008689848493045327
2024-06-03,3432.20068359375,0.0032811235844121267
2024-06-04,3443.462158203125,0.00846571440259769
2024-06-05,3472.613525390625,0.022407966914665955
2024-06-06,3550.427734375,0.016590898213738603
2024-06-07,3609.33251953125,-0.009052460438860654
2024-06-10,3576.6591796875,-0.0017103758936179991
2024-06-11,3570.541748046875,-0.005308808467508808
2024-06-12,3551.58642578125,0.01213565570733488
2024-06-13,3594.687255859375,-0.011887117211754394
2024-06-14,3551.956787109375,-0.004423109373512535
2024-06-18,3536.24609375,-0.003512314987976106
2024-06-19,3523.82568359375,-0.0038010640457433187
2024-06-20,3510.431396484375,0.006205069475204494
2024-06-21,3532.2138671875,0.0015876473982350259
2024-06-24,3537.82177734375,0.00567238045236329
2024-06-25,3557.8896484375,0.004532935852565867
2024-06-26,3574.017333984375,0.020306745427935757
2024-06-27,3646.593994140625,-0.007625440290393026
2024-06-28,3618.787109375,0.018966976806692903
2024-07-01,3687.424560546875,0.009853617900419165
2024-07-02,3723.759033203125,-0.012980939473793085
2024-07-03,3675.421142578125,0.01404713865100371
2024-07-04,3727.05029296875,-0.002275580017762402
2024-07-05,3718.569091796875,-0.0046363862632761155
2024-07-08,3701.328369140625,-0.0019282825838300433
2024-07-09,3694.191162109375,-0.01915690986304186
2024-07-10,3623.421875,0.0037219867269802087
2024-07-11,3636.908203125,0.06632764028941573
2024-07-12,3878.1357421875,-0.0035252470845794637
2024-07-15,3864.46435546875,0.002218607724151278
2024-07-16,3873.0380859375,0.032811156152396714
2024-07-18,4000.116943359375,-0.0007316070288228005
2024-07-19,3997.1904296875,-0.0034979403257610064
2024-07-22,3983.20849609375,0.003498634587993932
2024-07-23,3997.144287109375,0.0009062866720705998
2024-07-24,4000.766845703125,0.0037736295794366104
2024-07-25,4015.8642578125,0.015118627416411234
2024-07-26,4076.57861328125,-0.0015382988257161
2024-07-29,4070.3076171875,-0.003594953928687583
2024-07-30,4055.675048828125,0.00458143473606043
2024-07-31,4074.255859375,0.0026794458727366077
2024-08-01,4085.172607421875,-0.025937874244742365
2024-08-02,3979.2119140625,-0.02988504957281657
2024-08-05,3860.29296875,0.0038868538353731275
2024-08-06,3875.29736328125,0.00701250370277795
2024-08-07,3902.472900390625,-0.006642235126227414
2024-08-08,3876.5517578125,0.013469089621116925
2024-08-09,3928.765380859375,-0.007827507734636807
2024-08-12,3898.012939453125,0.00030996612168632254
2024-08-13,3899.22119140625,0.02342164432125049
2024-08-14,3990.54736328125,0.02812407886263446
2024-08-16,4102.77783203125,0.016745871372161325
2024-08-19,4171.482421875,0.007416428231308281
2024-08-20,4202.419921875,0.0062343171879668535
2024-08-21,4228.619140625,-0.010875368870877478
2024-08-22,4182.63134765625,-0.008463081318076271
2024-08-23,4147.2333984375,0.00863609894303119
2024-08-26,4183.04931640625,-0.0011773240798726992
2024-08-27,4178.12451171875,0.0019792448087188053
2024-08-28,4186.39404296875,0.0012758733504125708
2024-08-29,4191.7353515625,0.009297848701068867
2024-08-30,4230.70947265625,-0.007180916413689786
2024-09-02,4200.3291015625,-0.0019243748804095295
2024-09-03,4192.24609375,-0.007335436049626609
2024-09-04,4161.494140625,-0.0007366175666511099
2024-09-05,4158.4287109375,-0.0042896921280222156
2024-09-06,4140.59033203125,-0.0016155795644043902
2024-09-09,4133.90087890625,0.01310264581787246
2024-09-10,4188.06591796875,-0.006322373177412244
2024-09-11,4161.58740234375,0.008561608676639576
2024-09-12,4197.21728515625,0.0010847030462541873
2024-09-13,4201.77001953125,-0.002067348616683451
2024-09-16,4193.08349609375,-0.0016839719893075866
2024-09-17,4186.0224609375,-0.03540008403151573
2024-09-18,4037.8369140625,-0.01150451841649247
2024-09-19,3991.383544921875,-0.0026184945390482772
2024-09-20,3980.93212890625,-0.0038274494296480777
2024-09-23,3965.6953125,0.0006558936110274693
2024-09-24,3968.29638671875,0.0008077325767179566
2024-09-25,3971.501708984375,0.004152386715632783
2024-09-26,3987.992919921875,0.003773962845869283
2024-09-27,4003.04345703125,-0.009329937316980397
2024-09-30,3965.6953125,0.004544836675472563
2024-10-01,3983.71875,-0.012861677217424039
2024-10-03,3932.4814453125,0.004606938257863957
2024-10-04,3950.59814453125,0.004844437989945494
2024-10-07,3969.736572265625,-0.004587073304427758
2024-10-08,3951.527099609375,-7.061896004778578e-05
2024-10-09,3951.248046875,-0.006007607861242437
2024-10-10,3927.510498046875,-0.018498257266404305
2024-10-11,3854.8583984375,-0.003024668292219479
2024-10-14,3843.19873046875,-0.004798642996435842
2024-10-15,3824.756591796875,-0.00530747622764749
2024-10-16,3804.456787109375,0.0034309703713424344
2024-10-17,3817.509765625,0.005867290164307759
2024-10-18,3839.908203125,-0.010477697983706236
2024-10-21,3799.6748046875,-0.015772577165963253
2024-10-22,3739.744140625,0.012638601717509745
2024-10-23,3787.00927734375,-0.004512754656356921
2024-10-24,3769.91943359375,0.0023838866334360276
2024-10-25,3778.906494140625,0.00820692008173185
2024-10-28,3809.919677734375,-0.003813415983191959
2024-10-29,3795.390869140625,0.0023066500852537697
2024-10-30,3804.1455078125,-0.02844796935908478
2024-10-31,3695.92529296875,0.0039687525390543765
2024-11-01,3710.593505859375,-0.00503237438259907
2024-11-04,3691.92041015625,0.001816347537836327
2024-11-05,3698.626220703125,0.042378488159369176
2024-11-06,3855.368408203125,0.002717585925013699
2024-11-07,3865.845703125,-0.0009394673808538201
2024-11-08,3862.2138671875,0.012466791254510001
2024-11-11,3910.36328125,-0.00030961147911245934
2024-11-12,3909.152587890625,-0.011209295792645069
2024-11-13,3865.333740234375,-0.001072231152218328
2024-11-14,3861.189208984375,-0.030488008831374924
2024-11-18,3743.46923828125,0.004988179283583083
2024-11-19,3762.142333984375,0.008243620023316467
2024-11-21,3793.156005859375,0.04216932647570748
2024-11-22,3953.11083984375,0.01660943449525698
2024-11-25,4018.769775390625,0.008713628389634742
2024-11-26,4053.787841796875,-0.004629519495384149
2024-11-27,4035.020751953125,-0.020230471195033517
2024-11-28,3953.390380859375,0.006113225971057901
2024-11-29,3977.558349609375,0.0013580218951798617
2024-12-02,3982.9599609375,0.0061028414257906505
2024-12-03,4007.267333984375,0.012004130435140148
2024-12-04,4055.37109375,0.025181448214414814
2024-12-05,4157.4912109375,-0.004155478944140478
2024-12-06,4140.21484375,0.001495784959830937
2024-12-09,4146.40771484375,-0.004402224581872227
2024-12-10,4128.154296875,-0.0011506352859910196
2024-12-11,4123.404296875,0.006211327961621604
2024-12-12,4149.01611328125,0.004253644000925094
2024-12-13,4166.66455078125,-0.013120553537781077
2024-12-16,4111.99560546875,-0.019636776309594373
2024-12-17,4031.249267578125,0.0044704465486518075
2024-12-18,4049.270751953125,-0.017468604041297242
2024-12-19,3978.53564453125,-0.02378320138546186
2024-12-20,3883.913330078125,-0.002877516679910097
2024-12-23,3872.7373046875,0.005098365149206252
2024-12-24,3892.48193359375,-0.0024883329404903343
2024-12-26,3882.796142578125,-0.0010194333690918267
2024-12-27,3878.837890625,-0.001452757223818102
2024-12-30,3873.202880859375,-0.015388878372839088
2024-12-31,3813.5986328125,0.004310361384078698
2025-01-01,3830.03662109375,0.015392186172338729
2025-01-02,3888.9892578125,-0.018164388893422867
2025-01-03,3818.34814453125,-0.0011951441800915896
2025-01-06,3813.78466796875,-0.01628805662436239
2025-01-07,3751.66552734375,0.01988413739678907
2025-01-08,3826.26416015625,-0.01692863712194792
2025-01-09,3761.49072265625,0.056154689023854454
2025-01-10,3972.716064453125,0.005966171232058004
2025-01-13,3996.41796875,-0.013527983555586376
2025-01-14,3942.3544921875,0.00390967633901762
2025-01-15,3957.767822265625,-0.010189243524943548
2025-01-16,3917.441162109375,-0.001452775389308103
2025-01-17,3911.75,-0.011274438091167682
2025-01-20,3867.647216796875,-0.010287476558184405
2025-01-21,3827.85888671875,0.02991929923700054
2025-01-22,3942.3857421875,-0.0026823116059115915
2025-01-23,3931.81103515625,0.0016644211521383845
2025-01-24,3938.355224609375,-0.021000275051865858
2025-01-27,3855.648681640625,-0.006112809958147225
2025-01-28,3832.079833984375,0.014726495248945204
2025-01-29,3888.512939453125,6.096431992541618e-05
2025-01-30,3888.75,0.0030122448569591675
2025-01-31,3900.4638671875,-0.00954432503145286
2025-02-01,3863.236572265625,-0.0011047903296657058
2025-02-03,3858.968505859375,0.009437987996584907
2025-02-04,3895.389404296875,-0.0038835474755907207
2025-02-05,3880.261474609375,-0.002041016510407223
2025-02-06,3872.341796875,-0.013067242700259607
2025-02-07,3821.740966796875,0.0018737242356530182
2025-02-10,3828.90185546875,-0.018182024540683184
2025-02-11,3759.28466796875,-0.0033808220921767163
2025-02-12,3746.5751953125,-0.0101261751292131
2025-02-13,3708.63671875,0.0063170086506265655
2025-02-14,3732.064208984375,-0.0077131933430303334
2025-02-17,3703.278076171875,-0.008016348480320623
2025-02-18,3673.59130859375,-0.023004207474830562
2025-02-19,3589.083251953125,-0.0012421020911326242
2025-02-20,3584.625244140625,0.0017462817445790257
2025-02-21,3590.885009765625,-0.029159999496881528
2025-02-24,3486.1748046875,-0.012528632211556645
2025-02-25,3442.497802734375,-0.004683815171847794
2025-02-27,3426.373779296875,-0.03579184244572298
2025-02-28,3303.737548828125,0.0028136042947923823
2025-03-03,3313.032958984375,0.01116491944139586
2025-03-04,3350.022705078125,0.004246779169305048
2025-03-05,3364.24951171875,0.015379065521642143
2025-03-06,3415.988525390625,0.002665472832152904
2025-03-07,3425.09375,-0.00596763147450341
2025-03-10,3404.654052734375,-0.003997572543844585
2025-03-11,3391.043701171875,-0.01932710642370994
2025-03-12,3325.504638671875,0.0013832780753801899
2025-03-13,3330.104736328125,-0.0038022423427848118
2025-03-17,3317.44287109375,0.0
2025-03-18,3317.44287109375,-0.00017154531938856632
2025-03-19,3316.873779296875,0.018886987000875433
2025-03-20,3379.51953125,0.00419591472992753
2025-03-21,3393.69970703125,0.01421133514150541
2025-03-24,3441.9287109375,0.007936224211137155
2025-03-25,3469.24462890625,-0.006000974241707979
2025-03-26,3448.42578125,0.004235684987601962
2025-03-27,3463.0322265625,-0.012338539456226427
2025-03-28,3420.303466796875,-0.015348658626967882
2025-04-01,3367.806396484375,-0.0019291697762918725
2025-04-02,3361.309326171875,-0.03972981255052055
2025-04-03,3227.76513671875,-0.030486291202295512
2025-04-04,3129.362548828125,-0.0076832584261861125
2025-04-07,3105.31884765625,0.005772762930537745
2025-04-08,3123.2451171875,-0.01407556055697523
2025-04-09,3079.28369140625,-0.004651009383682236
2025-04-11,3064.9619140625,0.005167880030116034
2025-04-15,3080.80126953125,0.007881313851329397
2025-04-16,3105.08203125,0.007666756614974624
2025-04-17,3128.887939453125,0.00688112641108618
2025-04-21,3150.418212890625,-0.002167680955676654
2025-04-22,3143.589111328125,0.029749130581903316
2025-04-23,3237.108154296875,-0.0033403234510088753
2025-04-24,3226.295166015625,0.013640733701831387
2025-04-25,3270.30419921875,-0.001305097674788036
2025-04-28,3266.0361328125,0.00842163710848598
2025-04-29,3293.54150390625,-0.005413945646761009
2025-04-30,3275.71044921875,-0.006572703470367758
2025-05-02,3254.18017578125,0.006791069959446672
2025-05-05,3276.279541015625,0.001650193175808612
2025-05-06,3281.68603515625,-0.004306421780558067
2025-05-07,3267.5537109375,0.001103041714298536
2025-05-08,3271.157958984375,-0.002493532377073726
2025-05-09,3263.001220703125,0.05234992558689311
2025-05-12,3433.819091796875,-0.029112637161255672
2025-05-13,3333.8515625,0.009587449880838816
2025-05-14,3365.814697265625,0.008791867508048057
2025-05-15,3395.406494140625,-0.005195582122992648
2025-05-16,3377.765380859375,-0.01193394272502557
2025-05-19,3337.455322265625,-0.005825730491330172
2025-05-20,3318.01220703125,0.007860887152849605
2025-05-21,3344.0947265625,-0.01384086278488228
2025-05-22,3297.8095703125,0.01081402576343149
2025-05-23,3333.47216796875,0.006458739780027756
2025-05-26,3355.002197265625,-0.01091231471430576
2025-05-27,3318.391357421875,-0.0002858271451326999
2025-05-28,3317.44287109375,0.00011443713927472565
2025-05-29,3317.822509765625,-0.00991971847122708
2025-05-30,3284.91064453125,-0.003926794764828601
2025-06-02,3272.011474609375,-0.01292829013593999
2025-06-03,3229.7099609375,0.001688727975101667
2025-06-04,3235.1640625,-0.002898522944885462
2025-06-05,3225.786865234375,0.0038859220319533705
2025-06-06,3238.322021484375,0.011140013541747429
2025-06-09,3274.39697265625,0.011981571630630405
2025-06-10,3313.62939453125,0.002599054891809338
2025-06-11,3322.24169921875,-0.01085861729456894
2025-06-12,3286.166748046875,0.00334862812337966
2025-06-13,3297.1708984375,0.01468507121546847
2025-06-16,3345.590087890625,0.005434217457872315
2025-06-17,3363.770751953125,-0.018177740536456488
2025-06-18,3302.625,-0.007938686910979875
2025-06-19,3276.406494140625,0.003417023089365312
2025-06-20,3287.60205078125,-0.01225373380608874
2025-06-23,3247.316650390625,-0.0009429359832776596
2025-06-24,3244.254638671875,0.016045342175286192
2025-06-25,3296.309814453125,-0.0008709283322785311
2025-06-26,3293.43896484375,-0.00020326279032223393
2025-06-27,3292.76953125,0.00607354359516421
2025-06-30,3312.768310546875,-0.009329948878698535
2025-07-01,3281.8603515625,-0.001865947554398395
2025-07-02,3275.736572265625,-0.0065725019949816055
2025-07-03,3254.206787109375,0.0055868189245125155
2025-07-04,3272.387451171875,-0.0023685998917164497
2025-07-07,3264.636474609375,-0.0016121058176178371
2025-07-08,3259.37353515625,-0.006576210409969918
2025-07-09,3237.939208984375,-0.0005319470188309694
2025-07-10,3236.216796875,-0.03429923358860265
2025-07-11,3125.217041015625,-0.013257751082756841
2025-07-14,3083.78369140625,0.009184812374586127
2025-07-15,3112.107666015625,-0.002529811857402642
2025-07-16,3104.234619140625,-0.007392324544070017
2025-07-17,3081.287109375,-0.00601404711784026
2025-07-18,3062.756103515625,-0.009937545879653453
2025-07-21,3032.31982421875,0.00044322308283262224
2025-07-22,3033.663818359375,0.006171792806420884
2025-07-23,3052.386962890625,-0.009782703197908749
2025-07-24,3022.5263671875,-0.0038754411455390603
2025-07-25,3010.812744140625,-0.01801766079273681
2025-07-28,2956.56494140625,-0.0075668306346196035
2025-07-29,2934.193115234375,-0.000785209080534921
2025-07-30,2931.88916015625,-0.0055017820774354576
2025-07-31,2915.758544921875,-0.011130083722217021
2025-08-01,2883.305908203125,0.023776164326888116
2025-08-04,2951.85986328125,-0.0034153189635308667
2025-08-05,2941.7783203125,-0.01031360242944035
2025-08-06,2911.43798828125,0.004847780968952442
2025-08-07,2925.552001953125,-0.0034789107724645385
2025-08-08,2915.374267578125,0.0014491633416022776
2025-08-11,2919.59912109375,-0.001775865191787962
2025-08-12,2914.414306640625,0.00026354056954080995
2025-08-13,2915.182373046875,-0.0045780831377887354
2025-08-14,2901.83642578125,-0.0036727483151917095
2025-08-18,2891.1787109375,0.0016604927366954403
2025-08-19,2895.9794921875,0.027319242767535723
2025-08-20,2975.095458984375,0.0012909906137301697
2025-08-21,2978.936279296875,-0.015664345109293154
2025-08-22,2932.273193359375,0.02835630652979515
2025-08-25,3015.421630859375,0.005285492455895158
2025-08-26,3031.359619140625,-0.020112755265213056
2025-08-28,2970.390625,-0.0029090831382656557
2025-08-29,2961.74951171875,0.009044600730373498
2025-09-01,2988.537353515625,-0.0003533193928069167
2025-09-02,2987.4814453125,-0.004499488588612488
2025-09-03,2974.039306640625,-0.0005812013382406889
2025-09-04,2972.310791015625,-0.015311487003458413
2025-09-05,2926.80029296875,-0.009611972598996266
2025-09-08,2898.66796875,0.010069617105917361
2025-09-09,2927.8564453125,0.019872753804461185
2025-09-10,2986.041015625,0.004565922950080958
2025-09-11,2999.675048828125,0.0029446548938527606
2025-09-12,3008.508056640625,-0.006861481464229602
2025-09-15,2987.865234375,0.010861479408571295
2025-09-16,3020.31787109375,0.00861507456579469
2025-09-17,3046.338134765625,0.0012291428593869114
2025-09-18,3050.08251953125,-0.002361056125370631
2025-09-19,3042.881103515625,-0.03010203840113812
2025-09-22,2951.2841796875,-0.003708909157990381
2025-09-23,2940.338134765625,-0.008816614599009842
2025-09-24,2914.414306640625,-0.025696713391086035
2025-09-25,2839.5234375,-0.019713279214436885
2025-09-26,2783.547119140625,-0.0010347843849826122
2025-09-29,2780.666748046875,-0.0026589143386899217
2025-09-30,2773.273193359375,0.00893248341208941
2025-10-01,2798.04541015625,-0.00422082449086858
2025-10-03,2786.2353515625,0.02980796360456406
2025-10-06,2869.287353515625,-0.00491891114145715
2025-10-07,2855.173583984375,0.017991001292797737
2025-10-08,2906.541015625,0.011396792256689325
2025-10-09,2939.666259765625,-0.010909009670644343
2025-10-10,2907.597412109375,-0.006967619767011546
2025-10-13,2887.33837890625,-0.015595857384468781
2025-10-14,2842.307861328125,0.006950726128025275
2025-10-15,2862.06396484375,0.00030307905458437645
2025-10-16,2862.931396484375,-0.002861365990575071
2025-10-17,2854.739501953125,0.017892137809134345
2025-10-20,2905.81689453125,-0.0028189684853908714
2025-10-21,2897.62548828125,0.022117213767940624
2025-10-23,2961.712890625,-0.0032539302042934315
2025-10-24,2952.07568359375,0.007084031677260905
2025-10-27,2972.98828125,-0.008752225441310713
2025-10-28,2946.968017578125,-9.808810217004638e-05
2025-10-29,2946.678955078125,-0.007293366961630965
2025-10-30,2925.187744140625,0.00747865325484498
2025-10-31,2947.064208984375,-0.01347283922236231
2025-11-03,2907.35888671875,-0.008817200292025706
2025-11-04,2881.72412109375,0.006922583068709409
2025-11-06,2901.673095703125,-0.006343575521699063
2025-11-07,2883.26611328125,0.011163724407185827
2025-11-10,2915.4541015625,0.0072061766750126655
2025-11-11,2936.46337890625,0.02783063238573047
2025-11-12,3018.18701171875,-0.008333836198424094
2025-11-13,2993.033935546875,9.657842384180881e-05
2025-11-14,2993.322998046875,-0.0012234260644071737
2025-11-17,2989.660888671875,-0.0048674423270759215
2025-11-18,2975.10888671875,0.019629993190572126
2025-11-19,3033.51025390625,-0.0009211881153695645
2025-11-20,3030.7158203125,0.0018441555261188292
2025-11-21,3036.304931640625,-0.002983507287500964
2025-11-24,3027.24609375,-0.007003693667537614
2025-11-25,3006.044189453125,0.01400994107168696
2025-11-26,3048.15869140625,-0.008315086480391476
2025-11-27,3022.81298828125,0.00028688096265372387
2025-11-28,3023.68017578125,-0.0013068234025789272
2025-12-01,3019.728759765625,0.000734104633679733
2025-12-02,3021.945556640625,0.014127610935919632
2025-12-03,3064.638427734375,0.015471658461697624
2025-12-04,3112.053466796875,0.0027870934985261275
2025-12-05,3120.72705078125,-0.0005249365186679178
2025-12-08,3119.0888671875,-0.008713122039908594
2025-12-09,3091.911865234375,-0.005953268794251287
2025-12-10,3073.5048828125,0.0008465275767657321
2025-12-11,3076.106689453125,0.008960189870690138
2025-12-12,3103.669189453125,0.0030119655029656744
2025-12-15,3113.017333984375,-0.00777034188672987
2025-12-16,3088.828125,0.003962427599463858
2025-12-17,3101.0673828125,0.01957861346253953
2025-12-18,3161.781982421875,0.0003656956761814989
2025-12-19,3162.938232421875,0.013071311218222137
2025-12-22,3204.281982421875,-0.004481384353624107
2025-12-23,3189.92236328125,0.0027190580197862246
2025-12-24,3198.595947265625,-0.011750455999179898
2025-12-26,3161.010986328125,-0.008689167121902486
2025-12-29,3133.54443359375,-0.0014454228976116257
2025-12-30,3129.01513671875,-0.01250463662079171
2025-12-31,3089.887939453125,0.0066121841967967665
2026-01-01,3110.31884765625,0.007219463689806416
2026-01-02,3132.773681640625,-0.010643835128568035
2026-01-05,3099.428955078125,0.012344133767710597
2026-01-06,3137.688720703125,0.012224348743963276
2026-01-07,3176.044921875,-0.027825026827415944
2026-01-08,3087.67138671875,0.0012172749140475503
2026-01-09,3091.429931640625,0.009913447560935262
2026-01-12,3122.07666015625,0.008766403821825142
2026-01-13,3149.446044921875,-0.023102788646099826
2026-01-14,3076.68505859375,0.0
2026-01-15,3076.68505859375,0.022707640360314585
2026-01-16,3146.54931640625,-0.013440520237555598
2026-01-19,3104.258056640625,-0.019376657928196983
2026-01-20,3044.10791015625,0.006543522779421718
2026-01-21,3064.027099609375,0.008902767314289628
2026-01-22,3091.305419921875,0.0038407873898465006
2026-01-23,3103.178466796875,-0.0014229047381563165
2026-01-27,3098.762939453125,0.01333130274311678
2026-01-28,3140.073486328125,-0.017405808436043002
2026-01-29,3085.41796875,-0.006519531136254586
2026-01-30,3065.302490234375,0.014629230792389425
2026-02-02,3110.1455078125,0.017573142208165082
2026-02-03,3164.800537109375,-0.07013294661283864
2026-02-04,2942.84375,-0.0025341201112869527
2026-02-05,2935.38623046875,-0.0166806367148169
2026-02-06,2886.422119140625,0.0022437183793835302
2026-02-09,2892.8984375,0.012346539613439234
2026-02-10,2928.61572265625,-0.025062001849009752
2026-02-11,2855.21875,-0.05488356709752973
2026-02-12,2698.51416015625,-0.02105379533767593
2026-02-13,2641.7001953125,0.005348876067843733
2026-02-16,2655.830322265625,0.0039901524882470785
2026-02-17,2666.427490234375,-0.00827994796042042
2026-02-18,2644.349609375,-0.006308225011023683
2026-02-19,2627.66845703125,0.00309943481932895
2026-02-20,2635.812744140625,-0.003685433022402429
2026-02-23,2626.0986328125,-0.038336540696323196
2026-02-24,2525.423095703125,0.021603163841764195
2026-02-25,2579.980224609375,0.006997994530261842
2026-02-26,2598.034912109375,-0.003890128422069261
2026-02-27,2587.92822265625,-0.009061943817042617
2026-03-02,2564.4765625,-0.009833497332849994
2026-03-04,2539.2587890625,-0.0034779042081746203
2026-03-05,2530.427490234375,-0.00822084259439626
2026-03-06,2509.625244140625,-0.011808053466025537
2026-03-09,2479.991455078125,-0.005657880034987017
2026-03-10,2465.9599609375,-0.01917960685790865
2026-03-11,2418.663818359375,-0.009128131281324947
2026-03-12,2396.5859375,-0.01306087680065715
2026-03-13,2365.284423828125,-0.0005393155904525049
2026-03-16,2364.0087890625,-0.007263879508167981
2026-03-17,2346.8369140625,0.02052941937722852
2026-03-18,2395.01611328125,-0.03474276110078034
2026-03-19,2311.806640625,0.014685991154442357
2026-03-20,2345.7578125,-0.00284454234206033
2026-03-23,2339.085205078125,0.006292524089351659
2026-03-24,2353.803955078125,-0.00892120996380008
2026-03-25,2332.80517578125,0.00521581510323732
2026-03-27,2344.97265625,-0.012930025669942169
2026-03-30,2314.652099609375,0.020899680038055868
2026-04-01,2363.027587890625,0.01764796861977236
2026-04-02,2404.730224609375,0.009466713706658192
2026-04-06,2427.4951171875,0.02663818437456622
2026-04-07,2492.1591796875,0.0076383117206269
2026-04-08,2511.195068359375,0.011644243478057925
2026-04-09,2540.43603515625,-0.024990327347917396
2026-04-10,2476.94970703125,-0.020480827820098302
2026-04-13,2426.2197265625,0.033284643798282776
2026-04-15,2506.9755859375,0.008610934412301985
2026-04-16,2528.56298828125,0.0017851704847950955
2026-04-17,2533.076904296875,-0.000735965737691413
2026-04-20,2531.212646484375,0.011978571828847429
2026-04-21,2561.532958984375,-0.02758100689484666
2026-04-22,2490.88330078125,-0.006578677830816226
2026-04-23,2474.49658203125,-0.04952810595747359
2026-04-24,2351.939453125,0.021152340197958308
2026-04-27,2401.6884765625,-0.001184876037325644
2026-04-28,2398.8427734375,0.012271440290016145
2026-04-29,2428.280029296875,-0.00032323788850752155
2026-04-30,2427.4951171875,0.0
2026-05-01,2427.4951171875,-0.017219717952895564
2026-05-04,2385.6943359375,-0.0016452438055449825
2026-05-05,2381.769287109375,0.003336911744250326
2026-05-06,2389.717041015625,-0.013960673993727801
2026-05-07,2356.35498046875,-0.002914948045045218
2026-05-08,2349.486328125,-0.0006264875051644747
2026-05-11,2348.014404296875,-0.038697715313190106
2026-05-12,2257.151611328125,-0.011954948318025238
2026-05-13,2230.16748046875,-0.011791653995296691
2026-05-14,2203.8701171875,0.008014133517786348
2026-05-15,2221.5322265625,0.008480562885712306
2026-05-18,2240.3720703125,0.019227567093740072
2026-05-19,2283.448974609375,0.0001287286537901
2026-05-20,2283.742919921875,-8.584369114617019e-05
2026-05-21,2283.546875,-0.004253957488008608
2026-05-22,2273.832763671875,0.009578768467982224
2026-05-25,2295.61328125,-0.013863695533430809
2026-05-26,2263.78759765625,0.0035147038427931765
2026-05-27,2271.744140625,0.0
2026-05-28,2271.744140625,-0.011076119411967511
2026-05-29,2246.58203125,0.0170436861551837
2026-06-01,2284.8720703125,0.06507358393714768
2026-06-02,2433.556884765625,-0.08386122221554515
2026-06-03,2229.475830078125,-0.0003122011517167067
2026-06-04,2228.77978515625,-0.018786335800248022
2026-06-05,2186.9091796875,-0.02160170492476765
2026-06-08,2139.668212890625,-0.00018587231222533251
2026-06-09,2139.2705078125,0.0013481386260374428
2026-06-10,2142.154541015625,-0.008496096254216212
2026-06-11,2123.95458984375,0.012080851356331301
2026-06-12,2149.61376953125,0.00027757530025041
2026-06-15,2150.21044921875,0.01711383174475789
2026-06-16,2187.0087890625,0.01091405793354494
2026-06-17,2210.8779296875,-0.008861877462246093
2026-06-18,2191.285400390625,-0.03553761041857817
2026-06-19,2113.412353515625,0.0013176169639199653
2026-06-22,2116.197021484375,-0.03205189512667539
2026-06-23,2048.368896484375,0.02398523787326501
2026-06-24,2097.49951171875,-0.006780534579050257
2026-06-25,2083.27734375,0.0
2026-06-26,2083.27734375,0.0015276973068651944
2026-06-29,2086.4599609375,-0.03165066334040867
2026-06-30,2020.422119140625,-0.02407086139105219
2026-07-01,1971.788818359375,0.04312527526027221
2026-07-02,2056.82275390625,0.012281675910466694
2026-07-03,2082.083984375,-0.017148252342576664
2026-07-06,2046.3798828125,0.018711109987005425
2026-07-07,2084.669921875,-0.018415158181329327
2026-07-08,2046.2803955078125,-0.003888235901543191
2026-07-09,2038.323974609375,0.009514461356034731
2026-07-10,2057.717529296875,0.05437418749512801
2026-07-13,2169.604248046875,0.008755444513198984
2026-07-14,2188.60009765625,0.0002740809142187661
2026-07-15,2189.199951171875,0.0053901192633447614
2026-07-16,2201.0,0.030895047705588263
2026-07-17,2269.0,-0.007888894818752767
2026-07-20,2251.10009765625,-0.013326817421950632
2026-07-21,2221.10009765625,-0.005762932000062393
2026-07-22,2208.300048828125,0.015668094348857187
2026-07-23,2242.89990234375,0.00508277095757248
2026-07-24,2254.300048828125,0.01832056422550954
2026-07-27,2295.60009765625,0.04460702996497412
2026-07-28,2398.0,0.020266929798269384
2026-07-29,2446.60009765625,-0.006049230866255084
2026-07-30,2431.800048828125,-0.027222612814641778
2026-07-31,2365.60009765625,0.04569658820302136
2026-08-03,2473.699951171875,-0.005538242892144218
2026-08-04,2460.0,-0.019105691056910623
2026-08-05,2413.0,-0.016576875259013635
2026-08-06,2373.0,0.03358615725742742
2026-08-07,2452.699951171875,-0.011008276812293993
2026-08-10,2425.699951171875,0.008245042834064353
2026-08-11,2445.699951171875,-0.03925256651127662
2026-08-12,2349.699951171875,0.010767353004159874
2026-08-13,2375.0,-0.005894736842105286
2026-08-14,2361.0,-0.020245679300349373
2026-08-17,2313.199951171875,-0.014352391437262413
2026-08-18,2280.0,0.003947368421052699
2026-08-19,2289.0,0.003931847968545288
2026-08-20,2298.0,0.0017406440382941035
2026-08-21,2302.0,-0.007775804667137232
2026-08-24,2284.10009765625,0.0052974269945702535
2026-08-25,2296.199951171875,-0.011410134887644974
2026-08-26,2270.0,-0.009515461522577096
2026-08-27,2248.39990234375,0.04162964851523099
2026-08-28,2342.0,0.024466288995783625
2026-08-31,2399.300048828125,-0.01262870345996292
2026-09-01,2369.0,-0.008864499788940439
2026-09-02,2348.0,-0.01188241156037051
2026-09-03,2320.10009765625,-0.006939397861546626
2026-09-04,2304.0,-0.01475694444444442
2026-09-07,2270.0,-0.006387665198237857
2026-09-08,2255.5,-0.02105963201064065
2026-09-09,2208.0,-0.0017662601194520233
2026-09-10,2204.10009765625,-0.0014972318324535383
2026-09-11,2200.800048828125,
