ds,y,next_return
1996-01-01,0.4208625555038452,-0.07777724432374222
1996-01-02,0.38812902569770813,0.03614480311628654
1996-01-03,0.40215787291526794,0.0
1996-01-04,0.40215787291526794,0.0
1996-01-05,0.40215787291526794,0.0
1996-01-08,0.40215787291526794,0.0
1996-01-09,0.40215787291526794,0.0013948977555433562
1996-01-10,0.40271884202957153,-0.0013929547261223307
1996-01-11,0.40215787291526794,0.0
1996-01-12,0.40215787291526794,0.0
1996-01-15,0.40215787291526794,-0.023256398184728355
1996-01-16,0.3928051292896271,0.0
1996-01-17,0.3928051292896271,0.01904774477587967
1996-01-18,0.4002871811389923,-0.018691709857096894
1996-01-19,0.3928051292896271,0.01904774477587967
1996-01-22,0.4002871811389923,-0.018691709857096894
1996-01-23,0.3928051292896271,0.0
1996-01-24,0.3928051292896271,0.0
1996-01-25,0.3928051292896271,0.0
1996-01-26,0.3928051292896271,0.0
1996-01-29,0.3928051292896271,-0.008215182097171425
1996-01-30,0.3895781636238098,0.0
1996-01-31,0.3895781636238098,0.0
1996-02-01,0.3895781636238098,0.032290591378231204
1996-02-02,0.40215787291526794,0.0
1996-02-05,0.40215787291526794,-0.023256398184728355
1996-02-06,0.3928051292896271,0.0
1996-02-07,0.3928051292896271,0.0
1996-02-08,0.3928051292896271,0.0
1996-02-09,0.3928051292896271,0.02357137172274526
1996-02-12,0.40206408500671387,0.0
1996-02-13,0.40206408500671387,0.0
1996-02-14,0.40206408500671387,0.0
1996-02-15,0.40206408500671387,0.04675491096604034
1996-02-16,0.4208625555038452,0.0
1996-02-19,0.4208625555038452,0.0
1996-02-20,0.4208625555038452,0.0
1996-02-21,0.4208625555038452,0.0
1996-02-22,0.4208625555038452,0.0
1996-02-23,0.4208625555038452,0.0
1996-02-26,0.4208625555038452,-0.03333299343341689
1996-02-27,0.4068339467048645,0.03448239487536586
1996-02-28,0.4208625555038452,0.0
1996-02-29,0.4208625555038452,0.0
1996-03-01,0.4208625555038452,0.0
1996-03-04,0.4208625555038452,0.0
1996-03-05,0.4208625555038452,0.0
1996-03-06,0.4208625555038452,0.0
1996-03-07,0.4208625555038452,-0.005555380884765149
1996-03-08,0.41852450370788574,0.0
1996-03-11,0.41852450370788574,0.00558641555093109
1996-03-12,0.4208625555038452,-0.06655615670632453
1996-03-13,0.3928515613079071,0.0
1996-03-14,0.3928515613079071,0.014165927838535763
1996-03-15,0.398416668176651,0.03286383922977976
1996-03-18,0.411510169506073,0.00011276080008748579
1996-03-19,0.41155657172203064,0.0
1996-03-20,0.41155657172203064,0.0
1996-03-21,0.41155657172203064,0.0
1996-03-22,0.41155657172203064,0.0
1996-03-25,0.41155657172203064,0.011249825935637059
1996-03-26,0.41618651151657104,0.008988462647285367
1996-03-27,0.4199273884296417,0.0
1996-03-28,0.4199273884296417,-0.020044462817835562
1996-03-29,0.411510169506073,0.0
1996-04-01,0.411510169506073,0.009090895923302478
1996-04-02,0.4152511656284332,-0.009008996077587539
1996-04-03,0.411510169506073,0.0
1996-04-04,0.411510169506073,0.0
1996-04-05,0.411510169506073,0.0
1996-04-08,0.411510169506073,0.0
1996-04-09,0.411510169506073,0.022726986331826682
1996-04-10,0.4208625555038452,-0.022221948413956194
1996-04-11,0.411510169506073,0.00011276080008748579
1996-04-12,0.41155657172203064,0.0
1996-04-15,0.41155657172203064,-0.004657430109763938
1996-04-16,0.40963977575302124,0.004565947605096543
1996-04-17,0.411510169506073,0.03181838920798752
1996-04-18,0.42460376024246216,0.0
1996-04-19,0.42460376024246216,0.0
1996-04-22,0.42460376024246216,0.07929460226184015
1996-04-23,0.4582725465297699,0.07959205505598432
1996-04-24,0.4947474002838135,0.014649266235559288
1996-04-25,0.5019950866699219,-0.016300426972909343
1996-04-26,0.49381235241889954,0.07007516720537432
1996-04-29,0.5284163355827332,-0.06194658871528547
1996-04-30,0.4956827461719513,0.018867745291360816
1996-05-01,0.5050351619720459,-0.0018518640910440975
1996-05-02,0.5040999054908752,-0.03339533825612695
1996-05-03,0.48726531863212585,-0.001919276502483691
1996-05-06,0.4863301217556,0.0019229672082616833
1996-05-07,0.48726531863212585,0.0
1996-05-08,0.48726531863212585,-0.001919276502483691
1996-05-09,0.4863301217556,-0.03846118256600428
1996-05-10,0.46762529015541077,0.0
1996-05-13,0.46762529015541077,-0.0040001526999629
1996-05-14,0.4657547175884247,0.0
1996-05-15,0.4657547175884247,0.054216897921601115
1996-05-16,0.4910064935684204,-0.00952405288743663
1996-05-17,0.4863301217556,0.0
1996-05-20,0.4863301217556,-0.002884450812392414
1996-05-21,0.48492732644081116,-0.05496654541346968
1996-05-22,0.4582725465297699,0.0
1996-05-23,0.4582725465297699,0.02040869281056379
1996-05-24,0.46762529015541077,0.0
1996-05-27,0.46762529015541077,-0.09800004473930468
1996-05-28,0.4217979907989502,0.0199554277225944
1996-05-29,0.43021515011787415,0.010869359657098343
1996-05-30,0.43489131331443787,0.004301172976778345
1996-05-31,0.43676185607910156,0.0037465636995663854
1996-06-03,0.43839821219444275,0.0026672643470657675
1996-06-04,0.43956753611564636,0.0
1996-06-05,0.43956753611564636,0.08510696576324017
1996-06-06,0.47697779536247253,0.01960746702269489
1996-06-07,0.4863301217556,0.0
1996-06-10,0.4863301217556,0.01923102024318246
1996-06-11,0.4956827461719513,0.07735832687052757
1996-06-12,0.5340279340744019,-0.050787867450668545
1996-06-13,0.5069057941436768,0.0320096448125855
1996-06-14,0.5231316685676575,-0.00777582171325808
1996-06-17,0.5190638899803162,0.015315819227010197
1996-06-18,0.5270137786865234,0.011534724056936563
1996-06-19,0.533092737197876,0.0
1996-06-20,0.533092737197876,-0.033333325879390086
1996-06-21,0.5153229832649231,-0.016333812763245525
1996-06-24,0.5069057941436768,0.014666878633678104
1996-06-25,0.5143405199050903,-0.03082023111754717
1996-06-26,0.4984884262084961,-0.02439034451686717
1996-06-27,0.4863301217556,0.018749604360833727
1996-06-28,0.49544861912727356,-0.03271623797098944
1996-07-01,0.47923940420150757,0.009803859381916302
1996-07-02,0.4839377999305725,0.0
1996-07-03,0.4839377999305725,0.009708245798286885
1996-07-04,0.48863598704338074,0.009615877820209118
1996-07-05,0.49333465099334717,-0.028667542530418255
1996-07-08,0.47919195890426636,-0.08618389162420037
1996-07-09,0.4378933310508728,0.06223117780109
1996-07-10,0.46514394879341125,0.010101398411201279
1996-07-11,0.4698425531387329,0.0
1996-07-12,0.4698425531387329,0.020000000000000018
1996-07-15,0.47923940420150757,-0.009804232502183097
1996-07-16,0.4745408296585083,0.03960422404192987
1996-07-17,0.49333465099334717,0.09333313357776007
1996-07-18,0.5393791198730469,-0.04181161374164577
1996-07-19,0.5168268084526062,0.01727245625173346
1996-07-22,0.5257536768913269,-0.06514795963079045
1996-07-23,0.49150189757347107,-0.023419380966618664
1996-07-24,0.47999122738838196,0.09631907893245883
1996-07-25,0.5262235403060913,-0.06249984425556765
1996-07-26,0.49333465099334717,0.0
1996-07-29,0.49333465099334717,-0.03619093749237323
1996-07-30,0.47548040747642517,0.02786603758506634
1996-07-31,0.48873016238212585,0.0
1996-08-01,0.48873016238212585,0.008939779059327968
1996-08-02,0.49309930205345154,-0.009051554101747628
1996-08-05,0.48863598704338074,-0.009614901966668143
1996-08-06,0.4839377999305725,0.0
1996-08-07,0.4839377999305725,0.0
1996-08-08,0.4839377999305725,0.0
1996-08-09,0.4839377999305725,9.613100124417073e-05
1996-08-12,0.4839843213558197,0.0037864338266331288
1996-08-13,0.4858168959617615,-0.0038679100023250035
1996-08-14,0.4839377999305725,0.0
1996-08-15,0.4839377999305725,-0.009708676879010003
1996-08-16,0.47923940420150757,-0.007843672060617646
1996-08-19,0.47548040747642517,-0.0017783725255766658
1996-08-20,0.4746348261833191,0.0069294419940297836
1996-08-21,0.47792378067970276,-0.005112474628909736
1996-08-22,0.47548040747642517,0.0
1996-08-23,0.47548040747642517,-0.011857174867866194
1996-08-26,0.4698425531387329,-0.027901023133083402
1996-08-27,0.45673346519470215,0.0
1996-08-28,0.45673346519470215,0.0
1996-08-29,0.45673346519470215,0.0
1996-08-30,0.45673346519470215,0.0
1996-09-02,0.45673346519470215,-0.012446500692443796
1996-09-03,0.45104873180389404,0.0
1996-09-04,0.45104873180389404,0.0
1996-09-05,0.45104873180389404,0.0
1996-09-06,0.45104873180389404,-0.011146780467963469
1996-09-09,0.4460209906101227,0.0
1996-09-10,0.4460209906101227,0.05203868693939939
1996-09-11,0.46923133730888367,0.0012016037558071346
1996-09-12,0.4697951674461365,0.004901130507983131
1996-09-13,0.4720976948738098,-0.044586032294739564
1996-09-16,0.45104873180389404,0.0
1996-09-17,0.45104873180389404,0.0
1996-09-18,0.45104873180389404,-0.018749912452747597
1996-09-19,0.4425916075706482,0.01698508710914015
1996-09-20,0.45010906457901,-0.01878932042936199
1996-09-23,0.4416518211364746,-0.021276401921376475
1996-09-24,0.4322550594806671,0.0
1996-09-25,0.4322550594806671,0.0
1996-09-26,0.4322550594806671,0.0
1996-09-27,0.4322550594806671,0.0
1996-09-30,0.4322550594806671,-0.04337036913700032
1996-10-01,0.41350799798965454,0.0
1996-10-02,0.41350799798965454,-0.00011279258143370718
1996-10-03,0.4134613573551178,-0.033523718414604664
1996-10-04,0.3996005952358246,0.0
1996-10-07,0.3996005952358246,-0.05937574370518239
1996-10-08,0.37587401270866394,0.062373936935384844
1996-10-09,0.39931875467300415,0.011885067700262875
1996-10-10,0.40406468510627747,0.023255366269806066
1996-10-11,0.4134613573551178,0.0
1996-10-14,0.4134613573551178,-0.04545441112351134
1996-10-15,0.39466771483421326,0.011904309729075635
1996-10-16,0.39936596155166626,0.030588788565917513
1996-10-17,0.4115820825099945,0.0
1996-10-18,0.4115820825099945,0.0
1996-10-21,0.4115820825099945,0.027396883349457557
1996-10-22,0.4228581488132477,0.00011036901379357644
1996-10-23,0.4229048192501068,0.0
1996-10-24,0.4229048192501068,0.0
1996-10-25,0.4229048192501068,0.0
1996-10-28,0.4229048192501068,-0.033439811939552366
1996-10-29,0.40876296162605286,0.0
1996-10-30,0.40876296162605286,0.0
1996-10-31,0.40876296162605286,0.0
1996-11-01,0.40876296162605286,0.0
1996-11-04,0.40876296162605286,0.0
1996-11-05,0.40876296162605286,0.0
1996-11-06,0.40876296162605286,0.010344923875799106
1996-11-07,0.41299158334732056,-0.003412904509825565
1996-11-08,0.4115820825099945,-0.011415597358020668
1996-11-11,0.4068836271762848,0.0
1996-11-12,0.4068836271762848,-0.03002311109652711
1996-11-13,0.39466771483421326,0.02142869386660018
1996-11-14,0.40312492847442627,-0.011655306851049652
1996-11-15,0.3984263837337494,-0.009433785143224571
1996-11-18,0.39466771483421326,-0.011904687291278915
1996-11-19,0.3899693191051483,0.0
1996-11-20,0.3899693191051483,0.0
1996-11-21,0.3899693191051483,0.0
1996-11-22,0.3899693191051483,0.0
1996-11-25,0.3899693191051483,0.0
1996-11-26,0.3899693191051483,0.0
1996-11-27,0.3899693191051483,0.0
1996-11-28,0.3899693191051483,-0.06987971677006977
1996-11-29,0.3627183735370636,0.0
1996-12-02,0.3627183735370636,0.0
1996-12-03,0.3627183735370636,0.0
1996-12-04,0.3627183735370636,0.0
1996-12-05,0.3627183735370636,0.0
1996-12-06,0.3627183735370636,-0.06994802071086648
1996-12-09,0.3373469412326813,0.0
1996-12-10,0.3373469412326813,0.0
1996-12-11,0.3373469412326813,-0.06699297715399599
1996-12-12,0.31474706530570984,-0.05955956159735876
1996-12-13,0.2960008680820465,0.0
1996-12-16,0.2960008680820465,0.0
1996-12-17,0.2960008680820465,0.015872609943817784
1996-12-18,0.3006991744041443,0.015625201317371218
1996-12-19,0.3053976595401764,0.036922764650115125
1996-12-20,0.31667378544807434,0.0
1996-12-23,0.31667378544807434,-0.005934606955573907
1996-12-24,0.3147944509983063,0.0
1996-12-25,0.3147944509983063,-0.05970112515217396
1996-12-26,0.2960008680820465,0.0
1996-12-27,0.2960008680820465,0.0
1996-12-30,0.2960008680820465,-0.025396941102628356
1996-12-31,0.2884833514690399,0.0
1997-01-01,0.2884833514690399,0.042344984113980466
1997-01-02,0.3006991744041443,0.056250030971903175
1997-01-03,0.31761351227760315,0.0
1997-01-06,0.31761351227760315,0.0
1997-01-07,0.31761351227760315,0.005917517324443233
1997-01-08,0.31949299573898315,0.0
1997-01-09,0.31949299573898315,0.014705506489213205
1997-01-10,0.32419130206108093,-0.00289840417243703
1997-01-13,0.3232516646385193,0.0
1997-01-14,0.3232516646385193,0.05813953702780039
1997-01-15,0.3420453667640686,-0.010303439759981936
1997-01-16,0.3385211229324341,0.0
1997-01-17,0.3385211229324341,0.0
1997-01-20,0.3385211229324341,-0.028451298560668414
1997-01-21,0.32888975739479065,0.0
1997-01-22,0.32888975739479065,0.0
1997-01-23,0.32888975739479065,0.0
1997-01-24,0.32888975739479065,0.0
1997-01-27,0.32888975739479065,0.0425712566360712
1997-01-28,0.34289100766181946,-0.040832946779513435
1997-01-29,0.32888975739479065,0.0
1997-01-30,0.32888975739479065,0.0
1997-01-31,0.32888975739479065,0.0
1997-02-03,0.32888975739479065,-0.014285806195143413
1997-02-04,0.32419130206108093,0.0
1997-02-05,0.32419130206108093,0.0
1997-02-06,0.32419130206108093,0.0
1997-02-07,0.32419130206108093,0.0
1997-02-10,0.32419130206108093,0.01449284821597252
1997-02-11,0.32888975739479065,0.02214148633313906
1997-02-12,0.33617186546325684,0.0
1997-02-13,0.33617186546325684,0.006290660259133496
1997-02-14,0.3382866084575653,0.0
1997-02-17,0.3382866084575653,0.0
1997-02-18,0.3382866084575653,0.0
1997-02-19,0.3382866084575653,0.030555329193028058
1997-02-20,0.3486230671405792,-0.029649382548877168
1997-02-21,0.3382866084575653,-0.030555593486573662
1997-02-24,0.32795006036758423,0.04011458193424344
1997-02-25,0.3411056399345398,0.0
1997-02-26,0.3411056399345398,-0.008264394213814419
1997-02-27,0.3382866084575653,0.0
1997-02-28,0.3382866084575653,0.09722223078729075
1997-03-03,0.3711755871772766,0.020253021658046322
1997-03-04,0.37869301438331604,-0.0049626071146468
1997-03-05,0.37681370973587036,0.009974556639356758
1997-03-06,0.38057225942611694,0.0
1997-03-07,0.38057225942611694,0.0
1997-03-10,0.38057225942611694,0.0
1997-03-11,0.38057225942611694,0.0
1997-03-12,0.38057225942611694,0.0
1997-03-13,0.38057225942611694,-0.02469090170421251
1997-03-14,0.3711755871772766,0.012658228864452115
1997-03-17,0.37587401270866394,0.0
1997-03-18,0.37587401270866394,0.0
1997-03-19,0.37587401270866394,0.0
1997-03-20,0.37587401270866394,0.0
1997-03-21,0.37587401270866394,0.0
1997-03-24,0.37587401270866394,-0.050000241828592085
1997-03-25,0.35708022117614746,0.0
1997-03-26,0.35708022117614746,0.0
1997-03-27,0.35708022117614746,0.0
1997-03-28,0.35708022117614746,0.0
1997-03-31,0.35708022117614746,-0.013157648746113249
1997-04-01,0.3523818850517273,0.0
1997-04-02,0.3523818850517273,0.0
1997-04-03,0.3523818850517273,0.0
1997-04-04,0.3523818850517273,-0.03200007036551333
1997-04-07,0.3411056399345398,0.0
1997-04-08,0.3411056399345398,0.03305792633435045
1997-04-09,0.3523818850517273,0.0
1997-04-10,0.3523818850517273,0.02453303770796511
1997-04-11,0.3610268831253052,0.0
1997-04-14,0.3610268831253052,0.038521710159408196
1997-04-15,0.37493425607681274,0.0
1997-04-16,0.37493425607681274,0.0
1997-04-17,0.37493425607681274,0.0
1997-04-18,0.37493425607681274,0.0
1997-04-21,0.37493425607681274,-0.010024874597657663
1997-04-22,0.3711755871772766,0.015189906754026206
1997-04-23,0.37681370973587036,0.009974556639356758
1997-04-24,0.38057225942611694,0.004938415268546548
1997-04-25,0.3824516832828522,0.0
1997-04-28,0.3824516832828522,-0.004914147169134742
1997-04-29,0.38057225942611694,0.03209919023552765
1997-04-30,0.3927883207798004,0.0
1997-05-01,0.3927883207798004,0.05263149508690912
1997-05-02,0.4134613573551178,0.0431817266073693
1997-05-05,0.4313153326511383,0.010893318595538881
1997-05-06,0.436013787984848,0.010776069628600338
1997-05-07,0.4407123029232025,0.0
1997-05-08,0.4407123029232025,0.0
1997-05-09,0.4407123029232025,0.055436723023514434
1997-05-12,0.46514394879341125,-0.0070708315241233555
1997-05-13,0.4618549942970276,0.0
1997-05-14,0.4618549942970276,-0.0071207325258713094
1997-05-15,0.45856624841690063,0.0
1997-05-16,0.45856624841690063,-0.004098153432816054
1997-05-19,0.45668697357177734,-0.012345965823781335
1997-05-20,0.45104873180389404,-0.015625037166286382
1997-05-21,0.44400107860565186,0.0
1997-05-22,0.44400107860565186,-0.006349154569235349
1997-05-23,0.44118204712867737,0.0011704575092581493
1997-05-26,0.44169843196868896,-0.059673475501553885
1997-05-27,0.41534075140953064,-0.00452494499524736
1997-05-28,0.4134613573551178,-0.002614632354536517
1997-05-29,0.41238030791282654,0.0
1997-05-30,0.41238030791282654,0.0071789157724038155
1997-06-02,0.41534075140953064,0.0
1997-06-03,0.41534075140953064,0.025451470212477068
1997-06-04,0.4259117841720581,0.0
1997-06-05,0.4259117841720581,0.0038614596310408977
1997-06-06,0.42755642533302307,0.0
1997-06-09,0.42755642533302307,0.04318626544488846
1997-06-10,0.4460209906101227,0.01548638876395736
1997-06-11,0.45292824506759644,0.03392021845338955
1997-06-12,0.46829167008399963,-0.01675482893079927
1997-06-13,0.4604455232620239,-0.05102049270200082
1997-06-16,0.4369533658027649,0.027957357259945415
1997-06-17,0.44916942715644836,0.02928848083733504
1997-06-18,0.46232491731643677,-0.014227569691324438
1997-06-19,0.45574715733528137,-0.014432849603039699
1997-06-20,0.44916942715644836,0.020920438240733752
1997-06-23,0.45856624841690063,0.006863747349211247
1997-06-24,0.4617137312889099,0.02778149641291927
1997-06-25,0.4745408296585083,0.05059320673533563
1997-06-26,0.49854937195777893,-0.008293012522729848
1997-06-27,0.49441489577293396,0.022046724944606133
1997-06-30,0.5053151249885559,0.06927107458897552
1997-07-01,0.5403188467025757,0.054347104250767275
1997-07-02,0.5696836113929749,0.020783755096019485
1997-07-03,0.5815237760543823,0.03627760381700118
1997-07-04,0.6026200652122498,0.005769272425204086
1997-07-07,0.6060967445373535,-0.022868598833902243
1997-07-08,0.5922361612319946,0.05656550061925869
1997-07-09,0.6257362961769104,-0.002102473082543521
1997-07-10,0.624420702457428,0.027238534098902534
1997-07-11,0.6414290070533752,-0.008936389554772273
1997-07-14,0.6356969475746155,-0.00014776997203524989
1997-07-15,0.6356030106544495,0.07000211653628141
1997-07-16,0.6800965666770935,0.059413010915654096
1997-07-17,0.7205031514167786,0.0
1997-07-18,0.7205031514167786,-0.03038797779986946
1997-07-21,0.6986085176467896,0.06994390952217389
1997-07-22,0.7474719285964966,0.07002329572557642
1997-07-23,0.799812376499176,0.012160262321959214
1997-07-24,0.8095383048057556,-0.017411095540436183
1997-07-25,0.7954433560371399,0.06969856485323511
1997-07-28,0.8508846163749695,0.053285162139963926
1997-07-29,0.8962241411209106,-0.009383588055077441
1997-07-30,0.8878143429756165,0.029212853421870966
1997-07-31,0.9137499332427979,0.07003238057217853
1997-08-01,0.9777420163154602,0.07259121657807222
1997-08-04,1.0487174987792969,0.027080756779368276
1997-08-05,1.0771175622940063,0.000262298217135859
1997-08-06,1.0774000883102417,0.06998615937552666
1997-08-07,1.1528031826019287,0.07002471662536891
1997-08-08,1.2335278987884521,0.042609761391598555
1997-08-11,1.286088228225708,-0.02186209562227892
1997-08-12,1.2579716444015503,-0.01209309792031954
1997-08-13,1.242758870124817,-0.03403150325798032
1997-08-14,1.2004659175872803,0.0
1997-08-15,1.2004659175872803,-0.013182806602981989
1997-08-18,1.1846404075622559,-0.0002385915791159876
1997-08-19,1.184357762336731,-0.005049967725580973
1997-08-20,1.1783767938613892,-0.006035139714035687
1997-08-21,1.1712651252746582,-0.017250188391500942
1997-08-22,1.1510605812072754,-0.014771231703735288
1997-08-25,1.1340579986572266,-0.007682719363307777
1997-08-26,1.1253453493118286,-0.006906190741371776
1997-08-27,1.1175734996795654,-0.05663930206724643
1997-08-28,1.0542749166488647,-0.014696911396206547
1997-08-29,1.0387803316116333,0.009566187253705838
1997-09-01,1.0487174987792969,0.07001448174890412
1997-09-02,1.1221429109573364,0.07000741616813899
1997-09-03,1.2007012367248535,-0.01659248236633626
1997-09-04,1.1807786226272583,0.0380523587420567
1997-09-05,1.2257100343704224,0.07000923263866632
1997-09-08,1.311521053314209,0.025891951125248447
1997-09-09,1.345478892326355,0.021177412874185064
1997-09-10,1.3739726543426514,-0.019367209921325457
1997-09-11,1.3473626375198364,-0.017057912070226555
1997-09-12,1.3243794441223145,-0.03150823154540627
1997-09-15,1.2826505899429321,-0.00022017438666466216
1997-09-16,1.2823681831359863,-0.00763910295572745
1997-09-17,1.2725720405578613,-0.021317629760748136
1997-09-18,1.2454438209533691,0.024996027773045215
1997-09-19,1.276574969291687,-0.020106760053776873
1997-09-22,1.2509071826934814,0.049698809819914924
1997-09-23,1.3130757808685303,0.003981251539962649
1997-09-24,1.3183034658432007,0.0045370485998801335
1997-09-25,1.3242846727371216,0.05000357821045376
1997-09-26,1.3905036449432373,0.05002704813539327
1997-09-29,1.4600664377212524,0.00851572817436419
1997-09-30,1.472499966621399,-0.01928616099528624
1997-10-01,1.444101095199585,0.0
1997-10-02,1.444101095199585,0.0
1997-10-03,1.444101095199585,0.0
1997-10-06,1.444101095199585,0.0
1997-10-07,1.444101095199585,0.0
1997-10-08,1.444101095199585,-0.0005548952542340224
1997-10-09,1.4432997703552246,0.0006202881639107982
1997-10-10,1.444195032119751,0.003130554679215969
1997-10-13,1.448716163635254,-0.04951248741844616
1997-10-14,1.3769866228103638,-0.016212534307632698
1997-10-15,1.3546621799468994,-0.015401281093443742
1997-10-16,1.3337986469268799,0.03809982094456976
1997-10-17,1.3846161365509033,2.15000651743323
1997-10-20,4.3615498542785645,0.0500177493127949
1997-10-21,4.579704761505127,-0.6196897557842879
1997-10-22,1.7417086362838745,-0.022551983294766376
1997-10-23,1.7024296522140503,-0.012781094340983512
1997-10-24,1.6806707382202148,-0.0131149524686619
1997-10-27,1.6586288213729858,-0.05000399968749969
1997-10-28,1.575690746307373,0.050036042164793404
1997-10-29,1.6545320749282837,-0.011187443445132783
1997-10-30,1.6360220909118652,0.0
1997-10-31,1.6360220909118652,-0.01804968949168273
1997-11-03,1.6064924001693726,-0.016534514276428047
1997-11-04,1.5799298286437988,-0.04999120226549958
1997-11-05,1.5009472370147705,-0.04998595012349438
1997-11-06,1.4259209632873535,-0.03240197794723265
1997-11-07,1.37971830368042,-0.02549914825716726
1997-11-10,1.3445366621017456,-0.0002101289047735655
1997-11-11,1.3442541360855103,-0.0498213041176806
1997-11-12,1.277281641960144,-0.049999930002151305
1997-11-13,1.213417649269104,0.0
1997-11-14,1.213417649269104,0.009781032008908674
1997-11-17,1.2252861261367798,-0.022486767210409764
1997-11-18,1.1977334022521973,-0.02205912504394203
1997-11-19,1.1713124513626099,0.0032562628483461253
1997-11-20,1.175126552581787,0.0003613427749096232
1997-11-21,1.175551176071167,-0.013701829324066606
1997-11-24,1.159443974494934,0.04971951305150335
1997-11-25,1.2170909643173218,0.049918905542660985
1997-11-26,1.2778468132019043,0.049314249848591674
1997-11-27,1.3408628702163696,0.04288746070069682
1997-11-28,1.3983690738677979,0.00030314474308990036
1997-12-01,1.3987929821014404,0.0003028824282682585
1997-12-02,1.399216651916504,0.049984920102100316
1997-12-03,1.4691563844680786,0.031929109749072815
1997-12-04,1.516065239906311,-0.04995346241298626
1997-12-05,1.4403325319290161,-0.0496368059782899
1997-12-08,1.3688390254974365,-0.02508279009364911
1997-12-09,1.3345047235488892,0.04944439020220126
1997-12-10,1.4004884958267212,-0.024414824837512672
1997-12-11,1.3662958145141602,-0.012306523157891047
1997-12-12,1.349481463432312,-0.00010450279856377698
1997-12-15,1.3493404388427734,0.017696390380567806
1997-12-16,1.3732188940048218,0.03271942667127914
1997-12-17,1.4181498289108276,-0.004583188575475905
1997-12-18,1.4116501808166504,0.0007010770340269978
1997-12-19,1.412639856338501,-0.005501565305624068
1997-12-22,1.4048681259155273,-0.004123076943964188
1997-12-23,1.3990757465362549,0.0018176941314884676
1997-12-24,1.4016188383102417,0.0
1997-12-25,1.4016188383102417,-0.012096739555782943
1997-12-26,1.3846638202667236,-0.008163212947774001
1997-12-29,1.373360514640808,-0.02067916180977991
1997-12-30,1.3449605703353882,0.008193862500417648
1997-12-31,1.3559809923171997,-0.024695042802097555
1998-01-01,1.3224949836730957,0.015598493297032334
1998-01-02,1.3431239128112793,0.031032560748526228
1998-01-05,1.3848044872283936,-0.0056108586845941
1998-01-06,1.3770345449447632,0.03221799118254287
1998-01-07,1.4213998317718506,0.0012917276593260585
1998-01-08,1.4232358932495117,-0.013898437452885326
1998-01-09,1.403455138206482,-0.01973221008856252
1998-01-12,1.375761866569519,-0.0014376044074173588
1998-01-13,1.373784065246582,0.0032910927118527944
1998-01-14,1.3783053159713745,0.006560853370198627
1998-01-15,1.3873481750488281,0.004175918033463066
1998-01-16,1.3931416273117065,0.021399186532790493
1998-01-19,1.422953724861145,-0.0216463631481022
1998-01-20,1.392151951789856,-0.005480545531907799
1998-01-21,1.3845221996307373,-0.009490612106854535
1998-01-22,1.371382236480713,0.004533384422862774
1998-01-23,1.3775992393493652,0.0
1998-01-26,1.3775992393493652,0.012409939651129243
1998-01-27,1.3946951627731323,0.0029381469425622253
1998-01-28,1.3987929821014404,-0.003737453261593804
1998-01-29,1.393565058708191,0.010848608190660247
1998-01-30,1.4086833000183105,-0.007020966257455852
1998-02-02,1.3987929821014404,0.0007066688506471852
1998-02-03,1.3997814655303955,-0.0005041636937757055
1998-02-04,1.3990757465362549,0.00010071318911641924
1998-02-05,1.399216651916504,0.008179524054567011
1998-02-06,1.4106615781784058,-0.007411847412347683
1998-02-09,1.4002059698104858,-0.00040397490877364106
1998-02-10,1.3996403217315674,0.0005047255633532366
1998-02-11,1.4003467559814453,0.0
1998-02-12,1.4003467559814453,0.0020182242895183666
1998-02-13,1.4031729698181152,0.0
1998-02-16,1.4031729698181152,0.016614605050452536
1998-02-17,1.4264861345291138,0.004556488244880308
1998-02-18,1.4329859018325806,0.005718525047964995
1998-02-19,1.4411804676055908,0.010980604819157858
1998-02-20,1.457005500793457,0.06099638953488751
1998-02-23,1.5458775758743286,-0.008591382891772859
1998-02-24,1.5325963497161865,0.08712091690098678
1998-02-25,1.666117548942566,-0.0072083619201988025
1998-02-26,1.6541075706481934,0.02442968478616514
1998-02-27,1.694516897201538,0.06053548461803948
1998-03-02,1.7970952987670898,-0.04198471813970672
1998-03-03,1.7216447591781616,0.037915475914581664
1998-03-04,1.786921739578247,-0.019529631710552775
1998-03-05,1.7520238161087036,0.0003225819401333485
1998-03-06,1.7525889873504639,-0.016446577700580778
1998-03-09,1.7237648963928223,-0.003114594562595774
1998-03-10,1.7183960676193237,-0.027709632866598
1998-03-11,1.6707799434661865,0.0198737570741232
1998-03-12,1.7039846181869507,0.0
1998-03-13,1.7039846181869507,0.014925081811961283
1998-03-16,1.7294167280197144,-0.0008168935037907721
1998-03-17,1.728003978729248,0.03221575341615224
1998-03-18,1.7836729288101196,0.03596342945409048
1998-03-19,1.8478199243545532,0.03716182760747189
1998-03-20,1.9164882898330688,0.019610343411312403
1998-03-23,1.954071283340454,0.016413556469039747
1998-03-24,1.9861445426940918,0.03877080999037985
1998-03-25,2.0631489753723145,-0.00972476487477747
1998-03-26,2.0430853366851807,0.017150717075483657
1998-03-27,2.0781257152557373,0.02284469391854871
1998-03-30,2.1255998611450195,-0.016152590592560356
1998-03-31,2.091265916824341,0.1000608226390185
1998-04-01,2.3005197048187256,0.022479036600280722
1998-04-02,2.3522331714630127,0.011653073323372398
1998-04-03,2.3796439170837402,0.09761295267484549
1998-04-06,2.6119279861450195,0.00032459412042840086
1998-04-07,2.6127758026123047,0.0
1998-04-08,2.6127758026123047,0.20873918766110378
1998-04-09,3.1581645011901855,0.03333005694721436
1998-04-10,3.2634263038635254,0.00030304354197996375
1998-04-13,3.2644152641296387,0.0
1998-04-14,3.2644152641296387,0.10002585460799951
1998-04-15,3.5909411907196045,0.08601248786724347
1998-04-16,3.8998069763183594,0.03934590354598555
1998-04-17,4.053248405456543,0.005926394407335778
1998-04-20,4.077269554138184,0.00031190596649088853
1998-04-21,4.078541278839111,-0.0237996446058788
1998-04-22,3.981473445892334,0.01518834983780959
1998-04-23,4.041945457458496,-0.061488226257447876
1998-04-24,3.7934134006500244,-0.013334712696068118
1998-04-27,3.7428293228149414,0.010608295128140321
1998-04-28,3.78253436088562,0.01819169234304807
1998-04-29,3.8513450622558594,0.0121060100613406
1998-04-30,3.8979694843292236,0.0
1998-05-01,3.8979694843292236,0.04407713886168252
1998-05-04,4.0697808265686035,-0.0077418154461145194
1998-05-05,4.038273334503174,-0.004513351422320344
1998-05-06,4.020047187805176,0.0
1998-05-07,4.020047187805176,-0.008611198424795297
1998-05-08,3.9854297637939453,0.01457085933420843
1998-05-11,4.043500900268555,0.008176573226180261
1998-05-12,4.076562881469727,-0.03119360564976348
1998-05-13,3.9494001865386963,0.04564948293041016
1998-05-14,4.129688262939453,0.004174083410541263
1998-05-15,4.146925926208496,0.059114720537617904
1998-05-18,4.392070293426514,0.014862055454448742
1998-05-19,4.457345485687256,0.06231961531627306
1998-05-20,4.735125541687012,-0.03726894654912982
1998-05-21,4.558652400970459,0.02147918236327384
1998-05-22,4.65656852722168,0.007524833260492025
1998-05-25,4.691608428955078,0.022918247109263712
1998-05-26,4.799131870269775,0.09800984826979642
1998-05-27,5.26949405670166,0.02297906149075235
1998-05-28,5.390582084655762,-0.02933054515443345
1998-05-29,5.232473373413086,0.010504413807634005
1998-06-01,5.287437438964844,-0.04219456809540645
1998-06-02,5.06433629989624,0.03989630422073609
1998-06-03,5.266384601593018,-0.006358239721111381
1998-06-04,5.2328996658325195,-0.04970874377379786
1998-06-05,4.972778797149658,-0.01602466584195328
1998-06-08,4.893091678619385,0.07747381805704534
1998-06-09,5.2721781730651855,-0.041995163232973254
1998-06-10,5.050772190093994,0.005567001569168006
1998-06-11,5.078889846801758,0.018332950903954037
1998-06-12,5.172000885009766,-0.056951329427670117
1998-06-15,4.877448558807373,-0.01078499222436835
1998-06-16,4.824845314025879,0.06427298927877567
1998-06-17,5.134952545166016,-0.03373475314186125
1998-06-18,4.961726188659668,-0.035595907315885245
1998-06-19,4.785109043121338,-0.02358212438519558
1998-06-22,4.672266006469727,-0.014406561362958148
1998-06-23,4.604954719543457,0.05527399508557784
1998-06-24,4.8594889640808105,0.0158593484679308
1998-06-25,4.936557292938232,-0.002806897632900207
1998-06-26,4.922700881958008,0.0899109152458839
1998-06-29,5.365305423736572,-0.002002957555199081
1998-06-30,5.354558944702148,0.012095563366058437
1998-07-01,5.419325351715088,-0.009968017137302776
1998-07-02,5.365305423736572,-0.03934940184561464
1998-07-03,5.154183864593506,0.04441837794741055
1998-07-06,5.383124351501465,0.039166798798500935
1998-07-07,5.593964099884033,-0.02912109414457431
1998-07-08,5.431061744689941,-0.022652448751782517
1998-07-09,5.308034896850586,0.009111141135324852
1998-07-10,5.3563971519470215,-0.0064679820378541475
1998-07-13,5.321752071380615,-0.0029491449459850827
1998-07-14,5.306057453155518,0.007914997732217266
1998-07-15,5.348054885864258,0.0363561419883085
1998-07-16,5.542489528656006,-0.02854911406198668
1998-07-17,5.384256362915039,-0.0191989552591465
1998-07-20,5.280884265899658,-0.019895227162670004
1998-07-21,5.1758198738098145,-0.007158241835791168
1998-07-22,5.13877010345459,-0.027957789254714482
1998-07-23,4.995101451873779,-0.01421155885163139
1998-07-24,4.9241132736206055,0.019700261867055424
1998-07-27,5.021119594573975,0.07975630887257812
1998-07-28,5.421585559844971,0.03622867382434425
1998-07-29,5.618002414703369,-0.0011325089831312196
1998-07-30,5.611639976501465,0.0017388848262416268
1998-07-31,5.621397972106934,-0.02102999034856945
1998-08-03,5.503180027008057,-0.053164780710172166
1998-08-04,5.210604667663574,0.03167075881520165
1998-08-05,5.375628471374512,-0.0012361722302991485
1998-08-06,5.368983268737793,0.012879084057709544
1998-08-07,5.438130855560303,-0.01159717576796071
1998-08-10,5.375063896179199,-0.0023939158608435873
1998-08-11,5.362196445465088,-0.033518414426027654
1998-08-12,5.182464122772217,0.011842205142148066
1998-08-13,5.243835926055908,-0.01410341852199315
1998-08-14,5.169879913330078,-0.01627472877757885
1998-08-17,5.0857415199279785,-0.05352380036215587
1998-08-18,4.813533306121826,0.030551642340231444
1998-08-19,4.960594654083252,0.06818742183235194
1998-08-20,5.298844814300537,-0.017079531190283936
1998-08-21,5.208343029022217,0.009557263702603569
1998-08-24,5.258120536804199,-0.005540180272598061
1998-08-25,5.228989601135254,0.0
1998-08-26,5.228989601135254,-0.0030290025903735307
1998-08-27,5.213150978088379,-0.004502518574890035
1998-08-28,5.18967866897583,0.004005128843589167
1998-08-31,5.210464000701904,-0.04738524782571096
1998-09-01,4.963564872741699,0.007236378832491841
1998-09-02,4.999483108520508,0.013520017213693558
1998-09-03,5.067076206207275,-0.001618699941438484
1998-09-04,5.058874130249023,-0.0020962882501912583
1998-09-07,5.048269271850586,0.0012325507500339228
1998-09-08,5.0544915199279785,-0.004560267100954474
1998-09-09,5.031441688537598,-0.016328746330685373
1998-09-10,4.949284553527832,-0.03142888193366056
1998-09-11,4.793734073638916,-0.00020640216751122153
1998-09-14,4.7927446365356445,0.04903695252088469
1998-09-15,5.027766227722168,0.024412580057454614
1998-09-16,5.150506973266602,-0.020508830525239552
1998-09-17,5.0448760986328125,-0.006054610112485315
1998-09-18,5.014331340789795,-0.005499336000110322
1998-09-21,4.986755847930908,-0.042705167391232646
1998-09-22,4.7737956047058105,0.041411294652333064
1998-09-23,4.971484661102295,0.011292294550554027
1998-09-24,5.027624130249023,-0.006806818712079221
1998-09-25,4.993402004241943,-0.022853395694372503
1998-09-28,4.87928581237793,-0.018403135702310003
1998-09-29,4.789491653442383,0.06521972877729953
1998-09-30,5.101861000061035,0.0
1998-10-01,5.101861000061035,0.0
1998-10-02,5.101861000061035,-0.07741309821935438
1998-10-05,4.706910133361816,0.005077242610909138
1998-10-06,4.730808258056641,0.027529264534295272
1998-10-07,4.861043930053711,-0.03988219746863653
1998-10-08,4.667174816131592,0.006665662012050655
1998-10-09,4.69828462600708,0.014326576316675332
1998-10-12,4.765594959259033,0.0682175230636799
1998-10-13,5.090692043304443,0.05283321257910889
1998-10-14,5.359649658203125,0.05669893238434165
1998-10-15,5.663536071777344,-0.0024216791431315166
1998-10-16,5.649820804595947,-0.008635161838178584
1998-10-19,5.601033687591553,-0.008104224857377496
1998-10-20,5.5556416511535645,0.0
1998-10-21,5.5556416511535645,0.025427719878723165
1998-10-22,5.696908950805664,-0.010996223074633549
1998-10-23,5.6342644691467285,0.009938634429225823
1998-10-26,5.690261363983154,-0.023235483971255966
1998-10-27,5.558045387268066,0.011983374150420945
1998-10-28,5.624649524688721,-0.010081771011496099
1998-10-29,5.567943096160889,-0.009523823389290031
1998-10-30,5.5149149894714355,-0.019640546568427175
1998-11-02,5.406599044799805,0.012214004370963982
1998-11-03,5.472635269165039,0.0
1998-11-04,5.472635269165039,0.0030752077991464954
1998-11-05,5.48946475982666,-0.015456329010456904
1998-11-06,5.404617786407471,-0.0005231022105016692
1998-11-09,5.401790618896484,-0.0031936616510610527
1998-11-10,5.3845391273498535,-0.012894922042185453
1998-11-11,5.31510591506958,-0.006119183588516153
1998-11-12,5.282581806182861,-0.022753513443350082
1998-11-13,5.162384510040283,-0.03413029653238109
1998-11-16,4.9861907958984375,0.0059270522530794345
1998-11-17,5.015744209289551,0.012123271353383425
1998-11-18,5.07655143737793,-0.011142086922217076
1998-11-19,5.019988059997559,-0.009295782032847089
1998-11-20,4.973323345184326,-0.009951854371338276
1998-11-23,4.923829555511475,-0.002871677846031484
1998-11-24,4.909689903259277,0.0
1998-11-25,4.909689903259277,-0.012096889329691662
1998-11-26,4.850297927856445,-0.014431548675889805
1998-11-27,4.780300617218018,-0.003697649590020613
1998-11-30,4.762624740600586,-0.011282697907518124
1998-12-01,4.708889484405518,0.001801877156209608
1998-12-02,4.717374324798584,-0.0056954118603047554
1998-12-03,4.690506935119629,0.005728035380949681
1998-12-04,4.717374324798584,0.010192002446970161
1998-12-07,4.765453815460205,0.01364965222219472
1998-12-08,4.830500602722168,-0.028102836896935046
1998-12-09,4.69474983215332,0.0
1998-12-10,4.69474983215332,0.007318900902372194
1998-12-11,4.729110240936279,-0.00726572378996948
1998-12-14,4.69474983215332,-0.007229317774714472
1998-12-15,4.6608099937438965,0.01696038038853831
1998-12-16,4.739859104156494,-0.008323973197735812
1998-12-17,4.700404644012451,0.0006017775567608297
1998-12-18,4.703233242034912,0.08000632642208894
1998-12-21,5.079521656036377,0.010550734008797358
1998-12-22,5.133114337921143,-0.01652896477363841
1998-12-23,5.048269271850586,-0.026050563200789467
1998-12-24,4.916759014129639,0.0
1998-12-25,4.916759014129639,0.008196628304140585
1998-12-28,4.957059860229492,0.006989519136166633
1998-12-29,4.9917073249816895,0.04478720610631903
1998-12-30,5.215271949768066,0.003226688907544961
1998-12-31,5.232100009918213,-0.0054052359401117744
1999-01-01,5.203819274902344,0.06097817322141985
1999-01-04,5.521138668060303,0.08001231920738361
1999-01-05,5.962897777557373,0.08001333535597421
1999-01-06,6.440009117126465,0.05395027187824253
1999-01-07,6.787449359893799,0.04158402305752307
1999-01-08,7.069698810577393,0.03652337043401377
1999-01-11,7.327908039093018,0.08000657481319462
1999-01-12,7.914188861846924,0.08001135368332246
1999-01-13,8.54741382598877,0.08000635528946742
1999-01-14,9.231261253356934,-0.019623068079013817
1999-01-15,9.050115585327148,-0.02593708106043857
1999-01-18,8.81538200378418,-0.00545404505907765
1999-01-19,8.767302513122559,0.0
1999-01-20,8.767302513122559,0.08000003915945109
1999-01-21,9.468687057495117,0.033453027494808385
1999-01-22,9.785443305969238,0.07999966084453036
1999-01-25,10.568275451660156,0.0
1999-01-26,10.568275451660156,0.08000160626044517
1999-01-27,11.4137544631958,-0.049742864187723
1999-01-28,10.846001625061035,-0.03156445209853598
1999-01-29,10.503653526306152,-0.07999570360269981
1999-02-01,9.663406372070312,-0.04268546867919043
1999-02-02,9.250919342041016,0.027208665471101234
1999-02-03,9.50262451171875,-0.0193451090621809
1999-02-04,9.318795204162598,-0.013657112828015072
1999-02-05,9.191527366638184,0.023076847255373734
1999-02-08,9.40363883972168,-0.022556318537832576
1999-02-09,9.191527366638184,0.02089216503605784
1999-02-10,9.38355827331543,0.0021399735389671104
1999-02-11,9.40363883972168,-0.015037376666129143
1999-02-12,9.262232780456543,-0.02751160787693363
1999-02-15,9.007413864135742,-0.019906388149105614
1999-02-16,8.828108787536621,0.020343108950762634
1999-02-17,9.007699966430664,0.01852400432047485
1999-02-18,9.174558639526367,0.0018495415178567676
1999-02-19,9.191527366638184,-0.03384618098228731
1999-02-22,8.8804292678833,-0.042356771861094655
1999-02-23,8.50428295135498,0.0800133492019579
1999-02-24,9.184739112854004,0.04692688541887646
1999-02-25,9.615750312805176,0.0014704183194327314
1999-02-26,9.629889488220215,0.12188008502158576
1999-03-01,10.803581237792969,0.0
1999-03-02,10.803581237792969,0.04424049837328847
1999-03-03,11.281537055969238,-0.04111297903242128
1999-03-04,10.817719459533691,0.0036602542791932535
1999-03-05,10.857315063476562,-0.025788073839321468
1999-03-08,10.577325820922852,-0.04144401877897019
1999-03-09,10.138958930969238,0.028731118907462383
1999-03-10,10.430262565612793,-0.030640062108876487
1999-03-11,10.110678672790527,0.08000016978224944
1999-03-12,10.919534683227539,0.08000506901245608
1999-03-15,11.793152809143066,0.030960009192935845
1999-03-16,12.158268928527832,-0.04431263667388852
1999-03-17,11.61950397491455,-0.019106638225932504
1999-03-18,11.397494316101074,-0.012406934602634978
1999-03-19,11.256086349487305,-0.006281527310918356
1999-03-22,11.185380935668945,-0.06194690265486724
1999-03-23,10.492481231689453,0.01886765185467154
1999-03-24,10.690449714660645,0.0013233124131504237
1999-03-25,10.704596519470215,-0.027741164192914836
1999-03-26,10.407638549804688,0.0
1999-03-29,10.407638549804688,0.00815196276069341
1999-03-30,10.492481231689453,0.07951508448701539
1999-03-31,11.326791763305664,0.005492884483811578
1999-04-01,11.389008522033691,0.0
1999-04-02,11.389008522033691,-0.07996028551090206
1999-04-05,10.478340148925781,-0.03994589771351309
1999-04-06,10.059773445129395,0.04441956661446622
1999-04-07,10.506624221801758,-0.005383682699654724
1999-04-08,10.45005989074707,-0.03910671983362901
1999-04-09,10.04139232635498,-0.039008703730771366
1999-04-12,9.649690628051758,-0.002930789487780472
1999-04-13,9.62140941619873,0.0
1999-04-14,9.62140941619873,-0.07407387950514133
1999-04-15,8.908714294433594,0.07999977305484451
1999-04-16,9.62140941619873,0.02586695575351583
1999-04-19,9.870285987854004,0.020057112518231168
1999-04-20,10.068255424499512,0.01404531126285602
1999-04-21,10.209667205810547,-0.011080543550429423
1999-04-22,10.096538543701172,-0.01260481262470492
1999-04-23,9.969273567199707,-0.07347548548381833
1999-04-26,9.236776351928711,0.0
1999-04-27,9.236776351928711,-0.027862790644369917
1999-04-28,8.979413986206055,0.07811006799568121
1999-04-29,9.68079662322998,0.08000304599001629
1999-04-30,10.455289840698242,0.0800007953906745
1999-05-03,11.29172134399414,0.08001053695925453
1999-05-04,12.195178031921387,0.08000831432333788
1999-05-05,13.170893669128418,-0.03909111518959629
1999-05-06,12.656028747558594,-0.0011177164193770794
1999-05-07,12.64188289642334,-0.03803100111459168
1999-05-10,12.161099433898926,-0.004651486683840189
1999-05-11,12.104532241821289,-0.05724268195083693
1999-05-12,11.411636352539062,0.0328373768006065
1999-05-13,11.786364555358887,-0.004918803851378661
1999-05-14,11.728389739990234,-0.029419159434931008
1999-05-17,11.383350372314453,0.0
1999-05-18,11.383350372314453,0.003975601165787657
1999-05-19,11.428606033325195,0.014600006241779484
1999-05-20,11.595463752746582,-0.007316803365484459
1999-05-21,11.510622024536133,0.0019654902888723846
1999-05-24,11.533246040344238,0.02010801683716479
1999-05-25,11.765156745910645,-0.02043283835066878
1999-05-26,11.524761199951172,-0.01840501306291953
1999-05-27,11.312647819519043,-0.00024970134050505965
1999-05-28,11.309823036193848,0.02500605225862862
1999-05-31,11.592637062072754,-0.007562586990645825
1999-06-01,11.504966735839844,0.03244831327226705
1999-06-02,11.878283500671387,0.02857108907119965
1999-06-03,12.217658996582031,-0.007175783833200167
1999-06-04,12.129987716674805,-0.024248117847533668
1999-06-07,11.835858345031738,-0.0059735083895096075
1999-06-08,11.765156745910645,0.025408495864480685
1999-06-09,12.064091682434082,0.001676110979843104
1999-06-10,12.084312438964844,-0.007395519961614139
1999-06-11,11.994942665100098,-0.05585624421939017
1999-06-14,11.324950218200684,-0.007991362746378572
1999-06-15,11.234448432922363,0.010799841394519394
1999-06-16,11.355778694152832,0.0016064804087745355
1999-06-17,11.374021530151367,-0.007273115406783215
1999-06-18,11.29129695892334,0.022354463760019927
1999-06-21,11.543707847595215,-0.017357741426606954
1999-06-22,11.343335151672363,0.010932754705616832
1999-06-23,11.4673490524292,0.01027204131071291
1999-06-24,11.585142135620117,-0.006676708455501168
1999-06-25,11.507791519165039,0.0012289925559350046
1999-06-28,11.521934509277344,-0.003019461622046804
1999-06-29,11.487144470214844,0.02310624098806957
1999-06-30,11.752569198608398,-0.010046527509883219
1999-07-01,11.634496688842773,-0.011218514885749986
1999-07-02,11.503974914550781,0.013981423206169907
1999-07-05,11.664816856384277,0.006475685174452295
1999-07-06,11.740354537963867,0.005349675167541923
1999-07-07,11.80316162109375,-0.01387870831458815
1999-07-08,11.639348983764648,0.0011425886757785442
1999-07-09,11.652647972106934,0.01831882590985434
1999-07-12,11.866110801696777,-0.0013470744951243896
1999-07-13,11.850126266479492,0.008583460260533027
1999-07-14,11.951841354370117,-0.01628664677052638
1999-07-15,11.757185935974121,0.0042234523275426206
1999-07-16,11.806841850280762,0.0800106878864939
1999-07-19,12.75151538848877,-0.03827317061569302
1999-07-20,12.263474464416504,0.04137672799636993
1999-07-21,12.770896911621094,-0.010102413097023866
1999-07-22,12.64188003540039,-0.005438152705814381
1999-07-23,12.573131561279297,0.038298425562603544
1999-07-26,13.054662704467773,-0.00102945428549428
1999-07-27,13.041223526000977,0.07924955505467968
1999-07-28,14.074734687805176,0.0416196059892282
1999-07-29,14.66051959991455,-0.011028859074504238
1999-07-30,14.498830795288086,0.014518066876509472
1999-08-02,14.709325790405273,0.004711989473961342
1999-08-03,14.77863597869873,0.0293285145319373
1999-08-04,15.212071418762207,-0.030557244232701675
1999-08-05,14.747232437133789,0.014139080475082277
1999-08-06,14.955744743347168,0.004237406211550887
1999-08-09,15.019118309020996,-0.06602486924783002
1999-08-10,14.027482986450195,0.019926871396479973
1999-08-11,14.3070068359375,0.007633390356902137
1999-08-12,14.416217803955078,-0.05356709555783412
1999-08-13,13.643982887268066,0.04245680344100444
1999-08-16,14.223262786865234,-0.003361299574659582
1999-08-17,14.175454139709473,0.03567515724694248
1999-08-18,14.68116569519043,-0.004403118085516966
1999-08-19,14.616522789001465,-0.011284416210187054
1999-08-20,14.451583862304688,0.006940140365473857
1999-08-23,14.5518798828125,-0.002916621228262972
1999-08-24,14.509437561035156,0.011387615082914415
1999-08-25,14.674665451049805,0.023414976647931462
1999-08-26,15.018272399902344,0.009457130519818557
1999-08-27,15.16030216217041,-0.002603680291712873
1999-08-30,15.120829582214355,0.004583944878125967
1999-08-31,15.190142631530762,-0.00038134057976701996
1999-09-01,15.18435001373291,-0.0172909151488716
1999-09-02,14.921798706054688,-0.01426772776775076
1999-09-03,14.708898544311523,0.00926138325678938
1999-09-06,14.845123291015625,-0.0321891477967704
1999-09-07,14.367271423339844,0.0063806755394029135
1999-09-08,14.458944320678711,-0.030681731687687508
1999-09-09,14.015318870544434,-0.0011000857572882605
1999-09-10,13.999900817871094,0.0
1999-09-13,13.999900817871094,-0.029575625546663598
1999-09-14,13.585844993591309,0.04056671896983466
1999-09-15,14.136978149414062,0.006623989051043777
1999-09-16,14.230621337890625,0.01622294712304506
1999-09-17,14.4614839553833,0.05095362591512176
1999-09-20,15.198348999023438,0.06709890375778449
1999-09-21,16.218141555786133,-0.7839911098195373
1999-09-22,3.503262758255005,0.08003219600389255
1999-09-23,3.7836365699768066,0.08000934105840041
1999-09-24,4.086362838745117,3.999309195955436
1999-09-27,20.428991317749023,-0.029013857670034837
1999-09-28,19.836267471313477,-0.02203623355840245
1999-09-29,19.399150848388672,-0.019542723628226955
1999-09-30,19.020038604736328,-0.05228521362562166
1999-10-01,18.025571823120117,-0.017382616600379763
1999-10-04,17.71224021911621,0.07443501539631159
1999-10-05,19.030651092529297,0.013863033600860719
1999-10-06,19.29447364807129,0.05663719578590487
1999-10-07,20.387258529663086,0.007667281484956989
1999-10-08,20.5435733795166,-0.04093670737290411
1999-10-11,19.702587127685547,-0.01683638549714761
1999-10-12,19.370866775512695,0.022200268946770185
1999-10-13,19.800905227661133,-0.028290948300981666
1999-10-14,19.240718841552734,-0.055876684406460986
1999-10-15,18.165611267089844,-0.01456151042228837
1999-10-18,17.901092529296875,0.0
1999-10-19,17.901092529296875,0.04852030744157254
1999-10-20,18.7696590423584,-0.037532567527922556
1999-10-21,18.065185546875,-0.038565316913305
1999-10-22,17.36849594116211,-0.06027051774339254
1999-10-25,16.321687698364258,0.06326881310792642
1999-10-26,17.354341506958008,-0.00729512974034785
1999-10-27,17.227739334106445,-0.011824013315771209
1999-10-28,17.024038314819336,-0.07997872163786024
1999-10-29,15.662477493286133,-0.07997626298932159
1999-11-01,14.40985107421875,0.08000774860117499
1999-11-02,15.562750816345215,0.08003473555259544
1999-11-03,16.808311462402344,0.014938275583621152
1999-11-04,17.059398651123047,0.010904806084231833
1999-11-05,17.24542808532715,0.0
1999-11-08,17.24542808532715,0.000327929736989363
1999-11-09,17.251083374023438,-0.00852824290820442
1999-11-10,17.103961944580078,-0.03151146786995829
1999-11-11,16.564990997314453,-0.029504448333219302
1999-11-12,16.076250076293945,0.0033883504763847494
1999-11-15,16.130722045898438,-0.018022277969962475
1999-11-16,15.840009689331055,-0.017637545460555182
1999-11-17,15.560630798339844,0.01654557863620787
1999-11-18,15.818090438842773,0.014621917743799617
1999-11-19,16.049381256103516,0.08003127459297033
1999-11-22,17.333833694458008,0.0
1999-11-23,17.333833694458008,0.06594049398096669
1999-11-24,18.476835250854492,-0.016154335063144787
1999-11-25,18.178354263305664,-0.0015951620726845084
1999-11-26,18.149356842041016,0.0011301572488646716
1999-11-29,18.16986846923828,-0.031803615359841664
1999-11-30,17.59200096130371,0.07269207521189602
1999-12-01,18.870800018310547,-0.02308814851905261
1999-12-02,18.435108184814453,0.008056547821662319
1999-12-03,18.58363151550293,0.023787830968857726
1999-12-06,19.02569580078125,-0.020149085548750945
1999-12-07,18.642345428466797,0.058959635390289256
1999-12-08,19.741491317749023,0.04514355095786793
1999-12-09,20.632692337036133,0.030852492074627813
1999-12-10,21.269262313842773,0.08001044549479297
1999-12-13,22.971025466918945,0.08002601915915508
1999-12-14,24.80930519104004,-0.060411674407623295
1999-12-15,23.31053352355957,0.03146513178937371
1999-12-16,24.044002532958984,0.0024417772451206243
1999-12-17,24.102712631225586,0.08002452843342867
1999-12-20,26.03152084350586,0.06944900554762024
1999-12-21,27.839384078979492,0.08000531657789156
1999-12-22,30.066682815551758,0.08000627521592296
1999-12-23,32.472206115722656,0.05526036506298926
1999-12-24,34.266632080078125,-0.03434678215859832
1999-12-27,33.089683532714844,0.015069408786591909
1999-12-28,33.58832550048828,0.05475061947911741
1999-12-29,35.42730712890625,0.007187638364622773
1999-12-30,35.68194580078125,0.0
1999-12-31,35.68194580078125,0.0800032457369233
2000-01-03,38.536617279052734,0.08000520285646329
2000-01-04,41.619747161865234,0.016297526930120654
2000-01-05,42.29804611206055,-0.01934718045226358
2000-01-06,41.479698181152344,-0.07998985437645889
2000-01-07,38.1617431640625,0.00135317605023344
2000-01-10,38.213382720947266,-0.07992346124631633
2000-01-11,35.159236907958984,0.031161523494694476
2000-01-12,36.254852294921875,-0.03224865930021825
2000-01-13,35.0856819152832,0.007096384115641952
2000-01-14,35.33466339111328,0.08000867990892568
2000-01-17,38.1617431640625,-0.007617450523157432
2000-01-18,37.87104797363281,0.04009813785070171
2000-01-19,39.38960647583008,0.0042738788246741155
2000-01-20,39.557952880859375,0.06912452217383414
2000-01-21,42.29237747192383,0.08000816835101321
2000-01-24,45.67611312866211,0.08001139829655268
2000-01-25,49.33072280883789,0.0
2000-01-26,49.33072280883789,0.08000616776395275
2000-01-27,53.27748489379883,0.08000001145608815
2000-01-28,57.5396842956543,-0.06454763070796432
2000-01-31,53.82563400268555,0.08000004535768679
2000-02-01,58.13168716430664,0.07999981363451214
2000-02-02,62.78221130371094,0.07999948960929593
2000-02-03,67.80475616455078,0.0800088440759037
2000-02-04,73.229736328125,0.015927499341554796
2000-02-07,74.39610290527344,-0.07436588103715158
2000-02-08,68.86357116699219,0.0701410334446182
2000-02-09,73.69373321533203,0.08000778533592645
2000-02-10,79.58980560302734,0.07999917561310177
2000-02-11,85.95692443847656,0.08000624148696511
2000-02-14,92.83401489257812,0.07999940828110597
2000-02-15,100.26068115234375,0.07999950994447458
2000-02-16,108.28148651123047,0.08000495466991375
2000-02-17,116.94454193115234,0.08000499733986244
2000-02-18,126.30068969726562,0.07382096596909937
2000-02-21,135.62432861328125,-0.08000049728428771
2000-02-22,124.7743148803711,-0.07999593259778903
2000-02-23,114.79287719726562,-0.07999517749811047
2000-02-24,105.61000061035156,-0.07999926891892617
2000-02-25,97.1612777709961,0.018344934713233618
2000-02-28,98.94369506835938,-0.05400004688193494
2000-02-29,93.6007308959961,0.07974456399695651
2000-03-01,101.06488037109375,0.04919219589732626
2000-03-02,106.03648376464844,-0.07999761699428443
2000-03-03,97.55381774902344,0.006177495238364861
2000-03-06,98.15645599365234,-0.06710821749502915
2000-03-07,91.56935119628906,0.044615485622692796
2000-03-08,95.6547622680664,-0.048521809610261424
2000-03-09,91.01342010498047,-0.014237117298727453
2000-03-10,89.7176513671875,-0.07999542836617157
2000-03-13,82.5406494140625,-0.07999284206852386
2000-03-14,75.93798828125,-0.07999954588126368
2000-03-15,69.86298370361328,-0.06935026565780078
2000-03-16,65.0179672241211,0.0
2000-03-17,65.0179672241211,0.0
2000-03-20,65.0179672241211,-0.0764107985944672
2000-03-21,60.04989242553711,0.07999996696675882
2000-03-22,64.8538818359375,0.08000714779129003
2000-03-23,70.04265594482422,0.08000757246424572
2000-03-24,75.64659881591797,0.07999928594128325
2000-03-27,81.69827270507812,0.059277726665045494
2000-03-28,86.5411605834961,0.08000565629059997
2000-03-29,93.4649429321289,-0.07999673812880093
2000-03-30,85.98805236816406,-0.07999395951919619
2000-03-31,79.10952758789062,-0.07999300610548088
2000-04-03,72.78131866455078,-0.0800000587027141
2000-04-04,66.95880889892578,0.01002446896088105
2000-04-05,67.63003540039062,0.021544370044506156
2000-04-06,69.08708190917969,0.08000866225190717
2000-04-07,74.6146469116211,0.08000620865815367
2000-04-10,80.58428192138672,-0.01205130338978766
2000-04-11,79.6131362915039,-0.03805117233233024
2000-04-12,76.5837631225586,-0.07999940625545743
2000-04-13,70.45710754394531,0.0
2000-04-14,70.45710754394531,-0.07999844936964495
2000-04-17,64.82064819335938,-0.07999373129451715
2000-04-18,59.63540267944336,-0.052209346306606674
2000-04-19,56.52187728881836,0.025115019223694413
2000-04-20,57.94142532348633,0.0
2000-04-21,57.94142532348633,-0.0019531901941912677
2000-04-24,57.82825469970703,-0.0799913320707446
2000-04-25,53.20249557495117,0.062324927411221864
2000-04-26,56.51833724975586,-0.07999281584709117
2000-04-27,51.997276306152344,-0.07999758487669151
2000-04-28,47.83761978149414,0.0
2000-05-01,47.83761978149414,-0.1199987719636103
2000-05-02,42.097164154052734,-0.11292355166983992
2000-05-03,37.34340286254883,0.114949625353024
2000-05-04,41.63601303100586,0.11043708211482373
2000-05-05,46.23417282104492,-0.11940269691174377
2000-05-08,40.713687896728516,0.023455405393630224
2000-05-09,41.668643951416016,-0.030692970960392918
2000-05-10,40.38970947265625,-0.11016176926157362
2000-05-11,35.9403076171875,-0.04459930949688029
2000-05-12,34.33739471435547,0.013617080653084868
2000-05-15,34.804969787597656,-0.007864936035127057
2000-05-16,34.53123092651367,-0.037159880713487525
2000-05-17,33.24805450439453,-0.11999531195035029
2000-05-18,29.25844383239746,-0.03309771392173233
2000-05-19,28.290056228637695,-0.10629344915031458
2000-05-22,25.283008575439453,0.024032976909796
2000-05-23,25.890634536743164,-0.007103281391710126
2000-05-24,25.70672607421875,-0.0024493000600694925
2000-05-25,25.643762588500977,-0.11138694849434172
2000-05-26,22.787382125854492,0.037685469950116124
2000-05-29,23.646135330200195,0.03036382269325344
2000-05-30,24.36412239074707,0.08460360751997631
2000-05-31,26.4254150390625,-0.059506971294871924
2000-06-01,24.85291862487793,0.07579565662147925
2000-06-02,26.736661911010742,0.09101250553674567
2000-06-05,29.170032501220703,0.11366019729430121
2000-06-06,32.485504150390625,0.05772533196804086
2000-06-07,34.360740661621094,0.005661750224424944
2000-06-08,34.55528259277344,-0.019385966267996935
2000-06-09,33.88539505004883,-0.007807626671295864
2000-06-12,33.62083053588867,-0.005512226188486569
2000-06-13,33.43550491333008,0.016163416036911737
2000-06-14,33.97593688964844,0.07586754883014679
2000-06-15,36.55360794067383,0.08661837141757789
2000-06-16,39.71982192993164,0.05305343779043148
2000-06-19,41.82709503173828,0.004684751697306977
2000-06-20,42.02304458618164,-0.08089967319617697
2000-06-21,38.62339401245117,0.009394965338392236
2000-06-22,38.98625946044922,-0.05060384457398981
2000-06-23,37.013404846191406,0.08107016480326079
2000-06-26,40.01408767700195,-0.022751710694542404
2000-06-27,39.10369873046875,0.03619756506809235
2000-06-28,40.51915740966797,0.0041025794555262785
2000-06-29,40.68539047241211,0.019142498788843998
2000-06-30,41.464210510253906,0.06298524121508131
2000-07-03,44.075843811035156,0.0488534143981012
2000-07-04,46.22909927368164,-0.021300007814381794
2000-07-05,45.24441909790039,-0.029627454976171808
2000-07-06,43.9039421081543,-0.028791861783076134
2000-07-07,42.63986587524414,0.003285087340649362
2000-07-10,42.77994155883789,-0.046828103424984
2000-07-11,40.77663803100586,0.0446697839747241
2000-07-12,42.598121643066406,-0.03684801844603869
2000-07-13,41.028465270996094,-0.017999852352769796
2000-07-14,40.28995895385742,-0.0008072509809198269
2000-07-17,40.2574348449707,-0.026954742356497974
2000-07-18,39.172306060791016,-0.01666740515065801
2000-07-19,38.519405364990234,-0.008832962899911867
2000-07-20,38.17916488647461,-0.0409465452104969
2000-07-21,36.61585998535156,-0.10463078681661586
2000-07-24,32.78471374511719,0.08544240169898343
2000-07-25,35.58591842651367,-0.03810589652183838
2000-07-26,34.22988510131836,0.038272474610112184
2000-07-27,35.539947509765625,-0.02466086282268265
2000-07-28,34.66350173950195,-0.015855806244400528
2000-07-31,34.11388397216797,-0.003566576276872291
2000-08-01,33.99221420288086,0.015732048159239564
2000-08-02,34.526981353759766,-0.026469993893520116
2000-08-03,33.61305236816406,-0.07468756596523163
2000-08-04,31.102575302124023,0.002797683186433586
2000-08-07,31.189590454101562,0.08110306985036009
2000-08-08,33.71916198730469,0.02712507223442273
2000-08-09,34.63379669189453,-0.051714487057114567
2000-08-10,32.84272766113281,0.01830751618788673
2000-08-11,33.44399642944336,0.032741795132120055
2000-08-14,34.53901290893555,0.0
2000-08-15,34.53901290893555,0.04935756298599703
2000-08-16,36.2437744140625,-0.025528128989016796
2000-08-17,35.318538665771484,0.05958421319639595
2000-08-18,37.42296600341797,0.020414759893930823
2000-08-21,38.186946868896484,0.025562912623861456
2000-08-22,39.163116455078125,0.003955728876479769
2000-08-23,39.31803512573242,0.10179347271903993
2000-08-24,43.32035446166992,0.007707439417740325
2000-08-25,43.65424346923828,-0.01108348018271721
2000-08-28,43.17040252685547,0.01781112113941119
2000-08-29,43.93931579589844,0.053464500537746984
2000-08-30,46.288509368896484,-0.0031786047021428177
2000-08-31,46.14137649536133,0.0
2000-09-01,46.14137649536133,0.058562950341382036
2000-09-04,48.84355163574219,-0.021173310557195846
2000-09-05,47.80937194824219,-0.006303070149541901
2000-09-06,47.508026123046875,-0.0028587730922831067
2000-09-07,47.37221145629883,-0.0063014858425936016
2000-09-08,47.07369613647461,-0.019955856064872157
2000-09-11,46.134300231933594,-0.006378624472148209
2000-09-12,45.84002685546875,0.007607836701760018
2000-09-13,46.18877029418945,-0.0257134289095019
2000-09-14,45.0010986328125,-0.07106641412291914
2000-09-15,41.80303192138672,-0.08630017080938901
2000-09-18,38.1954231262207,-0.024372144938713314
2000-09-19,37.26451873779297,0.0466783093297245
2000-09-20,39.003963470458984,-0.03891974839248857
2000-09-21,37.485939025878906,-0.07159453302497665
2000-09-22,34.80215072631836,0.14368166784041736
2000-09-25,39.802581787109375,-0.041871062395198444
2000-09-26,38.13600540161133,0.009478425047201089
2000-09-27,38.497474670410156,-0.025999907648543652
2000-09-28,37.496543884277344,0.0022825183066392807
2000-09-29,37.582130432128906,0.0
2000-10-02,37.582130432128906,-0.011951871359215938
2000-10-03,37.13295364379883,0.02369793616946314
2000-10-04,38.0129280090332,-0.016003635173636677
2000-10-05,37.40458297729492,-0.013521546880301605
2000-10-06,36.8988151550293,-0.030750238581308875
2000-10-09,35.76416778564453,-0.03570038148926946
2000-10-10,34.48737335205078,-0.062497552722379224
2000-10-11,32.33199691772461,0.0184657463584752
2000-10-12,32.92903137207031,-0.06453179440389578
2000-10-13,30.804061889648438,0.017315079689415702
2000-10-16,31.33743667602539,-0.04769662422803578
2000-10-17,29.84274673461914,-0.09223028935982769
2000-10-18,27.090341567993164,0.14604311820885263
2000-10-19,31.04669952392578,0.045636738813270794
2000-10-20,32.46356964111328,-0.058135304631069085
2000-10-23,30.576290130615234,0.014135180679270665
2000-10-24,31.00849151611328,0.04040072877671563
2000-10-25,32.26125717163086,0.003420914628486482
2000-10-26,32.371620178222656,0.011034847171102147
2000-10-27,32.72883605957031,-0.0314258080848816
2000-10-30,31.700305938720703,0.04811032912577495
2000-10-31,33.22541809082031,0.028315891765684942
2000-11-01,34.16622543334961,-0.016149217699694463
2000-11-02,33.61446762084961,0.012163306354831427
2000-11-03,34.02333068847656,-0.027111186754766092
2000-11-06,33.10091781616211,-0.007180305828822564
2000-11-07,32.863243103027344,0.023935385451860025
2000-11-08,33.649837493896484,0.018814087081853614
2000-11-09,34.282928466796875,-0.03088795183833115
2000-11-10,33.2239990234375,-0.06919598570384056
2000-11-13,30.925031661987305,0.05773336409758634
2000-11-14,32.7104377746582,0.026296918486573118
2000-11-15,33.570621490478516,0.0006317939869802114
2000-11-16,33.59183120727539,0.011160816439256482
2000-11-17,33.96674346923828,0.03334176383266363
2000-11-20,35.0992546081543,0.027066232267394463
2000-11-21,36.049259185791016,-0.029237477668218603
2000-11-22,34.995269775390625,-0.012330114020362326
2000-11-23,34.56377410888672,0.019933590017356284
2000-11-24,35.25275421142578,0.050786480427316594
2000-11-27,37.04311752319336,-0.008115847466554915
2000-11-28,36.74248123168945,0.006121687685018307
2000-11-29,36.9674072265625,-0.013546994752952957
2000-11-30,36.466609954833984,0.09407936793366778
2000-12-01,39.89736557006836,-0.013137288928855018
2000-12-04,39.37322235107422,0.050196513010666965
2000-12-05,41.3496208190918,-0.0013685986186702248
2000-12-06,41.29302978515625,0.005704535544568401
2000-12-07,41.528587341308594,0.025567057090131184
2000-12-08,42.59035110473633,-0.0041521549189618145
2000-12-11,42.413509368896484,-0.003969169435263709
2000-12-12,42.24516296386719,0.008171068985208585
2000-12-13,42.59035110473633,-0.023451551549713567
2000-12-14,41.5915412902832,-0.05359143785827958
2000-12-15,39.36259078979492,0.01020761693346639
2000-12-18,39.76438903808594,-0.05640965326540803
2000-12-19,37.52129364013672,-0.013573835332354234
2000-12-20,37.011985778808594,-0.04447382985981918
2000-12-21,35.36592102050781,-0.07814581094263773
2000-12-22,32.60222244262695,0.0
2000-12-25,32.60222244262695,-0.05357043609899148
2000-12-26,30.8557071685791,0.030398688234120064
2000-12-27,31.79368019104004,0.02213810089300261
2000-12-28,32.49753189086914,0.04449166941834837
2000-12-29,33.94340133666992,-0.013879431458029168
2001-01-01,33.472286224365234,0.02064707753403905
2001-01-02,34.16339111328125,-0.004555520221248388
2001-01-03,34.00775909423828,0.1057492319064759
2001-01-04,37.60405349731445,0.05028263758287066
2001-01-05,39.4948844909668,-0.04599449820430046
2001-01-08,37.67833709716797,0.01473775329928162
2001-01-09,38.2336311340332,0.004995352058728253
2001-01-10,38.42462158203125,-0.06964291103631326
2001-01-11,35.748619079589844,0.013297214491159393
2001-01-12,36.223976135253906,-0.0008005561980551912
2001-01-15,36.194976806640625,-0.016455747164717427
2001-01-16,35.599361419677734,-0.00584216364080381
2001-01-17,35.39138412475586,0.05588426107116251
2001-01-18,37.369205474853516,0.10291929053901283
2001-01-19,41.21521759033203,-0.00997184274959595
2001-01-22,40.80422592163086,-0.021583247659556326
2001-01-23,39.92353820800781,0.011516937780463365
2001-01-24,40.38333511352539,-0.004939709995485653
2001-01-25,40.18385314941406,0.0
2001-01-26,40.18385314941406,-0.042371166160177665
2001-01-29,38.48121643066406,0.040110253954847686
2001-01-30,40.02470779418945,-0.01371480648025769
2001-01-31,39.47577667236328,-0.01600189325087753
2001-02-01,38.84408950805664,0.02427469213851463
2001-02-02,39.787017822265625,-0.007591615205780888
2001-02-05,39.48497009277344,0.025134801852001454
2001-02-06,40.4774169921875,-0.012163044986142513
2001-02-07,39.98508834838867,0.01974326862688658
2001-02-08,40.7745246887207,0.018094084862871007
2001-02-09,41.51230239868164,0.01605208358125343
2001-02-12,42.17866134643555,0.006976649748396513
2001-02-13,42.47292709350586,-0.032609776358464515
2001-02-14,41.087894439697266,0.013015199687678392
2001-02-15,41.62266159057617,-0.034975750909782
2001-02-16,40.16687774658203,0.007414592859342095
2001-02-19,40.464698791503906,-0.015803607571869827
2001-02-20,39.82521057128906,-0.02914671923401857
2001-02-21,38.66443634033203,-0.04297612881265633
2001-02-22,37.00278854370117,-0.0322117628356694
2001-02-23,35.81086349487305,-0.0038319686079609783
2001-02-26,35.67363739013672,-0.0719197615816708
2001-02-27,33.10799789428711,0.08640218419891643
2001-02-28,35.96860122680664,-0.05406263028355318
2001-03-01,34.024044036865234,-0.12702984875659795
2001-03-02,29.701974868774414,-0.04410665569682337
2001-03-05,28.39192008972168,0.0
2001-03-06,28.39192008972168,0.07045816198979105
2001-03-07,30.392362594604492,0.03949768647621732
2001-03-08,31.592790603637695,-0.11381023623858433
2001-03-09,27.997207641601562,-0.1599839902988024
2001-03-12,23.518102645874023,-0.15914207479340048
2001-03-13,19.77538299560547,0.1374300298726967
2001-03-14,22.493114471435547,0.06050706910192338
2001-03-15,23.854106903076172,-0.01725897303001611
2001-03-16,23.44240951538086,-0.00784503636689382
2001-03-19,23.258502960205078,-0.019312696887377356
2001-03-20,22.80931854248047,-0.010420656107394066
2001-03-21,22.571630477905273,-0.05619089346955619
2001-03-22,21.30331039428711,-0.057278448429457396
2001-03-23,20.08308982849121,0.0025711054737327377
2001-03-26,20.13472557067871,0.018093203219470277
2001-03-27,20.499027252197266,0.03188503185051195
2001-03-28,21.152639389038086,-0.04925936028385747
2001-03-29,20.110673904418945,-0.05845889308251262
2001-03-30,18.935026168823242,-0.05226440298055679
2001-04-02,17.945398330688477,0.02372988759062622
2001-04-03,18.371240615844727,-0.05140377920229211
2001-04-04,17.426889419555664,0.0
2001-04-05,17.426889419555664,-0.06092675163453276
2001-04-06,16.36512565612793,-0.0006053585537315609
2001-04-09,16.3552188873291,-0.0693741986006744
2001-04-10,15.220588684082031,-0.15996641341598694
2001-04-11,12.785805702209473,-0.06766252782431481
2001-04-12,11.920685768127441,0.0
2001-04-13,11.920685768127441,0.16004006481732236
2001-04-16,13.828473091125488,0.10430211159083602
2001-04-17,15.270812034606934,0.1574021644320629
2001-04-18,17.674470901489258,0.03433956224957546
2001-04-19,18.281404495239258,0.06225804590451833
2001-04-20,19.41956901550293,-0.0026955893401007236
2001-04-23,19.36722183227539,0.08806035295246151
2001-04-24,21.07270622253418,-0.006579462457437457
2001-04-25,20.934059143066406,-0.024363043570957643
2001-04-26,20.424041748046875,-0.13659843781518255
2001-04-27,17.6341495513916,0.1368688964739444
2001-04-30,20.04771614074707,0.0
2001-05-01,20.04771614074707,0.05984333984062262
2001-05-02,21.247438430786133,0.05626351407213992
2001-05-03,22.442893981933594,0.041037467258854265
2001-05-04,23.363893508911133,0.044991068548694946
2001-05-07,24.41506004333496,0.024829610477634434
2001-05-08,25.021276473999023,-0.08260776598895214
2001-05-09,22.95432472229004,-0.004345193477149456
2001-05-10,22.854583740234375,-0.015104006014162175
2001-05-11,22.509387969970703,-0.008799293507669725
2001-05-14,22.311321258544922,0.02152748462542342
2001-05-15,22.791627883911133,0.028305408725492587
2001-05-16,23.43675422668457,0.005613785399584348
2001-05-17,23.568323135375977,-0.013596308819529446
2001-05-18,23.247880935668945,0.027841459857727457
2001-05-21,23.8951358795166,0.026909227563717053
2001-05-22,24.538135528564453,0.019170077069269098
2001-05-23,25.008533477783203,0.008174547353755113
2001-05-24,25.212966918945312,0.004068582031606871
2001-05-25,25.315547943115234,0.03012151766664628
2001-05-28,26.07809066772461,0.005072470658105344
2001-05-29,26.210371017456055,-0.06336855996052326
2001-05-30,24.549457550048828,-0.03558577408133301
2001-05-31,23.675846099853516,-0.002181187697183007
2001-06-01,23.624204635620117,-0.06776042765447476
2001-06-04,22.023418426513672,-0.005588737962488377
2001-06-05,21.90033531188965,0.033300752137046974
2001-06-06,22.6296329498291,-0.00146875812564351
2001-06-07,22.59639549255371,0.05318671304570377
2001-06-08,23.7982234954834,0.005885170804198925
2001-06-11,23.93828010559082,0.026329039047124025
2001-06-12,24.568552017211914,0.002274513378118126
2001-06-13,24.624433517456055,-0.047456312965737824
2001-06-14,23.455848693847656,-0.05579160845757147
2001-06-15,22.14720916748047,-0.009233419649940622
2001-06-18,21.94271469116211,0.006159174194140693
2001-06-19,22.077863693237305,-0.02503118963635831
2001-06-20,21.52522850036621,0.003057485061033205
2001-06-21,21.591041564941406,-0.02880761390270814
2001-06-22,20.96905517578125,-0.13491238353461
2001-06-25,18.14006996154785,0.07407528908995542
2001-06-26,19.483800888061523,0.011803284209108478
2001-06-27,19.713773727416992,-0.008686498585726454
2001-06-28,19.542530059814453,0.018031773446468558
2001-06-29,19.894916534423828,-0.04840668850867236
2001-07-02,18.931869506835938,-0.0322553898183231
2001-07-03,18.32121467590332,-0.04070784593933974
2001-07-04,17.575397491455078,0.007206955940429083
2001-07-05,17.702062606811523,-0.029580069085384242
2001-07-06,17.178434371948242,-0.0206368837789197
2001-07-09,16.823925018310547,0.04361514920444032
2001-07-10,17.557703018188477,-0.026034586840418927
2001-07-11,17.100595474243164,0.08896467702183353
2001-07-12,18.621944427490234,3.789717002367077e-05
2001-07-13,18.622650146484375,-0.008891363377890538
2001-07-16,18.457069396972656,-0.023309310289950647
2001-07-17,18.02684783935547,0.07913325842268648
2001-07-18,19.453371047973633,-0.0072385309038413
2001-07-19,19.312557220458984,0.02121439453600682
2001-07-20,19.722261428833008,-0.026765195265637032
2001-07-23,19.19439125061035,-0.0036125007191911696
2001-07-24,19.125051498413086,0.012874992457890144
2001-07-25,19.371286392211914,-0.013332732054611718
2001-07-26,19.113014221191406,-0.0036649048511864235
2001-07-27,19.042966842651367,0.009920974551379746
2001-07-30,19.231891632080078,0.06207010775509403
2001-07-31,20.425617218017578,0.03983908346940379
2001-08-01,21.239355087280273,0.023753946710617146
2001-08-02,21.743873596191406,0.0030917402832899565
2001-08-03,21.811100006103516,-0.006034385811371057
2001-08-06,21.67948341369629,-0.0030680187463054676
2001-08-07,21.61297035217285,-0.011459021776703882
2001-08-08,21.365306854248047,-0.014406725340563753
2001-08-09,21.05750274658203,-0.04291110411445598
2001-08-10,20.153902053833008,-0.036900949410724415
2001-08-13,19.41020393371582,0.053333958300353146
2001-08-14,20.44542694091797,0.0
2001-08-15,20.44542694091797,0.01287491748522207
2001-08-16,20.708660125732422,-0.01906652315648949
2001-08-17,20.313817977905273,-0.010206387787901727
2001-08-20,20.106487274169922,0.01129687267290791
2001-08-21,20.333627700805664,0.0
2001-08-22,20.333627700805664,-0.012458308229392978
2001-08-23,20.080305099487305,0.05211779446598053
2001-08-24,21.126846313476562,0.03101461537850403
2001-08-27,21.782087326049805,-0.02498159602461869
2001-08-28,21.23793601989746,0.01585956454519377
2001-08-29,21.57476043701172,0.01223342351973078
2001-08-30,21.838693618774414,-0.028610019506950635
2001-08-31,21.21388816833496,-0.05436961273893348
2001-09-03,20.060497283935547,0.05781271898072893
2001-09-04,21.22024917602539,-0.03297876719851889
2001-09-05,20.520431518554688,-0.010965350933614504
2001-09-06,20.29541778564453,0.03500446025635284
2001-09-07,21.005847930908203,-0.019975549149858995
2001-09-10,20.586244583129883,0.026879064915514173
2001-09-11,21.139583587646484,-0.04003345595101793
2001-09-12,20.293292999267578,-0.003487090125221748
2001-09-13,20.2225284576416,-0.12145254639290681
2001-09-14,17.766450881958008,-0.134618561962619
2001-09-17,15.374756813049316,0.01099958992906469
2001-09-18,15.543872833251953,-0.09072711021801916
2001-09-19,14.133622169494629,-0.047111110751241414
2001-09-20,13.467771530151367,-0.07665630787519773
2001-09-21,12.435381889343262,0.19375260124224636
2001-09-24,14.844769477844238,0.008150396229082979
2001-09-25,14.965760231018066,0.08368807812174506
2001-09-26,16.218215942382812,-0.11422305920628628
2001-09-27,14.365721702575684,0.025120504454759773
2001-09-28,14.726595878601074,-0.006102595170106362
2001-10-01,14.636725425720215,0.0
2001-10-02,14.636725425720215,-0.10771059855865228
2001-10-03,13.060194969177246,0.016524826159669992
2001-10-04,13.276012420654297,-0.01737544706135552
2001-10-05,13.04533576965332,-0.03579925939171402
2001-10-08,12.578322410583496,0.03133397177884811
2001-10-09,12.972451210021973,0.06316505203673906
2001-10-10,13.79185676574707,0.049304478485058256
2001-10-11,14.471857070922852,0.025278813446624415
2001-10-12,14.837688446044922,-0.02904281430713762
2001-10-15,14.406760215759277,0.08344785846011638
2001-10-16,15.608973503112793,0.0692235291386214
2001-10-17,16.689481735229492,-0.07067757550060882
2001-10-18,15.509909629821777,0.0062046990531268165
2001-10-19,15.606143951416016,0.02888226685670725
2001-10-22,16.056884765625,-0.0067424076122489796
2001-10-23,15.948622703552246,-0.016859487962424757
2001-10-24,15.679737091064453,0.007220493928860927
2001-10-25,15.792952537536621,0.0
2001-10-26,15.792952537536621,0.015233774701147729
2001-10-29,16.033538818359375,-0.08332232953993912
2001-10-30,14.697587013244629,0.03177470228959001
2001-10-31,15.16459846496582,-0.0023326491516318937
2001-11-01,15.12922477722168,-0.03484436788324263
2001-11-02,14.602056503295898,-0.003198277671632943
2001-11-05,14.555355072021484,0.07681061348427853
2001-11-06,15.673360824584961,-0.009435396182834954
2001-11-07,15.525476455688477,-0.03108354594038365
2001-11-08,15.042889595031738,0.015240959696424694
2001-11-09,15.272157669067383,0.00991481338412381
2001-11-12,15.423578262329102,-0.007523746360709183
2001-11-13,15.307535171508789,0.02842868102488083
2001-11-14,15.742708206176758,0.1134935270950177
2001-11-15,17.529403686523438,0.0
2001-11-16,17.529403686523438,0.08654554246274615
2001-11-19,19.04649543762207,-0.017089583469567793
2001-11-20,18.720998764038086,0.019239047212001426
2001-11-21,19.081172943115234,0.01105114638800564
2001-11-22,19.292041778564453,-0.022593905474727283
2001-11-23,18.856159210205078,0.0979434876874079
2001-11-26,20.7029972076416,0.04843107356297249
2001-11-27,21.705665588378906,-0.04567232746515382
2001-11-28,20.714317321777344,-0.014586104136656619
2001-11-29,20.41217613220215,0.0
2001-11-30,20.41217613220215,0.06173946040589762
2001-12-03,21.672412872314453,0.04015907998408119
2001-12-04,22.542757034301758,0.10559360996208023
2001-12-05,24.923128128051758,0.00502514101090723
2001-12-06,25.048370361328125,-0.00019775276107625306
2001-12-07,25.04341697692871,-0.025909745518704064
2001-12-10,24.394548416137695,-0.038897809647695736
2001-12-11,23.445653915405273,0.03679026054981693
2001-12-12,24.308225631713867,-0.02419033574532592
2001-12-13,23.72020149230957,-0.013334601671874946
2001-12-14,23.403902053833008,0.0
2001-12-17,23.403902053833008,-0.013030805471873963
2001-12-18,23.09893035888672,-0.011364938765493604
2001-12-19,22.83641242980957,0.014780181538959436
2001-12-20,23.173938751220703,-0.004457762247961239
2001-12-21,23.070634841918945,0.048337349513135175
2001-12-24,24.185808181762695,0.0
2001-12-25,24.185808181762695,-0.022206127301586553
2001-12-26,23.64873504638672,-0.1265371310070985
2001-12-27,20.656291961669922,0.08587970687671831
2001-12-28,22.430248260498047,0.016088813604866026
2001-12-31,22.79112434387207,-0.01291551933603774
2002-01-01,22.49676513671875,0.024470647364122966
2002-01-02,23.04727554321289,0.032298333003680346
2002-01-03,23.791664123535156,0.06451005172168855
2002-01-04,25.326465606689453,0.0225188167034458
2002-01-07,25.896787643432617,0.00019127408648578204
2002-01-08,25.90174102783203,-0.04573139031509044
2002-01-09,24.71721839904785,-0.07769631793215204
2002-01-10,22.796781539916992,-0.05121493925868459
2002-01-11,21.62924575805664,0.0656265448695823
2002-01-14,23.04869842529297,0.005832678757208942
2002-01-15,23.183134078979492,0.044715437455608464
2002-01-16,24.219778060913086,0.02357707692442168
2002-01-17,24.790809631347656,-0.08006294121865054
2002-01-18,22.805984497070312,-0.017095897064992704
2002-01-21,22.416095733642578,0.011679822743946078
2002-01-22,22.67791175842285,-0.017754189593614078
2002-01-23,22.275283813476562,0.005781654476916254
2002-01-24,22.404071807861328,-0.001073880491931578
2002-01-25,22.38001251220703,-0.03351443192235071
2002-01-28,21.629959106445312,0.019759040479252477
2002-01-29,22.05734634399414,-0.001636487558976274
2002-01-30,22.021249771118164,0.057453494558951546
2002-01-31,23.286447525024414,-0.024127177066060157
2002-02-01,22.724611282348633,-0.0061031164301611485
2002-02-04,22.585920333862305,0.006798700877006736
2002-02-05,22.73947525024414,0.081154943862767
2002-02-06,24.584896087646484,-0.055031100348917894
2002-02-07,23.231962203979492,0.01961496814635577
2002-02-08,23.68765640258789,-0.02712358667909265
2002-02-11,23.045162200927734,0.03693782856942329
2002-02-12,23.896400451660156,-0.014864873925218736
2002-02-13,23.541183471679688,0.019267384843741464
2002-02-14,23.994760513305664,-0.02040728400621139
2002-02-15,23.50509262084961,0.005147832934283336
2002-02-18,23.6260929107666,-0.0010482060974691398
2002-02-19,23.601327896118164,-0.028242203161123136
2002-02-20,22.93477439880371,-0.0024067674908749837
2002-02-21,22.879575729370117,0.020164666928487396
2002-02-22,23.34093475341797,-0.0016976684209648596
2002-02-25,23.30130958557129,0.009838664564280952
2002-02-26,23.530563354492188,0.005713803069712142
2002-02-27,23.66501235961914,-0.051548598637477516
2002-02-28,22.445114135742188,0.02935067027518712
2002-03-01,23.103893280029297,0.04756348790820919
2002-03-04,24.202795028686523,0.031048680239588844
2002-03-05,24.954259872436523,0.01616299474922811
2002-03-06,25.357595443725586,0.029077113008260547
2002-03-07,26.094921112060547,0.0021964360869259902
2002-03-08,26.152236938476562,-0.031494451585348804
2002-03-11,25.32858657836914,-0.0023189924540686357
2002-03-12,25.26984977722168,-0.012684660863169883
2002-03-13,24.949310302734375,-0.002041798617558266
2002-03-14,24.89836883544922,0.0007953168995418203
2002-03-15,24.918170928955078,-0.006076790348781058
2002-03-18,24.766748428344727,-0.020370570174962355
2002-03-19,24.262235641479492,-0.007262429425366257
2002-03-20,24.08603286743164,0.0012927602732273336
2002-03-21,24.117170333862305,-0.0038141167160682388
2002-03-22,24.025184631347656,0.0
2002-03-25,24.025184631347656,-0.023208582709146164
2002-03-26,23.467594146728516,0.009588193154980607
2002-03-27,23.69260597229004,0.015799304912697876
2002-03-28,24.066932678222656,0.0
2002-03-29,24.066932678222656,-0.005968535118549667
2002-04-01,23.923288345336914,-0.014552138045633378
2002-04-02,23.575153350830078,-0.018699176467637635
2002-04-03,23.13431739807129,0.08206375687451084
2002-04-04,25.032806396484375,-0.02292455274145866
2002-04-05,24.458940505981445,-0.020019918074034027
2002-04-08,23.969274520874023,-0.02007423845189582
2002-04-09,23.488109588623047,0.06498199607065924
2002-04-10,25.014413833618164,-0.001018318524697026
2002-04-11,24.988941192626953,-0.006739507725966987
2002-04-12,24.820528030395508,-0.004190929067274918
2002-04-15,24.716506958007812,-0.018980800965044953
2002-04-16,24.24736785888672,0.045612370211484565
2002-04-17,25.353347778320312,0.025006891126816644
2002-04-18,25.987356185913086,-0.09693384716862019
2002-04-19,23.46830177307129,0.0022916660063203587
2002-04-22,23.522083282470703,-0.028608344267992525
2002-04-23,22.84915542602539,0.010559923095531776
2002-04-24,23.09044075012207,-0.025894757832060855
2002-04-25,22.49251937866211,-0.001761873886903964
2002-04-26,22.452890396118164,-0.04219845748064799
2002-04-29,21.505413055419922,0.013786748239250857
2002-04-30,21.801902770996094,0.0
2002-05-01,21.801902770996094,-0.006426416537683943
2002-05-02,21.661794662475586,0.011890179984730187
2002-05-03,21.919357299804688,0.005520422107236467
2002-05-06,22.040361404418945,0.0005777336967851543
2002-05-07,22.0530948638916,0.028460567057766673
2002-05-08,22.68073844909668,0.019093805111477513
2002-05-09,23.113800048828125,-0.01824614169922356
2002-05-10,22.692062377929688,0.001153551061193081
2002-05-13,22.718238830566406,-0.0009342702902384037
2002-05-14,22.69701385498047,-0.002493997363983147
2002-05-15,22.64040756225586,-0.028753689734891785
2002-05-16,21.989412307739258,0.02300806199439065
2002-05-17,22.495346069335938,-0.025604796999162294
2002-05-20,21.919357299804688,-0.001904445992953696
2002-05-21,21.877613067626953,-0.00029110292175271724
2002-05-22,21.871244430541992,-0.00672949658017985
2002-05-23,21.724061965942383,0.017426061258166925
2002-05-24,22.10262680053711,-0.0011203694259183106
2002-05-27,22.077863693237305,-0.01846082632644619
2002-05-28,21.6702880859375,0.005191756842775286
2002-05-29,21.782794952392578,-0.00656199602502805
2002-05-30,21.639856338500977,-0.00536247048063121
2002-05-31,21.523813247680664,0.0035176017886910937
2002-06-03,21.599525451660156,-0.004717524291854791
2002-06-04,21.497629165649414,0.007833945482319082
2002-06-05,21.666040420532227,-0.007870945648236316
2002-06-06,21.495508193969727,-0.02169348145851624
2002-06-07,21.02919578552246,0.04529096795522691
2002-06-10,21.98162841796875,0.020280173790146794
2002-06-11,22.427419662475586,-0.011863236468619531
2002-06-12,22.161357879638672,0.0012454670970676318
2002-06-13,22.1889591217041,0.010970047032661467
2002-06-14,22.432373046875,-0.005867261218070796
2002-06-17,22.300756454467773,-0.037758491497490776
2002-06-18,21.45871353149414,0.002539076770140758
2002-06-19,21.513198852539062,0.0021379342629099796
2002-06-20,21.559192657470703,0.00026266837449773206
2002-06-21,21.564855575561523,0.0008857975649632088
2002-06-24,21.58395767211914,-0.0065240040614304995
2002-06-25,21.443143844604492,-0.020162273425482824
2002-06-26,21.010801315307617,-0.015222349242822397
2002-06-27,20.690967559814453,0.013414790856880243
2002-06-28,20.96853256225586,0.003951316908550995
2002-07-01,21.0513858795166,-0.006357349817056046
2002-07-02,20.91755485534668,-0.017670568769095674
2002-07-03,20.547929763793945,-0.032461331920175085
2002-07-04,19.880916595458984,-0.0035259378820158283
2002-07-05,19.81081771850586,0.0033598181652583214
2002-07-08,19.877378463745117,-0.005094290431744253
2002-07-09,19.7761173248291,-0.023559705223023752
2002-07-10,19.310197830200195,-0.0425359081123714
2002-07-11,18.488821029663086,-0.0016086091797702373
2002-07-12,18.45907974243164,-0.01829740705448324
2002-07-15,18.121326446533203,-0.015044005795726179
2002-07-16,17.848709106445312,0.023803081557928207
2002-07-17,18.273563385009766,0.011430900537648503
2002-07-18,18.482446670532227,-0.03336922898311423
2002-07-19,17.86570167541504,-0.04026787026866141
2002-07-22,17.14628791809082,0.05298371127591639
2002-07-23,18.05476188659668,-0.0007845005675638506
2002-07-24,18.040597915649414,-0.007417902411056221
2002-07-25,17.906774520874023,-0.08173507747456488
2002-07-26,16.44316291809082,-0.005641255670921774
2002-07-29,16.35040283203125,-0.02303950389159526
2002-07-30,15.973697662353516,0.007003853695686235
2002-07-31,16.085575103759766,-0.00550241810195895
2002-08-01,15.997065544128418,-0.037402754323187626
2002-08-02,15.398731231689453,0.005242234655416622
2002-08-05,15.47945499420166,0.006450096525958848
2002-08-06,15.579298973083496,0.03426948412773956
2002-08-07,16.11319351196289,0.009184472358632734
2002-08-08,16.261184692382812,0.0208576719561826
2002-08-09,16.60035514831543,0.01765937251640648
2002-08-12,16.89350700378418,-0.018149470089577124
2002-08-13,16.586898803710938,-0.013190649093546836
2002-08-14,16.368106842041016,0.0
2002-08-15,16.368106842041016,-0.013713523419053963
2002-08-16,16.14364242553711,0.013596894487871936
2002-08-19,16.36314582824707,0.052663357889805695
2002-08-20,17.224884033203125,0.007317513398591435
2002-08-21,17.350927352905273,-0.020772060056175268
2002-08-22,16.99051284790039,0.015919649947541137
2002-08-23,17.260995864868164,0.030972184483232912
2002-08-26,17.79560661315918,-0.05487060428468393
2002-08-27,16.819150924682617,-0.0076200269922734876
2002-08-28,16.690988540649414,0.013702842626774236
2002-08-29,16.919702529907227,0.06105866248545655
2002-08-30,17.952796936035156,0.010254837323727894
2002-09-02,18.136899948120117,-0.04126624165694692
2002-09-03,17.388458251953125,0.014659586510701317
2002-09-04,17.64336585998535,-0.0008830074576725577
2002-09-05,17.62778663635254,-0.026832504565822424
2002-09-06,17.154788970947266,0.18689889426898887
2002-09-09,20.361000061035156,0.0
2002-09-10,20.361000061035156,-0.07010951165655022
2002-09-11,18.933500289916992,0.005011480760747311
2002-09-12,19.028385162353516,-0.02281123945681962
2002-09-13,18.594324111938477,-0.010129368994954313
2002-09-16,18.405975341796875,0.03781624765596625
2002-09-17,19.102020263671875,-0.03080401719028336
2002-09-18,18.513601303100586,0.0056223386922047425
2002-09-19,18.617691040039062,-0.008557599237457691
2002-09-20,18.4583683013916,0.010396278956726457
2002-09-23,18.650266647338867,-0.02133735237818435
2002-09-24,18.2523193359375,0.03464339516328585
2002-09-25,18.884641647338867,0.009223622160650313
2002-09-26,19.058826446533203,0.0067987255004196
2002-09-27,19.18840217590332,-0.0231371012785071
2002-09-30,18.74443817138672,0.013863772253406959
2002-10-01,19.00430679321289,0.0
2002-10-02,19.00430679321289,-0.005663240573560269
2002-10-03,18.89668083190918,-0.0059953753307030455
2002-10-04,18.783388137817383,0.0007537643793273929
2002-10-07,18.79754638671875,0.020944102519977026
2002-10-08,19.19124412536621,-0.018595990216005442
2002-10-09,18.83436393737793,0.011992954470906314
2002-10-10,19.060243606567383,0.05375572259819994
2002-10-11,20.084840774536133,-0.0005638997246122379
2002-10-14,20.073514938354492,0.0
2002-10-15,20.073514938354492,0.031147335837822254
2002-10-16,20.69875144958496,-0.004617997223949177
2002-10-17,20.603164672851562,-0.01419367835117824
2002-10-18,20.31072998046875,-0.02182422371540793
2002-10-21,19.867464065551758,0.011440368354400876
2002-10-22,20.094755172729492,-0.005778781501179053
2002-10-23,19.9786319732666,-0.005918722863410886
2002-10-24,19.860383987426758,-0.01946668067538815
2002-10-25,19.47376823425293,-0.01941681293862607
2002-10-28,19.09564971923828,0.02358339609373905
2002-10-29,19.545989990234375,0.0010143711854959658
2002-10-30,19.56581687927246,-0.005355950596420023
2002-10-31,19.461023330688477,-0.011679690872875792
2002-11-01,19.23372459411621,0.010933843685811073
2002-11-04,19.44402313232422,0.011289481500780685
2002-11-05,19.663536071777344,0.0
2002-11-06,19.663536071777344,0.023334338245764252
2002-11-07,20.122371673583984,0.00010568802525279253
2002-11-08,20.12449836730957,-0.016150266992814855
2002-11-11,19.799482345581055,0.03143556494783417
2002-11-12,20.421890258789062,0.03574789538610057
2002-11-13,21.15192985534668,0.02601106630177563
2002-11-14,21.70211410522461,0.04603750448886368
2002-11-15,22.70122528076172,-0.02464127817388362
2002-11-18,22.14183807373047,0.0
2002-11-19,22.14183807373047,0.011832074220196942
2002-11-20,22.40382194519043,0.010714405815399397
2002-11-21,22.64386558532715,-0.011194663165740804
2002-11-22,22.3903751373291,0.00366811326854366
2002-11-25,22.472505569458008,0.015880832434721714
2002-11-26,22.829387664794922,0.01677952045813691
2002-11-27,23.212453842163086,0.028308520016949945
2002-11-28,23.869564056396484,0.0
2002-11-29,23.869564056396484,0.025274389137870612
2002-12-02,24.47285270690918,-0.009605853030627887
2002-12-03,24.237770080566406,-0.09853928035977289
2002-12-04,21.849397659301758,0.01941193205601177
2002-12-05,22.273536682128906,0.017071527832249744
2002-12-06,22.653779983520508,-0.019379301605904842
2002-12-09,22.214765548706055,0.022631104234719368
2002-12-10,22.717510223388672,0.005049234634463495
2002-12-11,22.832216262817383,0.011412740336641525
2002-12-12,23.09279441833496,0.022015606319341074
2002-12-13,23.6011962890625,-0.029072096063431974
2002-12-16,22.91506004333496,-0.0005560137675001409
2002-12-17,22.902318954467773,-0.013356417965538103
2002-12-18,22.596426010131836,-0.022186141933403625
2002-12-19,22.0950984954834,0.013876492928511563
2002-12-20,22.401700973510742,-0.013623310049269755
2002-12-23,22.096515655517578,0.022207369603531868
2002-12-24,22.587221145629883,0.0
2002-12-25,22.587221145629883,0.011505032549248284
2002-12-26,22.847087860107422,-0.0036260939850835117
2002-12-27,22.76424217224121,0.010389091127546601
2002-12-30,23.000741958618164,0.004433032786348212
2002-12-31,23.102705001831055,0.017837896165035172
2003-01-01,23.514808654785156,-0.010268051378704346
2003-01-02,23.273357391357422,-0.002708011560782708
2003-01-03,23.2103328704834,0.01702315057426307
2003-01-06,23.605445861816406,-0.00914879801733215
2003-01-07,23.389484405517578,-0.003178712639321457
2003-01-08,23.315135955810547,-0.0005164495691454274
2003-01-09,23.3030948638916,-0.07079915396995451
2003-01-10,21.653255462646484,0.00500337281289065
2003-01-13,21.761594772338867,0.02749483471572378
2003-01-14,22.359926223754883,0.0025647782004687425
2003-01-15,22.417274475097656,-0.00578008812647679
2003-01-16,22.287700653076172,-0.027068317510719142
2003-01-17,21.684410095214844,-0.023282424753335307
2003-01-20,21.17954444885254,-0.008258150691167643
2003-01-21,21.004640579223633,0.02295758784964086
2003-01-22,21.48685646057129,-0.03183421375070228
2003-01-23,20.802839279174805,-0.02784266411434677
2003-01-24,20.2236328125,-0.04093027186247522
2003-01-27,19.3958740234375,0.03274709549313681
2003-01-28,20.03103256225586,-0.006822585728663899
2003-01-29,19.89436912536621,0.0028830208374979183
2003-01-30,19.951725006103516,-0.0038331046943487213
2003-01-31,19.875247955322266,0.03594743518310417
2003-02-03,20.589712142944336,-0.005777985405938879
2003-02-04,20.470745086669922,-0.009304391885407437
2003-02-05,20.280277252197266,0.023637350642442323
2003-02-06,20.7596492767334,-0.01381408641188675
2003-02-07,20.47287368774414,-0.013592446655304347
2003-02-10,20.194597244262695,-0.014375811371311387
2003-02-11,19.90428352355957,0.0032019312396429633
2003-02-12,19.968015670776367,0.0
2003-02-13,19.968015670776367,-0.01195062637841604
2003-02-14,19.729385375976562,0.03843818760465134
2003-02-17,20.487747192382812,-0.007776395803930192
2003-02-18,20.328426361083984,0.0008706177079080835
2003-02-19,20.34612464904785,0.006403724903627728
2003-02-20,20.476415634155273,-0.005359954446628179
2003-02-21,20.366662979125977,-0.0018081106409750802
2003-02-24,20.329837799072266,-0.016752809210137443
2003-02-25,19.989255905151367,-0.007686929748084159
2003-02-26,19.835599899291992,-0.001820845040952146
2003-02-27,19.799482345581055,0.051069631508913194
2003-02-28,20.81063461303711,-0.010683851161320868
2003-03-03,20.58829689025879,-0.02950891113067511
2003-03-04,19.980758666992188,0.007229321422052903
2003-03-05,20.125205993652344,-0.015621617748690086
2003-03-06,19.81081771850586,-0.02362588472387528
2003-03-07,19.342769622802734,-0.004026749544579711
2003-03-10,19.264881134033203,-0.006799569044466436
2003-03-11,19.133888244628906,-0.018429736709787425
2003-03-12,18.7812557220459,0.0024887305879572885
2003-03-13,18.8279972076416,0.0
2003-03-14,18.8279972076416,-0.007296105991383306
2003-03-17,18.69062614440918,0.0
2003-03-18,18.69062614440918,0.01261542822930406
2003-03-19,18.926416397094727,0.013954902063339825
2003-03-20,19.190532684326172,0.015903108981424552
2003-03-21,19.4957218170166,0.0022514587815158915
2003-03-24,19.539615631103516,-0.016415722718765235
2003-03-25,19.21885871887207,-0.00044222945972682837
2003-03-26,19.210359573364258,-0.01997793633109446
2003-03-27,18.826576232910156,-0.020836229153639696
2003-03-28,18.434301376342773,-0.052431778015315844
2003-03-31,17.467758178710938,-0.0018241703333516934
2003-04-01,17.435894012451172,0.037402791466980556
2003-04-02,18.088045120239258,-0.002779293593136223
2003-04-03,18.03777313232422,0.015427322102978147
2003-04-04,18.31604766845703,0.00019327527022094948
2003-04-07,18.31958770751953,-0.030998548633279
2003-04-08,17.751707077026367,-0.01775017468021678
2003-04-09,17.43661117553711,-0.18184809434809712
2003-04-10,14.265796661376953,-0.07162352631619762
2003-04-11,13.244029998779297,0.0
2003-04-14,13.244029998779297,0.04881276313473859
2003-04-15,13.890507698059082,-0.024213379609677954
2003-04-16,13.554171562194824,-0.07966766622722021
2003-04-17,12.474342346191406,0.0
2003-04-18,12.474342346191406,0.035023060640217984
2003-04-21,12.911231994628906,-0.011023600411510737
2003-04-22,12.768903732299805,0.013974582136034419
2003-04-23,12.947343826293945,-0.001203128339925974
2003-04-24,12.931766510009766,-0.02929430366211061
2003-04-25,12.552939414978027,-0.0046252629872372
2003-04-28,12.494878768920898,-0.015301144954559809
2003-04-29,12.303692817687988,-0.002417032564868915
2003-04-30,12.273954391479492,0.0
2003-05-01,12.273954391479492,0.002076428803526653
2003-05-02,12.299440383911133,0.01848056796293185
2003-05-05,12.526741027832031,0.032050042481142293
2003-05-06,12.928223609924316,0.007613476465609059
2003-05-07,13.026652336120605,-0.017937930814854397
2003-05-08,12.792981147766113,-0.014722969987579826
2003-05-09,12.604630470275879,-0.014886834769964774
2003-05-12,12.416987419128418,0.028284379103013846
2003-05-13,12.768194198608398,0.0009986987264070102
2003-05-14,12.780945777893066,0.002825144366876975
2003-05-15,12.81705379486084,0.04021896395405977
2003-05-16,13.332542419433594,-0.04084116489453926
2003-05-19,12.788025856018066,0.002823878530715085
2003-05-20,12.824137687683105,-0.05090821555872005
2003-05-21,12.171283721923828,-0.03892046051107789
2003-05-22,11.697571754455566,-0.0035715587243320135
2003-05-23,11.655793190002441,-0.014579873891188755
2003-05-26,11.48585319519043,-0.004377027497158292
2003-05-27,11.435579299926758,0.03999991994044905
2003-05-28,11.893001556396484,-0.017801624221095214
2003-05-29,11.681286811828613,-0.02267045601592399
2003-05-30,11.41646671295166,0.017862201198509675
2003-06-02,11.620389938354492,0.008470100030677497
2003-06-03,11.718815803527832,0.008157017998515537
2003-06-04,11.814406394958496,0.03398262054132828
2003-06-05,12.215890884399414,0.009505835218033054
2003-06-06,12.332013130187988,-0.024804708479657434
2003-06-09,12.026121139526367,-0.022491689731142017
2003-06-10,11.755633354187012,0.001506083351755505
2003-06-11,11.773338317871094,0.009923662885452211
2003-06-12,11.890172958374023,0.012029435944737488
2003-06-13,12.033205032348633,0.0035894729083598698
2003-06-16,12.076397895812988,0.052535725874576
2003-06-17,12.710840225219727,0.030304956032592978
2003-06-18,13.096041679382324,-0.016869699272403338
2003-06-19,12.875115394592285,0.02265858017351463
2003-06-20,13.166847229003906,-0.017746573338239258
2003-06-23,12.933180809020996,-0.026608343386973488
2003-06-24,12.58905029296875,0.01535523904411451
2003-06-25,12.782358169555664,0.01407059200610239
2003-06-26,12.962213516235352,0.021850642141410193
2003-06-27,13.24544620513916,0.013364814685614457
2003-06-30,13.422469139099121,-0.012304753874015528
2003-07-01,13.257308959960938,-0.02416731504746028
2003-07-02,12.936915397644043,-0.005205103978603076
2003-07-03,12.869577407836914,-0.006664527560017897
2003-07-04,12.783807754516602,0.01729970635878475
2003-07-07,13.004963874816895,0.022619706992010435
2003-07-08,13.299132347106934,-0.021053339616042832
2003-07-09,13.01914119720459,0.09489861194607885
2003-07-10,14.254639625549316,-0.051516708321421856
2003-07-11,13.52028751373291,0.014993882013104365
2003-07-14,13.72300910949707,-0.023243563519198318
2003-07-15,13.404037475585938,0.03083018952765504
2003-07-16,13.817286491394043,-0.039706318297819454
2003-07-17,13.26865291595459,-0.020620790730178307
2003-07-18,12.99504280090332,-0.03441905316854399
2003-07-21,12.547765731811523,0.015083049802216086
2003-07-22,12.737024307250977,0.029773644855866532
2003-07-23,13.116251945495605,-0.008754643492544734
2003-07-24,13.001423835754395,0.013356946657521185
2003-07-25,13.17508316040039,0.028245809143576217
2003-07-28,13.547224044799805,-0.006174247431978475
2003-07-29,13.463580131530762,-0.009002813299468282
2003-07-30,13.34237003326416,0.0068534416488230665
2003-07-31,13.43381118774414,0.04115680034575253
2003-08-01,13.986703872680664,0.0029392227884099675
2003-08-04,14.027813911437988,-0.03163231737027139
2003-08-05,13.584081649780273,-0.03804003133402256
2003-08-06,13.067342758178711,0.013452753453448318
2003-08-07,13.243134498596191,0.026601647809772366
2003-08-08,13.595423698425293,-0.013660301202981118
2003-08-11,13.409706115722656,-0.02225338622252493
2003-08-12,13.111294746398926,0.002594741751077212
2003-08-13,13.145315170288086,-0.015583803726415768
2003-08-14,12.940461158752441,0.0
2003-08-15,12.940461158752441,-0.0004931809189098191
2003-08-18,12.93407917022705,0.01364651371644987
2003-08-19,13.110584259033203,0.0290331060813922
2003-08-20,13.491225242614746,0.03131415201205945
2003-08-21,13.913691520690918,-0.008507931320492657
2003-08-22,13.79531478881836,-0.024046907400509743
2003-08-25,13.463580131530762,0.0280613818777955
2003-08-26,13.841386795043945,0.04480952057449539
2003-08-27,14.461612701416016,0.04881931667556927
2003-08-28,15.167618751525879,-0.000981740840161116
2003-08-29,15.152728080749512,0.036160595519343364
2003-09-01,15.70065975189209,0.024966083724834665
2003-09-02,16.09264373779297,-0.021142668521946906
2003-09-03,15.752402305603027,0.06853269341758139
2003-09-04,16.83195686340332,0.04948218048853947
2003-09-05,17.664838790893555,0.01757530100805882
2003-09-08,17.975303649902344,0.015970737574907856
2003-09-09,18.26238250732422,-0.016883995275907004
2003-09-10,17.95404052734375,-0.03415074840477428
2003-09-11,17.340896606445312,-0.02677387450250912
2003-09-12,16.87661361694336,-0.06854587246273425
2003-09-15,15.719791412353516,0.07755804689761736
2003-09-16,16.938987731933594,-0.002594216717479836
2003-09-17,16.895044326782227,-0.05047241046350992
2003-09-18,16.04231071472168,0.016437217379435598
2003-09-19,16.306001663208008,-0.017866214467798236
2003-09-22,16.01467514038086,0.010489975229571291
2003-09-23,16.182668685913086,0.04861982238181484
2003-09-24,16.969467163085938,-0.014745043435412497
2003-09-25,16.71925163269043,0.056174844162527604
2003-09-26,17.6584529876709,-0.0016456913745400703
2003-09-29,17.629392623901367,0.009810795965196517
2003-09-30,17.802350997924805,-0.006529984971434755
2003-10-01,17.68610191345215,0.0
2003-10-02,17.68610191345215,-0.024688407612483698
2003-10-03,17.249460220336914,0.01734116126335672
2003-10-06,17.548585891723633,-0.004685499602033016
2003-10-07,17.46636199951172,-0.015989575211490026
2003-10-08,17.187082290649414,0.026147208611359885
2003-10-09,17.636476516723633,0.08287495729508154
2003-10-10,19.098098754882812,0.018297688662549882
2003-10-13,19.44754981994629,-0.027226933547349397
2003-10-14,18.918052673339844,-0.0006744966077558701
2003-10-15,18.905292510986328,0.03438208812954402
2003-10-16,19.555295944213867,0.028997990462328316
2003-10-17,20.122360229492188,-0.033288524112807805
2003-10-20,19.452516555786133,-0.039281494218735835
2003-10-21,18.688392639160156,-0.037663526602096375
2003-10-22,17.984521865844727,-0.02873242310561097
2003-10-23,17.467782974243164,0.04272992282610821
2003-10-24,18.21417999267578,-0.042730197971071915
2003-10-27,17.435884475708008,0.018578503898462273
2003-10-28,17.759817123413086,0.004709459805596561
2003-10-29,17.843456268310547,-0.005163808870232378
2003-10-30,17.75131607055664,0.07195608115440733
2003-10-31,19.02863121032715,0.06213452175481082
2003-11-03,20.210966110229492,0.02002582583257073
2003-11-04,20.615707397460938,-0.023586658288128448
2003-11-05,20.129451751708984,0.020952316880542554
2003-11-06,20.551210403442383,-0.01400356926975499
2003-11-07,20.26342010498047,-0.006226639864124861
2003-11-10,20.13724708557129,0.012073822399293332
2003-11-11,20.380380630493164,0.014746486936262793
2003-11-12,20.680919647216797,-0.02320396710873751
2003-11-13,20.201040267944336,-0.006947395673166379
2003-11-14,20.06069564819336,0.020918115970001372
2003-11-17,20.480327606201172,-0.02100899736346795
2003-11-18,20.05005645751953,7.058597009668155e-05
2003-11-19,20.051471710205078,-0.008448696468077888
2003-11-20,19.882062911987305,0.030197544553026923
2003-11-21,20.482452392578125,-0.0005538843420956896
2003-11-24,20.471107482910156,0.004397286214277152
2003-11-25,20.561124801635742,0.0
2003-11-26,20.561124801635742,0.04488573278301544
2003-11-27,21.484025955200195,0.014847364796498397
2003-11-28,21.803007125854492,0.05026167750920618
2003-12-01,22.898862838745117,-0.031109734716276982
2003-12-02,22.186485290527344,0.011597467973990527
2003-12-03,22.44379234313965,-0.008337801332895856
2003-12-04,22.25666046142578,-0.039109770415377665
2003-12-05,21.386207580566406,0.011666945521314975
2003-12-08,21.635719299316406,0.014677589015165582
2003-12-09,21.953279495239258,0.02770324976687344
2003-12-10,22.56145668029785,0.027836192663928117
2003-12-11,23.189481735229492,-0.016108449710383277
2003-12-12,22.815935134887695,0.03563414882695137
2003-12-15,23.62896156311035,0.011399391090732625
2003-12-16,23.898317337036133,-0.014889380755221171
2003-12-17,23.5424861907959,0.01276573370116263
2003-12-18,23.8430233001709,0.014210825374855629
2003-12-19,24.181852340698242,-0.01442193740384623
2003-12-22,23.83310317993164,-0.014662584100881837
2003-12-23,23.4836483001709,0.03863559665843508
2003-12-24,24.390953063964844,0.0
2003-12-25,24.390953063964844,-0.003894154810913153
2003-12-26,24.295970916748047,0.02322334768347467
2003-12-29,24.860204696655273,0.0023094379912331764
2003-12-30,24.917617797851562,-0.012289107600056637
2003-12-31,24.61140251159668,0.014314219368862346
2004-01-01,24.963695526123047,0.0007948401632436042
2004-01-02,24.983537673950195,-0.012228205997158903
2004-01-05,24.67803382873535,-0.027717730411271235
2004-01-06,23.994014739990234,0.0018017811766730674
2004-01-07,24.037246704101562,0.023709059515458986
2004-01-08,24.607147216796875,0.012041020578499761
2004-01-09,24.9034423828125,-0.011100536618482537
2004-01-12,24.62700080871582,0.006418471517292135
2004-01-13,24.78506851196289,0.006348833053702485
2004-01-14,24.942424774169922,-0.03137421126871931
2004-01-15,24.159875869750977,-0.002757853978606839
2004-01-16,24.093246459960938,0.020682483889865155
2004-01-19,24.591554641723633,-0.00968490250217613
2004-01-20,24.3533878326416,-0.03548036452154646
2004-01-21,23.489320755004883,-0.010803262220762
2004-01-22,23.235559463500977,0.049389987379049316
2004-01-23,24.383163452148438,0.0
2004-01-26,24.383163452148438,0.0065116006195340415
2004-01-27,24.54193687438965,-0.04797388180019291
2004-01-28,23.364564895629883,-0.04508210405084634
2004-01-29,22.311241149902344,-0.009530997863136048
2004-01-30,22.09859275817871,0.0
2004-02-02,22.09859275817871,-0.021394823264264784
2004-02-03,21.625797271728516,-0.005408379818005571
2004-02-04,21.50883674621582,-0.011995841027948928
2004-02-05,21.25082015991211,0.03782543721475018
2004-02-06,22.054641723632812,0.044770709706075884
2004-02-09,23.042043685913086,-0.016796092467410983
2004-02-10,22.655027389526367,0.006789243661199151
2004-02-11,22.808837890625,-0.01960981402194273
2004-02-12,22.361560821533203,0.03055766947136518
2004-02-13,23.044878005981445,-0.005382815463435997
2004-02-16,22.92083168029785,-0.005164300222757268
2004-02-17,22.802461624145508,-0.011097563148381506
2004-02-18,22.549409866333008,-0.050043963210469
2004-02-19,21.420948028564453,-0.004699153555783431
2004-02-20,21.320287704467773,-0.02360517843533505
2004-02-23,20.817018508911133,-0.0009196349717104368
2004-02-24,20.797874450683594,-0.016733834210253096
2004-02-25,20.449846267700195,-0.016430183193585912
2004-02-26,20.11385154724121,0.02519768950611967
2004-02-27,20.62067413330078,0.02994041719066165
2004-03-01,21.238065719604492,0.0
2004-03-02,21.238065719604492,0.006608433350280052
2004-03-03,21.378416061401367,0.004509099253446891
2004-03-04,21.47481346130371,-0.01719692899547709
2004-03-05,21.105512619018555,-0.030931915769264573
2004-03-08,20.452678680419922,-0.00942675686700123
2004-03-09,20.259876251220703,0.022741364393368046
2004-03-10,20.720613479614258,-0.016454445127563555
2004-03-11,20.379667282104492,0.0224341741059626
2004-03-12,20.836868286132812,-0.030854627937886514
2004-03-15,20.193954467773438,0.023658109111846404
2004-03-16,20.67170524597168,0.0067893057408487945
2004-03-17,20.81205177307129,-0.029562822154112656
2004-03-18,20.196788787841797,0.008282703433603489
2004-03-19,20.364072799682617,-0.03783643897672295
2004-03-22,19.593568801879883,0.013855887362519859
2004-03-23,19.865055084228516,-0.013595090163139534
2004-03-24,19.594987869262695,0.001700407955794958
2004-03-25,19.628307342529297,0.031164857914080413
2004-03-26,20.240020751953125,-0.011206415620641508
2004-03-29,20.013202667236328,-0.02408440473084006
2004-03-30,19.53119659423828,-0.011976497591985602
2004-03-31,19.29728126525879,0.005546323324536306
2004-04-01,19.40431022644043,-0.014100333937946519
2004-04-02,19.13070297241211,0.03219831150514696
2004-04-05,19.746679306030273,0.011774038831648515
2004-04-06,19.979177474975586,0.005605525543437739
2004-04-07,20.091171264648438,0.03295239216371293
2004-04-08,20.753223419189453,0.0
2004-04-09,20.753223419189453,-0.008265670502154876
2004-04-12,20.581684112548828,0.10697061273889719
2004-04-13,22.7833194732666,0.0
2004-04-14,22.7833194732666,-0.005040259033449956
2004-04-15,22.668485641479492,0.016979818364863064
2004-04-16,23.05339241027832,-0.01952498370718625
2004-04-19,22.603275299072266,0.007714697940851334
2004-04-20,22.777652740478516,-0.005881737222671157
2004-04-21,22.643680572509766,0.009735583706275586
2004-04-22,22.8641300201416,-0.01196682613703448
2004-04-23,22.590518951416016,0.0
2004-04-26,22.590518951416016,-0.03906504745296713
2004-04-27,21.708019256591797,-0.0063347149619892296
2004-04-28,21.570505142211914,0.008379758102217583
2004-04-29,21.75126075744629,0.007104133006837543
2004-04-30,21.905784606933594,0.006180441517326107
2004-05-03,22.04117202758789,0.02357293515826786
2004-05-04,22.560747146606445,0.009017250027455237
2004-05-05,22.764183044433594,0.009418023713136492
2004-05-06,22.97857666015625,-0.026294321625792483
2004-05-07,22.374370574951172,-0.009485436994176144
2004-05-10,22.162139892578125,-0.018598554272943435
2004-05-11,21.749956130981445,0.014470622869410477
2004-05-12,22.0646915435791,0.04406845182241437
2004-05-13,23.03704833984375,-0.03136657512869634
2004-05-14,22.314455032348633,-0.19574917979441497
2004-05-17,17.94641876220703,0.23828494821817015
2004-05-18,22.222780227661133,-0.011499306891679328
2004-05-19,21.967233657836914,-0.030790758517922456
2004-05-20,21.29084587097168,0.025055778100583792
2004-05-21,21.824304580688477,0.06512774049723391
2004-05-24,23.24567222595215,0.006117369974810938
2004-05-25,23.387874603271484,-0.01913630276084244
2004-05-26,22.940317153930664,0.010384180765594442
2004-05-27,23.17853355407715,-0.06340895376625211
2004-05-28,21.70880699157715,0.013334250597913266
2004-05-31,21.99827766418457,0.0018704751655469476
2004-06-01,22.039424896240234,0.0017359575581354925
2004-06-02,22.07768440246582,-0.04541607325747199
2004-06-03,21.075002670288086,0.03089569532962555
2004-06-04,21.72612953186035,-0.012858241367622147
2004-06-07,21.44676971435547,0.006630746786544961
2004-06-08,21.588977813720703,-0.00023412288995638963
2004-06-09,21.58392333984375,0.019096971843531874
2004-06-10,21.996110916137695,-0.028748305736489455
2004-06-11,21.363759994506836,-0.024396195152062372
2004-06-14,20.842565536499023,0.03013194134764685
2004-06-15,21.470592498779297,-0.0025215039406494277
2004-06-16,21.416454315185547,0.013954093151377966
2004-06-17,21.715301513671875,0.0072470336595147344
2004-06-18,21.87267303466797,0.03501645508468232
2004-06-21,22.63857650756836,-0.006696107736251067
2004-06-22,22.48698616027832,-0.014092437125185264
2004-06-23,22.170089721679688,0.034188548177177536
2004-06-24,22.92805290222168,0.007335721783962468
2004-06-25,23.09624671936035,0.042944120055313784
2004-06-28,24.08809471130371,-0.026072089544946997
2004-06-29,23.460067749023438,-0.017631460332141136
2004-06-30,23.046432495117188,0.006859821196249172
2004-07-01,23.204526901245117,-0.015025824325540671
2004-07-02,22.855859756469727,-0.008432992827453911
2004-07-05,22.663116455078125,0.01700900521797677
2004-07-06,23.048593521118164,-0.030066365714751964
2004-07-07,22.355606079101562,-0.03022385207259315
2004-07-08,21.679933547973633,-0.0013984040334564796
2004-07-09,21.649616241455078,-0.00250065326747384
2004-07-12,21.595478057861328,-0.004713197465168184
2004-07-13,21.493694305419922,0.03133486309116984
2004-07-14,22.16719627380371,0.026084334057965064
2004-07-15,22.745412826538086,0.001237720591620306
2004-07-16,22.7735652923584,0.0053252508583190306
2004-07-19,22.894840240478516,-0.016647574996938364
2004-07-20,22.513696670532227,0.009138012350574876
2004-07-21,22.71942710876465,-0.0009531946502558952
2004-07-22,22.697771072387695,0.011258663637466082
2004-07-23,22.953317642211914,-0.011699456272313058
2004-07-26,22.684776306152344,-0.007923667634265774
2004-07-27,22.505029678344727,0.013760775488538712
2004-07-28,22.814716339111328,0.02790682626116059
2004-07-29,23.45140266418457,0.00997316939845816
2004-07-30,23.685287475585938,-0.01106337361707832
2004-08-02,23.423248291015625,-0.005362391584466053
2004-08-03,23.297643661499023,-0.011805144222011621
2004-08-04,23.022611618041992,0.062364633582478346
2004-08-05,24.45840835571289,-0.02399469713216229
2004-08-06,23.871536254882812,0.012246675338538626
2004-08-09,24.163883209228516,0.006363253319129347
2004-08-10,24.317644119262695,-0.008192903081537084
2004-08-11,24.118412017822266,-0.023884234346018718
2004-08-12,23.542362213134766,-0.016833700910752647
2004-08-13,23.14605712890625,0.01094674995055711
2004-08-16,23.399431228637695,0.011013412817906243
2004-08-17,23.65713882446289,9.118648369610405e-05
2004-08-18,23.6592960357666,0.025812370483264457
2004-08-19,24.26999855041504,0.007406517317146921
2004-08-20,24.44975471496582,-0.0004430241943945701
2004-08-23,24.438922882080078,0.022507705825177693
2004-08-24,24.98898696899414,-0.020452430140047384
2004-08-25,24.477901458740234,0.016101958394728833
2004-08-26,24.87204360961914,-0.010013102646188488
2004-08-27,24.622997283935547,0.02049282615913106
2004-08-30,25.127592086791992,-0.0028443699548241774
2004-08-31,25.056119918823242,-0.003975907659068856
2004-09-01,24.956499099731445,0.003471158348728798
2004-09-02,25.043127059936523,0.0057071651678763935
2004-09-03,25.186052322387695,0.004299363599978623
2004-09-06,25.294336318969727,0.01404107840754576
2004-09-07,25.64949607849121,-0.0036303543730042964
2004-09-08,25.556379318237305,0.0
2004-09-09,25.556379318237305,0.0020337485837460534
2004-09-10,25.608354568481445,-0.00312911673209737
2004-09-13,25.528223037719727,0.01951130072523899
2004-09-14,26.02631187438965,-0.019553936697392027
2004-09-15,25.51739501953125,0.002206755573733954
2004-09-16,25.573705673217773,0.0034717366596492827
2004-09-17,25.662490844726562,-0.01957793267638508
2004-09-20,25.160072326660156,0.031588968460913636
2004-09-21,25.954853057861328,0.01151433683195946
2004-09-22,26.253705978393555,-0.021446760555030586
2004-09-23,25.690649032592773,-0.017533726142689332
2004-09-24,25.240196228027344,-0.009867051881595423
2004-09-27,24.99114990234375,-0.010311877984149675
2004-09-28,24.733444213867188,0.02276531203363996
2004-09-29,25.2965087890625,0.021830242750773277
2004-09-30,25.848737716674805,0.012818377673914139
2004-10-01,26.180076599121094,0.03896072388695826
2004-10-04,27.200071334838867,0.014570352264630548
2004-10-05,27.596385955810547,-0.023777868734282226
2004-10-06,26.940202713012695,0.016800329924935076
2004-10-07,27.392807006835938,0.008617770016404736
2004-10-08,27.62887191772461,-0.01050361720690629
2004-10-11,27.338668823242188,-0.00554469664284718
2004-10-12,27.187084197998047,0.0
2004-10-13,27.187084197998047,0.05121882055543958
2004-10-14,28.579574584960938,-0.015458229644456423
2004-10-15,28.137784957885742,-0.018086464194776886
2004-10-18,27.62887191772461,0.022025287933038706
2004-10-19,28.23740577697754,-0.007899539958470814
2004-10-20,28.01434326171875,-0.008812613429138527
2004-10-21,27.76746368408203,0.0
2004-10-22,27.76746368408203,-0.010606568912474357
2004-10-25,27.472946166992188,0.007094339968463759
2004-10-26,27.667848587036133,0.004539801368006913
2004-10-27,27.793455123901367,0.02664809194487283
2004-10-28,28.53409767150879,-0.001973384509513121
2004-10-29,28.4777889251709,-0.004106476092026856
2004-11-01,28.3608455657959,0.008552347391270754
2004-11-02,28.603397369384766,0.02301602956119253
2004-11-03,29.261734008789062,-0.0056244547496293595
2004-11-04,29.097152709960938,0.024263455399858636
2004-11-05,29.803150177001953,-0.0010902097183348447
2004-11-08,29.770658493041992,0.0029826889996853456
2004-11-09,29.859455108642578,0.014069923169368614
2004-11-10,30.27957534790039,-0.006365455894841832
2004-11-11,30.08683204650879,-0.004030768031144549
2004-11-12,29.965559005737305,0.0
2004-11-15,29.965559005737305,0.02168124505627822
2004-11-16,30.615249633789062,0.015420023215698242
2004-11-17,31.087337493896484,0.004110691405299516
2004-11-18,31.21512794494629,-0.010684285937487492
2004-11-19,30.881616592407227,-0.004628228233198972
2004-11-22,30.738689422607422,0.007326975812621539
2004-11-23,30.963911056518555,0.0009089561190900319
2004-11-24,30.992055892944336,0.029348203306307052
2004-11-25,31.9016170501709,0.0
2004-11-26,31.9016170501709,0.03434960765316242
2004-11-29,32.9974250793457,0.005971738748683952
2004-11-30,33.19447708129883,-0.014613640754088886
2004-12-01,32.70938491821289,0.0015890011497954326
2004-12-02,32.76136016845703,-0.008923412768738093
2004-12-03,32.469017028808594,-0.009404506202037255
2004-12-06,32.16366195678711,0.01959292942866342
2004-12-07,32.79384231567383,-0.023112914488556013
2004-12-08,32.03588104248047,-0.001554831892397468
2004-12-09,31.98607063293457,0.01157757944242177
2004-12-10,32.35639190673828,0.00394917068240952
2004-12-13,32.48417282104492,0.006199730821248917
2004-12-14,32.68556594848633,0.012191180890080533
2004-12-15,33.084041595458984,0.007855033384324361
2004-12-16,33.34391784667969,-0.017146273590798566
2004-12-17,32.772193908691406,0.014273369189319984
2004-12-20,33.23996353149414,0.005211933405228075
2004-12-21,33.4132080078125,-0.020740096667774877
2004-12-22,32.72021484375,-0.008934983622091885
2004-12-23,32.427860260009766,0.01135309052628064
2004-12-24,32.796016693115234,-0.00871624615183475
2004-12-27,32.51015853881836,0.0011990833976056603
2004-12-28,32.54914093017578,0.004457395094228378
2004-12-29,32.6942253112793,-0.009604234011757695
2004-12-30,32.38022232055664,0.0016051542120247841
2004-12-31,32.43219757080078,0.007211206522396374
2005-01-03,32.666072845458984,-0.006828393307887315
2005-01-04,32.443016052246094,-0.055737258108476406
2005-01-05,30.63473129272461,-0.02530709920952201
2005-01-06,29.859455108642578,0.015012819584139248
2005-01-07,30.307729721069336,-0.031082671663694494
2005-01-10,29.365684509277344,-0.0030973476618327833
2005-01-11,29.274728775024414,-0.02944204763118785
2005-01-12,28.41282081604004,0.02256080135865468
2005-01-13,29.053836822509766,-0.009242690239301576
2005-01-14,28.785301208496094,0.01587419595345496
2005-01-17,29.242244720458984,0.010294000048788998
2005-01-18,29.543264389038086,0.008869805171726641
2005-01-19,29.805307388305664,-0.019617875073632662
2005-01-20,29.220590591430664,-0.03979855097958518
2005-01-24,28.057653427124023,0.013739021206310653
2005-01-25,28.443138122558594,0.027410149247645954
2005-01-27,29.222768783569336,0.035274513063545454
2005-01-28,30.25358772277832,0.009806581217914223
2005-01-31,30.55027198791504,-0.012901428538338977
2005-02-01,30.156129837036133,-0.014434144606586319
2005-02-02,29.72085189819336,0.011803980494261346
2005-02-03,30.07167625427246,0.012746683272635062
2005-02-04,30.45499038696289,-0.020977209133782204
2005-02-07,29.816129684448242,0.006900227152361271
2005-02-08,30.021867752075195,-0.002308243814129529
2005-02-09,29.95256996154785,-0.009688563379004478
2005-02-10,29.662372589111328,0.01518593618442221
2005-02-11,30.112823486328125,0.026465702107045797
2005-02-14,30.909780502319336,-0.009808938586578608
2005-02-15,30.60658836364746,0.0003535936777401272
2005-02-16,30.61741065979004,-0.011882877394642888
2005-02-17,30.25358772277832,-0.010379600586145399
2005-02-18,29.93956756591797,-0.01822748308652966
2005-02-21,29.393844604492188,0.007072619013629433
2005-02-22,29.601736068725586,-0.005925707328718333
2005-02-23,29.42632484436035,-0.002943828470412857
2005-02-24,29.339698791503906,-0.006938165644852945
2005-02-25,29.13613510131836,0.03983954674232826
2005-02-28,30.296905517578125,-0.03409611148212721
2005-03-01,29.263898849487305,-0.006734077178407349
2005-03-02,29.06683349609375,0.03792277277203704
2005-03-03,30.16912841796875,0.033737590811890206
2005-03-04,31.186962127685547,0.0025001605411305583
2005-03-07,31.264934539794922,-0.006095536617937158
2005-03-08,31.074357986450195,-0.005435764357445305
2005-03-09,30.905445098876953,-0.012683361728689002
2005-03-10,30.513460159301758,-0.00979413409596952
2005-03-11,30.21460723876953,-0.005232257039827104
2005-03-14,30.056516647338867,-0.01477071945266073
2005-03-15,29.612560272216797,-0.0010966467446158479
2005-03-16,29.58008575439453,-0.005125065738211365
2005-03-17,29.428485870361328,0.009640156894139995
2005-03-18,29.712181091308594,-0.0016763664048828897
2005-03-21,29.662372589111328,-0.012630319170484183
2005-03-22,29.28772735595703,-0.030316497260472697
2005-03-23,28.399826049804688,-0.01570845540887089
2005-03-24,27.95370864868164,-0.0034086177794256933
2005-03-28,27.85842514038086,-0.003109783909694186
2005-03-29,27.771791458129883,-0.016921149991789397
2005-03-30,27.301860809326172,0.06440858966561347
2005-03-31,29.060335159301758,0.002533935285444322
2005-04-01,29.13397216796875,0.0024528314733383016
2005-04-04,29.205432891845703,-0.02031732115957241
2005-04-05,28.612056732177734,0.01339654440736382
2005-04-06,28.995359420776367,0.0159837715225295
2005-04-07,29.45881462097168,-0.021980649538556496
2005-04-08,28.811290740966797,-0.019016890235514228
2005-04-11,28.263389587402344,-0.010343932132986011
2005-04-12,27.97103500366211,-0.0005422479477837916
2005-04-13,27.955867767333984,-0.061739753615458026
2005-04-15,26.22987937927246,-0.017916070602328582
2005-04-18,25.75994300842285,-0.029928483893641666
2005-04-19,24.98898696899414,0.031198741266790453
2005-04-20,25.768611907958984,0.015295213814418673
2005-04-21,26.162748336791992,0.06605425530635212
2005-04-22,27.89090919494629,0.006987958382175252
2005-04-25,28.0858097076416,-0.013108272004182298
2005-04-26,27.717653274536133,-0.007734981058741042
2005-04-27,27.503257751464844,0.013149576396839002
2005-04-28,27.864913940429688,-0.01950703801155984
2005-04-29,27.321352005004883,0.01141385553191343
2005-05-02,27.633193969726562,-0.01669251378681802
2005-05-03,27.171926498413086,0.005738206355997422
2005-05-04,27.327844619750977,0.01022288285575712
2005-05-05,27.607213973999023,-0.0019610849176368017
2005-05-06,27.55307388305664,0.015876438641521107
2005-05-09,27.99051856994629,0.0023984856518455278
2005-05-10,28.057653427124023,-0.01543681222893556
2005-05-11,27.62453269958496,0.008545204513004778
2005-05-12,27.8605899810791,-0.010959902506836983
2005-05-13,27.555240631103516,0.035837836842579573
2005-05-16,28.542760848999023,-0.0023521468326608286
2005-05-17,28.475624084472656,-0.0077572295469056085
2005-05-18,28.254732131958008,0.008737501448835783
2005-05-19,28.50160789489746,0.007978089615032324
2005-05-20,28.72899627685547,0.004673798129205986
2005-05-23,28.863269805908203,0.024084586285060494
2005-05-24,29.558429718017578,0.006666976401436875
2005-05-25,29.755495071411133,0.04264941348803486
2005-05-26,31.02454948425293,0.010958760771604181
2005-05-27,31.364540100097656,-0.023060921967408055
2005-05-30,30.641244888305664,0.011731896190418922
2005-05-31,31.00072479248047,-0.006287027846885063
2005-06-01,30.805822372436523,-0.014692538716967185
2005-06-02,30.353206634521484,0.02975187230320908
2005-06-03,31.256271362304688,-0.007552134312889369
2005-06-06,31.020219802856445,0.021432310293786783
2005-06-07,31.685054779052734,0.0038959567649929916
2005-06-08,31.80849838256836,-0.011573853375111076
2005-06-09,31.440351486206055,-0.002893022415524471
2005-06-10,31.349393844604492,-0.0026256819511623064
2005-06-13,31.267080307006836,0.0018706816434255202
2005-06-14,31.325571060180664,0.014240952101853832
2005-06-15,31.771677017211914,0.001363529204756908
2005-06-16,31.814998626708984,0.012592877960497129
2005-06-17,32.215641021728516,0.017141462595574142
2005-06-20,32.76786422729492,-0.0003965122290727763
2005-06-21,32.7548713684082,0.0039007776515977977
2005-06-22,32.88264083862305,-0.003490492503062992
2005-06-23,32.76786422729492,-0.008922340064766776
2005-06-24,32.47549819946289,0.006135254697467785
2005-06-27,32.67474365234375,-0.01822628202853127
2005-06-28,32.07920455932617,0.024468060690864935
2005-06-29,32.86412048339844,0.016785001088782003
2005-06-30,33.41574478149414,-0.028056778416977624
2005-07-01,32.478206634521484,0.0022821324066677473
2005-07-04,32.55232620239258,-0.013931614807092596
2005-07-05,32.098819732666016,-0.0011545528540986005
2005-07-06,32.06175994873047,-0.03366220104278528
2005-07-07,30.98249053955078,0.017452683949541692
2005-07-08,31.523218154907227,-0.008507588530332844
2005-07-11,31.25503158569336,-0.020090759312556994
2005-07-12,30.627094268798828,0.00975306241638596
2005-07-13,30.92580223083496,-0.01825993012099958
2005-07-14,30.361099243164062,0.011777388559840674
2005-07-15,30.718673706054688,0.009298105136204882
2005-07-18,31.00429916381836,0.0049928693508323185
2005-07-19,31.159099578857422,0.003848535981922918
2005-07-20,31.279016494750977,-0.007946539873590286
2005-07-21,31.03045654296875,0.0051996767328281734
2005-07-22,31.191804885864258,-0.0028658104701694276
2005-07-25,31.102415084838867,-0.006519682217464684
2005-07-26,30.89963722229004,0.027166025043102504
2005-07-27,31.739057540893555,0.0
2005-07-28,31.739057540893555,0.01167862060104663
2005-07-29,32.10972595214844,-0.01711127891223052
2005-08-01,31.560287475585938,0.0006214539714310963
2005-08-02,31.57990074157715,0.010632384695188346
2005-08-03,31.91567039489746,-0.0004097889661527354
2005-08-04,31.902591705322266,-0.013463830819125944
2005-08-05,31.473060607910156,-0.023900323787457545
2005-08-08,30.720844268798828,0.016395110815027758
2005-08-09,31.224515914916992,0.016199795255396054
2005-08-10,31.7303466796875,0.007283671879508402
2005-08-11,31.96146011352539,-0.024762890276964655
2005-08-12,31.170001983642578,0.007974209857779302
2005-08-16,31.41855812072754,0.005204593169423788
2005-08-17,31.58207893371582,0.006489691906169215
2005-08-18,31.787036895751953,-0.012209189225061867
2005-08-19,31.398942947387695,0.007013143957610657
2005-08-22,31.61914825439453,-0.016136049136361574
2005-08-23,31.10894012451172,-0.009671709040147247
2005-08-24,30.808063507080078,0.04019824299923136
2005-08-25,32.04649353027344,-0.021499450766332195
2005-08-26,31.357511520385742,-0.021694102084217515
2005-08-29,30.67723846435547,0.02046953351801717
2005-08-30,31.305187225341797,0.015879427773242805
2005-08-31,31.802295684814453,0.02070487397953724
2005-09-01,32.460758209228516,0.005642000551625781
2005-09-02,32.64390182495117,0.008415637314264535
2005-09-05,32.91862106323242,0.001456992643421362
2005-09-06,32.966583251953125,-0.01256596858687209
2005-09-08,32.55232620239258,-0.004822581206523013
2005-09-09,32.39533996582031,0.0016153563180709707
2005-09-12,32.447669982910156,0.002419361854661517
2005-09-13,32.52617263793945,0.019439418634121353
2005-09-14,33.15846252441406,0.006049267557969751
2005-09-15,33.359046936035156,0.00013070514223523233
2005-09-16,33.363407135009766,-0.006927153240154915
2005-09-19,33.132293701171875,-0.009344497775125027
2005-09-20,32.822689056396484,-0.007306836337442224
2005-09-21,32.58285903930664,-0.04697560739742812
2005-09-22,31.05225944519043,0.0049153189613451165
2005-09-23,31.204891204833984,0.04457789717212646
2005-09-26,32.59593963623047,0.006555074823021645
2005-09-27,32.809608459472656,-0.010499437148130397
2005-09-28,32.465126037597656,0.009939207133556005
2005-09-29,32.787803649902344,-0.011969807074381444
2005-09-30,32.39533996582031,0.023152891037987233
2005-10-03,33.1453857421875,0.05512435227435941
2005-10-04,34.972503662109375,0.008478667584659094
2005-10-05,35.26902389526367,-0.03474293561138464
2005-10-06,34.04367446899414,-0.005379778571984795
2005-10-07,33.86052703857422,0.015840435927715113
2005-10-10,34.39689254760742,0.011790032071859358
2005-10-11,34.802433013916016,-0.02430778771904618
2005-10-13,33.95646286010742,-0.008732477498412328
2005-10-14,33.65993881225586,-0.008809632094106012
2005-10-17,33.363407135009766,-0.02417992098574695
2005-10-18,32.55668258666992,-0.01339381072603918
2005-10-19,32.12062454223633,0.0010860749749204146
2005-10-20,32.15550994873047,0.04542982669887463
2005-10-21,33.616329193115234,-0.03294853488622007
2005-10-24,32.50872039794922,0.011937972998249391
2005-10-25,32.89680862426758,-0.0013251850916444763
2005-10-26,32.853214263916016,-0.00822918641803394
2005-10-27,32.58285903930664,-0.044700219554145715
2005-10-28,31.12639808654785,0.02157465223319499
2005-10-31,31.79793930053711,0.01385100770318859
2005-11-02,32.238372802734375,0.0
2005-11-04,32.238372802734375,0.02028920272589496
2005-11-07,32.89246368408203,0.03632493451482288
2005-11-08,34.0872802734375,-0.016246714331245582
2005-11-09,33.53347396850586,0.0028610109504483283
2005-11-10,33.62941360473633,0.0481070865334301
2005-11-11,35.24722671508789,0.000494705054162603
2005-11-14,35.26466369628906,0.011623444196607213
2005-11-16,35.674560546875,0.010145562300253985
2005-11-17,36.0364990234375,0.026016243466537414
2005-11-18,36.97403335571289,-0.006486444548327475
2005-11-21,36.73420333862305,-0.00890312639575408
2005-11-22,36.40715408325195,0.033417306541957625
2005-11-23,37.623783111572266,0.016573912872436702
2005-11-24,38.24735641479492,0.0022800001795275637
2005-11-25,38.33456039428711,0.012854189523020532
2005-11-28,38.82732009887695,-0.002808019257347194
2005-11-29,38.718292236328125,-0.04662638594300872
2005-11-30,36.91299819946289,0.022799723164968144
2005-12-01,37.75460433959961,-0.002772315202478115
2005-12-02,37.64993667602539,-0.02073182531798068
2005-12-05,36.869384765625,0.011945468059887387
2005-12-06,37.30980682373047,0.020103078132070795
2005-12-07,38.05984878540039,-0.0022918343204043623
2005-12-08,37.97262191772461,0.013895308507533732
2005-12-09,38.50026321411133,-0.010419997279198179
2005-12-12,38.099090576171875,0.02746957981658582
2005-12-13,39.14565658569336,-0.008243681249262447
2005-12-14,38.82295227050781,-0.015163103736546946
2005-12-15,38.234275817871094,0.007641012778155876
2005-12-16,38.526424407958984,0.0322583232329694
2005-12-19,39.769222259521484,0.019188676583027142
2005-12-20,40.53234100341797,-0.01366313076983161
2005-12-21,39.97854232788086,0.00883480985693419
2005-12-22,40.33174514770508,0.0064873530712281635
2005-12-23,40.59339141845703,-0.025136839303867897
2005-12-26,39.573001861572266,0.01873262755059013
2005-12-27,40.314308166503906,-0.012655568796594019
2005-12-28,39.804107666015625,0.015118155241773179
2005-12-29,40.4058723449707,0.00010800444139946741
2005-12-30,40.41023635864258,-0.003560740887094571
2006-01-02,40.2663459777832,0.024474351530247462
2006-01-03,41.25183868408203,0.017125054166286846
2006-01-04,41.95827865600586,-0.014654002491655937
2006-01-05,41.343421936035156,-0.00284759174491811
2006-01-06,41.22569274902344,-0.024857435892880475
2006-01-09,40.200927734375,-0.002820343671620207
2006-01-10,40.087547302246094,0.003698646170652742
2006-01-12,40.235816955566406,-0.002817898099449989
2006-01-13,40.1224365234375,-0.00010886249060648723
2006-01-16,40.11806869506836,-0.025325883729238163
2006-01-17,39.10204315185547,0.028326208059302527
2006-01-18,40.20965576171875,0.08025144392413419
2006-01-19,43.43653869628906,0.0014055961079961765
2006-01-20,43.49759292602539,-0.012932539352972228
2006-01-23,42.93505859375,0.003148509200395777
2006-01-24,43.07024002075195,0.029057521718278245
2006-01-25,44.321754455566406,-0.006001541310795888
2006-01-27,44.055755615234375,0.03414820669442564
2006-01-30,45.5601806640625,0.013973910789354616
2006-01-31,46.196834564208984,-0.014064563468401903
2006-02-01,45.547096252441406,0.009957036483896342
2006-02-02,46.0006103515625,-0.02170832481948426
2006-02-03,45.00201416015625,-0.0029069235182344055
2006-02-06,44.87119674682617,0.011370334144795713
2006-02-07,45.38139724731445,-0.02459899628973694
2006-02-08,44.26506042480469,0.009457316642278224
2006-02-10,44.68368911743164,-0.013174558957775528
2006-02-13,44.095001220703125,-0.028481197725802043
2006-02-14,42.8391227722168,0.008754036836446932
2006-02-15,43.21413803100586,-0.010797092986457701
2006-02-16,42.74755096435547,0.0182597487384899
2006-02-17,43.52811050415039,0.023642421941008962
2006-02-20,44.557220458984375,0.0038167331141172323
2006-02-21,44.7272834777832,0.0068248251661473525
2006-02-22,45.03253936767578,0.011716889693443644
2006-02-23,45.5601806640625,-0.011293920756425657
2006-02-24,45.04562759399414,0.007163519722882983
2006-02-27,45.36831283569336,0.00048070168151426174
2006-02-28,45.39012145996094,0.015275220552616098
2006-03-01,46.083465576171875,0.004068869974299005
2006-03-02,46.270973205566406,-0.0016022710615584135
2006-03-03,46.196834564208984,-0.0019819618515695137
2006-03-06,46.10527420043945,-0.010876766195157317
2006-03-07,45.603797912597656,-0.029642580922982775
2006-03-08,44.251983642578125,0.007981799235750042
2006-03-09,44.605194091796875,0.017499553578453453
2006-03-10,45.385765075683594,0.023059008677880133
2006-03-13,46.432315826416016,-0.020191911684180885
2006-03-14,45.49475860595703,-0.008147119722680674
2006-03-16,45.124107360839844,0.005798623621546151
2006-03-17,45.385765075683594,0.04592587786147906
2006-03-20,47.47014617919922,-0.02223028678688399
2006-03-21,46.41487121582031,-0.018414153252384602
2006-03-22,45.5601806640625,0.0008614851739816576
2006-03-23,45.599430084228516,0.01625700405157704
2006-03-24,46.34074020385742,-0.021078623408547936
2006-03-27,45.36394119262695,0.017110828098320763
2006-03-28,46.14015579223633,0.02580062693436691
2006-03-29,47.33060073852539,0.05002799531538882
2006-03-30,49.698455810546875,-0.017811735693596398
2006-03-31,48.81324005126953,0.000536100927017058
2006-04-03,48.83940887451172,-0.0005358136768081057
2006-04-04,48.81324005126953,-0.0026800357421458143
2006-04-05,48.68241882324219,-0.03126125428661963
2006-04-07,47.160545349121094,-0.00748945186928518
2006-04-10,46.80733871459961,-0.03661298865395146
2006-04-12,45.09358215332031,-0.0032878741684722046
2006-04-13,44.94532012939453,0.04986926829798244
2006-04-17,47.186710357666016,0.05517031801788774
2006-04-18,49.790016174316406,-0.01874204058579143
2006-04-19,48.856849670410156,-0.010889219076590129
2006-04-20,48.32483673095703,-0.00938462114106442
2006-04-21,47.8713264465332,-0.030059969650609086
2006-04-24,46.432315826416016,-0.010236894605163194
2006-04-25,45.956993103027344,0.04165488675932871
2006-04-26,47.8713264465332,-0.0030059332158808294
2006-04-27,47.7274284362793,-0.018455801197925892
2006-04-28,46.846580505371094,0.004002426601414477
2006-05-02,47.034080505371094,-0.00018524373095152313
2006-05-03,47.025367736816406,0.003060089306617275
2006-05-04,47.16926956176758,-0.0025884864555931753
2006-05-05,47.04717254638672,-0.0017613527915937288
2006-05-08,46.96430587768555,0.0003716064714271994
2006-05-09,46.98175811767578,0.007239696440057619
2006-05-10,47.32189178466797,0.004146423058165372
2006-05-11,47.51810836791992,-0.0005505520894286686
2006-05-12,47.491947174072266,-0.018271803346080917
2006-05-15,46.624183654785156,-0.0008419071774836695
2006-05-16,46.584930419921875,0.018347095797889956
2006-05-17,47.43962860107422,-0.06691806554736912
2006-05-18,44.26506042480469,-0.03910953461877209
2006-05-19,42.53387451171875,-0.09411506726457397
2006-05-22,38.53079605102539,0.07322324962920579
2006-05-23,41.35214614868164,-0.041653501954803995
2006-05-24,39.62968444824219,0.07009232353202766
2006-05-25,42.40742111206055,-0.023136138102417658
2006-05-26,41.42627716064453,-0.009157937870925892
2006-05-29,41.046897888183594,0.0009563021052214626
2006-05-30,41.086151123046875,-0.045425889708989975
2006-05-31,39.21977615356445,-0.011118417846737949
2006-06-01,38.783714294433594,0.05666751713744511
2006-06-02,40.98149108886719,-0.026388683588239203
2006-06-05,39.90004348754883,-0.026885268659083694
2006-06-06,38.82732009887695,0.0003368915724937249
2006-06-07,38.84040069580078,-0.05793163040875571
2006-06-08,36.59031295776367,0.036586480866052984
2006-06-09,37.92902374267578,-0.028972129363907806
2006-06-12,36.83013916015625,-0.06393555537142148
2006-06-13,34.47538375854492,-0.01467217481796712
2006-06-14,33.96955490112305,0.0783051831488566
2006-06-15,36.629547119140625,0.04880956645840917
2006-06-16,38.41741943359375,-0.010556359632747703
2006-06-19,38.011871337890625,-0.03200655441310951
2006-06-20,36.79524230957031,0.040294113866019554
2006-06-21,38.27787399291992,0.026316096315493365
2006-06-22,39.28519821166992,0.04251300131797442
2006-06-23,40.95532989501953,-0.012138379764747187
2006-06-26,40.45819854736328,0.021556733561043595
2006-06-27,41.330345153808594,0.021628866744406006
2006-06-28,42.224273681640625,0.036627505682618855
2006-06-29,43.770843505859375,0.03352101712144684
2006-06-30,45.23808670043945,-0.021135530947112846
2006-07-03,44.28195571899414,-0.0036815199260457065
2006-07-04,44.11893081665039,-0.007590151859238725
2006-07-05,43.784061431884766,-0.011573195359465327
2006-07-06,43.277339935302734,-0.045306457221507945
2006-07-07,41.31659698486328,0.053322171439524224
2006-07-10,43.51968765258789,0.003341039626416409
2006-07-11,43.66508865356445,0.04217981659262837
2006-07-12,45.506874084472656,-0.02672365997354087
2006-07-13,44.29076385498047,-0.02686012162378415
2006-07-14,43.10110855102539,-0.021263602342818877
2006-07-17,42.18462371826172,0.013682754339986003
2006-07-18,42.76182556152344,-0.05543519412911391
2006-07-19,40.39131546020508,0.025307741788822335
2006-07-20,41.41352844238281,-0.044578967361648125
2006-07-21,39.56735610961914,0.04443218963503437
2006-07-24,41.32542037963867,0.0018124820055660518
2006-07-25,41.40032196044922,0.013941965084550256
2006-07-26,41.97752380371094,0.03652801723276178
2006-07-27,43.51087951660156,-0.021569480794338736
2006-07-28,42.57237243652344,0.015938399074129528
2006-07-31,43.25090789794922,0.008862965367862241
2006-08-01,43.634239196777344,0.015046089270455587
2006-08-02,44.29076385498047,0.011340970864621713
2006-08-03,44.79306411743164,-0.0008852660307455684
2006-08-04,44.75341033935547,-0.027173235770899695
2006-08-07,43.537315368652344,0.016192346898452836
2006-08-08,44.242286682128906,0.008067184866160648
2006-08-09,44.59919738769531,0.018277176443700638
2006-08-10,45.414344787597656,-0.02018076625660703
2006-08-11,44.49784851074219,0.01029829460213949
2006-08-14,44.95610046386719,0.008918816268719265
2006-08-16,45.3570556640625,-0.00670281444700116
2006-08-17,45.053035736083984,0.001858195453949385
2006-08-18,45.13675308227539,-0.0028311416966178005
2006-08-21,45.00896453857422,0.002741204000735742
2006-08-22,45.13234329223633,-0.0022454240167056883
2006-08-23,45.031002044677734,0.008610875398054274
2006-08-24,45.418758392333984,-0.009022568389472574
2006-08-25,45.00896453857422,0.00489480736649317
2006-08-28,45.22927474975586,0.02406232891887994
2006-08-29,46.317596435546875,0.0014270442468546918
2006-08-30,46.38369369506836,-0.014628832291447957
2006-08-31,45.70515441894531,-0.0006750501530213837
2006-09-01,45.67430114746094,0.008585726641835656
2006-09-04,46.06644821166992,-0.013677741955705147
2006-09-05,45.436363220214844,0.013576506166216307
2006-09-06,46.05323028564453,-0.02009173185710622
2006-09-07,45.1279411315918,-0.005662881860122093
2006-09-08,44.87238693237305,-0.018755291473869784
2006-09-11,44.030792236328125,0.007705671121658542
2006-09-12,44.370079040527344,0.019761850516062163
2006-09-13,45.24691390991211,-0.002240075567351618
2006-09-14,45.14555740356445,-0.006636705460420944
2006-09-15,44.84593963623047,0.009628793373037015
2006-09-18,45.27775192260742,-0.0020438457528760834
2006-09-19,45.185211181640625,0.009458986687414628
2006-09-20,45.61261749267578,0.011592217293294294
2006-09-21,46.1413688659668,-0.008308170774647405
2006-09-22,45.758018493652344,-0.01781397376781857
2006-09-25,44.94288635253906,0.03205862950651128
2006-09-26,46.38369369506836,-0.010924232147704993
2006-09-27,45.87698745727539,0.0023049335639486745
2006-09-28,45.982730865478516,0.00594113354156689
2006-09-29,46.25592041015625,-0.010097139038103498
2006-10-03,45.78886795043945,-0.024538132378349675
2006-10-04,44.6652946472168,0.02762150561217558
2006-10-05,45.899017333984375,-0.012575472783256103
2006-10-06,45.321815490722656,0.002624477288730942
2006-10-09,45.44076156616211,0.008048339060460208
2006-10-10,45.80648422241211,0.01741054531206343
2006-10-11,46.604000091552734,0.031010990541918027
2006-10-12,48.04923629760742,0.022558199669271195
2006-10-13,49.133140563964844,0.02340605458496059
2006-10-16,50.28315353393555,0.007973871114258069
2006-10-17,50.684104919433594,-0.030600606599132663
2006-10-18,49.133140563964844,-0.012465258038884874
2006-10-19,48.52068328857422,0.0108064794849696
2006-10-20,49.045021057128906,-0.0166200793382022
2006-10-23,48.229888916015625,0.01790610207435228
2006-10-26,49.09349822998047,0.010949242577410923
2006-10-27,49.63103485107422,-0.01535862095151308
2006-10-30,48.868770599365234,-0.029302873272287755
2006-10-31,47.43677520751953,-0.0014861764919222864
2006-11-01,47.366275787353516,-0.008092996697615318
2006-11-02,46.982940673828125,-0.007221408124650441
2006-11-03,46.64365768432617,0.005101266790732639
2006-11-06,46.88159942626953,-0.0019740059382915565
2006-11-07,46.78905487060547,0.008193163409147886
2006-11-08,47.17240524291992,-0.0026154048819327924
2006-11-09,47.04903030395508,0.0051506366216376165
2006-11-10,47.29136276245117,0.010062557135121386
2006-11-13,47.767234802246094,0.0061800555091746645
2006-11-14,48.06243896484375,0.0048588490770902215
2006-11-15,48.29596710205078,0.010218239440502153
2006-11-16,48.789466857910156,-0.006141112033542839
2006-11-17,48.489845275878906,0.007723586893636947
2006-11-20,48.86436080932617,0.026690895561176875
2006-11-21,50.16859436035156,0.02775332747945547
2006-11-22,51.56093978881836,-0.004016530744042512
2006-11-23,51.353843688964844,0.012698462691784762
2006-11-24,52.005958557128906,0.018893571137786447
2006-11-27,52.9885368347168,-0.026526016428200072
2006-11-28,51.58296203613281,-0.004270840081513572
2006-11-29,51.3626594543457,0.029252890564185785
2006-11-30,52.86516571044922,0.0019168315619984
2006-12-01,52.96649932861328,-0.017136519299812414
2006-12-04,52.058837890625,0.004316580923215518
2006-12-05,52.28355407714844,-0.005646287489548207
2006-12-06,51.988346099853516,-0.009662005896055703
2006-12-07,51.48603439331055,-0.012494929336718363
2006-12-08,50.84272003173828,-0.016898790031357747
2006-12-11,49.98353958129883,-0.015338683045756696
2006-12-12,49.21685791015625,-0.005461131938355734
2006-12-13,48.94807815551758,0.02538505990556783
2006-12-14,50.19062805175781,-0.0050917476795165895
2006-12-15,49.9350700378418,0.02885346334836214
2006-12-18,51.37586975097656,-0.027872917748871462
2006-12-19,49.94387435913086,-0.02029095006930315
2006-12-20,48.93046569824219,0.005402894620556209
2006-12-21,49.19483184814453,0.02910881016242861
2006-12-22,50.626834869384766,0.040034898788164464
2006-12-26,52.6536750793457,0.01606690504747399
2006-12-27,53.499656677246094,0.002223661913261843
2006-12-28,53.618621826171875,-0.004191081261827878
2006-12-29,53.39390182495117,0.009325070831801119
2007-01-02,53.89180374145508,0.014144557110350009
2007-01-03,54.65407943725586,-0.022089880681127716
2007-01-04,53.44677734375,-0.013932728236143221
2007-01-05,52.702117919921875,-0.03268912176024341
2007-01-08,50.979331970214844,0.00242002237965111
2007-01-09,51.10270309448242,0.017503085001217222
2007-01-10,51.99715805053711,0.04999566054469673
2007-01-11,54.5967903137207,0.011137195268295486
2007-01-12,55.2048454284668,0.0007977683768485289
2007-01-15,55.24888610839844,0.01587070339050234
2007-01-16,56.12572479248047,-0.0047101812258555364
2007-01-17,55.86136245727539,0.012147117525661777
2007-01-18,56.5399169921875,-0.032653087385977275
2007-01-19,54.6937141418457,0.0017721898090681254
2007-01-22,54.79064178466797,-0.0016081556005073105
2007-01-23,54.70252990722656,0.019573094448093853
2007-01-24,55.77322769165039,0.0290726444718441
2007-01-25,57.39470291137695,-0.03224321511089201
2007-01-29,55.54411315917969,-0.027050752732244554
2007-01-31,54.041603088378906,0.014757654615244364
2007-02-01,54.83913040161133,0.033424414964395854
2007-02-02,56.672096252441406,-0.014383374000841442
2007-02-05,55.85696029663086,0.0014986443292355212
2007-02-06,55.940670013427734,0.012602193145069718
2007-02-07,56.64564514160156,-0.011434129356530653
2007-02-08,55.99795150756836,0.012038739395349829
2007-02-09,56.672096252441406,-0.019748254101809026
2007-02-12,55.552921295166016,0.01173841823020405
2007-02-13,56.20502471923828,0.019442085923464525
2007-02-14,57.297767639160156,0.041218178160093766
2007-02-15,59.65947723388672,0.006277872758845726
2007-02-19,60.03401184082031,-0.024954192379045392
2007-02-20,58.535911560058594,0.006247051940202919
2007-02-21,58.901588439941406,-0.027752501862286283
2007-02-22,57.26692199707031,-0.040855691844888575
2007-02-23,54.927242279052734,-0.015562496080415378
2007-02-26,54.07243728637695,-0.014748815941569404
2007-02-27,53.274932861328125,-0.06972129725791121
2007-02-28,49.5605354309082,0.05174277672631855
2007-03-01,52.124935150146484,-0.029247731981268732
2007-03-02,50.600399017333984,-0.0648730141773689
2007-03-05,47.31779861450195,0.07700903501324596
2007-03-06,50.96169662475586,-0.042278927276370615
2007-03-07,48.807090759277344,0.033673333965897445
2007-03-08,50.45058822631836,-0.011964928785460627
2007-03-09,49.84695053100586,0.010872284463880666
2007-03-12,50.38890075683594,0.02116116800265999
2007-03-13,51.4551887512207,-0.04906644235988
2007-03-14,48.93046569824219,0.012696747785188922
2007-03-15,49.55172348022461,0.0052466237254216175
2007-03-16,49.811702728271484,0.022998369025686305
2007-03-19,50.95729064941406,-0.008387539949400225
2007-03-20,50.529884338378906,0.01456231740860292
2007-03-21,51.265716552734375,0.02226058486494531
2007-03-22,52.40692138671875,0.004372201226365169
2007-03-23,52.63605499267578,-0.017896431033960436
2007-03-26,51.69405746459961,-0.03885180795004928
2007-03-28,49.68564987182617,0.01216226435809542
2007-03-29,50.289939880371094,-0.011485976931559727
2007-03-30,49.712310791015625,-0.07266718048733778
2007-04-02,46.099857330322266,0.029879598348371728
2007-04-03,47.47730255126953,0.028264109677974103
2007-04-04,48.81920623779297,0.00591576805200833
2007-04-05,49.108009338378906,0.014839004860421223
2007-04-09,49.83672332763672,-0.023359438375958885
2007-04-10,48.67256546020508,-0.0008216802577524218
2007-04-11,48.632572174072266,-0.012425701463603778
2007-04-12,48.02827835083008,0.05032840693151286
2007-04-13,50.445465087890625,0.031797773982650934
2007-04-16,52.04951858520508,-0.020061388977467676
2007-04-17,51.005332946777344,0.020733254743827922
2007-04-18,52.06283950805664,-0.017068996606892428
2007-04-19,51.17417907714844,-0.007988145214119946
2007-04-20,50.7653923034668,-0.006739559521404037
2007-04-23,50.423255920410156,-0.02255935284155408
2007-04-24,49.28573989868164,0.002163783621328186
2007-04-25,49.39238357543945,0.014123970674201791
2007-04-26,50.09000015258789,0.003725822195201678
2007-04-27,50.27662658691406,0.010339980011708994
2007-04-30,50.796485900878906,-0.0012245424562372653
2007-05-03,50.734283447265625,-0.006305636643506252
2007-05-04,50.414371490478516,-0.025912495058008078
2007-05-07,49.108009338378906,-0.009500542592965178
2007-05-08,48.641456604003906,0.005663840184028546
2007-05-09,48.916954040527344,0.004178414175586509
2007-05-10,49.1213493347168,-0.012573555353177168
2007-05-11,48.503719329833984,-0.0032063807677240597
2007-05-14,48.34819793701172,-0.016542674522000977
2007-05-15,47.54838943481445,0.010279412974020241
2007-05-16,48.03715896606445,0.01165504997239264
2007-05-17,48.5970344543457,-0.006491974792260935
2007-05-18,48.28154373168945,-0.016933301108020382
2007-05-21,47.4639778137207,-0.003557433507386132
2007-05-22,47.295127868652344,0.005167229197555079
2007-05-23,47.539512634277344,-0.0047667353704378135
2007-05-24,47.312904357910156,0.020660909146761552
2007-05-25,48.29043197631836,-0.006809043366376666
2007-05-28,47.96162033081055,0.0016677999285921175
2007-05-29,48.04161071777344,-0.0074919285808435765
2007-05-30,47.68168640136719,0.013326327168484253
2007-05-31,48.317108154296875,0.0010112868741927183
2007-06-01,48.365970611572266,-0.019017025914576324
2007-06-04,47.44619369506836,0.002528595439603709
2007-06-05,47.566165924072266,-0.005604776896004027
2007-06-06,47.29956817626953,0.02470623740150457
2007-06-07,48.468162536621094,0.004034035913820233
2007-06-08,48.6636848449707,-0.008765692398611469
2007-06-11,48.23711395263672,-0.007553378510360198
2007-06-12,47.87276077270508,-0.015314484806117079
2007-06-13,47.13961410522461,0.003676106730503337
2007-06-14,47.312904357910156,-0.0035689538986134473
2007-06-15,47.144046783447266,-0.01404333800568014
2007-06-18,46.48198699951172,-0.0028677123151842343
2007-06-19,46.348690032958984,0.002492339319957182
2007-06-20,46.46420669555664,0.0037297892098504537
2007-06-21,46.637508392333984,-0.01429115596491759
2007-06-22,45.971004486083984,-0.0033829493147594647
2007-06-25,45.815486907958984,-0.01318989480240007
2007-06-26,45.211185455322266,0.002260492694763583
2007-06-27,45.313385009765625,0.01159375928137174
2007-06-28,45.83873748779297,0.007089756872927344
2007-06-29,46.16372299194336,-0.011090569194358135
2007-07-02,45.65174102783203,0.004778760174575236
2007-07-03,45.86989974975586,-0.012423615447736402
2007-07-04,45.30002975463867,-0.00805894267608498
2007-07-05,44.934959411621094,0.0296242687464503
2007-07-06,46.2661247253418,0.010489111206626323
2007-07-09,46.75141525268555,-0.010951562318067931
2007-07-10,46.23941421508789,-0.015694246160814163
2007-07-11,45.51372146606445,0.0007826572277322974
2007-07-12,45.54934310913086,0.001954945388743301
2007-07-13,45.638389587402344,-0.019705311760531585
2007-07-16,44.739070892333984,0.0057717039593612185
2007-07-17,44.997291564941406,0.001978675406522745
2007-07-18,45.086326599121094,-0.0023698061867603037
2007-07-19,44.9794807434082,9.914256522769449e-05
2007-07-20,44.98394012451172,0.007521452612601287
2007-07-23,45.32228469848633,-0.006876209129477284
2007-07-24,45.01063919067383,-0.013155221734499012
2007-07-25,44.418514251708984,0.03036976748719744
2007-07-26,45.767494201660156,-0.04143969906166811
2007-07-27,43.87090301513672,0.001725056332362751
2007-07-30,43.94658279418945,0.007699603822215906
2007-07-31,44.28495407104492,-0.04182173625973218
2007-08-01,42.43288040161133,-0.0302171299116063
2007-08-02,41.15068054199219,0.017418555938018
2007-08-03,41.86746597290039,-0.02722266032697951
2007-08-06,40.72772216796875,0.005028601058321591
2007-08-07,40.932525634765625,0.03708956091843807
2007-08-08,42.4506950378418,0.0019924165599183308
2007-08-09,42.535274505615234,0.005338030577827668
2007-08-10,42.7623291015625,-0.0001040153121958376
2007-08-13,42.75788116455078,0.002603419016012687
2007-08-14,42.869197845458984,-0.024925290777113807
2007-08-16,41.8006706237793,0.010544639683439883
2007-08-17,42.2414436340332,-0.010855892544084034
2007-08-20,41.782875061035156,-0.04773576137597202
2007-08-21,39.78833770751953,0.014434232504342726
2007-08-22,40.36265182495117,-0.010147505483267039
2007-08-23,39.95307159423828,0.01938901172850449
2007-08-24,40.72772216796875,0.015304038916022167
2007-08-27,41.35102081298828,0.005060368515566793
2007-08-28,41.560272216796875,0.00696297014275471
2007-08-29,41.84965515136719,0.01638291526580593
2007-08-30,42.535274505615234,0.009734388114758907
2007-08-31,42.9493293762207,-0.015756500030331577
2007-09-03,42.27259826660156,-0.018535744413125
2007-09-04,41.489044189453125,0.014808335779062043
2007-09-05,42.10342788696289,0.010891387740017633
2007-09-06,42.56199264526367,0.0005227934071565521
2007-09-07,42.58424377441406,-0.02749560072538315
2007-09-10,41.41336441040039,-0.020748296029988178
2007-09-11,40.554107666015625,-0.00636731239986843
2007-09-12,40.2958869934082,0.008507264521351088
2007-09-13,40.638694763183594,-0.01347530645750239
2007-09-14,40.0910758972168,-0.0018877915360523412
2007-09-17,40.0153923034668,-0.011570864826243032
2007-09-18,39.5523796081543,0.009567996818029778
2007-09-19,39.930816650390625,-0.030661399377738485
2007-09-20,38.70648193359375,0.009201736293436902
2007-09-21,39.06264877319336,0.010485506939963862
2007-09-24,39.47224044799805,-0.01669267800418872
2007-09-25,38.8133430480957,0.042440920775434376
2007-09-26,40.46061706542969,0.013204063014896184
2007-09-27,40.9948616027832,-0.0003258718117812309
2007-09-28,40.981502532958984,-0.013036422135044412
2007-10-01,40.44725036621094,0.035552943297956
2007-10-03,41.88526916503906,-0.017751047088280347
2007-10-04,41.141761779785156,-0.004111611370760326
2007-10-05,40.97260284423828,0.020319397522810867
2007-10-08,41.80514144897461,0.04153320290133178
2007-10-09,43.54144287109375,0.029243583040246213
2007-10-10,44.81475067138672,-0.03039942907330473
2007-10-11,43.45240783691406,-0.0024589168018929186
2007-10-12,43.34556198120117,0.011092708922702865
2007-10-15,43.82638168334961,-0.013104475541141136
2007-10-16,43.25205993652344,0.005249655414742316
2007-10-17,43.47911834716797,0.011263850272728249
2007-10-18,43.9688606262207,0.012454090355922931
2007-10-19,44.51645278930664,-0.009400910270262686
2007-10-22,44.097957611083984,-0.00545180953484925
2007-10-23,43.8575439453125,-0.012688884188142402
2007-10-24,43.30104064941406,0.026016843465853645
2007-10-25,44.42759704589844,0.0059369276142007266
2007-10-26,44.69136047363281,0.020005937396825324
2007-10-29,45.585453033447266,0.0015690438280384633
2007-10-30,45.656978607177734,-0.006853959029645917
2007-10-31,45.34404754638672,-0.015281403454457831
2007-11-01,44.651126861572266,-0.015218335714789144
2007-11-02,43.97161102294922,-0.01433517129592754
2007-11-05,43.341270446777344,0.004435445754640943
2007-11-06,43.53350830078125,-0.0198193172689074
2007-11-07,42.67070388793945,-0.01194346188034201
2007-11-08,42.161067962646484,-0.032128057663443066
2007-11-12,40.806514739990234,-0.031222425567553613
2007-11-13,39.53243637084961,0.06965904613743001
2007-11-14,42.28622817993164,-0.03330115494870989
2007-11-15,40.878047943115234,0.007983157792577078
2007-11-16,41.204383850097656,-0.004773696794569515
2007-11-19,41.007686614990234,-0.02256621654544555
2007-11-20,40.082298278808594,-0.02576409962793602
2007-11-21,39.04961395263672,0.002518701970239734
2007-11-22,39.14796829223633,0.00822195187190533
2007-11-23,39.46984100341797,0.026503892707897103
2007-11-26,40.51594543457031,0.010261263239322194
2007-11-27,40.93169021606445,-0.017584347880060025
2007-11-28,40.21193313598633,-0.0036686118062856377
2007-11-29,40.06441116333008,0.028007040131319272
2007-11-30,41.18649673461914,0.06827323632119287
2007-12-03,43.99843215942383,0.012395866975032366
2007-12-04,44.54383087158203,0.0012045151032407109
2007-12-05,44.59748458862305,-0.0074180373336225625
2007-12-06,44.266658782958984,0.016360400712188028
2007-12-07,44.99087905883789,-0.0036763331190734494
2007-12-10,44.825477600097656,0.008576573540537424
2007-12-11,45.20992660522461,0.0036589427289059895
2007-12-12,45.37534713745117,-0.013891949263863612
2007-12-13,44.7449951171875,-0.006493809865475764
2007-12-14,44.454429626464844,-0.018201972941603084
2007-12-17,43.64527130126953,-0.008808928599834287
2007-12-18,43.26080322265625,-0.00020669173303611288
2007-12-19,43.251861572265625,0.01984509732395301
2007-12-20,44.110198974609375,0.08442282187044037
2007-12-24,47.8341064453125,0.001027957903010579
2007-12-26,47.883277893066406,0.026048185219075926
2007-12-27,49.130550384521484,-0.0393997210558138
2007-12-28,47.194820404052734,-0.004167690833998039
2007-12-31,46.99812698364258,-0.018358434635844634
2008-01-01,46.13531494140625,-0.009011504456389319
2008-01-02,45.719566345214844,-0.029627512805472822
2008-01-03,44.36500930786133,0.0009070490930325192
2008-01-04,44.405250549316406,-0.028591641130975565
2008-01-07,43.1356315612793,0.014405610595992213
2008-01-08,43.75702667236328,0.00286051992556291
2008-01-09,43.88219451904297,-0.006316102972202975
2008-01-10,43.60503005981445,0.00235810328886088
2008-01-11,43.707855224609375,-0.05666373299055516
2008-01-14,41.231204986572266,-0.002276723911975642
2008-01-15,41.137332916259766,-0.008259160294902479
2008-01-16,40.79757308959961,0.013697167390738674
2008-01-17,41.35638427734375,-0.01772808644844981
2008-01-18,40.62321472167969,-0.032683884470584124
2008-01-21,39.29549026489258,-0.017178300870870133
2008-01-22,38.620460510253906,-0.0012736906963388694
2008-01-23,38.57126998901367,-0.04705610901624502
2008-01-24,36.756256103515625,0.05071801658711306
2008-01-25,38.620460510253906,-0.05452038211313537
2008-01-28,36.51485824584961,0.010038913928541282
2008-01-29,36.88142776489258,0.002788199926667234
2008-01-30,36.98426055908203,0.021999129053732025
2008-01-31,37.797882080078125,0.04092269173662011
2008-02-01,39.34467315673828,0.055561631457140104
2008-02-04,41.53072738647461,-0.019052577328015352
2008-02-05,40.73945999145508,-0.06737636832073846
2008-02-06,37.99458312988281,-0.034356949140426196
2008-02-07,36.689205169677734,0.028633931370352306
2008-02-08,37.73976135253906,0.0013031104433607332
2008-02-11,37.7889404296875,0.00118290224733264
2008-02-12,37.833641052246094,-0.03107655662077169
2008-02-13,36.657901763916016,0.015488078700897301
2008-02-14,37.22566223144531,0.010207528136542576
2008-02-15,37.60564422607422,-0.013195147053781442
2008-02-18,37.109432220458984,-0.00650533536389486
2008-02-19,36.86802291870117,-0.0032739659282808864
2008-02-20,36.747318267822266,0.050365152860105455
2008-02-21,38.59810256958008,-0.011350665890116907
2008-02-22,38.15998840332031,0.02952232698203372
2008-02-25,39.28656005859375,0.013313381370296362
2008-02-26,39.80959701538086,-0.010331312829710892
2008-02-27,39.398311614990234,0.015318408707332587
2008-02-28,40.0018310546875,-0.023133744793176536
2008-02-29,39.076438903808594,-0.035693806135974504
2008-03-03,37.6816520690918,-0.0043898478024794185
2008-03-04,37.5162353515625,0.04122991185456826
2008-03-05,39.063026428222656,-0.04600582531211983
2008-03-07,37.265899658203125,-0.03430913114011702
2008-03-10,35.98733901977539,-0.023105588218614526
2008-03-11,35.15583038330078,-0.008265398133007196
2008-03-12,34.86525344848633,-0.06180311709870234
2008-03-13,32.710472106933594,0.00943059788539835
2008-03-14,33.018951416015625,-0.041159198772603545
2008-03-17,31.6599178314209,0.0146851164669497
2008-03-18,32.124847412109375,0.053159142444856755
2008-03-19,33.832576751708984,0.05364681750730371
2008-03-24,35.647586822509766,0.09355405214086421
2008-03-25,38.98256301879883,-0.01674354110388987
2008-03-26,38.329856872558594,0.001749811055836048
2008-03-27,38.39692687988281,0.05600205215346965
2008-03-28,40.54723358154297,-0.04718871969272609
2008-03-31,38.63386154174805,-0.052534081253915677
2008-04-01,36.60426712036133,0.014289378171574496
2008-04-02,37.1273193359375,0.050812497739579854
2008-04-03,39.013851165771484,-0.049157705881162306
2008-04-04,37.09601974487305,0.04760193815640279
2008-04-07,38.86186218261719,-0.0477397382100484
2008-04-08,37.00660705566406,-0.007126953137079894
2008-04-09,36.742862701416016,-0.00900412285358232
2008-04-10,36.412025451660156,-0.004296926809449819
2008-04-11,36.25556564331055,0.045376460186618894
2008-04-15,37.90071487426758,0.05520135232996615
2008-04-16,39.99288558959961,0.02671573875930644
2008-04-17,41.06132507324219,-0.009689724432784153
2008-04-21,40.6634521484375,-0.05189086351560268
2008-04-22,38.55339050292969,0.027713440999590278
2008-04-23,39.6218376159668,0.014780351696465077
2008-04-24,40.207462310791016,0.037025107339604846
2008-04-25,41.69614791870117,-0.01769094346544653
2008-04-28,40.95850372314453,0.045405124286743925
2008-04-29,42.81822967529297,0.02056796615844103
2008-04-30,43.69891357421875,0.027621451806867148
2008-05-02,44.905941009521484,-0.023892646024324393
2008-05-05,43.8330192565918,0.014482580183407867
2008-05-06,44.46783447265625,0.001910100870071263
2008-05-07,44.552772521972656,-0.0032109960560796624
2008-05-08,44.40971374511719,0.008556538799182833
2008-05-09,44.78970718383789,0.008384042282009618
2008-05-12,45.165225982666016,-0.024448062563255935
2008-05-13,44.0610237121582,0.020799486906567966
2008-05-14,44.97747039794922,0.014908943364419835
2008-05-15,45.64803695678711,-0.009401355917869392
2008-05-16,45.2188835144043,-0.01749902711007445
2008-05-20,44.42759704589844,-0.002817516237596629
2008-05-21,44.30242156982422,-0.013319798643213088
2008-05-22,43.71232223510742,-0.015954117153941905
2008-05-23,43.014930725097656,-0.004676791793195245
2008-05-26,42.813758850097656,0.02516463415177439
2008-05-27,43.891151428222656,0.034018836757315984
2008-05-28,45.38427734375,0.007978925489795285
2008-05-29,45.746395111083984,-0.004690821315256111
2008-05-30,45.53180694580078,-0.019931483953019025
2008-06-02,44.624290466308594,0.012222356148363867
2008-06-03,45.16970443725586,-0.016033318900390503
2008-06-04,44.44548416137695,0.06437322704767268
2008-06-05,47.306583404541016,-0.04441495969280884
2008-06-06,45.20546340942383,-0.050039572700903756
2008-06-09,42.94340133666992,-0.008224400847268276
2008-06-10,42.59021759033203,-0.00010479391872830757
2008-06-11,42.58575439453125,0.012702264502490346
2008-06-12,43.12668991088867,-0.00901825436917203
2008-06-13,42.737762451171875,0.019979027884986733
2008-06-16,43.59162139892578,0.01384458701552993
2008-06-17,44.19512939453125,-0.016791351387183684
2008-06-18,43.453033447265625,0.009979675096515095
2008-06-19,43.886680603027344,-0.034837887007231005
2008-06-20,42.35776138305664,0.010343004978551118
2008-06-23,42.795867919921875,-0.017758238937201187
2008-06-24,42.035888671875,-0.03445687337015546
2008-06-25,40.58746337890625,0.06322266667669196
2008-06-26,43.15351104736328,-0.07928523605087989
2008-06-27,39.73207473754883,-0.0017021705578931234
2008-06-30,39.66444396972656,-0.05727896565772206
2008-07-01,37.39250564575195,0.056419254371024685
2008-07-02,39.50216293334961,-0.017916120848786465
2008-07-03,38.794437408447266,-0.006158571187098505
2008-07-04,38.555519104003906,0.035426192562890035
2008-07-07,39.92139434814453,-0.049796782732485334
2008-07-08,37.93343734741211,0.03244210114960522
2008-07-09,39.16407775878906,-0.006791032070120773
2008-07-10,38.89811325073242,-0.044616960809782835
2008-07-11,37.16259765625,-0.0220768897239485
2008-07-14,36.3421630859375,-0.06177111499252641
2008-07-15,34.097267150878906,-0.020888204301578117
2008-07-16,33.38503646850586,0.02673484552178329
2008-07-17,34.27758026123047,-0.03669123098554117
2008-07-18,33.019893646240234,0.018566614221149358
2008-07-21,33.63296127319336,0.05830335889511229
2008-07-22,35.593875885009766,0.03305446599464279
2008-07-23,36.77041244506836,-0.00036766754056871687
2008-07-24,36.756893157958984,-0.0009810495434690036
2008-07-25,36.72083282470703,0.0012275940963288878
2008-07-28,36.76591110229492,-0.012628809635397031
2008-07-29,36.30160140991211,0.04967105204394118
2008-07-30,38.104740142822266,-0.017154091294472096
2008-07-31,37.451087951660156,0.044415333394855594
2008-08-01,39.1144905090332,-0.005531895097823369
2008-08-04,38.89811325073242,0.037315923348129054
2008-08-05,40.349632263183594,0.012401046229257862
2008-08-06,40.85000991821289,-0.007724549975557049
2008-08-07,40.534461975097656,-0.026579198344868993
2008-08-08,39.457088470458984,0.011539005547381187
2008-08-11,39.912384033203125,-0.021233624829777753
2008-08-12,39.06489944458008,-0.0015000055172392779
2008-08-13,39.00630187988281,-0.007511881351178307
2008-08-14,38.71329116821289,0.006055107687799266
2008-08-18,38.94770431518555,0.0010414394567943575
2008-08-19,38.98826599121094,0.0027748044623865376
2008-08-20,39.09645080566406,-0.0290557035389164
2008-08-21,37.96047592163086,-0.00546230466125841
2008-08-22,37.75312423706055,0.002985321956540332
2008-08-25,37.86582946777344,0.022142590894895342
2008-08-26,38.70427703857422,-0.007104704529644623
2008-08-27,38.42929458618164,-0.02850444147905762
2008-08-28,37.33388900756836,0.044192031045724
2008-08-29,38.98374938964844,0.0038161895915946875
2008-09-01,39.13251876831055,0.03893557982737006
2008-09-02,40.656166076660156,-0.006208803530194373
2008-09-04,40.40373992919922,-0.051991588049319803
2008-09-05,38.30308532714844,0.020948470479410064
2008-09-08,39.10547637939453,0.0033430992815912663
2008-09-09,39.236209869384766,-0.007582783475476251
2008-09-10,38.938690185546875,-0.011808227326769338
2008-09-11,38.4788932800293,-0.016752534521871754
2008-09-12,37.83427429199219,-0.03753135199860291
2008-09-15,36.414302825927734,-0.030576722243342624
2008-09-16,35.300872802734375,0.021197737778357872
2008-09-17,36.049171447753906,-0.00625254363087524
2008-09-18,35.82377243041992,0.04932676405579084
2008-09-19,37.590843200683594,-0.005396168583308603
2008-09-22,37.387996673583984,-0.061490521566131884
2008-09-23,35.0889892578125,-0.048175611151891284
2008-09-24,33.398555755615234,-0.049534329819510226
2008-09-25,31.74418067932129,-0.02229495442944407
2008-09-26,31.03644561767578,-0.0033405776634221063
2008-09-29,30.93276596069336,-0.009326365956951466
2008-09-30,30.644275665283203,0.027360596563292816
2008-10-01,31.48272132873535,-0.021477506409330993
2008-10-03,30.806550979614258,-0.06877371489529926
2008-10-06,28.687870025634766,-0.031112635271243305
2008-10-07,27.79531478881836,-0.08287385702767147
2008-10-08,25.491809844970703,-0.06931930669918929
2008-10-10,23.724735260009766,0.07999248146534899
2008-10-13,25.622535705566406,0.026389896727516238
2008-10-14,26.2987117767334,-0.05159405948564777
2008-10-15,24.94185447692871,0.00704848274203429
2008-10-16,25.117656707763672,-0.07573556335744724
2008-10-17,23.215356826782227,0.09475708606302913
2008-10-20,25.415176391601562,0.05303307979243632
2008-10-21,26.76302146911621,-0.058783820525358244
2008-10-22,25.189788818359375,-0.02594856369916365
2008-10-23,24.536149978637695,-0.1361381199282432
2008-10-24,21.195844650268555,-0.06592936189289988
2008-10-27,19.798416137695312,0.1703094159655154
2008-10-29,23.170272827148438,0.060894989552100265
2008-10-31,24.581226348876953,0.014120581561778422
2008-11-03,24.928327560424805,-0.04918619305239336
2008-11-04,23.702198028564453,0.032712099628721125
2008-11-05,24.47754669189453,-0.06795555993306157
2008-11-06,22.81416130065918,0.02706946156114376
2008-11-07,23.43172836303711,0.03636027231315264
2008-11-10,24.28371238708496,-0.07777988713018469
2008-11-11,22.394927978515625,-0.0030193183227338327
2008-11-12,22.32731056213379,-0.025640911738748717
2008-11-14,21.754817962646484,0.0449647941966318
2008-11-17,22.73301887512207,-0.08784460386407889
2008-11-18,20.736045837402344,-0.032391281552219264
2008-11-19,20.06437873840332,-0.01729956510344155
2008-11-20,19.717273712158203,0.05052589932024376
2008-11-21,20.7135066986084,0.019368880378841657
2008-11-24,21.114704132080078,-0.023911070690230463
2008-11-25,20.60982894897461,0.05336807617908157
2008-11-26,21.709735870361328,0.0
2008-11-27,21.709735870361328,0.007682640737421087
2008-11-28,21.876523971557617,-0.03688437581819559
2008-12-01,21.069622039794922,-0.002994871702024615
2008-12-02,21.006521224975586,-0.04485000045852949
2008-12-03,20.06437873840332,0.04538308950233727
2008-12-04,20.97496223449707,-0.022995891304484206
2008-12-05,20.492624282836914,0.04883378566175822
2008-12-08,21.493356704711914,0.0960572324655824
2008-12-10,23.55794906616211,-0.04439319415600973
2008-12-11,22.512136459350586,-0.047457210097601066
2008-12-12,21.44377326965332,-0.01618657347207919
2008-12-15,21.09667205810547,0.023717960077144884
2008-12-16,21.597042083740234,0.0181591211570713
2008-12-17,21.989225387573242,0.02460019948498915
2008-12-18,22.53016471862793,-0.003401371198399672
2008-12-19,22.45353126525879,-0.009034483772120128
2008-12-22,22.250675201416016,-0.01559958106465742
2008-12-23,21.903573989868164,-0.04321877959880982
2008-12-24,20.956928253173828,-0.024951431021492998
2008-12-26,20.434022903442383,0.0008821734229178535
2008-12-29,20.452049255371094,0.03989437797940898
2008-12-30,21.26797103881836,-0.010597601443947724
2008-12-31,21.04258155822754,0.0441297624726793
2009-01-02,21.9711856842041,0.008412108136751195
2009-01-05,22.156009674072266,-0.012410932040188949
2009-01-06,21.881032943725586,0.008034980587019014
2009-01-07,22.056846618652344,0.025750639476865622
2009-01-09,22.62482452392578,-0.0938432078978082
2009-01-12,20.501638412475586,0.05672801605170763
2009-01-13,21.664655685424805,0.014565191113383724
2009-01-14,21.980205535888672,-0.035069721704990564
2009-01-15,21.209365844726562,0.013177376316298783
2009-01-16,21.488849639892578,-0.02915869972393892
2009-01-19,20.862262725830078,-0.014044919679709889
2009-01-20,20.56925392150879,-0.03703682410575537
2009-01-21,19.80743408203125,-0.007737751328865228
2009-01-22,19.6541690826416,-0.020413035345426156
2009-01-23,19.252967834472656,0.05853399510605195
2009-01-27,20.379920959472656,0.03561149759456006
2009-01-28,21.105680465698242,-0.029260522951835233
2009-01-29,20.488117218017578,0.018921724863368627
2009-01-30,20.87578773498535,-0.049665392864729596
2009-02-02,19.8389835357666,0.02113169830697781
2009-02-03,20.258214950561523,-0.002892910073015731
2009-02-04,20.199609756469727,-0.018745727857827688
2009-02-05,19.820953369140625,0.02001359137049974
2009-02-06,20.217641830444336,0.008472653477633152
2009-02-09,20.388938903808594,-0.0013264199962655931
2009-02-10,20.361894607543945,-0.017268235848878932
2009-02-11,20.01028060913086,0.0018022809701510045
2009-02-12,20.046344757080078,0.00652108675327967
2009-02-13,20.17706871032715,-0.03462898428382977
2009-02-16,19.478357315063477,-0.029622506026819262
2009-02-17,18.90135955810547,-0.0021466724306834495
2009-02-18,18.86078453063965,0.05329856965926938
2009-02-19,19.866037368774414,-0.023145256720136564
2009-02-20,19.406232833862305,-0.010917734659989131
2009-02-24,19.194360733032227,0.022076494630577592
2009-02-25,19.618104934692383,-0.011259305177746204
2009-02-26,19.397218704223633,-0.03555689635387527
2009-02-27,18.7075138092041,-0.019758924361180097
2009-03-02,18.337873458862305,-0.012291135926622787
2009-03-03,18.11248016357422,0.02513711864042678
2009-03-04,18.56777572631836,0.003641654088162749
2009-03-05,18.635393142700195,0.03193039977327228
2009-03-06,19.23042869567871,-0.032817864763367566
2009-03-09,18.599327087402344,0.027872191532624324
2009-03-12,19.11773109436035,0.06059902843374232
2009-03-13,20.276247024536133,0.015562537292134193
2009-03-16,20.591796875,-0.0026269836917860445
2009-03-17,20.537702560424805,0.012071877010358056
2009-03-18,20.78563117980957,0.008891819590211014
2009-03-19,20.9704532623291,-0.0066637518910493965
2009-03-20,20.830711364746094,0.0357063065432186
2009-03-23,21.574499130249023,0.016924564754154936
2009-03-24,21.939638137817383,-0.00328740523194182
2009-03-25,21.86751365661621,0.05339090046773287
2009-03-26,23.0350399017334,-0.009588809136709897
2009-03-27,22.81416130065918,-0.047421699059901345
2009-03-30,21.732275009155273,0.020120640995136885
2009-03-31,22.16954231262207,0.026433197326903635
2009-04-01,22.75555419921875,0.07012694560748023
2009-04-02,24.35133171081543,-0.00222141093627215
2009-04-06,24.297237396240234,0.04768081640663335
2009-04-08,25.45574951171875,-0.02797946732779144
2009-04-09,24.743511199951172,-0.020768880804235
2009-04-13,24.229616165161133,0.0007440588061509157
2009-04-15,24.247644424438477,0.0321622018966945
2009-04-16,25.027502059936523,-0.009546001907234203
2009-04-17,24.788589477539062,-0.004364375871397819
2009-04-20,24.680402755737305,0.0027395663820297678
2009-04-21,24.748016357421875,0.023861495197566196
2009-04-22,25.33854103088379,0.11332486192944025
2009-04-23,28.21002769470215,-0.0020769863569602975
2009-04-24,28.15143585205078,0.043874775906435515
2009-04-27,29.386573791503906,-0.03236672251131112
2009-04-28,28.435426712036133,0.048985692785782575
2009-04-29,29.82835578918457,0.0
2009-04-30,29.82835578918457,0.10488111856721116
2009-05-04,32.956787109375,0.01080558148320998
2009-05-05,33.312904357910156,-0.02733414269777612
2009-05-06,32.40232467651367,0.060517360630792716
2009-05-07,34.36322784423828,-0.06834582688451762
2009-05-08,32.014644622802734,-0.015488569662697849
2009-05-11,31.518783569335938,0.07122455055758214
2009-05-12,33.763694763183594,0.00013331902225188763
2009-05-13,33.76819610595703,-0.02976899345129369
2009-05-14,32.7629508972168,0.039075585097520404
2009-05-15,34.043182373046875,0.10421061076961835
2009-05-18,37.590843200683594,-0.07578869304035818
2009-05-19,34.74188232421875,0.028286303321615414
2009-05-20,35.72460174560547,-0.051482703131557006
2009-05-21,33.88540267944336,-0.017294101952581742
2009-05-22,33.29938507080078,-0.006497821000101545
2009-05-25,33.083011627197266,0.01921242435727688
2009-05-26,33.7186164855957,0.014037236457467017
2009-05-27,34.191932678222656,-0.02663153044500799
2009-05-28,33.281349182128906,0.03548716683787023
2009-05-29,34.46240997314453,0.0435574534481189
2009-06-01,35.963504791259766,-0.018049418002449635
2009-06-02,35.31438446044922,0.011233002075948795
2009-06-03,35.7110710144043,-0.013759096754634936
2009-06-04,35.21971893310547,0.007167507271486295
2009-06-05,35.4721565246582,0.03113504917240517
2009-06-08,36.57658386230469,0.04412112555134717
2009-06-09,38.19038391113281,0.020538327383437638
2009-06-10,38.97475051879883,-0.019662529019045416
2009-06-11,38.20840835571289,-0.032562158643504646
2009-06-12,36.96426010131836,-0.01963434520207985
2009-06-15,36.23849105834961,-0.013559055477839643
2009-06-16,35.74713134765625,-0.040605295374102957
2009-06-17,34.29560852050781,-0.009726387782151291
2009-06-18,33.9620361328125,0.009689266831286458
2009-06-19,34.29110336303711,-0.0026290416941116
2009-06-22,34.200950622558594,-0.005140217458469487
2009-06-23,34.025150299072266,0.010201144931060613
2009-06-24,34.37224578857422,-0.017573762457441244
2009-06-25,33.76819610595703,0.026031361943396725
2009-06-26,34.6472282409668,-0.002892355384708001
2009-06-29,34.54701614379883,-0.003296602704881524
2009-06-30,34.433128356933594,0.003571840852393926
2009-07-01,34.55611801147461,0.006459219937035021
2009-07-02,34.77932357788086,0.009430207176750027
2009-07-03,35.1072998046875,-0.03412487960667454
2009-07-06,33.90926742553711,0.017195082837867526
2009-07-07,34.492340087890625,-0.009112626023561221
2009-07-08,34.17802429199219,-0.004931155132102405
2009-07-09,34.00948715209961,0.03067260262402627
2009-07-10,35.05264663696289,0.01091628421908708
2009-07-13,35.4352912902832,0.029309358693675902
2009-07-14,36.473876953125,0.03209694639115912
2009-07-15,37.64457702636719,0.008228367601309294
2009-07-16,37.95433044433594,0.030844866576209773
2009-07-17,39.12502670288086,0.07090496062406348
2009-07-20,41.89918518066406,-0.002609158000732026
2009-07-21,41.78986358642578,-0.01645984714506543
2009-07-22,41.10200881958008,0.011858395334602756
2009-07-23,41.589412689208984,0.008981771469899202
2009-07-24,41.96295928955078,-0.0006513436223505309
2009-07-27,41.93562698364258,0.007929557735514514
2009-07-28,42.268157958984375,0.006789410148277053
2009-07-29,42.55513381958008,0.04313861780116546
2009-07-30,44.39090347290039,0.005951889388233544
2009-07-31,44.655113220214844,0.0016320592649796684
2009-08-03,44.72799301147461,-0.017415262458769232
2009-08-04,43.94904327392578,0.032649311542822135
2009-08-05,45.383949279785156,0.000903411158825751
2009-08-06,45.424949645996094,0.0024065580786098995
2009-08-07,45.53426742553711,0.026911075952946062
2009-08-10,46.7596435546875,-0.00847577371395758
2009-08-11,46.363319396972656,-0.005992990213978033
2009-08-12,46.08546447753906,0.021349921546411466
2009-08-13,47.06938552856445,-0.010064789106567162
2009-08-14,46.59564208984375,-0.028350763600258344
2009-08-17,45.274620056152344,0.006942343874147161
2009-08-18,45.588932037353516,-0.011090912666154251
2009-08-19,45.083309173583984,0.019702548221959493
2009-08-20,45.97156524658203,0.016647097335777294
2009-08-21,46.73685836791992,0.022124854113118264
2009-08-24,47.770904541015625,0.036998029842393754
2009-08-25,49.538333892822266,0.0243678335818156
2009-08-26,50.74547576904297,0.021005558152370263
2009-08-27,51.8114128112793,-0.006681980505006235
2009-08-28,51.4652099609375,-0.026464914860662714
2009-08-31,50.103187561035156,0.01654673848906496
2009-09-01,50.93223190307617,-0.008406795930279154
2009-09-02,50.50405502319336,-0.004960898715834272
2009-09-03,50.253509521484375,0.0012691996815461515
2009-09-04,50.317291259765625,0.0037117213337967137
2009-09-07,50.50405502319336,-0.006584394155748741
2009-09-08,50.17151641845703,-0.014799543983719188
2009-09-09,49.42900085449219,0.0018434088755900913
2009-09-10,49.520118713378906,0.013614168947236882
2009-09-11,50.19429397583008,0.011797646368219672
2009-09-14,50.786468505859375,0.0035878975177430217
2009-09-15,50.968685150146484,-0.008133216227513618
2009-09-16,50.55414581298828,0.020454306390976562
2009-09-17,51.58819580078125,0.005121515556286482
2009-09-18,51.8524055480957,0.013880292628514868
2009-09-22,52.5721321105957,-0.017676127269161235
2009-09-23,51.642860412597656,0.024609860963315855
2009-09-24,52.91378402709961,-0.02487969351376984
2009-09-25,51.59730529785156,0.027721581165175868
2009-09-29,53.02766418457031,0.03444701790188298
2009-09-30,54.85430908203125,0.009882175796371184
2009-10-01,55.39638900756836,0.0008220726435943515
2009-10-05,55.44192886352539,-0.014788937405018632
2009-10-06,54.62200164794922,-0.04561748411008437
2009-10-07,52.13028335571289,-0.01232097345451999
2009-10-08,51.48798751831055,-0.023976039001080696
2009-10-09,50.253509521484375,0.03970264594733619
2009-10-12,52.24870681762695,0.0
2009-10-13,52.24870681762695,0.014298131263148717
2009-10-14,52.995765686035156,-0.011603940594803408
2009-10-15,52.38080596923828,-0.004435190980266013
2009-10-16,52.14848709106445,0.020265591098088898
2009-10-20,53.20530700683594,0.004366460626643587
2009-10-21,53.437625885009766,-0.01619633657147279
2009-10-22,52.5721321105957,0.020362197963076367
2009-10-23,53.642616271972656,0.004415773188765071
2009-10-26,53.87948989868164,0.024095549583922793
2009-10-27,55.1777458190918,0.03310473942610592
2009-10-28,57.004390716552734,-0.0019176411407904048
2009-10-29,56.895076751708984,-0.029784166670968948
2009-10-30,55.200504302978516,-0.04043562891931507
2009-11-03,52.96843719482422,0.027949945546956734
2009-11-04,54.44890213012695,0.003764611128085127
2009-11-05,54.65388107299805,-0.002416943395797122
2009-11-06,54.521785736083984,0.007769917199572207
2009-11-09,54.94541549682617,-0.015586299852168972
2009-11-10,54.089019775390625,0.0386560879129807
2009-11-11,56.17988967895508,0.012730303972487311
2009-11-12,56.895076751708984,0.013450418690871713
2009-11-13,57.66033935546875,0.007584097503247067
2009-11-16,58.09764099121094,0.007527143231217837
2009-11-17,58.534950256347656,0.003268384041120509
2009-11-18,58.72626495361328,0.002404652810590324
2009-11-19,58.86748123168945,0.004488276999177643
2009-11-20,59.13169479370117,-0.006394160280688621
2009-11-23,58.753597259521484,0.003488919518581657
2009-11-24,58.95858383178711,-0.002549490189308945
2009-11-25,58.80826950073242,-0.025097178396670805
2009-11-26,57.33234786987305,-0.01064651513763315
2009-11-27,56.72195816040039,0.010359988865665137
2009-11-30,57.30959701538086,0.014466131327284915
2009-12-01,58.13864517211914,-0.008070431424494595
2009-12-02,57.66944122314453,0.01216455044941367
2009-12-03,58.37096405029297,-0.004370262504609035
2009-12-04,58.115867614746094,-7.830793937479985e-05
2009-12-07,58.1113166809082,0.015207306144936927
2009-12-08,58.995033264160156,0.010964427604335247
2009-12-09,59.64188003540039,-0.009547059913483813
2009-12-10,59.07247543334961,-0.006169127948444708
2009-12-11,58.70804977416992,0.021958597301370952
2009-12-14,59.997196197509766,0.0008350762545934476
2009-12-15,60.047298431396484,0.01813075998350544
2009-12-16,61.13600158691406,0.0008195209465160502
2009-12-17,61.18610382080078,0.004615522735335276
2009-12-18,61.468509674072266,0.003927986053520849
2009-12-21,61.709957122802734,0.001993027710200268
2009-12-22,61.83294677734375,0.021806467661200424
2009-12-23,63.181304931640625,0.0012976827309720829
2009-12-24,63.2632942199707,-0.019153052265203807
2009-12-29,62.05160903930664,0.00036695145107512595
2009-12-30,62.074378967285156,-0.001981327185018422
2009-12-31,61.95138931274414,0.020294226943843308
2010-01-04,63.20864486694336,0.01578241866647856
2010-01-05,64.20623016357422,-0.020219795549690334
2010-01-06,62.90799331665039,-0.017740696974880676
2010-01-07,61.791961669921875,-0.015038714953928722
2010-01-08,60.86268997192383,-0.00995456599269351
2010-01-11,60.25682830810547,0.04898725408753091
2010-01-12,63.20864486694336,0.0314211418905288
2010-01-13,65.19473266601562,0.03563449158147658
2010-01-14,67.51791381835938,-0.007016615689466765
2010-01-15,67.0441665649414,0.0157628698487291
2010-01-18,68.1009750366211,-0.011437766261776838
2010-01-19,67.32205200195312,-0.016780983214483736
2010-01-20,66.19232177734375,-0.02353583926159175
2010-01-21,64.63442993164062,-0.013249719893047018
2010-01-22,63.77804183959961,-0.007070983958340604
2010-01-25,63.32706832885742,-0.05711377594745226
2010-01-27,59.71022033691406,0.02754046656303366
2010-01-28,61.35466766357422,-0.037865031294303186
2010-01-29,59.031471252441406,0.03140684829334184
2010-02-01,60.88546371459961,-0.022594978095966445
2010-02-02,59.50975799560547,0.02824592570598461
2010-02-03,61.19066619873047,-0.024492034856689493
2010-02-04,59.69198226928711,-0.0170178800407339
2010-02-05,58.676151275634766,-0.012188068069117097
2010-02-08,57.961002349853516,0.0284498703413667
2010-02-09,59.6099853515625,-0.01008690421338243
2010-02-10,59.008705139160156,0.012351266531848815
2010-02-11,59.7375373840332,0.006405366799156376
2010-02-15,60.12017822265625,0.015229619729362875
2010-02-16,61.03578567504883,0.0021644151794684152
2010-02-17,61.16789245605469,-0.005213225038846803
2010-02-18,60.8490104675293,-0.0031441515727684832
2010-02-19,60.657691955566406,0.003529704013256918
2010-02-22,60.871795654296875,0.01227278561068701
2010-02-23,61.61886215209961,-0.0061358823724240175
2010-02-24,61.24077606201172,-0.004165529352303299
2010-02-25,60.98567581176758,0.01210024701900525
2010-02-26,61.72361755371094,0.03505570540693603
2010-03-02,63.88738250732422,-0.003921733941401162
2010-03-03,63.63683319091797,-0.006800198105576416
2010-03-04,63.2040901184082,-0.011387401920491258
2010-03-05,62.48435974121094,0.017278005360228166
2010-03-08,63.56396484375,0.0062345645226957735
2010-03-09,63.96025848388672,-0.008190293698295936
2010-03-10,63.436405181884766,0.018813765174638952
2010-03-11,64.6298828125,0.0009165206025898431
2010-03-12,64.68911743164062,0.026194926436489796
2010-03-15,66.3836441040039,-0.0013037526446559866
2010-03-16,66.2970962524414,0.015665915930516805
2010-03-17,67.33570098876953,-0.013732767191735662
2010-03-18,66.41099548339844,-0.0033610879369604385
2010-03-19,66.18778228759766,0.0020641206450680016
2010-03-22,66.32440185546875,-0.01064547387911019
2010-03-23,65.61834716796875,-0.0015268474947701671
2010-03-25,65.51815795898438,-0.002294472166599393
2010-03-26,65.36782836914062,-0.0026480259088232927
2010-03-29,65.19473266601562,-0.019564424676110748
2010-03-30,63.91923522949219,0.007626024376636842
2010-03-31,64.40668487548828,0.02036884293879826
2010-04-01,65.71857452392578,0.0011091420634059546
2010-04-05,65.79146575927734,-0.009623793068619269
2010-04-06,65.1583023071289,-0.000629476575474186
2010-04-07,65.1172866821289,0.00279810799065916
2010-04-08,65.29949188232422,-0.008650024798646072
2010-04-09,64.73464965820312,-0.01238482480642078
2010-04-12,63.93292236328125,0.02564996653864471
2010-04-13,65.57279968261719,0.0033347070388718425
2010-04-15,65.79146575927734,-6.934604476482864e-05
2010-04-16,65.78690338134766,-0.02492745703523247
2010-04-19,64.14700317382812,-0.01200077165743163
2010-04-20,63.37718963623047,0.013440512340533006
2010-04-21,64.22901153564453,-0.0010637128984840594
2010-04-22,64.16069030761719,-0.017536478839241032
2010-04-23,63.03553771972656,0.010405892187958843
2010-04-26,63.69147872924805,-0.0010011176701670843
2010-04-27,63.627716064453125,-0.010881959929072704
2010-04-28,62.93532180786133,-0.0013752478540429713
2010-04-29,62.84877014160156,-0.02660003734045635
2010-04-30,61.1769905090332,0.004690974055851838
2010-05-03,61.46397018432617,-0.021714751442226787
2010-05-04,60.129295349121094,0.01727273038713184
2010-05-05,61.16789245605469,-0.01779872971255758
2010-05-06,60.07918167114258,-0.03298215163412288
2010-05-07,58.09764099121094,0.054257375008765596
2010-05-10,61.2498664855957,-0.006321262982065923
2010-05-11,60.86268997192383,0.019234789002850583
2010-05-12,62.03337097167969,-0.011161641641365905
2010-05-13,61.34097671508789,-0.010247715680102631
2010-05-14,60.712371826171875,-0.03143763292170643
2010-05-17,58.80371856689453,0.022309572688806067
2010-05-18,60.115604400634766,-0.015381930706655833
2010-05-19,59.19091033935547,0.0067725785809751304
2010-05-20,59.5917854309082,-0.018957690007873063
2010-05-21,58.46206283569336,0.009739793451154055
2010-05-24,59.031471252441406,-0.02206950601967872
2010-05-25,57.728675842285156,0.02611848921043003
2010-05-26,59.2364616394043,0.011150348685058376
2010-05-27,59.896968841552734,0.0096586144458497
2010-05-28,60.47549057006836,0.008812935765308394
2010-05-31,61.00845718383789,-0.01694928925471839
2010-06-01,59.97440719604492,-0.012684065335231365
2010-06-02,59.213687896728516,0.008692922338026099
2010-06-03,59.72842788696289,-0.0002289006338133115
2010-06-04,59.71475601196289,-0.0041192382839637665
2010-06-07,59.46877670288086,-0.015932445819055174
2010-06-08,58.52129364013672,-0.020316464252735478
2010-06-09,57.33234786987305,0.021055694361911348
2010-06-10,58.539520263671875,0.007547805964165821
2010-06-11,58.98136520385742,0.041396268474223064
2010-06-14,61.4229736328125,0.018158185390031667
2010-06-15,62.53830337524414,0.001470107339611948
2010-06-16,62.63024139404297,0.011252978564809668
2010-06-17,63.335018157958984,-0.009192433006412482
2010-06-18,62.75281524658203,0.014282132929822389
2010-06-21,63.6490592956543,-0.021783292146180355
2010-06-22,62.2625732421875,-0.003814049465253766
2010-06-23,62.02510070800781,-0.006422396052820245
2010-06-24,61.62675094604492,-0.03219376836380228
2010-06-25,59.64275360107422,0.013870811557922247
2010-06-28,60.47004699707031,-0.012794271460888518
2010-06-29,59.69637680053711,-0.013217098779241931
2010-06-30,58.90736389160156,-0.024317371112376862
2010-07-01,57.474891662597656,0.02785573853010126
2010-07-02,59.075897216796875,0.011540066918104719
2010-07-05,59.75763702392578,0.018715545237931952
2010-07-06,60.876033782958984,-0.010192322020527667
2010-07-07,60.25556564331055,0.005339449791033957
2010-07-08,60.57729721069336,0.014668725863863141
2010-07-09,61.46588897705078,0.021435539220280075
2010-07-12,62.783443450927734,-0.014275044030967243
2010-07-13,61.88720703125,-0.011882557004221028
2010-07-14,61.15182876586914,0.007140350773225057
2010-07-15,61.58847427368164,0.0006214908359831739
2010-07-16,61.62675094604492,0.004971933601331635
2010-07-19,61.93315505981445,0.009276516354226993
2010-07-20,62.5076789855957,0.017279432159610808
2010-07-21,63.58777618408203,0.00084317416468771
2010-07-22,63.64139175415039,-0.007101511465809729
2010-07-23,63.1894416809082,0.002424669326091866
2010-07-26,63.342655181884766,0.01112617560952045
2010-07-27,64.04741668701172,-0.0077744343150534245
2010-07-28,63.54948425292969,0.004460020567718104
2010-07-29,63.832916259765625,-0.010440426509446765
2010-07-30,63.166473388671875,0.0035165174682667555
2010-08-02,63.38859939575195,-0.004350138813154603
2010-08-03,63.112850189208984,0.04090281725427336
2010-08-04,65.69434356689453,0.005596764672374022
2010-08-05,66.06201934814453,0.0040590695264204335
2010-08-06,66.33016967773438,0.00923875561477372
2010-08-09,66.94297790527344,-0.020940696461846153
2010-08-10,65.54114532470703,-0.020686659118113737
2010-08-11,64.18531799316406,-0.01742497056305692
2010-08-12,63.066890716552734,0.008137978480949881
2010-08-13,63.58012771606445,-0.0020483407210195592
2010-08-16,63.449893951416016,-0.005553354777839692
2010-08-17,63.0975341796875,0.021245731725011874
2010-08-18,64.4380874633789,-0.002496794647520173
2010-08-19,64.2771987915039,-0.018710516785814924
2010-08-20,63.07453918457031,0.0030364183931259614
2010-08-23,63.26605987548828,-0.011745018847960864
2010-08-24,62.52299880981445,-0.020950725590540453
2010-08-25,61.213096618652344,0.0006256759200644613
2010-08-26,61.25139617919922,-0.007128494634571547
2010-08-27,60.81476593017578,0.0026452391278357634
2010-08-30,60.97563552856445,0.005653137869386038
2010-08-31,61.32033920288086,0.008245100284240747
2010-09-01,61.825931549072266,-0.000248036424580822
2010-09-02,61.81059646606445,-0.005328983760507167
2010-09-03,61.48120880126953,0.009842755413096649
2010-09-06,62.08635330200195,0.007403183852603634
2010-09-07,62.545989990234375,0.0056337938831143575
2010-09-08,62.89836120605469,-0.006211325906872345
2010-09-09,62.5076789855957,-0.011764728857471263
2010-09-13,61.77229309082031,0.03645855590568803
2010-09-14,64.02442169189453,0.024288326867305976
2010-09-15,65.5794677734375,-0.010746853750835283
2010-09-16,64.87469482421875,-0.007556987582168495
2010-09-17,64.38443756103516,0.0002380614663093361
2010-09-20,64.39976501464844,0.03556578445744507
2010-09-21,66.69019317626953,0.009992887718037524
2010-09-22,67.35662078857422,0.00796131467315142
2010-09-23,67.89286804199219,0.008800459025398055
2010-09-24,68.4903564453125,-0.0054805702644753485
2010-09-27,68.114990234375,-0.0069726952426353295
2010-09-28,67.64004516601562,0.0019255072009976004
2010-09-29,67.7702865600586,0.01605048055300662
2010-09-30,68.8580322265625,0.027255754895095574
2010-10-01,70.73480987548828,0.0056313247915380504
2010-10-04,71.13314056396484,-0.0068923221734008555
2010-10-05,70.64286804199219,0.008241333958002528
2010-10-06,71.22505950927734,-0.015487256270639405
2010-10-07,70.12197875976562,0.0104874014092875
2010-10-08,70.85737609863281,0.0024862669043215213
2010-10-11,71.0335464477539,-0.0004313405421766392
2010-10-12,71.0029067993164,0.043046720176977527
2010-10-13,74.0593490600586,0.01458426284988934
2010-10-14,75.13945007324219,-0.03466201250563783
2010-10-15,72.53496551513672,-0.011828065225227391
2010-10-18,71.67701721191406,-0.007160305912281784
2010-10-19,71.16378784179688,-0.0010766994225726023
2010-10-20,71.08716583251953,0.013254468428727462
2010-10-21,72.02938842773438,-0.045198429494390235
2010-10-22,68.77377319335938,-0.04132315751966098
2010-10-25,65.93182373046875,0.00011606356812032814
2010-10-26,65.9394760131836,0.0008131606134527125
2010-10-27,65.99309539794922,-0.008589631701000022
2010-10-28,65.42623901367188,-0.017094067924288914
2010-10-29,64.3078384399414,0.009410416970925262
2010-11-01,64.91300201416016,0.02395584911022519
2010-11-02,66.46804809570312,0.0019589995523467962
2010-11-03,66.59825897216797,0.0047159139010628515
2010-11-04,66.9123306274414,-0.012707841310016343
2010-11-08,66.06201934814453,0.0010437838330379368
2010-11-09,66.13097381591797,0.011352090392169112
2010-11-10,66.88169860839844,-0.018096423150517738
2010-11-11,65.67137908935547,-0.008048859628710603
2010-11-12,65.1427993774414,0.0188150070791977
2010-11-15,66.36846160888672,-0.026431056183510715
2010-11-16,64.61427307128906,-0.007943326356616431
2010-11-18,64.10102081298828,-0.041945647916309836
2010-11-19,61.412261962890625,0.04353265846964538
2010-11-22,64.08570098876953,-0.0029883303743487577
2010-11-23,63.89419174194336,-0.01762365265212129
2010-11-24,62.76814270019531,-0.008421085513737103
2010-11-25,62.239566802978516,0.0030769081786048424
2010-11-26,62.43107223510742,0.025153533886950852
2010-11-29,64.00143432617188,0.0044287642708202846
2010-11-30,64.28488159179688,-0.01167803314238347
2010-12-01,63.53416061401367,0.02736909579462732
2010-12-02,65.27303314208984,0.003638024668904727
2010-12-03,65.510498046875,0.007132981280582484
2010-12-06,65.977783203125,0.009984921090121945
2010-12-07,66.63656616210938,0.0008047685715031339
2010-12-08,66.69019317626953,0.0041347789443964
2010-12-09,66.9659423828125,0.031686178987759384
2010-12-10,69.08783721923828,-0.0062090572549377
2010-12-13,68.65886688232422,0.01394637667229115
2010-12-14,69.61640930175781,0.008802530959163724
2010-12-15,70.22920989990234,0.025414762691439163
2010-12-16,72.01406860351562,0.01606203520108207
2010-12-20,73.17076110839844,0.016541131048841695
2010-12-21,74.38108825683594,-0.01688996867255199
2010-12-22,73.12479400634766,0.004609367117900387
2010-12-23,73.46185302734375,0.00823768962918714
2010-12-24,74.06700897216797,0.003412919361964528
2010-12-27,74.31979370117188,0.012884186044410662
2010-12-28,75.27734375,-0.005800591724612114
2010-12-29,74.84069061279297,0.0029683412611769544
2010-12-30,75.0628433227539,0.0026535179618885074
2010-12-31,75.26202392578125,-0.01669227300779419
2011-01-03,74.00572967529297,0.0033122410652530743
2011-01-04,74.2508544921875,0.002063354996111988
2011-01-05,74.40406036376953,0.0014412001120966966
2011-01-06,74.51129150390625,-0.019327498601318993
2011-01-07,73.07117462158203,-0.025893688231427903
2011-01-10,71.17909240722656,0.006134355800996971
2011-01-11,71.61573028564453,0.0005348991037110729
2011-01-12,71.65403747558594,-0.030254567849232528
2011-01-13,69.48617553710938,0.021056048008650352
2011-01-14,70.94927978515625,0.007881529516109653
2011-01-17,71.50846862792969,0.025281245925692364
2011-01-18,73.31629180908203,-0.005119403670015954
2011-01-19,72.94095611572266,0.0029406359509638325
2011-01-20,73.15544891357422,-0.04513084297435166
2011-01-21,69.8538818359375,-0.026428130182457488
2011-01-24,68.00777435302734,0.00675786116425825
2011-01-25,68.46736145019531,-0.014048232290196916
2011-01-27,67.5055160522461,-0.002393173753003852
2011-01-28,67.34396362304688,0.0011423026047172602
2011-01-31,67.42089080810547,-0.019972522321229036
2011-02-01,66.07432556152344,0.01979725405964139
2011-02-02,67.38241577148438,0.009478203449567513
2011-02-03,68.02108001708984,-0.01199081301785998
2011-02-04,67.20545196533203,-0.022441087858860342
2011-02-07,65.6972885131836,-0.002693856458107713
2011-02-08,65.52030944824219,-0.003875579042925348
2011-02-09,65.2663803100586,-0.01450121250626124
2011-02-10,64.31993865966797,0.005502611160396187
2011-02-11,64.67386627197266,0.009875505681123053
2011-02-14,65.31255340576172,0.0024738784346556297
2011-02-15,65.47412872314453,0.02750032772749389
2011-02-16,67.27468872070312,-0.011666138191854025
2011-02-17,66.48985290527344,0.0015043101756773147
2011-02-18,66.58987426757812,0.04240801057003685
2011-02-21,69.413818359375,-0.013856464921443878
2011-02-22,68.45198822021484,-0.01798590057510252
2011-02-23,67.22081756591797,-0.022092401263136385
2011-02-24,65.73574829101562,0.013812139947976476
2011-02-25,66.6436996459961,0.011892791893142185
2011-02-28,67.436279296875,0.011980756211556809
2011-03-01,68.24421691894531,0.0019167333899317018
2011-03-03,68.3750228881836,-0.006526854176571839
2011-03-04,67.92874908447266,0.013253017866904138
2011-03-07,68.82901000976562,0.003912850510488397
2011-03-08,69.09832763671875,0.004342897800296175
2011-03-09,69.3984146118164,0.008537641423237874
2011-03-10,69.99091339111328,-0.012093288215230036
2011-03-11,69.14449310302734,0.015468326001800481
2011-03-14,70.21404266357422,-0.03035598350337576
2011-03-15,68.08262634277344,0.0067812481019700055
2011-03-16,68.5443115234375,-0.004378111003267904
2011-03-17,68.24421691894531,-0.008005114866494911
2011-03-18,67.69791412353516,-0.013640019649958868
2011-03-21,66.7745132446289,0.0011526153960761398
2011-03-22,66.85147857666016,0.005064390779786709
2011-03-23,67.1900405883789,0.006985791439345412
2011-03-24,67.65941619873047,0.03696116090482282
2011-03-25,70.16018676757812,0.013160888017402339
2011-03-28,71.08355712890625,0.0034643960801385987
2011-03-29,71.32981872558594,0.02017222174565858
2011-03-30,72.7686996459961,0.015544133800813764
2011-03-31,73.89982604980469,-0.00864219376890707
2011-04-01,73.26116943359375,0.01039793020308899
2011-04-04,74.02293395996094,0.0
2011-04-05,74.02293395996094,-0.03128917227545458
2011-04-06,71.70681762695312,0.013949931246220348
2011-04-07,72.70712280273438,-0.01460429462401791
2011-04-08,71.6452865600586,-0.011921593416288512
2011-04-11,70.7911605834961,0.026956464666157753
2011-04-13,72.6994400024414,-0.04784066007469312
2011-04-15,69.22145080566406,-0.009782217424589956
2011-04-18,68.5443115234375,0.009317538267009873
2011-04-19,69.18297576904297,0.031364637943014806
2011-04-20,71.35287475585938,-0.0010786577596851865
2011-04-21,71.27590942382812,0.00658554724780136
2011-04-25,71.74530029296875,-0.0032176354239775717
2011-04-26,71.51445007324219,-0.029265991446989825
2011-04-27,69.4215087890625,-0.009975804508871922
2011-04-28,68.72897338867188,0.008285115609310445
2011-04-29,69.29840087890625,-0.005996314025638827
2011-05-02,68.88286590576172,-0.024463552826208712
2011-05-03,67.19774627685547,0.000801453902549154
2011-05-04,67.25160217285156,-0.010297678836121316
2011-05-05,66.55906677246094,0.02300622533393404
2011-05-06,68.09033966064453,-0.014239187104337026
2011-05-09,67.12078857421875,0.00034395525353581036
2011-05-10,67.14387512207031,0.006532221025597806
2011-05-11,67.58247375488281,-0.013321148724849463
2011-05-12,66.68219757080078,0.021347870962220572
2011-05-13,68.10572052001953,-0.005875148556255594
2011-05-16,67.7055892944336,-0.005568660178197571
2011-05-17,67.32855987548828,0.01977112686629834
2011-05-18,68.65972137451172,-0.007508639218736124
2011-05-19,68.14418029785156,0.010275651229753047
2011-05-20,68.84440612792969,-0.016318257045379148
2011-05-23,67.72098541259766,-0.0003406815320529111
2011-05-24,67.69791412353516,-0.009775167099594584
2011-05-25,67.0361557006836,-0.0016067716125178766
2011-05-26,66.9284439086914,0.01644011447207716
2011-05-27,68.02875518798828,-0.0005653459000646288
2011-05-30,67.99029541015625,0.010411906965554163
2011-05-31,68.69820404052734,0.004256025185878309
2011-06-01,68.99058532714844,-0.011933448446011963
2011-06-02,68.16728973388672,0.00033845102471530275
2011-06-03,68.19036102294922,0.004400612362238876
2011-06-06,68.49044036865234,-0.009998798063400538
2011-06-07,67.80561828613281,0.0013619253645997809
2011-06-08,67.89796447753906,-0.005439842724137334
2011-06-09,67.52861022949219,-0.0030765632785040298
2011-06-10,67.32085418701172,-0.004572025523015499
2011-06-13,67.0130615234375,0.003214992230919256
2011-06-14,67.22850799560547,-0.028499138936252888
2011-06-15,65.31255340576172,-0.019674914758195272
2011-06-16,64.02753448486328,-0.017305856128362773
2011-06-17,62.91948318481445,-0.01602040503905522
2011-06-20,61.9114875793457,0.00024837142958378244
2011-06-21,61.92686462402344,0.003479478193463059
2011-06-22,62.142337799072266,0.01510628357186361
2011-06-23,63.081077575683594,0.03488622563440025
2011-06-24,65.28173828125,-0.00365390117205322
2011-06-27,65.04320526123047,-0.008399075556256186
2011-06-28,64.49690246582031,0.01312933994405796
2011-06-29,65.34370422363281,-0.007014465137838544
2011-06-30,64.8853530883789,0.013290019004890574
2011-07-01,65.7476806640625,0.0029541593561144275
2011-07-04,65.94190979003906,0.008482683025540005
2011-07-05,66.50127410888672,-0.007359987517861377
2011-07-06,66.01182556152344,0.01459334174882021
2011-07-07,66.97515869140625,0.0010440199358254798
2011-07-08,67.04508209228516,-0.02456537994497554
2011-07-11,65.3980941772461,-0.014967815032888465
2011-07-12,64.41922760009766,-0.002653502546379416
2011-07-13,64.248291015625,-0.00483657105346158
2011-07-14,63.93754959106445,0.0080194644124445
2011-07-15,64.4502944946289,-0.00277225716233509
2011-07-18,64.27162170410156,0.003747057587595748
2011-07-19,64.512451171875,-0.03913798094935339
2011-07-20,61.98756408691406,0.005389217798172918
2011-07-21,62.32162857055664,0.01184239125810782
2011-07-22,63.05966567993164,0.010595066286614552
2011-07-25,63.727787017822266,0.0007314799833375574
2011-07-26,63.7744026184082,-0.019247070102620056
2011-07-27,62.546932220458984,-0.018755508482613426
2011-07-28,61.37383270263672,-0.014430489517478717
2011-07-29,60.48817825317383,0.006678601539938045
2011-08-01,60.892154693603516,-0.021561517287409515
2011-08-02,59.579227447509766,-0.005867782210103423
2011-08-03,59.22962951660156,-0.014427992775280174
2011-08-04,58.375064849853516,-0.022358316092881303
2011-08-05,57.06989669799805,-0.02572829801295151
2011-08-08,55.601585388183594,-0.031018641948865056
2011-08-09,53.87689971923828,0.02350393733680578
2011-08-10,55.143218994140625,-0.005635308558756713
2011-08-11,54.83246994018555,-0.028194929415278347
2011-08-12,53.28647232055664,-0.0074356084938006495
2011-08-16,52.890254974365234,0.011457163334394282
2011-08-17,53.4962272644043,-0.04690654366549807
2011-08-18,50.98690414428711,-0.023769872476331777
2011-08-19,49.77495193481445,0.037458945502465646
2011-08-22,51.639469146728516,0.0018053513720235337
2011-08-23,51.732696533203125,-0.009310532174516273
2011-08-24,51.25103759765625,-0.0050024741067313805
2011-08-25,50.99465560913086,-0.025746444310841277
2011-08-26,49.681724548339844,0.02861622360229754
2011-08-29,51.10342788696289,0.01930667190586277
2011-08-30,52.090065002441406,-0.002684418669130051
2011-09-02,51.950233459472656,-0.037685000971476756
2011-09-05,49.992488861083984,0.004040142443883621
2011-09-06,50.19446563720703,0.020120946836256426
2011-09-07,51.20442581176758,0.026096084961461097
2011-09-08,52.5406608581543,0.0005912198157889126
2011-09-09,52.57172393798828,-0.03886488142463718
2011-09-12,50.52853012084961,0.011992600495056793
2011-09-13,51.134498596191406,0.040413284930056026
2011-09-14,53.201011657714844,0.016939299999154
2011-09-15,54.10219955444336,-0.027139656734919693
2011-09-16,52.63388442993164,0.006642069736912504
2011-09-19,52.983482360839844,0.02917886010398507
2011-09-20,54.52947998046875,0.016241684957986946
2011-09-21,55.415130615234375,-0.045703221589091125
2011-09-22,52.88248062133789,-0.0024971822121393483
2011-09-23,52.750423431396484,0.0016200220317790226
2011-09-26,52.835880279541016,0.0239670327853454
2011-09-27,54.10219955444336,-0.0018667988665239665
2011-09-28,54.00120162963867,0.00014410757885063852
2011-09-29,54.00898361206055,-0.01956303413211813
2011-09-30,52.9524040222168,-0.0311033195724707
2011-10-03,51.3054084777832,0.010145430225352081
2011-10-04,51.825923919677734,-0.016789079524255235
2011-10-05,50.955814361572266,0.01783824399912537
2011-10-07,51.864776611328125,0.04523625996981484
2011-10-10,54.21094512939453,-0.02063608985499621
2011-10-11,53.09224319458008,0.02590018992208054
2011-10-12,54.467342376708984,-0.002995457368240362
2011-10-13,54.3041877746582,0.03948469170455837
2011-10-14,56.44837188720703,-0.017891412405874996
2011-10-17,55.43843078613281,-0.03012877307220907
2011-10-18,53.76813888549805,0.03337667022939694
2011-10-19,55.562740325927734,-0.008529094111066615
2011-10-20,55.08884048461914,-0.001410338982006265
2011-10-21,55.011146545410156,0.011439068537052233
2011-10-24,55.64042282104492,0.03923513844249782
2011-10-25,57.823482513427734,0.005105396270859819
2011-10-28,58.11869430541992,-0.019917013374122328
2011-10-31,56.961143493652344,0.014866104536947589
2011-11-01,57.80793380737305,0.005644581171060814
2011-11-02,58.13423538208008,-0.008953747360238684
2011-11-03,57.61371612548828,0.002831738405849382
2011-11-04,57.77686309814453,-0.006857716479317322
2011-11-08,57.380645751953125,0.019496287459799255
2011-11-09,58.49935531616211,0.01487389678228368
2011-11-11,59.369468688964844,0.013870985359835775
2011-11-14,60.1929817199707,-0.009421879864979443
2011-11-15,59.625850677490234,-0.025016251817993163
2011-11-16,58.13423538208008,-0.01737296418573242
2011-11-17,57.124271392822266,0.017271833952874793
2011-11-18,58.11091232299805,-0.01042772581639051
2011-11-21,57.504947662353516,0.020805094564179116
2011-11-22,58.70134353637695,-0.03149789075463971
2011-11-23,56.85237503051758,0.012981640766614122
2011-11-24,57.59041213989258,-0.0018887219901780883
2011-11-25,57.48163986206055,0.005676489851290212
2011-11-28,57.80793380737305,0.004434735825247005
2011-11-29,58.06429672241211,0.009365748721504197
2011-11-30,58.60811233520508,0.024522960355095158
2011-12-01,60.04535675048828,0.013843942993025049
2011-12-02,60.87662124633789,-0.004211000310118007
2011-12-05,60.620269775390625,0.03575548541208873
2011-12-07,62.787776947021484,0.021405529070583684
2011-12-08,64.13178253173828,-0.018897662243850477
2011-12-09,62.91984176635742,0.024199804305295558
2011-12-12,64.44248962402344,-0.005183502107236948
2011-12-13,64.10845184326172,0.007149859041419848
2011-12-14,64.56681823730469,-0.02153764748782394
2011-12-15,63.17620086669922,-0.007255304577634236
2011-12-16,62.717838287353516,0.0008671558268134039
2011-12-19,62.77222442626953,-0.019430809240173486
2011-12-20,61.55250930786133,0.027767261018339484
2011-12-21,63.261653900146484,-0.023578445847579066
2011-12-22,61.770042419433594,0.02125495734298144
2011-12-23,63.08296203613281,0.0007391384800705669
2011-12-26,63.12958908081055,0.0013537338684781464
2011-12-27,63.215049743652344,-0.02408763845955264
2011-12-28,61.69234848022461,0.0032741211056277475
2011-12-29,61.89433670043945,0.0008789398288306938
2011-12-30,61.94873809814453,0.0007521172155036115
2012-01-02,61.995330810546875,0.04385952389977077
2012-01-03,64.71441650390625,0.004201834230737056
2012-01-04,64.98633575439453,-0.007890100469729044
2012-01-05,64.47358703613281,-0.02217116914350814
2012-01-06,63.044132232666016,-0.011337028498410562
2012-01-09,62.32939910888672,0.005982822496807927
2012-01-10,62.70230484008789,-0.005575702135537486
2012-01-11,62.35269546508789,-0.02454503212986414
2012-01-12,60.82224655151367,0.02439641481876742
2012-01-13,62.30609130859375,0.01608499955428111
2012-01-16,63.308284759521484,0.018897875118093932
2012-01-17,64.50467681884766,-0.026616672720457868
2012-01-18,62.787776947021484,0.00012345499746380106
2012-01-19,62.795528411865234,0.023753345007867077
2012-01-20,64.2871322631836,0.004954758603567422
2012-01-23,64.60565948486328,0.01268754001095651
2012-01-24,65.42534637451172,0.0011929429552870463
2012-01-25,65.5033950805664,-0.003694532080873003
2012-01-27,65.26139068603516,-0.019617098130557564
2012-01-30,63.98115158081055,0.010004903926271291
2012-01-31,64.62127685546875,-0.0049527511086133735
2012-02-01,64.30122375488281,0.03447851173872141
2012-02-02,66.51823425292969,0.0032859339454902603
2012-02-03,66.73680877685547,-0.000818764406543826
2012-02-06,66.68216705322266,0.0022243287169063652
2012-02-07,66.83049011230469,0.01530194394588058
2012-02-08,67.8531265258789,0.02531043233679786
2012-02-09,69.57051849365234,0.008415849238935902
2012-02-10,70.15601348876953,-0.02837423871639666
2012-02-13,68.16539001464844,-0.0034356422589369995
2012-02-14,67.93119812011719,0.0022982120824206476
2012-02-15,68.08731842041016,0.0074523149664496025
2012-02-16,68.5947265625,0.021623099400635004
2012-02-17,70.07795715332031,-0.011473929202641897
2012-02-21,69.27388763427734,-0.002028443808703373
2012-02-22,69.13336944580078,-0.00304862941898143
2012-02-23,68.922607421875,-0.008041777214167545
2012-02-24,68.36834716796875,-0.02991549323437015
2012-02-27,66.32307434082031,-0.010711256217288745
2012-02-28,65.6126708984375,0.02879272798647059
2012-02-29,67.50183868408203,-0.01734707521281753
2012-03-01,66.33087921142578,0.009768095015010747
2012-03-02,66.97880554199219,0.005477816154511483
2012-03-05,67.345703125,0.0017388425872220115
2012-03-06,67.46280670166016,0.018167178117916016
2012-03-07,68.68841552734375,-0.01761565535889309
2012-03-09,67.47842407226562,0.012841041221853144
2012-03-12,68.34491729736328,-0.01553364243888633
2012-03-13,67.28327178955078,-0.0113703973703001
2012-03-14,66.51823425292969,0.0032859339454902603
2012-03-15,66.73680877685547,0.002573243231903888
2012-03-16,66.90853881835938,-0.0012833763367980922
2012-03-19,66.82266998291016,0.003738505129997627
2012-03-20,67.0724868774414,-0.0046553847116332925
2012-03-21,66.76023864746094,-0.014733272703710165
2012-03-22,65.77664184570312,0.009375656790090225
2012-03-23,66.39334106445312,-0.005056129937023646
2012-03-26,66.05764770507812,0.012526812397988252
2012-03-27,66.88513946533203,0.003384485207720278
2012-03-28,67.11151123046875,0.016168359017966427
2012-03-29,68.19659423828125,0.007554932146459414
2012-03-30,68.7118148803711,0.006930340726577722
2012-04-02,69.1880111694336,0.007559812632827567
2012-04-03,69.7110595703125,-0.006047387987174968
2012-04-04,69.28948974609375,-0.01070281235933579
2012-04-09,68.54789733886719,0.014462904200580828
2012-04-10,69.53929901123047,0.0012349342898880789
2012-04-11,69.62517547607422,-0.015360548661936368
2012-04-12,68.55569458007812,-0.045092264047047026
2012-04-13,65.46436309814453,0.003935181273450494
2012-04-16,65.72197723388672,0.0005942436951718033
2012-04-17,65.76103210449219,0.01471976685233245
2012-04-18,66.72901916503906,-0.015793181715800908
2012-04-19,65.67515563964844,0.009865506900766707
2012-04-20,66.32307434082031,-0.0015301794596126461
2012-04-23,66.22158813476562,0.04208428400851827
2012-04-24,69.00847625732422,-0.0714932395836454
2012-04-25,64.07483673095703,-0.018884273071937296
2012-04-26,62.864830017089844,0.007823351459540495
2012-04-27,63.35664367675781,-0.001848203131830095
2012-04-30,63.23954772949219,-0.0025924925931368747
2012-05-02,63.075599670410156,0.020668416905101905
2012-05-03,64.3792724609375,0.006184169360725855
2012-05-04,64.77740478515625,-0.0025309451594393018
2012-05-07,64.61345672607422,-0.023800878850728235
2012-05-08,63.075599670410156,0.005569495775296973
2012-05-09,63.42689895629883,0.005907687029894415
2012-05-10,63.801605224609375,-0.018964846356469778
2012-05-11,62.591617584228516,0.006485244377794075
2012-05-14,62.99753952026367,0.0018589200824223884
2012-05-15,63.114646911621094,-0.034384627835412074
2012-05-16,60.94447326660156,0.0010245221838345309
2012-05-17,61.00691223144531,0.001279654660194085
2012-05-18,61.08498001098633,-0.02057520420361858
2012-05-21,59.82814407348633,-0.004566493039316444
2012-05-22,59.55493927001953,0.00917552365268448
2012-05-23,60.10138702392578,0.019093356880241164
2012-05-24,61.248924255371094,0.004588305035152507
2012-05-25,61.52995300292969,0.014589972738502155
2012-05-28,62.42767333984375,0.024759365085572638
2012-05-29,63.97334289550781,0.005857403966123886
2012-05-30,64.34806060791016,-0.005216600118398529
2012-05-31,64.01238250732422,-0.020731848741709302
2012-06-01,62.68528747558594,-0.013075859335957896
2012-06-04,61.865623474121094,0.0059304333005996135
2012-06-05,62.232513427734375,0.030105284579756697
2012-06-06,64.10604095458984,-0.0238672815149098
2012-06-07,62.57600402832031,0.006362075318076421
2012-06-08,62.974117279052734,-0.007685715665108117
2012-06-11,62.490116119384766,-0.017738339846102402
2012-06-12,61.38164520263672,0.0086476583246482
2012-06-13,61.912452697753906,-0.005547696983939199
2012-06-14,61.5689811706543,0.009128906868854925
2012-06-15,62.131038665771484,-0.006659184753942005
2012-06-18,61.7172966003418,0.010751402806348231
2012-06-19,62.38084411621094,0.0011259870196866917
2012-06-20,62.45108413696289,0.004375067229436258
2012-06-21,62.72431182861328,-0.004231273964133364
2012-06-22,62.45890808105469,0.0
2012-06-25,62.45890808105469,0.00249969034817088
2012-06-26,62.61503601074219,-0.0046127866702375675
2012-06-27,62.32620620727539,0.009109192241781194
2012-06-28,62.89394760131836,0.002758188423056751
2012-06-29,63.067420959472656,0.0008750512467801119
2012-07-02,63.12260818481445,0.0006245160438800301
2012-07-03,63.16202926635742,-0.014356353631368224
2012-07-04,62.255252838134766,0.0022794952475333474
2012-07-05,62.39716339111328,-0.008846159348371185
2012-07-06,61.84518814086914,-0.01593791644577014
2012-07-09,60.85950469970703,-0.0036276273580831964
2012-07-10,60.638729095458984,-0.026528051351531357
2012-07-11,59.03010177612305,-0.04020857175150139
2012-07-12,56.656585693359375,-0.001113236948855456
2012-07-13,56.59351348876953,-0.008638785627862577
2012-07-16,56.1046142578125,0.019395630307500467
2012-07-17,57.19279861450195,0.004687799415570737
2012-07-18,57.460906982421875,0.011527426881918545
2012-07-19,58.12328338623047,-0.0142453042561137
2012-07-20,57.2952995300293,-0.01885473925803316
2012-07-23,56.21501159667969,-0.029597335256549284
2012-07-24,54.55119705200195,-0.020959745582408318
2012-07-25,53.40781784057617,-0.02569036806368674
2012-07-26,52.03575134277344,0.013486906250778974
2012-07-27,52.737552642822266,-0.005083678045152529
2012-07-30,52.469451904296875,0.022092104490208042
2012-07-31,53.62861251831055,-0.0014705067475937472
2012-08-01,53.54975128173828,0.0014726723221805127
2012-08-02,53.62861251831055,0.020879090315916837
2012-08-03,54.748329162597656,-0.0038887409414722907
2012-08-06,54.53542709350586,0.007518465655227846
2012-08-07,54.94544982910156,0.006171573534986319
2012-08-08,55.284549713134766,-0.014120808447782629
2012-08-09,54.50388717651367,0.011863422300893545
2012-08-10,55.150489807128906,0.016871464173636053
2012-08-13,56.08095932006836,-0.000281063827949235
2012-08-14,56.0651969909668,-0.0171591712817889
2012-08-16,55.10316467285156,0.01173467791266214
2012-08-17,55.74978256225586,0.006364718914560807
2012-08-21,56.1046142578125,-0.003513652365380149
2012-08-22,55.9074821472168,0.02425945585679301
2012-08-23,57.26376724243164,0.0055082976198082
2012-08-24,57.579193115234375,-0.01054508932002296
2012-08-27,56.972015380859375,0.006643645824349953
2012-08-28,57.35051727294922,0.0013748750007815946
2012-08-29,57.42936706542969,0.013318707619727643
2012-08-30,58.194252014160156,-0.017344100145300523
2012-08-31,57.1849250793457,0.004412206646994488
2012-09-03,57.43723678588867,-0.0031574381508135962
2012-09-04,57.255882263183594,-0.002616646787861887
2012-09-05,57.10606384277344,0.042391749585771965
2012-09-06,59.52688980102539,0.0009272896604894942
2012-09-07,59.582088470458984,-0.0035735763556473676
2012-09-10,59.36916732788086,-0.00425019907447477
2012-09-11,59.11683654785156,0.025877253095477615
2012-09-12,60.6466178894043,0.008711455492265818
2012-09-13,61.1749382019043,0.009409637665439119
2012-09-14,61.750572204589844,-0.01723936839824103
2012-09-17,60.686031341552734,-0.03924127504584196
2012-09-18,58.30463409423828,0.009061508576498234
2012-09-20,58.83296203613281,0.013269200194933273
2012-09-21,59.61362838745117,0.00648151910544037
2012-09-24,60.00001525878906,-0.008411278175028958
2012-09-25,59.495338439941406,0.006892191286343552
2012-09-26,59.905391693115234,-0.010925417663795511
2012-09-27,59.25090026855469,0.014240225574269072
2012-09-28,60.09464645385742,0.004329844933659288
2012-10-01,60.3548469543457,-0.006401729881584495
2012-10-03,59.96847152709961,0.006969108561341475
2012-10-04,60.38639831542969,-0.025202508766304255
2012-10-05,58.86450958251953,-0.02103152502712402
2012-10-08,57.62649917602539,0.004789281605111384
2012-10-09,57.902488708496094,-0.017159272906470124
2012-10-10,56.9089241027832,-0.007205094563849768
2012-10-11,56.4988899230957,-0.017306372458830044
2012-10-12,55.52109909057617,-0.0004259157101884625
2012-10-15,55.49745178222656,0.00113662577215079
2012-10-16,55.56053161621094,-0.0007097218922804682
2012-10-17,55.52109909057617,-0.01690093175846441
2012-10-18,54.582740783691406,-0.004478514855955185
2012-10-19,54.33829116821289,-0.002757283061053162
2012-10-22,54.1884651184082,-0.00203721445013616
2012-10-23,54.07807159423828,-0.008165704281854147
2012-10-25,53.6364860534668,0.013966447667551618
2012-10-29,54.385597229003906,0.007829775677081097
2012-10-30,54.811424255371094,0.008919380928512632
2012-10-31,55.30030822753906,0.030229617282455212
2012-11-01,56.972015380859375,0.009273531102241828
2012-11-02,57.50034713745117,-0.005760091753861829
2012-11-05,57.16913986206055,0.009655259480386036
2012-11-06,57.72112274169922,0.0050548381805437526
2012-11-07,58.01289367675781,0.02052455948066423
2012-11-08,59.203582763671875,-0.012253329024017212
2012-11-09,58.47814178466797,-0.005528877484442973
2012-11-12,58.154823303222656,-0.018983153621221716
2012-11-15,57.05086135864258,-0.007325445465329539
2012-11-16,56.632938385009766,-0.0026456311251830122
2012-11-19,56.48310852050781,0.010051727906027486
2012-11-20,57.05086135864258,0.013959909574651874
2012-11-21,57.847286224365234,0.010905534234672887
2012-11-22,58.47814178466797,-0.010652724053069829
2012-11-23,57.85519027709961,0.02344275576173649
2012-11-26,59.21147537231445,0.009322034826461323
2012-11-27,59.76344680786133,0.019527621417472663
2012-11-29,60.930484771728516,0.01785931510920502
2012-11-30,62.01866149902344,0.0034333016357666057
2012-12-03,62.231590270996094,-0.01647272055442206
2012-12-04,61.20646667480469,-0.01842316577944858
2012-12-05,60.07884979248047,-0.0028871741047703514
2012-12-06,59.905391693115234,0.0009215580979911042
2012-12-07,59.96059799194336,0.004997101787844738
2012-12-10,60.26022720336914,-0.006673542718023007
2012-12-11,59.85807800292969,-0.012514660863416238
2012-12-12,59.10897445678711,-0.0032019230899544837
2012-12-13,58.91971206665039,0.006290072888136766
2012-12-14,59.290321350097656,-0.015294865042545625
2012-12-17,58.38348388671875,0.015262386898819091
2012-12-18,59.27455520629883,0.027404372979088265
2012-12-19,60.8989372253418,-0.010617634068434412
2012-12-20,60.25233459472656,-0.006805219544573804
2012-12-21,59.84230422973633,0.01713003403198554
2012-12-24,60.86740493774414,-0.0023318464341839373
2012-12-26,60.72547149658203,0.001168428459952242
2012-12-27,60.796424865722656,0.016991083499221737
2012-12-28,61.82942199707031,0.006248869400276913
2012-12-31,62.21578598022461,0.0060840633017760215
2013-01-01,62.59431076049805,-0.007936815070861969
2013-01-02,62.097511291503906,0.01028590489658443
2013-01-03,62.73624038696289,0.014705706196348034
2013-01-04,63.65882110595703,0.0032209800489915175
2013-01-07,63.86386489868164,-0.016792492489783983
2013-01-08,62.79143142700195,-0.002762691568131692
2013-01-09,62.617958068847656,-0.003651982019774458
2013-01-10,62.389278411865234,0.06155221882026729
2013-01-11,66.22947692871094,-0.0019050021714513976
2013-01-14,66.10330963134766,0.004294291524998162
2013-01-15,66.38717651367188,-0.0023754525081882694
2013-01-16,66.22947692871094,0.02559824348593387
2013-01-17,67.92483520507812,-0.07743211198327227
2013-01-18,62.6652717590332,0.0005034294993251365
2013-01-21,62.69681930541992,0.003018448678006491
2013-01-22,62.88606643676758,0.012602330392615713
2013-01-23,63.6785774230957,0.007965215509750712
2013-01-24,64.185791015625,0.0066674511705748785
2013-01-25,64.6137466430664,0.014473164827283558
2013-01-28,65.54891204833984,-0.011848745295856111
2013-01-29,64.7722396850586,0.015171922820099937
2013-01-30,65.75495910644531,-0.007954740855685483
2013-01-31,65.23189544677734,-0.009597810545521557
2013-02-01,64.6058120727539,0.0012268521552813993
2013-02-04,64.68507385253906,-0.0026955551293745827
2013-02-05,64.51071166992188,-0.0033167572344217078
2013-02-06,64.29674530029297,0.00012328681461171165
2013-02-07,64.30467224121094,0.016514718678509288
2013-02-08,65.36664581298828,-0.007032078599051306
2013-02-11,64.906982421875,0.005738709240612483
2013-02-12,65.27946472167969,-0.005827278347792397
2013-02-13,64.89906311035156,-0.03333758500902262
2013-02-14,62.7354850769043,0.008716304553443077
2013-02-15,63.28230667114258,0.009142341071778803
2013-02-18,63.86085510253906,0.019483726525828526
2013-02-19,65.1051025390625,0.003773500443431166
2013-02-20,65.35077667236328,-0.01576516547417206
2013-02-21,64.32051086425781,0.025012401226102376
2013-02-22,65.9293212890625,0.007573117037251054
2013-02-25,66.4286117553711,-0.007635296524113988
2013-02-26,65.9214096069336,0.006251178323909201
2013-02-27,66.33349609375,-0.00501767561519606
2013-02-28,66.00065612792969,0.012727668695217798
2013-03-01,66.84069061279297,-0.005216675876101418
2013-03-04,66.49200439453125,0.03230043005126659
2013-03-05,68.63972473144531,0.020436277738640207
2013-03-06,70.04246520996094,0.016859017803399823
2013-03-07,71.22331237792969,-0.008901510404180524
2013-03-08,70.58931732177734,-0.013023704527844626
2013-03-11,69.66998291015625,-0.0020473546023427325
2013-03-12,69.52734375,0.001481824821619293
2013-03-13,69.63037109375,-0.0018211617217028797
2013-03-14,69.5035629272461,0.005587284525933267
2013-03-15,69.89189910888672,-0.016555303529544263
2013-03-18,68.73481750488281,0.0
2013-03-19,68.73481750488281,-0.008532157647562877
2013-03-20,68.14836120605469,0.011164149335079143
2013-03-21,68.9091796875,0.0021852148080439004
2013-03-22,69.05976104736328,-0.00998420093415664
2013-03-25,68.37025451660156,0.015301024636034555
2013-03-26,69.41638946533203,-0.001826665692151841
2013-03-28,69.28958892822266,-0.014068383079578362
2013-04-01,68.3147964477539,0.043271298459475194
2013-04-02,71.27086639404297,-0.0023351422639447117
2013-04-03,71.10443878173828,-0.007801883323474423
2013-04-04,70.54969024658203,0.021343473605585528
2013-04-05,72.05546569824219,-0.012758492973760083
2013-04-08,71.13614654541016,-0.12277206984116296
2013-04-09,62.40261459350586,0.021717066344403513
2013-04-10,63.757816314697266,0.0017404254909243466
2013-04-11,63.86878204345703,-0.04752449677228765
2013-04-12,60.83345031738281,-0.012245844454460864
2013-04-15,60.08849334716797,0.005935116905087412
2013-04-16,60.445125579833984,-0.01783162947662742
2013-04-17,59.36729049682617,-0.014684202609315467
2013-04-18,58.49552917480469,-0.08034151258242006
2013-04-22,53.7959098815918,0.009870676894330854
2013-04-23,54.32691192626953,-0.021152515533153338
2013-04-25,53.17776107788086,-0.015797586137561104
2013-04-26,52.33768081665039,0.03573598238893294
2013-04-29,54.2080192565918,0.0185675087807744
2013-04-30,55.21452713012695,0.011195470658498463
2013-05-02,55.832679748535156,0.008516826974648284
2013-05-03,56.308197021484375,0.005911310292573857
2013-05-06,56.64105224609375,-0.018329468419958084
2013-05-07,55.60285186767578,0.0007126120183968965
2013-05-08,55.64247512817383,0.010682322592074245
2013-05-09,56.23686599731445,0.0005637573931684958
2013-05-10,56.26856994628906,-0.019859302091296382
2013-05-13,55.15111541748047,-0.0008623877350038001
2013-05-14,55.103553771972656,-0.004314622030802795
2013-05-15,54.86580276489258,0.000866802788147325
2013-05-16,54.913360595703125,-0.007071728314033354
2013-05-17,54.525028228759766,-0.01758719700807554
2013-05-20,53.56608581542969,0.0028110611942946395
2013-05-21,53.7166633605957,0.009294818783878167
2013-05-22,54.21595001220703,-0.014471532084760486
2013-05-23,53.43136215209961,-0.0026698630392245626
2013-05-24,53.2887077331543,0.012046403134298389
2013-05-27,53.93064498901367,-0.00044088121070096076
2013-05-28,53.90686798095703,-0.0022052368342131423
2013-05-29,53.78799057006836,-0.009577098876405898
2013-05-30,53.272857666015625,-0.02514135176396115
2013-05-31,51.93350601196289,-0.008240526685028615
2013-06-03,51.50554656982422,0.018310426629792653
2013-06-04,52.44863510131836,-0.017829973536440002
2013-06-05,51.51347732543945,0.015384536775131519
2013-06-06,52.30598831176758,0.014848485975591297
2013-06-07,53.0826530456543,0.024932773632819538
2013-06-10,54.406150817871094,0.005243984713207084
2013-06-11,54.69145584106445,-0.00202859210030637
2013-06-12,54.580509185791016,-0.012632624666854886
2013-06-13,53.891014099121094,-0.007205741885550454
2013-06-14,53.502689361572266,0.0014813115253893283
2013-06-17,53.58194351196289,0.00931797495191744
2013-06-18,54.08121871948242,0.006740886531748869
2013-06-19,54.44577407836914,0.01164480302968629
2013-06-20,55.07978439331055,0.002589821131691039
2013-06-21,55.22243118286133,-0.005309670080516082
2013-06-24,54.92921829223633,-0.00807966184619946
2013-06-25,54.485408782958984,0.012654533987658034
2013-06-26,55.174896240234375,0.011658303700667672
2013-06-27,55.81814193725586,0.005474019932900864
2013-06-28,56.12369155883789,0.006447039654541076
2013-07-01,56.48552322387695,0.004839761575018864
2013-07-02,56.7588996887207,-0.027199265004615558
2013-07-03,55.2150993347168,0.018348512298378195
2013-07-04,56.228214263916016,0.0037179384458050357
2013-07-05,56.4372673034668,0.012965191364929574
2013-07-08,57.16898727416992,0.013079899138605189
2013-07-09,57.916751861572266,0.01305019736830415
2013-07-10,58.672576904296875,-0.002329808387986354
2013-07-11,58.53588104248047,0.03186812757130575
2013-07-12,60.401309967041016,0.01677325167026744
2013-07-15,61.41443634033203,-0.01702010990950853
2013-07-16,60.36915588378906,0.031166518761091444
2013-07-17,62.25065231323242,-0.0032290690979974723
2013-07-18,62.04964065551758,0.014384043320949003
2013-07-19,62.94216537475586,0.0039599607537277315
2013-07-22,63.19141387939453,-0.022267457478758246
2013-07-23,61.7843017578125,0.021213068299689608
2013-07-24,63.09493637084961,-0.041035047305740036
2013-07-25,60.50583267211914,0.015149760349773445
2013-07-26,61.422481536865234,0.0683335470810702
2013-07-29,65.61969757080078,0.02634466954349568
2013-07-30,67.34842681884766,0.04584529265557058
2013-07-31,70.43603515625,-0.0036529786208951975
2013-08-01,70.1787338256836,0.005270334719905012
2013-08-02,70.54859924316406,0.024048372295025766
2013-08-05,72.24517822265625,0.00456326325438372
2013-08-06,72.5748519897461,-0.0005540060789289702
2013-08-07,72.5346450805664,-0.008646549200658327
2013-08-08,71.907470703125,0.0168847803132417
2013-08-12,73.12161254882812,0.028370350522881616
2013-08-13,75.19609832763672,-0.016039402185630602
2013-08-14,73.98999786376953,-0.007824383067177587
2013-08-16,73.41107177734375,-0.00010943516075845316
2013-08-19,73.40303802490234,-0.017964921412693347
2013-08-20,72.08435821533203,-0.01405446791630316
2013-08-21,71.07125091552734,0.006222350372515617
2013-08-22,71.51348114013672,0.007870557315556859
2013-08-23,72.07633209228516,0.024319403369616133
2013-08-26,73.82918548583984,-0.009039532025571284
2013-08-27,73.16180419921875,0.03626772048990423
2013-08-28,75.81521606445312,0.004242319707701947
2013-08-29,76.13684844970703,0.02143814328082949
2013-08-30,77.76908111572266,0.0017579109672394289
2013-09-02,77.90579223632812,-0.010527585800313877
2013-09-03,77.08563232421875,0.004067987309289034
2013-09-04,77.39921569824219,-0.02576336611509067
2013-09-05,75.4051513671875,-0.0008531387248894573
2013-09-06,75.3408203125,0.00757756500408302
2013-09-10,75.9117202758789,0.006249308410204213
2013-09-11,76.38611602783203,-0.006526115799502574
2013-09-12,75.88761138916016,-0.0347534936317333
2013-09-13,73.25025177001953,-0.008342414798703901
2013-09-16,72.63916778564453,0.051472325115080375
2013-09-17,76.3780746459961,0.012106550107196856
2013-09-18,77.30274963378906,-0.018098490894301045
2013-09-19,75.9036865234375,0.006143726389226112
2013-09-20,76.3700180053711,0.01810934317392121
2013-09-23,77.7530288696289,-0.011685814637956371
2013-09-24,76.84442138671875,-0.004813172001375654
2013-09-25,76.47455596923828,0.005677659277192992
2013-09-26,76.90875244140625,-0.005018360047394088
2013-09-27,76.52279663085938,-0.005884050203011082
2013-09-30,76.0725326538086,-0.002536761936816845
2013-10-01,75.87955474853516,0.028080921525264424
2013-10-03,78.01032257080078,-0.004432189476564652
2013-10-04,77.66456604003906,-0.001966963500709795
2013-10-07,77.51180267333984,0.0030082797331043576
2013-10-08,77.74497985839844,-0.01282458913916229
2013-10-09,76.74793243408203,0.006076541539568714
2013-10-10,77.21429443359375,0.01686979627359242
2013-10-11,78.51688385009766,0.026318471845085734
2013-10-14,80.58332824707031,0.01895823396184393
2013-10-15,82.11104583740234,-0.03055249734284704
2013-10-17,79.60234832763672,0.023030603224819313
2013-10-18,81.43563842773438,-0.0007899619371755096
2013-10-21,81.37130737304688,0.017391308424358876
2013-10-22,82.78646087646484,-0.0434149446497355
2013-10-23,79.19229125976562,-0.043862402421913416
2013-10-24,75.7187271118164,0.02176912834314315
2013-10-25,77.36705780029297,0.0057161988056984026
2013-10-28,77.8093032836914,0.005580166181290647
2013-10-29,78.24349212646484,-0.020141619190659155
2013-10-30,76.66754150390625,0.0019923438904372315
2013-10-31,76.8202896118164,0.010153154403088616
2013-11-01,77.60025787353516,-0.00507726653466678
2013-11-05,77.20626068115234,0.004790713131445523
2013-11-06,77.57613372802734,-0.0009330197631622905
2013-11-07,77.50375366210938,-0.0008297426055552393
2013-11-08,77.43944549560547,0.00010354533921352882
2013-11-11,77.44746398925781,0.0020762089661570116
2013-11-12,77.60826110839844,-0.0006211986115193247
2013-11-13,77.56005096435547,0.008293764154480021
2013-11-14,78.20331573486328,0.012131979026883677
2013-11-18,79.1520767211914,-0.008431247753532434
2013-11-19,78.48472595214844,-0.010245014411182862
2013-11-20,77.68064880371094,-0.009626137254489797
2013-11-21,76.9328842163086,-0.0009408209071488649
2013-11-22,76.86050415039062,0.0018829174549792604
2013-11-25,77.0052261352539,-0.00824889636408721
2013-11-26,76.3700180053711,-0.010738892250537035
2013-11-27,75.54988861083984,0.005959823175519352
2013-11-28,76.00015258789062,-0.0038087667991902885
2013-11-29,75.71068572998047,0.022196288405229136
2013-12-02,77.39118194580078,0.0024934400926199807
2013-12-03,77.58415222167969,0.01844782876770923
2013-12-04,79.01541137695312,0.0031542841605654015
2013-12-05,79.2646484375,0.0018260961967302425
2013-12-06,79.40939331054688,0.027136486981411467
2013-12-09,81.56428527832031,0.01873032068525493
2013-12-10,83.09201049804688,0.003677244295216653
2013-12-11,83.3975601196289,-0.015329768270944788
2013-12-12,82.11909484863281,0.01586192018703181
2013-12-13,83.42166137695312,0.010313378775889781
2013-12-16,84.28202056884766,-0.011829713606746006
2013-12-17,83.28498840332031,0.0073370812351769565
2013-12-18,83.89605712890625,0.014280278752438091
2013-12-19,85.0941162109375,0.037324215920159665
2013-12-20,88.27018737792969,0.005647485900732496
2013-12-23,88.76869201660156,-0.02155771893470526
2013-12-24,86.85504150390625,0.015737776284878935
2013-12-26,88.2219467163086,0.011848217660733296
2013-12-27,89.26721954345703,-0.0063953188740963895
2013-12-30,88.69632720947266,0.013869987841492959
2013-12-31,89.92654418945312,-0.011623799128045342
2014-01-01,88.88125610351562,0.0004524524105216088
2014-01-02,88.92147064208984,0.006600964469247961
2014-01-03,89.50843811035156,0.0025151614594209892
2014-01-06,89.73356628417969,-0.013978250160395445
2014-01-07,88.479248046875,-0.0055436024292860875
2014-01-08,87.98875427246094,-0.011422750051114816
2014-01-09,86.98368072509766,0.023017114539135353
2014-01-10,88.98579406738281,0.014638258382142055
2014-01-13,90.28839111328125,-0.013981923699625143
2014-01-14,89.02598571777344,0.01282538225392904
2014-01-15,90.16777801513672,0.01935081111592174
2014-01-16,91.91259765625,-0.032980697206181575
2014-01-17,88.88125610351562,0.03681929131411543
2014-01-20,92.15380096435547,-0.0026173994515837906
2014-01-21,91.91259765625,0.016533097239118666
2014-01-22,93.43219757080078,0.0009518758454052367
2014-01-23,93.52113342285156,-0.009766762968385856
2014-01-24,92.60773468017578,-0.004015148438234362
2014-01-27,92.23590087890625,-0.005170335622253441
2014-01-28,91.7590103149414,0.006871185313556349
2014-01-29,92.3895034790039,-0.0005248694907387108
2014-01-30,92.34101104736328,0.006740050933128128
2014-01-31,92.96339416503906,-0.01582467083433936
2014-02-03,91.49227905273438,-0.018199350971424777
2014-02-04,89.82717895507812,0.008548366767375803
2014-02-05,90.59505462646484,0.01454321138408221
2014-02-06,91.91259765625,-0.01213629626481505
2014-02-07,90.797119140625,0.0027596933356637265
2014-02-10,91.04769134521484,-8.86557286055023e-05
2014-02-11,91.03961944580078,-0.0012430501112694614
2014-02-12,90.92645263671875,-0.012890177406914893
2014-02-13,89.75439453125,0.015490015205340102
2014-02-14,91.14469146728516,-0.00496630105661755
2014-02-17,90.6920394897461,-0.0070407742386823235
2014-02-18,90.05349731445312,0.015258958958924929
2014-02-19,91.42761993408203,-0.0006189291515964479
2014-02-20,91.37103271484375,0.011234880826814342
2014-02-21,92.39757537841797,0.010672762635793864
2014-02-24,93.38371276855469,0.03219937271190587
2014-02-25,96.39060974121094,0.011404523152006796
2014-02-26,97.48989868164062,-0.009617633036776096
2014-02-28,96.55227661132812,-0.019003816582775612
2014-03-03,94.71741485595703,0.003925717375574456
2014-03-04,95.08924865722656,0.003910286148283149
2014-03-05,95.46107482910156,-0.009568364631401094
2014-03-06,94.54766845703125,-0.03334180078485849
2014-03-07,91.39527893066406,-0.014327390724147127
2014-03-10,90.08582305908203,0.004665672797876663
2014-03-11,90.50613403320312,0.012325062674810816
2014-03-12,91.62162780761719,-0.0055582340955098175
2014-03-13,91.11237335205078,-0.028388965223645313
2014-03-14,88.52578735351562,-0.013057029184576852
2014-03-18,87.36990356445312,0.008603926666915784
2014-03-19,88.12162780761719,0.01330045908851707
2014-03-20,89.29368591308594,0.028695643555457062
2014-03-21,91.85602569580078,-0.009503766397865432
2014-03-24,90.98304748535156,-0.025408688900013687
2014-03-25,88.6712875366211,-0.005378184722623858
2014-03-26,88.19439697265625,0.014388983354060247
2014-03-27,89.46342468261719,-0.002439419587844216
2014-03-28,89.24518585205078,-0.016031141577142916
2014-03-31,87.81448364257812,0.03286049893918519
2014-04-01,90.70011138916016,0.008644757910019507
2014-04-02,91.48419189453125,-0.008747132019505277
2014-04-03,90.68396759033203,-0.013459302014979024
2014-04-04,89.46342468261719,0.006324582237136722
2014-04-07,90.02924346923828,-0.004399374830142189
2014-04-09,89.63317108154297,0.012174254551620134
2014-04-10,90.7243881225586,0.012295244296584462
2014-04-11,91.8398666381836,0.03599685486393289
2014-04-15,95.14581298828125,-0.027950151680481206
2014-04-16,92.4864730834961,0.024034457900081962
2014-04-17,94.70933532714844,-0.06767951194732413
2014-04-21,88.29945373535156,-0.028652398660190537
2014-04-22,85.76946258544922,-0.011026354354995438
2014-04-23,84.82373809814453,0.0
2014-04-24,84.82373809814453,-0.010386744326798536
2014-04-25,83.94269561767578,0.019932584639342776
2014-04-28,85.61589050292969,-0.009063660292611408
2014-04-29,84.83989715576172,-0.004668198722407646
2014-04-30,84.44384765625,0.011773614267293508
2014-05-02,85.43805694580078,-0.014664236944522346
2014-05-05,84.18517303466797,-0.011329561887779338
2014-05-06,83.23139190673828,-0.016995491463480006
2014-05-07,81.81683349609375,0.009583177606347526
2014-05-08,82.60089874267578,0.005871337110735286
2014-05-09,83.08587646484375,-0.0038912853279893245
2014-05-12,82.76256561279297,0.03369467973161511
2014-05-13,85.55122375488281,-0.008786832147695156
2014-05-14,84.79949951171875,-0.015346689650953094
2014-05-15,83.49810791015625,-0.02652467082299914
2014-05-16,81.2833480834961,-0.041269025417846494
2014-05-19,77.92886352539062,0.026138669229350375
2014-05-20,79.9658203125,-0.003133682145692096
2014-05-21,79.7152328491211,-0.019468561559697672
2014-05-22,78.16329193115234,0.013443508499105805
2014-05-23,79.21408081054688,0.03265310879162242
2014-05-26,81.80066680908203,0.0043477867521399816
2014-05-27,82.15631866455078,0.011904840397262584
2014-05-28,83.1343765258789,-0.028099251976925976
2014-05-29,80.7983627319336,0.012805178424277086
2014-05-30,81.83300018310547,-0.014025898714480678
2014-06-02,80.68521881103516,-0.009818002296424044
2014-06-03,79.89305114746094,-0.004350183570221655
2014-06-04,79.54550170898438,0.018087435216015635
2014-06-05,80.9842758178711,0.016369076638582225
2014-06-06,82.3099136352539,0.00510635142431437
2014-06-09,82.73021697998047,0.025891457784142924
2014-06-10,84.87222290039062,0.005142942001580053
2014-06-11,85.3087158203125,0.008432973360482654
2014-06-12,86.02812194824219,-0.003288435720925631
2014-06-13,85.74522399902344,0.010746344938310948
2014-06-16,86.66667175292969,0.0
2014-06-17,86.66667175292969,-0.010445814253245755
2014-06-18,85.76136779785156,0.012629755907749063
2014-06-19,86.84451293945312,-0.0007446267571556975
2014-06-20,86.77984619140625,-0.010059688381144793
2014-06-23,85.90686798095703,-0.00018818852778224038
2014-06-24,85.89070129394531,-0.004046681671286523
2014-06-25,85.54312896728516,0.011905843836447882
2014-06-26,86.56159210205078,0.0196098098318489
2014-06-27,88.25904846191406,0.000824149463749535
2014-06-30,88.331787109375,-0.015007396899451964
2014-07-01,87.00615692138672,0.004923768012317753
2014-07-02,87.43455505371094,0.027087258868109254
2014-07-03,89.80291748046875,-0.015751809076271717
2014-07-04,88.38835906982422,0.01984456255067335
2014-07-07,90.14238739013672,-0.01407803528065632
2014-07-08,88.87335968017578,-0.008094475581151728
2014-07-09,88.15397644042969,-0.001008782884755588
2014-07-10,88.06504821777344,0.014869362554971177
2014-07-11,89.37451934814453,-0.025413809914330954
2014-07-14,87.1031723022461,-0.005475183166682496
2014-07-15,86.62626647949219,-0.0010263972751063388
2014-07-16,86.537353515625,0.003829448988170725
2014-07-17,86.86874389648438,0.018051635069549876
2014-07-18,88.4368667602539,0.005350082477850071
2014-07-21,88.9100112915039,0.02532356274401759
2014-07-22,91.16152954101562,0.021744999717124625
2014-07-23,93.14383697509766,0.01042204114510259
2014-07-24,94.11458587646484,-0.044725642555274336
2014-07-25,89.9052505493164,0.010888266786806433
2014-07-28,90.88416290283203,-0.011309589217728178
2014-07-30,89.8563003540039,-0.011529809227566301
2014-07-31,88.82027435302734,-0.015429762844413664
2014-08-01,87.44979858398438,0.023600925475169676
2014-08-04,89.5136947631836,0.0016402819495089371
2014-08-05,89.6605224609375,0.0033664953934586794
2014-08-06,89.96236419677734,0.0022667933223690095
2014-08-07,90.16629028320312,-0.008323464437621886
2014-08-08,89.4157943725586,-0.009305705241517748
2014-08-11,88.5837173461914,0.001473536163819178
2014-08-12,88.71424865722656,0.01195403765787173
2014-08-13,89.77474212646484,-0.007814850995860878
2014-08-14,89.07316589355469,0.003113919162984091
2014-08-18,89.35053253173828,-0.0004565655223610632
2014-08-19,89.30973815917969,0.00867751135613637
2014-08-20,90.08472442626953,-0.0018112086425802199
2014-08-21,89.92156219482422,0.010523664160090984
2014-08-22,90.86786651611328,-0.002873075614893472
2014-08-25,90.60679626464844,-0.008012705272998133
2014-08-26,89.88079071044922,0.013886173796384016
2014-08-27,91.12889099121094,0.011995533321512042
2014-08-28,92.22203063964844,0.0010613245204267319
2014-09-01,92.31990814208984,-0.008571177107165706
2014-09-02,91.52861785888672,0.028877106711192813
2014-09-03,94.17169952392578,-8.668689414870201e-05
2014-09-04,94.16353607177734,0.008230216275003643
2014-09-05,94.93852233886719,0.01855955046464164
2014-09-08,96.7005386352539,-0.007929792288326687
2014-09-09,95.93372344970703,-0.010799154619867246
2014-09-10,94.89772033691406,-0.013152218358034484
2014-09-11,93.64960479736328,0.0017418555564181482
2014-09-12,93.81272888183594,-0.011738890205463148
2014-09-15,92.71147155761719,-0.015486083714796983
2014-09-16,91.2757339477539,0.01412089059791155
2014-09-17,92.56462860107422,0.025469249002957328
2014-09-18,94.92218017578125,0.011344324381673099
2014-09-19,95.99900817871094,-0.011726818441263664
2014-09-22,94.87324523925781,0.0020636536883205103
2014-09-23,95.06903076171875,0.01724724594266469
2014-09-24,96.70870971679688,-0.017207902551980125
2014-09-25,95.0445556640625,0.01038540081299244
2014-09-26,96.03163146972656,0.007220511735148927
2014-09-29,96.72502899169922,0.0066625950282312996
2014-09-30,97.36946868896484,0.031752856102189364
2014-10-01,100.46122741699219,0.004465943591774213
2014-10-07,100.90988159179688,-0.04033959199967341
2014-10-08,96.83921813964844,-0.01061387814141912
2014-10-09,95.8113784790039,-0.004342186600313158
2014-10-10,95.39534759521484,-0.0002567248515015219
2014-10-13,95.37085723876953,-0.007698123483404484
2014-10-14,94.63668060302734,0.0
2014-10-15,94.63668060302734,-0.011637088961425124
2014-10-16,93.53538513183594,-0.01290772251255523
2014-10-17,92.32805633544922,-0.01678725242060508
2014-10-20,90.77812194824219,0.03037365308312756
2014-10-21,93.53538513183594,0.018053698774946225
2014-10-22,95.22404479980469,-0.04943055983532363
2014-10-27,90.5170669555664,-0.001982678555489281
2014-10-28,90.33760070800781,0.00559855684573507
2014-10-29,90.8433609008789,0.006196344156947475
2014-10-30,91.40625762939453,0.006158102450745995
2014-10-31,91.96914672851562,0.002128651516684954
2014-11-03,92.1649169921875,-0.010444494480242095
2014-11-05,91.20230102539062,-0.00992833569292062
2014-11-07,90.29681396484375,0.009756928883760674
2014-11-10,91.1778335571289,-0.002773440340407274
2014-11-11,90.92495727539062,-0.0022428794242118633
2014-11-12,90.72102355957031,0.0049453426318053495
2014-11-13,91.16967010498047,0.00912693786862051
2014-11-14,92.00177001953125,0.0004432427089269275
2014-11-17,92.04254913330078,0.0037225009762353878
2014-11-18,92.38517761230469,-0.0023841554003556364
2014-11-19,92.1649169921875,0.012391558445858708
2014-11-20,93.3069839477539,0.0003497975009347787
2014-11-21,93.3396224975586,0.012672415082590982
2014-11-24,94.5224609375,0.003797324906241295
2014-11-25,94.88139343261719,-0.0030090153867382563
2014-11-26,94.59589385986328,0.003794377117984915
2014-11-27,94.95482635498047,0.006529369185192424
2014-11-28,95.57482147216797,0.011607877046260207
2014-12-01,96.68424224853516,-0.0027843543040152463
2014-12-02,96.4150390625,0.004907135314851763
2014-12-03,96.8881607055664,-0.0019364808759521068
2014-12-04,96.7005386352539,-0.023367513935007578
2014-12-05,94.44088745117188,-0.018139434034147417
2014-12-08,92.727783203125,-0.020146015934157102
2014-12-09,90.85968780517578,-0.008529232243984275
2014-12-10,90.08472442626953,-0.010595053942021204
2014-12-11,89.1302719116211,-0.005766154335512419
2014-12-12,88.6163330078125,-0.002945815454338807
2014-12-15,88.35528564453125,-0.008863384067426816
2014-12-16,87.57215881347656,-0.002980853017940488
2014-12-17,87.31111907958984,0.005232067023865694
2014-12-18,87.76793670654297,0.023422539744933912
2014-12-19,89.82368469238281,0.008355296741714646
2014-12-22,90.57418823242188,-0.0049538652295282315
2014-12-23,90.12549591064453,-0.012490890277931932
2014-12-24,88.99974822998047,0.0034830427654490848
2014-12-26,89.30973815917969,0.005023745930080592
2014-12-29,89.75840759277344,0.004362584907844802
2014-12-30,90.14998626708984,0.0047958982202223055
2014-12-31,90.58233642578125,-0.005043373058841727
2015-01-01,90.12549591064453,0.008870534987554635
2015-01-02,90.92495727539062,0.00179413572197884
2015-01-05,91.08808898925781,-0.023374295110066057
2015-01-06,88.95896911621094,-0.007611301171609353
2015-01-07,88.28187561035156,0.007207412281543313
2015-01-08,88.91815948486328,0.015596651680127582
2015-01-09,90.30498504638672,0.0046070381714795605
2015-01-12,90.72102355957031,0.013397879704845295
2015-01-13,91.93649291992188,-0.02049700007468691
2015-01-14,90.05207061767578,0.013678965340639726
2015-01-15,91.28388977050781,-0.0079536893420864
2015-01-16,90.55784606933594,0.052518038100363595
2015-01-19,95.31376647949219,0.010612611928984661
2015-01-20,96.3252944946289,-0.0028792411324054523
2015-01-21,96.0479507446289,0.018588238789177813
2015-01-22,97.83331298828125,0.012194062515401782
2015-01-23,99.02629852294922,-0.0054004849927674625
2015-01-27,98.49150848388672,0.014535288372210742
2015-01-28,99.92311096191406,-0.0074927911643489775
2015-01-29,99.17440795898438,0.00638795881648635
2015-01-30,99.80792999267578,0.03058265062175014
2015-02-02,102.86032104492188,-0.005679008060163859
2015-02-03,102.27617645263672,-0.003780973288437517
2015-02-04,101.88947296142578,0.030765511004722912
2015-02-05,105.02415466308594,0.00783402197602956
2015-02-06,105.84691619873047,0.007073307102636317
2015-02-09,106.5956039428711,-0.008027012319689941
2015-02-10,105.73995971679688,-0.006535927434285771
2015-02-11,105.0488510131836,0.013157781018076742
2015-02-12,106.43106079101562,0.021490477652827966
2015-02-13,108.71831512451172,0.0012107430445083
2015-02-16,108.84994506835938,0.011337699531372092
2015-02-18,110.08405303955078,-0.014200075861444228
2015-02-19,108.5208511352539,-0.014404833505518244
2015-02-20,106.95762634277344,-0.00038468808736624727
2015-02-23,106.9164810180664,0.005002084737162127
2015-02-24,107.45128631591797,0.01653893767011949
2015-02-25,109.2284164428711,-0.00888830713204014
2015-02-26,108.25756072998047,-0.005471708551407772
2015-02-27,107.66520690917969,0.01558904850050613
2015-03-02,109.3436050415039,0.011963883327280378
2015-03-03,110.65177917480469,-0.019257964539227124
2015-03-04,108.5208511352539,0.01258523858719518
2015-03-05,109.88661193847656,-0.011530329184260779
2015-03-09,108.61958312988281,-0.008786410269701728
2015-03-10,107.66520690917969,0.000687576026293879
2015-03-11,107.7392349243164,0.0008400607948237937
2015-03-12,107.82974243164062,-0.024492657848821153
2015-03-13,105.18870544433594,0.01095029960193794
2015-03-16,106.3405532836914,-0.00440994502258496
2015-03-17,105.87159729003906,-0.0186509110672618
2015-03-18,103.8969955444336,0.005780883767916745
2015-03-19,104.49761199951172,0.02771417167230883
2015-03-20,107.3936767578125,-0.011568022401334921
2015-03-23,106.1513442993164,0.011083361022330207
2015-03-24,107.3278579711914,0.013568551509961502
2015-03-25,108.78414154052734,-0.04416892174557663
2015-03-26,103.97926330566406,-0.031254911485042336
2015-03-27,100.72940063476562,0.01837791426730262
2015-03-30,102.58059692382812,0.008742366559259862
2015-03-31,103.4773941040039,0.0069172805492947465
2015-04-01,104.19317626953125,-0.01903028877611812
2015-04-06,102.2103500366211,-0.009820544505955264
2015-04-07,101.20658874511719,0.002032437892705463
2015-04-08,101.41228485107422,0.001379067943866108
2015-04-09,101.55213928222656,0.0008913168876452104
2015-04-10,101.64265441894531,0.010522945157615204
2015-04-13,102.71223449707031,-0.02811598388376535
2015-04-15,99.82437896728516,-0.007747447088969461
2015-04-16,99.05099487304688,-0.025085243474218033
2015-04-17,96.56627655029297,-0.01951089247290161
2015-04-20,94.68218231201172,0.004779220419231622
2015-04-21,95.13468933105469,-0.05811639189208484
2015-04-22,89.60580444335938,-0.018914734437639358
2015-04-23,87.91093444824219,-0.020682981068089967
2015-04-24,86.0926742553711,0.02025976000898244
2015-04-27,87.8368911743164,-0.0029036849525277963
2015-04-28,87.58184051513672,0.017660919304427702
2015-04-29,89.12861633300781,-0.005631099308986753
2015-04-30,88.62672424316406,0.004734652022875707
2015-05-04,89.04634094238281,0.006929711239755054
2015-05-05,89.66340637207031,-0.023031965829507284
2015-05-06,87.59828186035156,0.010895093593429994
2015-05-07,88.55267333984375,0.004366845711505141
2015-05-08,88.93936920166016,0.0018501455848747295
2015-05-11,89.10391998291016,-0.01412737308897849
2015-05-12,87.8451156616211,0.015734709856275453
2015-05-13,89.22733306884766,-0.010603918443498839
2015-05-14,88.28117370605469,0.00363463049176449
2015-05-15,88.60204315185547,0.010771836679268176
2015-05-18,89.55644989013672,0.015342114300118892
2015-05-19,90.93043518066406,0.0206298914773535
2015-05-20,92.80632019042969,0.0004430995264013138
2015-05-21,92.84744262695312,-0.006645767767488153
2015-05-22,92.23040008544922,0.004638582267272762
2015-05-25,92.65821838378906,-0.008613246484243886
2015-05-26,91.8601303100586,-0.010568515329072992
2015-05-27,90.8893051147461,0.003982777532155257
2015-05-28,91.25129699707031,0.012893451689688362
2015-05-29,92.42784118652344,0.003293518899598169
2015-06-01,92.73225402832031,-0.02617329633664678
2015-06-02,90.30514526367188,-0.0058308739864804116
2015-06-03,89.7785873413086,0.01301300476169076
2015-06-04,90.9468765258789,0.005609202699631721
2015-06-05,91.45701599121094,-0.0014396718435791822
2015-06-08,91.32534790039062,-0.020630572799309244
2015-06-09,89.44125366210938,0.03532341389465232
2015-06-10,92.60062408447266,-0.029675672999103786
2015-06-11,89.8526382446289,-0.01593261196561313
2015-06-12,88.42105102539062,0.006606397294660171
2015-06-15,89.00519561767578,-0.0011093692153385515
2015-06-16,88.90645599365234,0.01156786231221485
2015-06-17,89.9349136352539,0.017473099009844617
2015-06-18,91.50635528564453,0.009800381376532386
2015-06-19,92.40315246582031,-0.002403920384204561
2015-06-22,92.18102264404297,-0.0049981994398276
2015-06-23,91.72028350830078,0.014352483758681256
2015-06-24,93.03669738769531,-0.023434733641526817
2015-06-25,90.85640716552734,0.01177195118438723
2015-06-26,91.92596435546875,-0.011187724708936586
2015-06-29,90.89752197265625,-0.010318428889418585
2015-06-30,89.95960235595703,0.011066317761955213
2015-07-01,90.95512390136719,0.005427175890626135
2015-07-02,91.4487533569336,-0.011155753480348585
2015-07-03,90.42857360839844,0.0009097540517086777
2015-07-06,90.5108413696289,0.006817417245946533
2015-07-07,91.12789154052734,-0.0018958810111756597
2015-07-08,90.95512390136719,-0.014201701607241213
2015-07-09,89.66340637207031,0.006882020822707835
2015-07-10,90.28047180175781,0.02004919699943608
2015-07-13,92.09052276611328,0.01027439733386104
2015-07-14,93.03669738769531,0.02184295124378144
2015-07-15,95.06889343261719,-0.004240715134657513
2015-07-16,94.66573333740234,-0.012080728064179702
2015-07-17,93.52210235595703,0.012915266269428294
2015-07-20,94.72996520996094,0.014069726554603479
2015-07-21,96.06278991699219,0.01387419822602265
2015-07-22,97.39558410644531,0.007612350278093816
2015-07-23,98.13699340820312,-0.03785761841783242
2015-07-24,94.42176055908203,-0.008998752348184813
2015-07-27,93.57208251953125,-0.008902392887543797
2015-07-28,92.73906707763672,0.014731115433801678
2015-07-29,94.10521697998047,-0.005045579659556543
2015-07-30,93.63040161132812,0.013967851565848566
2015-07-31,94.93821716308594,0.0009652241263118366
2015-08-03,95.02985382080078,-0.018495790659946443
2015-08-04,93.27220153808594,0.027686024165804568
2015-08-05,95.85453796386719,-0.006517669828172035
2015-08-06,95.22978973388672,-0.004373912780838318
2015-08-07,94.81326293945312,-0.009927688607173635
2015-08-10,93.87198638916016,0.0047916980419926425
2015-08-11,94.32179260253906,0.0204893720315531
2015-08-12,96.25438690185547,-0.011337040984032098
2015-08-13,95.16314697265625,0.007090147663507018
2015-08-14,95.8378677368164,0.0010430149324998084
2015-08-17,95.93782806396484,-0.008161903329708897
2015-08-18,95.15479278564453,0.02381157218627239
2015-08-19,97.42057800292969,-0.013680906500139756
2015-08-20,96.08777618408203,-0.0013004174786336309
2015-08-21,95.96282196044922,-0.05494799308540865
2015-08-24,90.68985748291016,-0.005603058358103596
2015-08-25,90.18171691894531,0.017827638524849476
2015-08-26,91.78944396972656,0.0007259563731305541
2015-08-27,91.8560791015625,0.022218133916290794
2015-08-28,93.8969497680664,0.01454945986763434
2015-08-31,95.26309967041016,-0.013378796403265225
2015-09-01,93.98859405517578,-0.017548600473420772
2015-09-02,92.33922576904297,0.02327480584085695
2015-09-03,94.4884033203125,-0.023186274383146244
2015-09-04,92.29756927490234,-0.003429432896220108
2015-09-07,91.98104095458984,0.02082938824776326
2015-09-08,93.8969497680664,-0.004435592939810107
2015-09-09,93.48046112060547,-0.016039931211733305
2015-09-10,91.98104095458984,0.0126788518281018
2015-09-11,93.14725494384766,0.022446725148675295
2015-09-14,95.23810577392578,-0.000962184799563004
2015-09-15,95.14646911621094,0.016547058873527698
2015-09-16,96.72086334228516,0.01972258185177922
2015-09-18,98.62844848632812,0.00033796359182969304
2015-09-21,98.66178131103516,0.006247855576452466
2015-09-22,99.27820587158203,-0.00864224370961264
2015-09-23,98.42021942138672,0.02082078985995106
2015-09-24,100.46940612792969,-0.016748317187251116
2015-09-28,98.78671264648438,-0.007842033609068544
2015-09-29,98.01202392578125,0.01623328199951546
2015-09-30,99.60308074951172,0.0031779734856101083
2015-10-01,99.91961669921875,0.0009170274201124595
2015-10-05,100.01124572753906,-0.0015824636420128657
2015-10-06,99.85298156738281,-0.01751904235429136
2015-10-07,98.10365295410156,0.0016134674252537007
2015-10-08,98.2619400024414,0.004323574666468932
2015-10-09,98.68678283691406,-0.014180746086183915
2015-10-12,97.2873306274414,0.0023973377552464203
2015-10-13,97.52056121826172,-0.004185659527710994
2015-10-14,97.11237335205078,-0.009950181137715952
2015-10-15,96.14608764648438,-0.00025995749901208676
2015-10-16,96.12109375,0.0010398622597227458
2015-10-19,96.2210464477539,-0.00995568862227969
2015-10-20,95.26309967041016,0.010580695280637098
2015-10-21,96.27104949951172,-0.01747886565049761
2015-10-23,94.58834075927734,0.002289987734196197
2015-10-26,94.80494689941406,0.01063174689371893
2015-10-27,95.8128890991211,0.005042526560138594
2015-10-28,96.29602813720703,-0.005882402808557008
2015-10-29,95.72957611083984,-0.0030455549315252517
2015-10-30,95.43802642822266,0.004015027915735603
2015-11-02,95.82121276855469,-0.001564794333012931
2015-11-03,95.67127227783203,-0.00208974208172763
2015-11-04,95.47134399414062,-0.003839176832922897
2015-11-05,95.10481262207031,-0.0015764210853279614
2015-11-06,94.95488739013672,-0.017019061738028807
2015-11-09,93.3388442993164,-0.007496581892477816
2015-11-10,92.63912200927734,-0.008182817310752988
2015-11-13,91.88107299804688,0.003626494183028184
2015-11-16,92.21427917480469,0.0042456549383578235
2015-11-17,92.60578918457031,-0.002698461842147948
2015-11-18,92.35589599609375,0.00432927075079359
2015-11-19,92.75572967529297,0.02326003178731728
2015-11-20,94.9132308959961,0.0007021440593830697
2015-11-23,94.97987365722656,-0.010962951681561584
2015-11-24,93.93861389160156,0.010020367551545561
2015-11-26,94.87991333007812,0.0007901994998431583
2015-11-27,94.95488739013672,0.0
2015-11-30,94.95488739013672,0.021054438130643005
2015-12-01,96.95410919189453,-0.007217046248696346
2015-12-02,96.25438690185547,-0.009000452194411146
2015-12-03,95.38805389404297,-0.00567637254120168
2015-12-04,94.84659576416016,0.011856512684112586
2015-12-07,95.97114562988281,-0.016231011206657375
2015-12-08,94.41343688964844,-0.0024705538394554916
2015-12-09,94.18018341064453,-0.0003539260967638791
2015-12-10,94.1468505859375,0.0014156383589778443
2015-12-11,94.2801284790039,0.002032209628415549
2015-12-14,94.47172546386719,-0.014372428144723726
2015-12-15,93.11393737792969,-0.00706739983104776
2015-12-16,92.45586395263672,0.0020719774722270934
2015-12-17,92.64743041992188,-0.0034164824526470294
2015-12-18,92.33090209960938,0.002977194836289776
2015-12-21,92.60578918457031,-0.0007195568702851318
2015-12-22,92.53915405273438,0.0015302624423585431
2015-12-23,92.6807632446289,0.0016178990641391167
2015-12-24,92.8307113647461,0.007627445786552611
2015-12-28,93.53877258300781,0.004630794937225957
2015-12-29,93.97193145751953,-0.010548677532491668
2015-12-30,92.98065185546875,0.0032251976670527593
2015-12-31,93.28053283691406,-0.006161878665511322
2016-01-01,92.70574951171875,0.0022465404034917036
2016-01-04,92.91401672363281,-0.0014347502706836268
2016-01-05,92.78070831298828,-0.0032319835460263846
2016-01-06,92.48084259033203,-0.009457789117635729
2016-01-07,91.6061782836914,0.010821266419061226
2016-01-08,92.59747314453125,-0.033015746313567074
2016-01-11,89.54029846191406,0.021304463632517034
2016-01-12,91.44790649414062,-0.004372506519965347
2016-01-13,91.04804992675781,-0.002287107681091971
2016-01-14,90.83981323242188,-0.0039432057431216805
2016-01-15,90.48161315917969,0.00745716173033073
2016-01-18,91.1563491821289,-0.009412502212705065
2016-01-19,90.29833984375,0.001014990050343112
2016-01-20,90.3899917602539,0.01520586832924864
2016-01-21,91.76445007324219,-0.0012708112489867585
2016-01-22,91.64783477783203,0.0035772008492844787
2016-01-25,91.97567749023438,0.010053970673478796
2016-01-27,92.90039825439453,-0.009591807790013673
2016-01-28,92.00931549072266,0.028414710139309518
2016-01-29,94.62373352050781,0.009505969834199934
2016-02-01,95.52322387695312,-0.0015840522921755085
2016-02-02,95.37191009521484,-0.016659297679381013
2016-02-03,93.7830810546875,0.003854515529025493
2016-02-04,94.14456939697266,-0.0036611050318252625
2016-02-05,93.79989624023438,-0.023122540574921913
2016-02-08,91.6310043334961,-0.016055107554300063
2016-02-09,90.15985870361328,-0.009417188995274994
2016-02-10,89.31080627441406,-0.026355386307329476
2016-02-11,86.95698547363281,0.00019337360253790514
2016-02-12,86.97380065917969,0.01633480499270612
2016-02-15,88.39450073242188,0.0016167727310547608
2016-02-16,88.53741455078125,0.0006645539732952344
2016-02-17,88.59625244140625,0.02723214870060575
2016-02-18,91.00891876220703,0.01117697362525294
2016-02-19,92.026123046875,-0.008404211291482167
2016-02-22,91.25271606445312,-0.005158989341405129
2016-02-23,90.78194427490234,-0.011112137343640915
2016-02-24,89.77316284179688,-0.00018713751666987744
2016-02-25,89.75636291503906,-0.006275295281262916
2016-02-26,89.193115234375,-0.019321222302817964
2016-02-29,87.46979522705078,0.029216454026706584
2016-03-01,90.02535247802734,0.007657161733971352
2016-03-02,90.71469116210938,0.005838359059376463
2016-03-03,91.24431610107422,-0.010595108939908005
2016-03-04,90.27757263183594,0.008380474647638136
2016-03-08,91.03414154052734,-0.006094689527604946
2016-03-09,90.47931671142578,-0.0042738592185629365
2016-03-10,90.09262084960938,0.005878417630510668
2016-03-11,90.62222290039062,0.0034322172453424837
2016-03-14,90.93325805664062,-0.014144288302752495
2016-03-15,89.6470718383789,0.009846197786407496
2016-03-16,90.52975463867188,0.0013928128262494788
2016-03-17,90.65584564208984,0.022348013788073606
2016-03-18,92.68182373046875,0.009433081615463745
2016-03-21,93.55609893798828,-0.006469516826998589
2016-03-22,92.95083618164062,0.005245479614145676
2016-03-23,93.43840789794922,0.00071967711042209
2016-03-28,93.50565338134766,-0.005394104572521541
2016-03-29,93.00127410888672,0.015908874447563504
2016-03-30,94.48081970214844,0.004092850411707483
2016-03-31,94.86751556396484,-0.0037217494104093696
2016-04-01,94.51444244384766,0.007293636031135087
2016-04-04,95.20379638671875,-0.012803649013122698
2016-04-05,93.9848403930664,-0.0014311480981762381
2016-04-06,93.85033416748047,-0.011465431161685635
2016-04-07,92.77429962158203,-0.004077429214679129
2016-04-08,92.3960189819336,0.02947839363938698
2016-04-11,95.11970520019531,0.006716887787717285
2016-04-12,95.75861358642578,0.026951051100553736
2016-04-13,98.33940887451172,0.006325903098348684
2016-04-18,98.96149444580078,0.021491655167368062
2016-04-20,101.08834075927734,-0.07051981188316758
2016-04-21,93.95960998535156,-0.001610331847560209
2016-04-22,93.80830383300781,-0.009857638991115691
2016-04-25,92.88357543945312,0.0036203730505461884
2016-04-26,93.2198486328125,0.010009729498976716
2016-04-27,94.1529541015625,-0.012321227380750144
2016-04-28,92.99287414550781,0.002259950600397298
2016-04-29,93.20303344726562,-0.010553024694531232
2016-05-02,92.2194595336914,-0.008477595947313343
2016-05-03,91.43766021728516,-0.0070793147753964725
2016-05-04,90.79034423828125,0.00574097366805848
2016-05-05,91.31156921386719,-0.018413002918521215
2016-05-06,89.6302490234375,0.011067400657268411
2016-05-09,90.62222290039062,-0.0006492655856574769
2016-05-10,90.56338500976562,-0.0015780529663722564
2016-05-11,90.42047119140625,0.008367652210774734
2016-05-12,91.17707824707031,-0.004886717683776132
2016-05-13,90.73152160644531,0.0021308634903647317
2016-05-16,90.92485809326172,-0.0012018255531288657
2016-05-17,90.81558227539062,-0.0011109449584907338
2016-05-18,90.71469116210938,0.006301683510292033
2016-05-19,91.28634643554688,0.0008287447041741558
2016-05-20,91.36199951171875,-0.006533027139874692
2016-05-23,90.76512908935547,-0.004075140750424033
2016-05-24,90.39524841308594,0.015716703664985898
2016-05-25,91.81596374511719,-0.002105945056970371
2016-05-26,91.62260437011719,0.0008257031841865103
2016-05-27,91.69825744628906,0.008709239996359086
2016-05-30,92.49687957763672,-0.008543148073562379
2016-05-31,91.7066650390625,0.016591770370084413
2016-06-01,93.22824096679688,-0.02542822145253054
2016-06-02,90.85761260986328,0.0007401194183604964
2016-06-03,90.92485809326172,-0.010539866616914306
2016-06-06,89.96652221679688,0.008876711613172716
2016-06-07,90.76512908935547,0.008798945125175539
2016-06-08,91.56376647949219,0.0003671224284140795
2016-06-09,91.59738159179688,0.001009507696746459
2016-06-10,91.68984985351562,-0.007609686559429507
2016-06-13,90.99211883544922,0.003510747771416023
2016-06-14,91.31156921386719,0.00727299160538708
2016-06-15,91.97567749023438,0.005209765951227352
2016-06-16,92.45484924316406,0.003909725519592788
2016-06-17,92.81632232666016,0.009057326378982156
2016-06-20,93.65699005126953,0.0070907750356818955
2016-06-21,94.32109069824219,0.0038326101723760164
2016-06-22,94.68258666992188,0.00097661317641351
2016-06-23,94.77505493164062,-0.015167573687310254
2016-06-24,93.3375473022461,-0.012879498581773174
2016-06-27,92.13540649414062,-0.010218880306105182
2016-06-28,91.19388580322266,0.02240038350317275
2016-06-29,93.23666381835938,0.006131064661023089
2016-06-30,93.80830383300781,0.001702717109037577
2016-07-01,93.96803283691406,0.00500975189699604
2016-07-04,94.43878936767578,0.005786183073400952
2016-07-05,94.9852294921875,-0.00947003286129755
2016-07-07,94.0857162475586,0.0036633140617952087
2016-07-08,94.43038177490234,0.014625869109592848
2016-07-11,95.81150817871094,0.0034280374123500934
2016-07-12,96.13995361328125,0.00551857687836832
2016-07-13,96.6705093383789,-0.0058368861879801726
2016-07-14,96.10625457763672,-0.02821596751375488
2016-07-15,93.39452362060547,-0.004598654386705703
2016-07-18,92.96503448486328,-0.004891624722725196
2016-07-19,92.51028442382812,-0.01893504173185978
2016-07-20,90.75859832763672,0.005845622079721391
2016-07-21,91.28913879394531,-0.007841159337927062
2016-07-22,90.57332611083984,0.009483872766555157
2016-07-25,91.43231201171875,0.005987041622080191
2016-07-26,91.97972106933594,0.005585118604349182
2016-07-27,92.49343872070312,0.00846749647373235
2016-07-28,93.27662658691406,-0.015799912219529033
2016-07-29,91.80286407470703,0.02320909082976219
2016-08-01,93.93352508544922,-0.014523976704132635
2016-08-02,92.5692367553711,-0.0030024144426444854
2016-08-03,92.29130554199219,0.0004564014666350591
2016-08-04,92.33342742919922,-0.0018242772650250982
2016-08-05,92.16498565673828,0.003289501731297051
2016-08-08,92.4681625366211,0.004280532644135748
2016-08-09,92.86397552490234,-0.01577950202709244
2016-08-10,91.39862823486328,0.0006449188930601757
2016-08-11,91.45757293701172,0.001381519307526835
2016-08-12,91.58392333984375,-0.013333541040352226
2016-08-16,90.36278533935547,-0.016216185182223897
2016-08-17,88.89744567871094,-0.005115531576387999
2016-08-18,88.44268798828125,-0.009521961015703462
2016-08-19,87.60054016113281,-0.008844382039401188
2016-08-22,86.82576751708984,0.00795339225848024
2016-08-23,87.51632690429688,9.615602557411229e-05
2016-08-24,87.52474212646484,-0.03011651891472167
2016-08-25,84.88880157470703,-0.027777715364472932
2016-08-26,82.5307846069336,-0.0228569975895484
2016-08-29,80.64437866210938,0.022242961830501118
2016-08-30,82.43814849853516,0.004494817512796789
2016-08-31,82.8086929321289,-0.015661557996521247
2016-09-01,81.51177978515625,-0.0007232369566503305
2016-09-02,81.45282745361328,-0.0014473334810140015
2016-09-06,81.3349380493164,-0.002381449755846976
2016-09-07,81.14124298095703,-0.016191012139239458
2016-09-08,79.82748413085938,0.014136376547478902
2016-09-09,80.9559555053711,-0.0005200234962410288
2016-09-12,80.91385650634766,-0.004891688222222745
2016-09-14,80.51805114746094,0.0008365816528896897
2016-09-15,80.58541107177734,0.001985705833974283
2016-09-16,80.74542999267578,0.001147166830522961
2016-09-19,80.83805847167969,0.002291987829672104
2016-09-20,81.0233383178711,0.0058204928845315695
2016-09-21,81.49493408203125,-0.004340037881596426
2016-09-22,81.14124298095703,-0.0032173850495682554
2016-09-23,80.88018035888672,-0.0018742346922171471
2016-09-26,80.72859191894531,0.010223264568352874
2016-09-27,81.55390167236328,-0.001032795659040131
2016-09-28,81.46967315673828,-0.023775112978141943
2016-09-29,79.53272247314453,0.014294672566478539
2016-09-30,80.66961669921875,0.0
2016-10-03,80.66961669921875,0.005950804688841904
2016-10-04,81.14966583251953,-0.004670073630776539
2016-10-05,80.77069091796875,-0.0032323343763955847
2016-10-06,80.50961303710938,-0.002196529447462736
2016-10-07,80.33277130126953,0.00010494448057096761
2016-10-10,80.34120178222656,0.00262048783711899
2016-10-13,80.5517349243164,-0.006795745096384476
2016-10-14,80.00432586669922,-0.006000098986041591
2016-10-17,79.5242919921875,0.022450814551248532
2016-10-18,81.30967712402344,0.02537536751383218
2016-10-19,83.37294006347656,0.0008079350957890252
2016-10-20,83.44029998779297,0.007670604452701291
2016-10-21,84.08033752441406,-0.030548851430478474
2016-10-24,81.51177978515625,-0.0052691373721536205
2016-10-25,81.08228302001953,-0.020461030915961742
2016-10-26,79.42325592041016,-0.020888621842209076
2016-10-27,77.76421356201172,0.0008663053431026135
2016-10-28,77.83158111572266,-0.0029214213813383294
2016-11-01,77.60420227050781,-0.006185471941963061
2016-11-02,77.12418365478516,-0.02249401784837224
2016-11-03,75.38935089111328,0.010947197638237371
2016-11-04,76.21465301513672,-0.0055247418642194734
2016-11-07,75.79358673095703,0.00388870328273927
2016-11-08,76.08832550048828,-0.010735934416846837
2016-11-09,75.27144622802734,-0.0043634797925273805
2016-11-10,74.94300079345703,-0.005843470923998284
2016-11-11,74.50507354736328,0.012659836451256234
2016-11-15,75.44829559326172,-0.005915872118144705
2016-11-16,75.001953125,-0.015494896780031797
2016-11-17,73.83980560302734,-0.002851524710200559
2016-11-18,73.6292495727539,0.010637119480976232
2016-11-21,74.4124526977539,0.019465849255064116
2016-11-22,75.86095428466797,-0.0033304010249368687
2016-11-23,75.60830688476562,0.004121135823417887
2016-11-24,75.9198989868164,0.031059575782187432
2016-11-25,78.27793884277344,-0.008929687059882618
2016-11-28,77.57894134521484,0.009878420723284043
2016-11-29,78.34529876708984,0.00021501868510420685
2016-11-30,78.36214447021484,0.006555491762650467
2016-12-01,78.87584686279297,-0.016869607188335967
2016-12-02,77.54524230957031,-0.008144915245065665
2016-12-05,76.91364288330078,0.0025182455505159407
2016-12-06,77.10733032226562,-0.009720468145012373
2016-12-07,76.3578109741211,0.011580505958462162
2016-12-08,77.24207305908203,-0.0010900535771802833
2016-12-09,77.15787506103516,-0.009932329282899222
2016-12-12,76.39151763916016,0.022489138640592543
2016-12-13,78.1094970703125,0.005498552056423689
2016-12-14,78.53898620605469,-0.00042878255867195847
2016-12-15,78.50531005859375,-0.005578119326932751
2016-12-16,78.06739807128906,0.00010779432100815889
2016-12-19,78.07581329345703,0.006687511170362814
2016-12-20,78.59794616699219,-0.00900049407929926
2016-12-21,77.8905258178711,-0.0016216639255296483
2016-12-22,77.76421356201172,-0.00638927170602599
2016-12-23,77.2673568725586,-0.005776795598003703
2016-12-26,76.82099914550781,0.019951769188094826
2016-12-27,78.35371398925781,0.008920856500374219
2016-12-28,79.05269622802734,0.0063916800453984735
2016-12-29,79.55797576904297,0.004446086206104649
2016-12-30,79.91169738769531,-0.006112264953095137
2017-01-02,79.42325592041016,-0.009649030538901204
2017-01-03,78.65689849853516,0.018415442441339636
2017-01-04,80.10540008544922,0.010092408502248906
2017-01-05,80.91385650634766,-0.021752685695147433
2017-01-06,79.15376281738281,0.004362186913304367
2017-01-09,79.4990463256836,0.009533882547565042
2017-01-10,80.2569808959961,-0.0006295010106524002
2017-01-11,80.20645904541016,0.0146996700505031
2017-01-12,81.38546752929688,0.0030006498330046316
2017-01-13,81.62967681884766,0.00020627392373295805
2017-01-16,81.64651489257812,-0.004847792455164535
2017-01-17,81.2507095336914,0.0011402206617598942
2017-01-18,81.34335327148438,-0.008178891515495113
2017-01-19,80.67805480957031,-0.0022964388176460737
2017-01-20,80.49278259277344,0.0038711511940361376
2017-01-23,80.80438232421875,0.003647748053288158
2017-01-24,81.09913635253906,-0.01619941850412232
2017-01-25,79.7853775024414,-0.017204951523906664
2017-01-27,78.41267395019531,0.0004295705675956274
2017-01-30,78.44635772705078,-0.01663985475370311
2017-01-31,77.14102172851562,-0.004366816114048988
2017-02-01,76.80416107177734,0.0036342956478550015
2017-02-02,77.08329010009766,0.00460891569730415
2017-02-03,77.43856048583984,0.007318305655738655
2017-02-06,78.00527954101562,-0.0055301542167939255
2017-02-07,77.57389831542969,0.004252458209600851
2017-02-08,77.90377807617188,0.011943487633537364
2017-02-09,78.83422088623047,0.006974478462558498
2017-02-10,79.38404846191406,0.01108137548142607
2017-02-13,80.26373291015625,0.004742342634183938
2017-02-14,80.64437103271484,-0.004195466527230907
2017-02-15,80.3060302734375,0.012849956754176661
2017-02-16,81.33795928955078,-0.011335103439795158
2017-02-17,80.41598510742188,0.0006311025395520087
2017-02-20,80.46673583984375,0.0003153522501699868
2017-02-21,80.49211120605469,-0.0027322544217385225
2017-02-22,80.27218627929688,0.024446948116207734
2017-02-23,82.2345962524414,0.0075086376748561
2017-02-27,82.85206604003906,-0.0019396687866369833
2017-02-28,82.69136047363281,-0.0005115088570194493
2017-03-01,82.64906311035156,0.0033772800055533736
2017-03-02,82.92819213867188,0.007445836833933628
2017-03-03,83.54566192626953,-0.003948587904274992
2017-03-06,83.21577453613281,0.006607160113018429
2017-03-07,83.76559448242188,-0.00010091695991487626
2017-03-08,83.75714111328125,-0.02140985384146199
2017-03-09,81.96391296386719,0.005263155935108177
2017-03-10,82.39530181884766,0.029360398980825098
2017-03-14,84.81446075439453,-0.013064729682576881
2017-03-15,83.70638275146484,0.011620951363082943
2017-03-16,84.67913055419922,0.0073918852429255555
2017-03-17,85.30506896972656,-0.013386242827856165
2017-03-20,84.16315460205078,0.0023113950834854347
2017-03-21,84.3576889038086,0.0038104606061122315
2017-03-22,84.67913055419922,0.018879071143212744
2017-03-23,86.27779388427734,0.0063726704350661745
2017-03-24,86.8276138305664,-0.018022490593479157
2017-03-27,85.26276397705078,0.0070437627247526
2017-03-28,85.86333465576172,0.009260033450388061
2017-03-29,86.65843200683594,0.007223140673402684
2017-03-30,87.28437805175781,-0.0004845925952083885
2017-03-31,87.24208068847656,-0.016676353306350644
2017-04-03,85.78720092773438,0.007000435776348901
2017-04-05,86.38774871826172,0.007931014840128814
2017-04-06,87.07289123535156,-0.005439936043841187
2017-04-07,86.5992202758789,-0.014651388593141967
2017-04-10,85.3304214477539,0.011399866725426921
2017-04-11,86.30317687988281,-0.01842594499789163
2017-04-12,84.71295928955078,-0.01068411150108839
2017-04-13,83.80787658691406,-0.006257518298357079
2017-04-17,83.283447265625,0.0034533307048065787
2017-04-18,83.57105255126953,0.008603204816582277
2017-04-19,84.29003143310547,0.003010572984603721
2017-04-20,84.54379272460938,-0.0170084368979736
2017-04-21,83.1058349609375,0.0006106759224033809
2017-04-24,83.15658569335938,0.005594476810862892
2017-04-25,83.6218032836914,-0.006979714477754917
2017-04-26,83.03814697265625,0.01059392266208592
2017-04-27,83.9178466796875,-0.003628692059843952
2017-04-28,83.61333465576172,0.0013152219466689985
2017-05-02,83.72330474853516,0.0031319196182246767
2017-05-03,83.98551940917969,0.00704986759809767
2017-05-04,84.57760620117188,-0.0012999564486174675
2017-05-05,84.46765899658203,0.006008393740778661
2017-05-08,84.97517395019531,0.013139411086468433
2017-05-09,86.0916976928711,-0.0181761932668576
2017-05-10,84.5268783569336,0.010006853440444274
2017-05-11,85.37272644042969,0.004755685759412875
2017-05-12,85.77873229980469,-0.0014789396959403733
2017-05-15,85.65187072753906,0.01787466189560072
2017-05-16,87.18286895751953,-0.009314065793530224
2017-05-17,86.37084197998047,0.029086374557131478
2017-05-18,88.883056640625,-0.01075366006070344
2017-05-19,87.92723846435547,0.002789723274132516
2017-05-22,88.17253112792969,0.00997694028268703
2017-05-23,89.0522232055664,-0.0026594694271963037
2017-05-24,88.81539154052734,0.02180941484524257
2017-05-25,90.75240325927734,0.0047535543840366845
2017-05-26,91.18379974365234,-0.008163480117336142
2017-05-29,90.43942260742188,0.0028996777142309416
2017-05-30,90.70166778564453,-0.0012125214988094601
2017-05-31,90.59169006347656,0.01055075301283459
2017-06-01,91.54750061035156,0.01940327588727153
2017-06-02,93.32382202148438,0.007069572454206696
2017-06-05,93.98358154296875,0.009000037017145468
2017-06-06,94.82943725585938,-0.01989093030732414
2017-06-07,92.94319152832031,-0.006370580147345484
2017-06-08,92.35108947753906,-0.01639494997043278
2017-06-09,90.83699798583984,-0.019741248814586942
2017-06-12,89.04376220703125,-0.015863911883873594
2017-06-13,87.63117980957031,-0.011196941248619807
2017-06-14,86.64997863769531,0.018547313616002814
2017-06-15,88.2571029663086,-0.021468123151425433
2017-06-16,86.36238861083984,-0.0027423893461402393
2017-06-19,86.12554931640625,-0.00117852908514815
2017-06-20,86.0240478515625,0.006489646790377224
2017-06-21,86.58231353759766,-0.0033216674918846723
2017-06-22,86.29471588134766,0.007057577871668164
2017-06-23,86.90374755859375,-0.0011681512763803692
2017-06-27,86.80223083496094,0.007210998843139249
2017-06-28,87.42816162109375,0.003483171521261541
2017-06-29,87.7326889038086,-0.0036637885491976885
2017-06-30,87.4112548828125,0.004838281152899304
2017-07-03,87.83417510986328,0.0015409202490384022
2017-07-04,87.96952056884766,-0.008461414974630821
2017-07-05,87.22517395019531,-0.00019409105993306586
2017-07-06,87.20824432373047,-0.0001939537690150983
2017-07-07,87.19132995605469,0.04093892184885606
2017-07-10,90.76084899902344,-0.018825581870387964
2017-07-11,89.0522232055664,0.002279679852724259
2017-07-12,89.25523376464844,0.0009477844939105307
2017-07-13,89.33982849121094,-0.015906216508183246
2017-07-14,87.91876983642578,0.026938595791677455
2017-07-17,90.28717803955078,0.008057041160894007
2017-07-18,91.0146255493164,0.007806717968754429
2017-07-19,91.72515106201172,-0.007193120223006666
2017-07-20,91.06536102294922,0.06279034248904525
2017-07-21,96.78338623046875,0.019227324984123717
2017-07-24,98.64427185058594,-0.006859815637137445
2017-07-25,97.96759033203125,-0.0006906107466134737
2017-07-26,97.89993286132812,0.0012095598950743192
2017-07-27,98.01834869384766,-0.00224371181200711
2017-07-28,97.79842376708984,-0.002075650020458508
2017-07-31,97.59542846679688,0.022014101282455067
2017-08-01,99.74390411376953,-0.003392094607520324
2017-08-02,99.40556335449219,-0.015997269535721337
2017-08-03,97.81534576416016,0.0010376844660804352
2017-08-04,97.9168472290039,-0.005701504196964358
2017-08-07,97.35857391357422,-0.001216285610599166
2017-08-08,97.24015808105469,-0.003131545957298365
2017-08-09,96.9356460571289,0.0057590585027060825
2017-08-10,97.49390411376953,0.005379255091334967
2017-08-11,98.01834869384766,-0.0041422192291534765
2017-08-14,97.61233520507812,0.0050260882940798
2017-08-16,98.10294342041016,-0.005518274262515943
2017-08-17,97.56158447265625,-0.0008669341342764092
2017-08-18,97.47700500488281,-0.001388564291364136
2017-08-21,97.3416519165039,0.008863632177565695
2017-08-22,98.20445251464844,-0.0008614920585643393
2017-08-23,98.1198501586914,-0.002068928248047497
2017-08-24,97.9168472290039,0.004492075326801848
2017-08-28,98.35669708251953,0.00017189209055135102
2017-08-29,98.37360382080078,0.0015477711575710984
2017-08-30,98.52586364746094,0.027129199963264572
2017-08-31,101.19879150390625,-0.008860004065038174
2017-09-01,100.30216979980469,0.002867312410330003
2017-09-04,100.58976745605469,-0.00016815197115527258
2017-09-05,100.5728530883789,-0.000168180250995964
2017-09-06,100.55593872070312,0.005888209377978848
2017-09-07,101.14803314208984,0.005184770331147837
2017-09-08,101.6724624633789,0.0021629976498551695
2017-09-11,101.89237976074219,-0.01012771168885196
2017-09-12,100.86044311523438,-0.0073801170652300074
2017-09-13,100.11608123779297,-0.04207502963440801
2017-09-14,95.90369415283203,0.008114371913008567
2017-09-15,96.68189239501953,0.012423406694717976
2017-09-18,97.88301086425781,-0.00017280187364931976
2017-09-19,97.86609649658203,0.009161563374950887
2017-09-20,98.76270294189453,0.0
2017-09-21,98.76270294189453,0.00873586570902729
2017-09-22,99.62548065185547,-0.00866021126639216
2017-09-25,98.76270294189453,-0.0056524417681695915
2017-09-26,98.20445251464844,-0.006718534874618709
2017-09-27,97.54466247558594,-0.008324668484472997
2017-09-28,96.73263549804688,-0.019762219870115283
2017-09-29,94.82098388671875,0.009634404366266391
2017-10-03,95.73452758789062,-0.0007069587179462378
2017-10-04,95.6668472290039,0.0030063213534785582
2017-10-05,95.95445251464844,0.010578167570463481
2017-10-06,96.96947479248047,0.0006977979435534021
2017-10-09,97.03713989257812,0.0006974686080158943
2017-10-10,97.10482025146484,0.012717750064170863
2017-10-11,98.33977508544922,0.009633587287602774
2017-10-12,99.28713989257812,-0.0052820229412490205
2017-10-13,98.76270294189453,-0.004110922922126448
2017-10-16,98.35669708251953,-0.002924104755197665
2017-10-17,98.069091796875,0.016905640778608344
2017-10-18,99.72701263427734,-0.009160520368905578
2017-10-19,98.81346130371094,0.016606651277154993
2017-10-23,100.45442199707031,-0.0003367570553792776
2017-10-24,100.42059326171875,0.007075420092858886
2017-10-25,101.13111114501953,0.011375013324700811
2017-10-26,102.28147888183594,-0.017697507682617575
2017-10-27,100.47135162353516,-0.012460113656478033
2017-10-30,99.21946716308594,0.0027279730230789223
2017-10-31,99.4901351928711,-0.0017002583745509003
2017-11-01,99.32097625732422,-0.0010220307739956525
2017-11-02,99.21946716308594,0.004433177233124752
2017-11-03,99.6593246459961,0.017993504635811064
2017-11-06,101.45254516601562,0.008004007944899527
2017-11-07,102.26457214355469,0.0004961197467445722
2017-11-08,102.3153076171875,0.0003308559034178593
2017-11-09,102.34915924072266,0.0004957097255042786
2017-11-10,102.39989471435547,-0.013381778051595128
2017-11-13,101.02960205078125,-0.00033483983570037346
2017-11-14,100.99577331542969,-0.006700172945216076
2017-11-15,100.31908416748047,0.0038785391127538205
2017-11-16,100.70817565917969,-0.00839915266807889
2017-11-17,99.86231231689453,-0.0027104122016146093
2017-11-20,99.59164428710938,-0.0011890137306916904
2017-11-21,99.47322845458984,0.0010203897714056165
2017-11-22,99.5747299194336,-0.002548374093654937
2017-11-23,99.32097625732422,-0.002895561820801751
2017-11-24,99.03338623046875,0.007174528816446646
2017-11-27,99.74390411376953,0.00016957795893457472
2017-11-28,99.76081848144531,0.012887804616908305
2017-11-29,101.04651641845703,-0.02260160525578836
2017-11-30,98.76270294189453,-0.008564525754102492
2017-12-01,97.9168472290039,0.0019005533437062017
2017-12-04,98.10294342041016,-0.022417770465392284
2017-12-05,95.90369415283203,-0.003351553810735819
2017-12-06,95.58226776123047,-0.004601793447864155
2017-12-07,95.14241790771484,0.006045544098567834
2017-12-08,95.71760559082031,0.022976354502483698
2017-12-11,97.9168472290039,-0.005528684120040039
2017-12-12,97.37549591064453,-0.0020847434746189553
2017-12-13,97.17249298095703,0.004874694512103872
2017-12-14,97.64617919921875,0.0038114086765197452
2017-12-15,98.01834869384766,0.021056144867845905
2017-12-18,100.08223724365234,-0.011494224834481037
2017-12-19,98.93186950683594,0.014021918999000293
2017-12-20,100.31908416748047,0.004215978632024608
2017-12-21,100.74202728271484,0.012930329065355961
2017-12-22,102.0446548461914,0.00431029165402208
2017-12-26,102.4844970703125,0.01221528003592387
2017-12-27,103.73637390136719,0.004566250009009343
2017-12-28,104.2100601196289,0.020292083890931956
2017-12-29,106.32469940185547,0.007319001296695715
2018-01-01,107.10289001464844,0.006791972469385232
2018-01-02,107.83032989501953,-0.027455264736633178
2018-01-03,104.86981964111328,0.00548477803312597
2018-01-04,105.44500732421875,-0.0067384237539585
2018-01-05,104.7344741821289,0.005168797786848867
2018-01-08,105.27582550048828,0.019443987276204666
2018-01-09,107.32280731201172,0.029949708591339386
2018-01-10,110.53709411621094,-0.017141120176959124
2018-01-11,108.64236450195312,-0.00716293543273816
2018-01-12,107.86416625976562,-0.011919672779094448
2018-01-15,106.57846069335938,0.05380948372205285
2018-01-16,112.31339263916016,-0.018828092197473056
2018-01-17,110.19874572753906,-0.001074635297636295
2018-01-18,110.080322265625,0.011065015447260906
2018-01-19,111.2983627319336,-0.02249573436538921
2018-01-22,108.79462432861328,-0.019592664171048768
2018-01-23,106.66304779052734,-0.004123875338425842
2018-01-24,106.22318267822266,-0.006370375105446913
2018-01-25,105.54650115966797,-0.0025645156988218787
2018-01-29,105.27582550048828,-0.012373327860359162
2018-01-30,103.97321319580078,-0.00522366599239199
2018-01-31,103.43009185791016,-0.012963615499215875
2018-02-01,102.08926391601562,-0.000498765268240664
2018-02-02,102.03834533691406,-0.006154233806900833
2018-02-05,101.4103775024414,-0.013723981555606724
2018-02-06,100.01862335205078,-0.017987372804487922
2018-02-07,98.21955108642578,0.0015551700880382935
2018-02-08,98.37229919433594,-0.016563085017094137
2018-02-09,96.74295043945312,0.013859617743818609
2018-02-12,98.08377075195312,0.015573696277763949
2018-02-14,99.61129760742188,-0.0032372996477090243
2018-02-15,99.28882598876953,-0.00512825241461401
2018-02-16,98.77964782714844,-0.0036081804578363963
2018-02-19,98.42323303222656,0.005173198310457039
2018-02-20,98.9323959350586,0.002573248472480749
2018-02-21,99.18697357177734,0.0015401555385563537
2018-02-22,99.33973693847656,0.008030085729922476
2018-02-23,100.13744354248047,-0.011525449297401957
2018-02-26,98.98331451416016,0.0005143387040220659
2018-02-27,99.03422546386719,0.0035990593357140277
2018-02-28,99.39065551757812,-0.0010245382554155968
2018-03-01,99.28882598876953,-0.0052992991770007825
2018-03-05,98.76266479492188,-0.013748066824153193
2018-03-06,97.40486907958984,-0.005575759037854566
2018-03-07,96.86176300048828,-0.0005256829684310294
2018-03-08,96.81084442138672,-0.0005259594563593595
2018-03-09,96.75992584228516,0.019820986638535487
2018-03-12,98.67780303955078,0.02029589380524688
2018-03-13,100.68055725097656,-0.009271769683888098
2018-03-14,99.7470703125,-0.0015313543288200115
2018-03-15,99.59432220458984,0.008009559042585046
2018-03-16,100.39202880859375,-0.024006762429756856
2018-03-19,97.98194122314453,0.017148822960674437
2018-03-20,99.66221618652344,0.005619874138458769
2018-03-21,100.22230529785156,-0.0230312283377605
2018-03-22,97.9140625,-0.01317420447518547
2018-03-23,96.6241226196289,-0.03741417988258244
2018-03-26,93.0090103149414,0.00018251353040477092
2018-03-27,93.02598571777344,0.02590768124469056
2018-03-28,95.43607330322266,0.030232799640131036
2018-04-02,98.32137298583984,-0.019851435290842212
2018-04-03,96.36955261230469,-0.008101430171755242
2018-04-04,95.58882141113281,0.016512626927345675
2018-04-05,97.16724395751953,-0.008034686188378437
2018-04-06,96.38653564453125,0.0038738833723721555
2018-04-09,96.75992584228516,0.003332698075626528
2018-04-10,97.0823974609375,-0.0010488979616470884
2018-04-11,96.9805679321289,0.004025194004422916
2018-04-12,97.37093353271484,0.0254487270347592
2018-04-13,99.8488998413086,-0.014448329862436382
2018-04-16,98.40625,-0.017764738681922854
2018-04-17,96.65808868408203,0.02774365074773244
2018-04-18,99.33973693847656,-0.0006834524030966405
2018-04-19,99.27184295654297,0.01914844872242094
2018-04-20,101.17274475097656,-0.0023484806552549475
2018-04-23,100.93514251708984,-0.034975662088179704
2018-04-24,97.40486907958984,0.0006971852779471543
2018-04-25,97.4727783203125,-0.02019849479710001
2018-04-26,95.50397491455078,-0.01848241761375735
2018-04-27,93.73883056640625,0.009415102841028533
2018-04-30,94.62139129638672,-0.011479723581634405
2018-05-02,93.53516387939453,-0.014879393623457249
2018-05-03,92.14341735839844,-0.005710159005787863
2018-05-04,91.61726379394531,0.017969750987179234
2018-05-07,93.26360321044922,-0.007279384979704706
2018-05-08,92.58470153808594,-0.009165933129420711
2018-05-09,91.73607635498047,0.0007401012189671707
2018-05-10,91.80397033691406,0.008134510879727497
2018-05-11,92.55075073242188,-0.0011002561081648876
2018-05-14,92.44892120361328,-0.0049568948620853925
2018-05-15,91.99066162109375,0.013653109293877641
2018-05-16,93.24662017822266,0.013287246029114241
2018-05-17,94.48561096191406,-0.03395000071864496
2018-05-18,91.27782440185547,-0.015061475846598338
2018-05-21,89.90304565429688,0.00037780771725715034
2018-05-22,89.93701171875,-0.005661497440157204
2018-05-23,89.4278335571289,0.0034160347430380877
2018-05-24,89.73332214355469,0.0009458806620841198
2018-05-25,89.81819915771484,-0.004913166966386773
2018-05-28,89.37690734863281,-0.0011393270569475256
2018-05-29,89.27507781982422,-0.008175046145939224
2018-05-30,88.54524993896484,0.004025486215817997
2018-05-31,88.90168762207031,-0.004963818133104536
2018-06-01,88.46039581298828,-0.0017267400457158244
2018-06-04,88.30764770507812,-0.018835369678245395
2018-06-05,86.64434051513672,0.015670910612965328
2018-06-06,88.00213623046875,0.020636577758635477
2018-06-07,89.81819915771484,-0.0022677135336807153
2018-06-08,89.61451721191406,0.0015152451644200315
2018-06-11,89.75030517578125,0.007753223631371986
2018-06-12,90.44615936279297,0.008819853362630692
2018-06-13,91.24388122558594,-0.008928620701938006
2018-06-14,90.42919921875,0.001876950604484895
2018-06-15,90.59893035888672,-0.00430880616839624
2018-06-18,90.20855712890625,-0.017874009541420488
2018-06-19,88.5961685180664,-0.004980849477678184
2018-06-20,88.1548843383789,-0.004043052153001381
2018-06-21,87.79846954345703,-0.0015465000150766128
2018-06-22,87.66268920898438,-0.002904146204166236
2018-06-25,87.4081039428711,0.0003883298543085889
2018-06-26,87.44204711914062,-0.006016994375111051
2018-06-27,86.91590881347656,0.0041005975821089
2018-06-28,87.2723159790039,0.01711397289105987
2018-06-29,88.7658920288086,-0.003441594612953014
2018-07-02,88.46039581298828,0.004988580539645682
2018-07-03,88.90168762207031,0.000190945788388186
2018-07-04,88.91866302490234,0.008207556972279262
2018-07-05,89.64846801757812,-0.004922298841810058
2018-07-06,89.20719146728516,0.008181181802282111
2018-07-09,89.93701171875,0.021324671129425488
2018-07-10,91.85488891601562,0.005543122514660714
2018-07-11,92.36405181884766,0.027012207899975715
2018-07-12,94.8590087890625,0.005009828397150917
2018-07-13,95.33423614501953,0.008011428618073468
2018-07-16,96.0979995727539,0.0028257928443682356
2018-07-17,96.36955261230469,0.0031700491238071393
2018-07-18,96.675048828125,0.003511295365181688
2018-07-19,97.0145034790039,-0.009797115969513714
2018-07-20,96.06404113769531,-0.023144779421610417
2018-07-23,93.84066009521484,-0.012660445631881179
2018-07-24,92.65259552001953,0.006411311575991174
2018-07-25,93.24662017822266,-0.012012988686568304
2018-07-26,92.12644958496094,0.011422172953188925
2018-07-27,93.1787338256836,-0.004917906746701894
2018-07-30,92.72048950195312,0.011897991123223317
2018-07-31,93.82367706298828,0.0034373214344813885
2018-08-01,94.14617919921875,0.006309599213220718
2018-08-02,94.74020385742188,-0.003941362181412611
2018-08-03,94.3667984008789,-0.0034172956326965487
2018-08-06,94.04431915283203,0.001443953175321866
2018-08-07,94.18011474609375,0.0037843954202301244
2018-08-08,94.53652954101562,0.0007180965164328423
2018-08-09,94.60441589355469,0.0005383875309576958
2018-08-10,94.65534973144531,0.010758248831716832
2018-08-13,95.67367553710938,0.011353700995363702
2018-08-14,96.75992584228516,-0.019645705974610572
2018-08-16,94.8590087890625,0.00214712676219464
2018-08-17,95.06268310546875,0.01785393259869772
2018-08-20,96.75992584228516,0.013681747873864447
2018-08-21,98.08377075195312,0.0027686605731347402
2018-08-23,98.35533142089844,0.00828304876885233
2018-08-24,99.17001342773438,0.012664700888077807
2018-08-27,100.42597198486328,-0.0008450180137055119
2018-08-28,100.34111022949219,0.0038904615375257023
2018-08-29,100.73148345947266,0.007413347661306524
2018-08-30,101.47824096679688,0.007693807873659697
2018-08-31,102.25899505615234,0.023568316169513936
2018-09-03,104.6690673828125,0.01621539590109733
2018-09-04,106.36631774902344,0.01755237509258234
2018-09-05,108.2332992553711,0.007370039731840805
2018-09-06,109.0309829711914,0.010896717626569519
2018-09-07,110.21906280517578,0.000924021534983277
2018-09-10,110.32090759277344,-0.0032307785722001103
2018-09-11,109.96448516845703,0.01481697588991815
2018-09-12,111.59382629394531,0.004410731350738661
2018-09-14,112.0860366821289,-0.0009085623974013357
2018-09-17,111.98419952392578,0.008032773963034368
2018-09-18,112.88374328613281,0.0004510709657501444
2018-09-19,112.93466186523438,0.0075142346884040645
2018-09-21,113.78327941894531,-0.007458192082743231
2018-09-24,112.93466186523438,-0.01322513411858428
2018-09-25,111.44108581542969,-0.02756612225834998
2018-09-26,108.36908721923828,-0.0009397955654236734
2018-09-27,108.26724243164062,0.015833140955227032
2018-09-28,109.98145294189453,0.018981596808821388
2018-10-01,112.06907653808594,-0.008026622156619645
2018-10-03,111.16954040527344,-0.005648945928595883
2018-10-04,110.54154968261719,-0.0010748226470163047
2018-10-05,110.42273712158203,-0.02397775936690172
2018-10-08,107.7750473022461,0.013070805351524939
2018-10-09,109.18375396728516,-0.017721136700171836
2018-10-10,107.24889373779297,-0.009178700900960735
2018-10-11,106.26448822021484,0.010381885110306799
2018-10-12,107.36771392822266,0.011539624985637209
2018-10-15,108.60669708251953,-0.0028130076948869043
2018-10-16,108.30118560791016,0.012850704386881961
2018-10-17,109.69293212890625,0.0
2018-10-19,109.69293212890625,-0.0029399057093526526
2018-10-22,109.37044525146484,-0.040657943135606334
2018-10-23,104.92366790771484,-0.0009706559981036422
2018-10-24,104.82182312011719,0.03157387697658809
2018-10-25,108.13145446777344,0.006435543737157712
2018-10-26,108.82733917236328,0.027760374088532158
2018-10-29,111.84842681884766,-0.006069700154779589
2018-10-30,111.16954040527344,0.011297617343345667
2018-10-31,112.42549133300781,-0.004679952285021716
2018-11-01,111.89934539794922,-0.03412718363719158
2018-11-02,108.08053588867188,0.017902164088770434
2018-11-05,110.01541137695312,0.0024683181760811745
2018-11-06,110.2869644165039,0.0013849368266116713
2018-11-07,110.43970489501953,-0.0015366597738960541
2018-11-09,110.2699966430664,-0.004617627700341798
2018-11-12,109.76081085205078,0.008659326626105246
2018-11-13,110.71126556396484,-0.00490560808184215
2018-11-14,110.16815948486328,-0.004313654309731185
2018-11-15,109.69293212890625,0.00943831518760474
2018-11-16,110.7282485961914,0.020386232752372502
2018-11-19,112.98558044433594,-0.034700281162187485
2018-11-20,109.06494903564453,-0.02225337296483798
2018-11-21,106.63788604736328,-0.022441481834648225
2018-11-22,104.2447738647461,0.036958713062639426
2018-11-26,108.09752655029297,-0.020097386050338617
2018-11-27,105.925048828125,-0.005608043556926123
2018-11-28,105.33101654052734,0.014824336208157263
2018-11-29,106.8924789428711,0.030962175739516207
2018-11-30,110.20210266113281,0.011088787980956027
2018-12-03,111.42411041259766,0.020411266848395115
2018-12-04,113.69841766357422,0.004478255218407279
2018-12-05,114.20758819580078,-0.014266487465744326
2018-12-06,112.5782470703125,0.004975177312654733
2018-12-07,113.13834381103516,-0.02010206976486839
2018-12-10,110.86402893066406,0.004286578437937116
2018-12-11,111.3392562866211,0.006249923338942365
2018-12-12,112.03511810302734,0.026056702545587118
2018-12-13,114.95438385009766,-0.016388668415132868
2018-12-14,113.0704345703125,0.019513685490130772
2018-12-17,115.27685546875,-0.013398000525230103
2018-12-18,113.73237609863281,0.016863004481747934
2018-12-19,115.6502456665039,-0.021866662479799293
2018-12-20,113.1213607788086,-0.0334583908605377
2018-12-21,109.33650207519531,0.014281393967212619
2018-12-24,110.89797973632812,-0.001683657112665271
2018-12-26,110.71126556396484,0.003985901321239549
2018-12-27,111.15254974365234,0.007940153972270103
2018-12-28,112.03511810302734,0.002423888808646524
2018-12-31,112.30667877197266,-0.012694611868634631
2019-01-01,110.88098907470703,-0.003367486174770007
2019-01-02,110.50759887695312,-0.00015354395181810254
2019-01-03,110.49063110351562,-0.0032257467566454423
2019-01-04,110.13421630859375,-0.0006165351114667539
2019-01-07,110.06631469726562,0.004009257336372585
2019-01-08,110.50759887695312,0.010597501375958274
2019-01-09,111.67870330810547,-0.009878363440347648
2019-01-10,110.57550048828125,0.00905587610098757
2019-01-11,111.57685852050781,-0.04913289264213827
2019-01-14,106.09476470947266,0.05519121780997094
2019-01-15,111.95026397705078,0.02046683333850141
2019-01-16,114.24153137207031,-0.003416819677697136
2019-01-17,113.85118865966797,0.03205109690918606
2019-01-18,117.500244140625,-0.024122342249122686
2019-01-21,114.66586303710938,0.025754776411485603
2019-01-22,117.61905670166016,0.014574388004072292
2019-01-23,119.33328247070312,0.0005688802916798963
2019-01-24,119.40116882324219,0.004832988821193318
2019-01-25,119.97823333740234,0.004809806975002218
2019-01-28,120.55530548095703,0.014824042768294632
2019-01-29,122.34242248535156,0.010712308425480987
2019-01-30,123.65299224853516,0.01638006484057164
2019-01-31,125.67843627929688,0.006365050916279369
2019-02-01,126.47838592529297,-0.0008073459797831584
2019-02-04,126.37627410888672,-0.00754226340105113
2019-02-05,125.42311096191406,0.01017801195148893
2019-02-06,126.69966888427734,0.0037611748792465427
2019-02-07,127.17620849609375,-0.0024090480429821426
2019-02-08,126.86983489990234,0.0009391377744640828
2019-02-11,126.98898315429688,0.005227189435676127
2019-02-12,127.65277862548828,0.0002665598036781791
2019-02-14,127.68680572509766,0.002666381455966871
2019-02-15,128.0272674560547,-0.00132955599825757
2019-02-18,127.85704803466797,-0.032348460740381
2019-02-19,123.7210693359375,0.02407511965688003
2019-02-20,126.69966888427734,0.0063137469343090835
2019-02-21,127.49961853027344,0.011213268843314417
2019-02-22,128.92930603027344,0.017557702451656665
2019-02-25,131.19300842285156,0.005838309859482527
2019-02-26,131.95895385742188,-0.03418031693112289
2019-02-27,127.44855499267578,-0.014690267913012756
2019-02-28,125.57630157470703,0.018433203801540676
2019-03-01,127.89107513427734,-0.03220646451078779
2019-03-05,123.77215576171875,0.017418103016791475
2019-03-06,125.92803192138672,-0.03099649762120693
2019-03-07,122.02470397949219,-0.04147312039460749
2019-03-08,116.96395874023438,0.007955083590442724
2019-03-11,117.89441680908203,0.006159782100903399
2019-03-12,118.62062072753906,-0.013200738726313221
2019-03-13,117.05474090576172,-0.00407134410538923
2019-03-14,116.57817077636719,0.02569578251080773
2019-03-15,119.57373809814453,-0.022205265706398136
2019-03-18,116.91857147216797,-0.0005821954301247212
2019-03-19,116.85050201416016,0.015925419381477735
2019-03-20,118.71139526367188,-0.003823392935871639
2019-03-22,118.25751495361328,-0.015544008357543104
2019-03-25,116.41931915283203,-0.005847969695621291
2019-03-26,115.7385025024414,-0.0017646581490654567
2019-03-27,115.53426361083984,0.0007855615685530282
2019-03-28,115.6250228881836,0.02708541746356019
2019-04-01,118.75677490234375,0.0
2019-04-02,118.75677490234375,0.0
2019-04-03,118.75677490234375,-0.009936984475083954
2019-04-04,117.57669067382812,0.011773918546037043
2019-04-05,118.96102905273438,0.006104553098099874
2019-04-08,119.6872329711914,0.03830103243667238
2019-04-09,124.27137756347656,0.026296531454281347
2019-04-10,127.5392837524414,0.0010676666011240066
2019-04-11,127.67545318603516,0.007465157528884436
2019-04-12,128.62857055664062,0.015173072866954573
2019-04-15,130.58026123046875,-0.023635943175439045
2019-04-16,127.4938735961914,0.013884070836019058
2019-04-18,129.26400756835938,0.012113988568185352
2019-04-22,130.8299102783203,0.009887137600595564
2019-04-23,132.12344360351562,0.0066988172321424955
2019-04-24,133.00851440429688,0.007336483861249743
2019-04-25,133.9843292236328,-0.0013550022851001042
2019-04-26,133.8027801513672,0.012720411080114014
2019-04-30,135.5048065185547,-0.016412469513063743
2019-05-02,133.2808380126953,-0.00936518318388524
2019-05-03,132.0326385498047,-0.00017173451046592625
2019-05-06,132.0099639892578,0.010314740784878262
2019-05-07,133.37161254882812,-0.010209433128596235
2019-05-08,132.0099639892578,0.0006876339739037007
2019-05-09,132.10073852539062,-0.0024050073498207425
2019-05-10,131.7830352783203,-0.0043050839960896425
2019-05-13,131.2156982421875,-0.01556570774169963
2019-05-14,129.17323303222656,-0.00562187902257838
2019-05-15,128.44703674316406,0.008303847572525447
2019-05-16,129.51364135742188,0.0036797495135962865
2019-05-17,129.99021911621094,0.013442713432817888
2019-05-20,131.73764038085938,-0.011541823197342316
2019-05-21,130.21714782714844,-0.013244923693251587
2019-05-22,128.492431640625,-0.0031792401744236143
2019-05-23,128.08392333984375,0.002480668583249024
2019-05-24,128.4016571044922,-0.00848331376692213
2019-05-27,127.31238555908203,0.008734357442451435
2019-05-28,128.42437744140625,0.009718740271992043
2019-05-29,129.67250061035156,0.008050512242744556
2019-05-30,130.7164306640625,-0.005555625594749536
2019-05-31,129.99021911621094,0.017108972033113234
2019-06-03,132.21421813964844,0.008410704886015141
2019-06-04,133.32623291015625,-0.0076595952146499835
2019-06-06,132.3050079345703,0.012178082588327754
2019-06-07,133.91622924804688,0.006948117516949459
2019-06-10,134.84669494628906,0.002019505250068665
2019-06-11,135.1190185546875,0.0010077739984371004
2019-06-12,135.25518798828125,0.001342045043796869
2019-06-13,135.43670654296875,0.001340697027257809
2019-06-14,135.6182861328125,0.0011713704505460498
2019-06-17,135.7771453857422,-0.0038442213229483713
2019-06-18,135.25518798828125,-0.013255063918618082
2019-06-19,133.46237182617188,-0.024145409811137775
2019-06-20,130.2398681640625,-0.0038334465871546763
2019-06-21,129.7406005859375,-0.006821849111103839
2019-06-24,128.85552978515625,0.004931272674049358
2019-06-25,129.49095153808594,0.0029795014776135
2019-06-26,129.87677001953125,-0.014153501502184529
2019-06-27,128.03855895996094,-0.005671521194689388
2019-06-28,127.31238555908203,0.005347367656515667
2019-07-01,127.99317169189453,0.007978566933715792
2019-07-02,129.01437377929688,-0.004925201233908161
2019-07-03,128.3789520263672,0.0035355323617216605
2019-07-04,128.8328399658203,-0.042275850984740515
2019-07-05,123.38632202148438,-0.018208634760802478
2019-07-08,121.1396255493164,-0.0052453666589138415
2019-07-09,120.50420379638672,0.005461442923325066
2019-07-10,121.1623306274414,0.0029969166277994397
2019-07-11,121.52544403076172,-0.032866702581139884
2019-07-12,117.53130340576172,0.0036686639970249235
2019-07-15,117.96248626708984,0.00038469550878339476
2019-07-16,118.00786590576172,-0.0015381903002334996
2019-07-17,117.82634735107422,0.03659451551065862
2019-07-18,122.13814544677734,-0.016350664140320492
2019-07-19,120.14110565185547,0.00037765599901185
2019-07-22,120.18647766113281,-0.0011329211642521209
2019-07-23,120.0503158569336,-0.0011343332336631873
2019-07-24,119.91413879394531,-0.007380616598714362
2019-07-25,119.02909851074219,0.005147813187318828
2019-07-26,119.64183807373047,-0.00455231401962608
2019-07-29,119.0971908569336,-0.00038115842308550363
2019-07-30,119.05179595947266,0.011437062097464201
2019-07-31,120.41339874267578,0.019223618078512583
2019-08-01,122.72817993164062,-0.02496284399301063
2019-08-02,119.66453552246094,-0.006258148880403658
2019-08-05,118.91565704345703,-0.011832216737637236
2019-08-06,117.50862121582031,0.014098021761981716
2019-08-07,119.1652603149414,0.012188181631756612
2019-08-08,120.61766815185547,-0.00846662840721013
2019-08-09,119.59644317626953,-0.01897530229025801
2019-08-13,117.32706451416016,-0.028820168792466072
2019-08-14,113.9456787109375,-0.007368955576291247
2019-08-16,113.10601806640625,0.011637209282246319
2019-08-19,114.42225646972656,0.004760109548530345
2019-08-20,114.9669189453125,-0.0035532682316690156
2019-08-21,114.55841064453125,-0.0013866430464722912
2019-08-22,114.3995590209961,-0.0025788653352655233
2019-08-23,114.10453796386719,-0.009148691052567215
2019-08-26,113.06063079833984,0.004014418436012468
2019-08-27,113.5145034790039,-0.003398578613688308
2019-08-28,113.12871551513672,-0.001805502249897728
2019-08-29,112.9244613647461,0.02250798666462628
2019-08-30,115.4661636352539,-0.0029480558207171104
2019-09-03,115.12576293945312,0.009461844466222225
2019-09-04,116.2150650024414,-0.001757421824763128
2019-09-05,116.01082611083984,-0.01408452093616297
2019-09-06,114.37686920166016,0.014285728579428225
2019-09-09,116.01082611083984,-0.029147157352297337
2019-09-11,112.62944030761719,-0.014507369518280244
2019-09-12,110.9954833984375,0.003271493772511125
2019-09-13,111.35860443115234,0.00713257301061021
2019-09-16,112.15287780761719,-0.011938488590079177
2019-09-17,110.8139419555664,0.0006144745416485353
2019-09-18,110.88203430175781,-0.011461496277917371
2019-09-19,109.61116027832031,0.018426592025003963
2019-09-20,111.63092041015625,-0.02683470287228651
2019-09-23,108.63533782958984,0.005640123067190306
2019-09-24,109.24805450439453,-0.00789357849138661
2019-09-25,108.38569641113281,-0.007118868842269643
2019-09-26,107.6141128540039,-0.0021088681001760756
2019-09-27,107.38716888427734,0.013525037314967792
2019-09-30,108.83958435058594,-0.02627202274078566
2019-10-01,105.98014831542969,0.010064264492985808
2019-10-03,107.04676055908203,0.007844010401948376
2019-10-04,107.88643646240234,-0.002734481158224056
2019-10-07,107.59142303466797,0.0029528677854548935
2019-10-09,107.90912628173828,0.006098898709793854
2019-10-10,108.56725311279297,0.0010451066248389207
2019-10-11,108.68071746826172,0.01670502047771283
2019-10-14,110.49623107910156,0.0008213789416833261
2019-10-15,110.58699035644531,0.021547434269449273
2019-10-16,112.96985626220703,-0.004218560111189262
2019-10-17,112.4932861328125,0.004236431753197101
2019-10-18,112.96985626220703,0.01868214653899436
2019-10-22,115.08037567138672,0.0031551699619758455
2019-10-23,115.44347381591797,-0.018674866124478662
2019-10-24,113.28758239746094,0.01362161193844913
2019-10-25,114.83074188232422,0.002569181843580237
2019-10-27,115.12576293945312,0.006110831156802776
2019-10-29,115.82927703857422,-0.0017634069348685388
2019-10-30,115.6250228881836,0.017860532782042027
2019-10-31,117.69014739990234,-0.002699359252238631
2019-11-01,117.3724594116211,-0.007733952200313032
2019-11-04,116.46470642089844,0.007404458567432437
2019-11-05,117.32706451416016,-0.006382958108549497
2019-11-06,116.57817077636719,0.010901082411973517
2019-11-07,117.8489990234375,-0.012516650801361884
2019-11-08,116.3739242553711,0.00019503895632722035
2019-11-11,116.39662170410156,-0.01306302993549302
2019-11-13,114.87612915039062,-0.0013828743543553568
2019-11-14,114.71726989746094,-0.0007912891948522738
2019-11-15,114.62649536132812,-0.012274695354013931
2019-11-18,113.21949005126953,0.003808380174940451
2019-11-19,113.65067291259766,-0.005990432198445528
2019-11-20,112.96985626220703,-0.0054239208870559
2019-11-21,112.35711669921875,-0.017976118757601744
2019-11-22,110.33737182617188,-0.000411349910870773
2019-11-25,110.29198455810547,-0.022428107099581096
2019-11-26,107.81834411621094,0.010524296477928186
2019-11-27,108.95305633544922,-0.0010414759225654269
2019-11-28,108.83958435058594,-0.008757364279464608
2019-11-29,107.88643646240234,0.0037863243553748482
2019-12-02,108.29492950439453,-0.0075440139102421755
2019-12-03,107.47795104980469,0.022804146982931428
2019-12-04,109.92889404296875,0.006193037491498243
2019-12-05,110.60968780517578,-0.011079104028857256
2019-12-06,109.38423156738281,-0.0024897452154220012
2019-12-09,109.11189270019531,-0.009359288813757805
2019-12-10,108.09068298339844,0.00797823945828191
2019-12-11,108.95305633544922,-0.002499598233839495
2019-12-12,108.68071746826172,0.01837550146546163
2019-12-13,110.67778015136719,-0.0028706620734970656
2019-12-16,110.36006164550781,0.006580383673436607
2019-12-17,111.08627319335938,0.014504577515573214
2019-12-18,112.6975326538086,0.0036246171764244828
2019-12-19,113.10601806640625,0.010433367024098139
2019-12-20,114.28609466552734,0.008141347490975726
2019-12-23,115.21653747558594,-0.00630301486021867
2019-12-24,114.49032592773438,-0.007730329225862254
2019-12-26,113.60527801513672,-0.010986825064163486
2019-12-27,112.35711669921875,0.005655308201225617
2019-12-30,112.9925308227539,-0.012653005636604653
2019-12-31,111.56283569335938,0.0077297971847183344
2020-01-01,112.4251937866211,0.002422400691649118
2020-01-02,112.6975326538086,0.011276722167044673
2020-01-03,113.96839141845703,0.0041815322131748545
2020-01-06,114.44495391845703,0.012095973415337635
2020-01-07,115.82927703857422,-0.0015675167427162684
2020-01-08,115.64771270751953,-0.004513273594839329
2020-01-09,115.12576293945312,-0.007490574405272343
2020-01-10,114.2634048461914,0.012115058738110696
2020-01-13,115.64771270751953,0.00941927251542185
2020-01-14,116.73703002929688,-0.03479789105987885
2020-01-15,112.6748275756836,0.008862096155233035
2020-01-16,113.6733627319336,0.002595407397414373
2020-01-17,113.96839141845703,-0.012345708764823327
2020-01-20,112.56137084960938,-0.0036290695369902704
2020-01-21,112.15287780761719,-0.005058604355262286
2020-01-22,111.58554077148438,0.011592370710815425
2020-01-23,112.87908172607422,-0.0004037096407795149
2020-01-24,112.83351135253906,-0.009087169289934582
2020-01-27,111.80817413330078,-0.005298561486616005
2020-01-28,111.21575164794922,0.011063250453394291
2020-01-29,112.44615936279297,-0.024518841516424028
2020-01-30,109.6891098022461,-0.016202631240874843
2020-01-31,107.91185760498047,0.0025336846004195834
2020-02-03,108.18527221679688,0.012005167820164475
2020-02-04,109.48405456542969,0.008324637808814206
2020-02-05,110.39546966552734,0.005779019755344894
2020-02-06,111.033447265625,0.001231398130578043
2020-02-07,111.17017364501953,-0.012502661911290347
2020-02-10,109.7802505493164,0.0014529731046040162
2020-02-11,109.93975830078125,0.013264169442049445
2020-02-12,111.39801788330078,-0.00286347092535999
2020-02-13,111.07903289794922,-0.0034871746687060723
2020-02-14,110.69168090820312,0.0037052557865759894
2020-02-17,111.10182189941406,0.0010254534677054394
2020-02-18,111.21575164794922,0.014546138299823097
2020-02-19,112.83351135253906,-0.00767371630624647
2020-02-20,111.96765899658203,-0.006104937882538075
2020-02-24,111.28410339355469,-0.00040942724747927706
2020-02-25,111.23854064941406,-0.017206211302982388
2020-02-26,109.32454681396484,-0.03459778146825121
2020-02-27,105.54216003417969,-0.043825471015472295
2020-02-28,100.9167251586914,-0.0029352046671152765
2020-03-02,100.62051391601562,0.013134062229215537
2020-03-03,101.94207000732422,0.023021982672779995
2020-03-04,104.28897857666016,0.00371399841909259
2020-03-05,104.67630767822266,-0.026773865821854592
2020-03-06,101.87371826171875,-0.04093069074991962
2020-03-09,97.7039566040039,-0.006063366075931831
2020-03-11,97.11154174804688,-0.065696599564257
2020-03-12,90.73164367675781,-0.00853857823893589
2020-03-13,89.95692443847656,-0.08941233503923474
2020-03-16,81.91366577148438,-0.03699583145036389
2020-03-17,78.8832015991211,-0.018197708005480817
2020-03-18,77.44770812988281,-0.04471883494663598
2020-03-19,73.98433685302734,0.10378802292396583
2020-03-20,81.66302490234375,-0.0505023666502985
2020-03-23,77.53884887695312,0.0364386236895331
2020-03-24,80.3642578125,-0.009639907100239431
2020-03-25,79.58955383300781,0.0455196251673462
2020-03-26,83.21244049072266,0.004928567178282384
2020-03-27,83.62255859375,0.0035424233178986686
2020-03-30,83.91878509521484,0.0681509714663604
2020-03-31,89.63793182373047,-0.03660389463872871
2020-04-01,86.3568344116211,-0.050132065985196705
2020-04-03,82.027587890625,0.06611102430168003
2020-04-07,87.45051574707031,0.0052110769256539236
2020-04-08,87.9062271118164,0.019699454393729665
2020-04-09,89.63793182373047,-0.03812921295668581
2020-04-13,86.22010803222656,-0.01400623057590622
2020-04-15,85.01248931884766,0.0069686523721192994
2020-04-16,85.60491180419922,-0.004524969548787339
2020-04-17,85.2175521850586,-0.031550717637595094
2020-04-20,82.52887725830078,-0.016841565188853935
2020-04-21,81.13896179199219,0.0028081683896807874
2020-04-22,81.36681365966797,0.013161478797150794
2020-04-23,82.4377212524414,-0.017412973309245072
2020-04-24,81.00223541259766,0.024191483099238242
2020-04-27,82.96179962158203,-0.0129088100214374
2020-04-28,81.89086151123047,0.005286856719726618
2020-04-29,82.32380676269531,0.05701624396474414
2020-04-30,87.0176010131836,-0.004713135361657961
2020-05-04,86.60747528076172,-0.030781685571866668
2020-05-05,83.9415512084961,0.015472551547223379
2020-05-06,85.24034118652344,-0.015771141277311607
2020-05-07,83.89600372314453,-0.0005432678662513624
2020-05-08,83.85042572021484,0.0038043052495699836
2020-05-11,84.16941833496094,0.012723419892254118
2020-05-12,85.24034118652344,0.014167310054882476
2020-05-13,86.44796752929688,-0.019504438655754686
2020-05-14,84.76184844970703,-0.011827913920055999
2020-05-15,83.75929260253906,-0.008705198106334744
2020-05-18,83.0301513671875,0.012074783550897417
2020-05-19,84.03272247314453,0.0029825671758545447
2020-05-20,84.28335571289062,0.02243837979402552
2020-05-21,86.1745376586914,-0.0005287262964042139
2020-05-22,86.12897491455078,-0.001058277734702795
2020-05-26,86.03782653808594,0.06594281356548426
2020-05-27,91.7114028930664,-0.009440888154088278
2020-05-28,90.84556579589844,0.06746931086870167
2020-05-29,96.974853515625,0.010573149148181527
2020-06-01,98.00018310546875,0.003720257094545154
2020-06-02,98.3647689819336,-0.02084796190017313
2020-06-03,96.3140640258789,0.02318426923409933
2020-06-04,98.54703521728516,0.011560564311924315
2020-06-05,99.68629455566406,0.03520014645553271
2020-06-08,103.19526672363281,-0.035769380622962754
2020-06-09,99.50403594970703,-0.00618270255623421
2020-06-10,98.88883209228516,-0.01889425784263421
2020-06-11,97.02040100097656,-0.023485101195612867
2020-06-12,94.74186706542969,0.028379032833451667
2020-06-15,97.43054962158203,-0.006548259152383218
2020-06-16,96.79254913330078,0.02542384036690759
2020-06-17,99.25338745117188,0.0016068455432789452
2020-06-18,99.41287231445312,0.017877792618465227
2020-06-19,101.19015502929688,-0.018014059356432632
2020-06-22,99.3673095703125,0.011694549990970637
2020-06-23,100.52936553955078,-0.01087937428400454
2020-06-24,99.4356689453125,0.0
2020-06-25,99.4356689453125,0.033226294137939094
2020-06-26,102.73954772949219,-0.025504523224605946
2020-06-29,100.11922454833984,-0.00022746623117109177
2020-06-30,100.09645080566406,-0.002731663994124278
2020-07-01,99.8230209350586,0.02351061827179346
2020-07-02,102.169921875,0.0026761520043585563
2020-07-03,102.44334411621094,-0.00956406180948377
2020-07-06,101.46356964111328,0.010105546771708829
2020-07-07,102.4889144897461,-0.008003393326215247
2020-07-08,101.66865539550781,-0.006723441258888463
2020-07-09,100.98509216308594,0.002256141020486213
2020-07-10,101.21292877197266,0.02476372062163179
2020-07-13,103.7193374633789,-0.011423642197058936
2020-07-14,102.53448486328125,0.16777772817238867
2020-07-15,119.73748779296875,-0.003234882726341759
2020-07-16,119.35015106201172,-0.0021000465178330208
2020-07-17,119.0995101928711,0.03615829002465043
2020-07-20,123.40594482421875,0.0020312129831450143
2020-07-21,123.65660858154297,-0.019716349767049057
2020-07-22,121.21855163574219,0.0022556138274325566
2020-07-23,121.49197387695312,0.014816321024935908
2020-07-24,123.29203796386719,-0.006283487500784335
2020-07-27,122.517333984375,0.02454910119143694
2020-07-28,125.5250244140625,0.005627061045355486
2020-07-29,126.23136138916016,0.025631841895362273
2020-07-30,129.46690368652344,-0.011087902132097538
2020-07-31,128.03138732910156,0.002135706764600842
2020-08-03,128.30482482910156,-0.0017760419856610588
2020-08-04,128.0769500732422,-0.010140223842997509
2020-08-05,126.7782211303711,0.005211928092037965
2020-08-06,127.43898010253906,-0.008045651252220898
2020-08-07,126.41365051269531,0.0
2020-08-10,126.41365051269531,0.008110908795729843
2020-08-11,127.43898010253906,-0.012336800952029603
2020-08-12,125.86679077148438,0.0028964798056834162
2020-08-13,126.23136138916016,-0.001805215069786481
2020-08-14,126.00348663330078,0.01971072195144341
2020-08-17,128.4871063232422,0.002660164780582175
2020-08-18,128.8289031982422,-0.010435179441831255
2020-08-19,127.48455047607422,-0.019839009243458383
2020-08-20,124.95538330078125,-0.003100166612203914
2020-08-21,124.56800079345703,-0.0023777242358035133
2020-08-24,124.27181243896484,-0.010084504119610371
2020-08-25,123.01859283447266,0.007779255809851726
2020-08-26,123.9755859375,0.0011027876897384825
2020-08-27,124.1123046875,-0.0011015728887174836
2020-08-28,123.9755859375,-0.002756846145363201
2020-08-31,123.63380432128906,0.0011057746006926106
2020-09-01,123.77051544189453,0.007732057420986926
2020-09-02,124.7275161743164,0.033430601436175156
2020-09-03,128.89723205566406,-0.024217721670632963
2020-09-04,125.775634765625,0.009963929872645716
2020-09-07,127.02885437011719,0.013632132659328278
2020-09-08,128.76052856445312,0.0010616878692177867
2020-09-09,128.89723205566406,0.006010363651150374
2020-09-10,129.6719512939453,0.030750109935290926
2020-09-11,133.6593780517578,0.047392311502675755
2020-09-14,139.99380493164062,0.00048786687294555264
2020-09-15,140.06210327148438,0.015617309303407323
2020-09-16,142.24949645996094,-0.0014415718249565224
2020-09-17,142.04443359375,0.015399358729765833
2020-09-18,144.23182678222656,-0.014533804565772135
2020-09-21,142.13558959960938,0.0011218467250342368
2020-09-22,142.2950439453125,0.008326892177190848
2020-09-23,143.47991943359375,-0.03223734725781924
2020-09-24,138.85450744628906,0.03019339955993261
2020-09-25,143.0469970703125,-0.007486617211720725
2020-09-28,141.97605895996094,-0.00016035177654616373
2020-09-29,141.9532928466797,0.006581066791958801
2020-09-30,142.8874969482422,-0.0015945708557255633
2020-10-01,142.65965270996094,0.06676244523278263
2020-10-05,152.1839599609375,-0.011678415100453976
2020-10-06,150.4066925048828,0.01590678268646828
2020-10-07,152.79917907714844,0.07202516675159898
2020-10-08,163.8045654296875,0.0404783524991299
2020-10-09,170.4351043701172,0.009358318333589244
2020-10-12,172.03009033203125,-0.004105936369206642
2020-10-13,171.32374572753906,-0.06782816300113115
2020-10-14,159.7031707763672,-0.025253033376529066
2020-10-15,155.67018127441406,-0.005708684012087462
2020-10-16,154.78150939941406,0.01045194183892928
2020-10-19,156.39927673339844,0.0103438287425206
2020-10-20,158.0170440673828,-0.009516691362960183
2020-10-21,156.51324462890625,0.0029112085771121343
2020-10-22,156.96888732910156,-0.005951426799725046
2020-10-23,156.03469848632812,-0.007593568872733769
2020-10-26,154.84983825683594,-0.016921556538035842
2020-10-27,152.2295379638672,0.0047897487248804715
2020-10-28,152.95867919921875,0.005362668715022556
2020-10-29,153.77894592285156,0.009631023122810278
2020-10-30,155.25999450683594,-0.01731743874445102
2020-11-02,152.5712890625,0.002539076251496075
2020-11-03,152.95867919921875,0.02174875053619707
2020-11-04,156.28533935546875,0.007144087333372573
2020-11-05,157.40185546875,0.0010131367512618006
2020-11-06,157.5613250732422,0.017931928515169338
2020-11-09,160.38670349121094,-0.027418530671804886
2020-11-10,155.9891357421875,0.01300031771794008
2020-11-11,158.0170440673828,-0.0034608608408520647
2020-11-12,157.4701690673828,-0.00405137032925984
2020-11-13,156.8321990966797,0.003777331631990455
2020-11-14,157.4246063232422,0.00940818043731606
2020-11-17,158.9056854248047,-0.0097505838990678
2020-11-18,157.35626220703125,-0.007819345454545434
2020-11-19,156.12583923339844,0.010799695031100454
2020-11-20,157.81195068359375,0.02757744747719193
2020-11-23,162.16400146484375,-0.000983761119652815
2020-11-24,162.0044708251953,-0.015471043243815985
2020-11-25,159.4980926513672,0.013857250838454238
2020-11-26,161.7082977294922,-0.01225877465095071
2020-11-27,159.7259521484375,0.006704560652668112
2020-12-01,160.79684448242188,0.017146167074493013
2020-12-02,163.55389404296875,0.003900764535294865
2020-12-03,164.19187927246094,0.0013878564327851617
2020-12-04,164.4197540283203,-0.006513439438469826
2020-12-07,163.34881591796875,0.014646675437459233
2020-12-08,165.7413330078125,-0.011548123996043436
2020-12-09,163.82733154296875,-0.010013795816697035
2020-12-10,162.18679809570312,-0.00674357897969291
2020-12-11,161.09307861328125,-0.011739921473060244
2020-12-14,159.2018585205078,0.009589442728116904
2020-12-15,160.728515625,0.016161003973606425
2020-12-16,163.3260498046875,-0.004185267648604163
2020-12-17,162.64248657226562,0.01863253168373813
2020-12-18,165.6729278564453,-0.026406071135259834
2020-12-21,161.29815673828125,0.028958636762503875
2020-12-22,165.96913146972656,0.058621840142179416
2020-12-23,175.69854736328125,-0.008688810186737173
2020-12-24,174.17193603515625,0.0018314373291870023
2020-12-28,174.4909210205078,0.005484355342082692
2020-12-29,175.44789123535156,-0.0015584242095230127
2020-12-30,175.17446899414062,0.004812793885560218
2020-12-31,176.01754760742188,0.0047896551562716105
2021-01-01,176.86061096191406,0.02138604301003455
2021-01-04,180.64295959472656,0.024974876710683436
2021-01-05,185.1544952392578,0.00024607960007538843
2021-01-06,185.20005798339844,0.0008613138818438504
2021-01-07,185.3595733642578,0.0576521941351158
2021-01-08,196.04595947265625,0.03858657970988322
2021-01-11,203.61070251464844,0.02439584254326954
2021-01-12,208.5779571533203,0.0028401465613070442
2021-01-13,209.17034912109375,-0.010130660594967034
2021-01-14,207.0513153076172,-0.03477500522318189
2021-01-15,199.85110473632812,-0.01596166640783747
2021-01-18,196.66114807128906,-0.003012479841345561
2021-01-19,196.06871032714844,0.034166464389945306
2021-01-20,202.76768493652344,0.0019100606889388416
2021-01-21,203.1549835205078,-0.0001123632216247783
2021-01-22,203.1321563720703,-0.016863288094792983
2021-01-25,199.70668029785156,0.02104053208528711
2021-01-27,203.9086151123047,-0.03259039365488681
2021-01-28,197.26315307617188,-0.0324150101509626
2021-01-29,190.86886596679688,0.008614507791406156
2021-02-01,192.5131072998047,0.01625152508148231
2021-02-02,195.64173889160156,0.012022858030646288
2021-02-03,197.99391174316406,-0.008304581576880965
2021-02-04,196.3496551513672,-0.010118533838784693
2021-02-05,194.36288452148438,0.0229115529363626
2021-02-08,198.8160400390625,0.009303886962677588
2021-02-09,200.66580200195312,-0.0007966034701677449
2021-02-10,200.50595092773438,-0.004555735848292719
2021-02-11,199.59249877929688,0.011441540357726598
2021-02-12,201.8761444091797,-0.0052034915690708505
2021-02-15,200.82568359375,-0.004889710083614718
2021-02-16,199.8437042236328,-0.01679810050533115
2021-02-17,196.48670959472656,0.006392273078887456
2021-02-18,197.74270629882812,-0.006929096138623914
2021-02-19,196.37252807617188,-0.026165879402959114
2021-02-22,191.23426818847656,-0.007642788733403516
2021-02-23,189.772705078125,0.018291229742612103
2021-02-24,193.24388122558594,-0.004254277195714473
2021-02-25,192.42176818847656,-0.026109640076846796
2021-02-26,187.397705078125,0.00999267504015866
2021-03-01,189.2703094482422,0.03860998600534238
2021-03-02,196.57803344726562,0.0118495486045187
2021-03-03,198.9073944091797,0.007577406324759339
2021-03-04,200.4145965576172,-0.04090702173708971
2021-03-05,192.2162322998047,-0.009385664919410286
2021-03-08,190.4121551513672,0.005516854075747757
2021-03-09,191.46263122558594,0.017891254130738776
2021-03-10,194.8881378173828,-0.00351537234533561
2021-03-12,194.20303344726562,0.002704582043781434
2021-03-15,194.728271484375,0.006919212720048806
2021-03-16,196.0756378173828,-0.022478576480817525
2021-03-17,191.6681365966797,-0.02263779237639063
2021-03-18,187.32919311523438,0.0008533164081927502
2021-03-19,187.48904418945312,0.0096225511874799
2021-03-22,189.2931671142578,0.002533308365947118
2021-03-23,189.772705078125,-0.010830232893225267
2021-03-24,187.71742248535156,-0.0276156823032927
2021-03-25,182.53347778320312,0.010634219529439992
2021-03-26,184.47457885742188,0.03515745518136648
2021-03-30,190.96023559570312,-0.009447556766924214
2021-03-31,189.1561279296875,0.005432808003784206
2021-04-01,190.18377685546875,0.02173391536699154
2021-04-05,194.3172149658203,0.0039958309425696115
2021-04-06,195.0936737060547,0.025400802571068137
2021-04-07,200.04920959472656,0.009360718664726653
2021-04-08,201.92181396484375,0.01809554310130901
2021-04-09,205.57569885253906,-0.0388802940840931
2021-04-12,197.58285522460938,-0.03155345016793076
2021-04-13,191.3484344482422,0.02804641803873964
2021-04-15,196.71507263183594,0.08938925229052397
2021-04-16,214.29928588867188,0.007566120334216331
2021-04-19,215.9207000732422,-0.005605495011900219
2021-04-20,214.71035766601562,0.035205310001422685
2021-04-22,222.26930236816406,-0.02250086344545732
2021-04-23,217.26805114746094,0.009670073044373728
2021-04-26,219.36904907226562,0.00988963292356937
2021-04-27,221.5385284423828,0.008762049677971673
2021-04-28,223.4796600341797,0.0011238591822197996
2021-04-29,223.73081970214844,0.005920303895202039
2021-04-30,225.0553741455078,-0.010958945718450797
2021-05-03,222.58900451660156,-0.011080306394618988
2021-05-04,220.12265014648438,0.01794792415172708
2021-05-05,224.07339477539062,0.04423156780235238
2021-05-06,233.98451232910156,0.005758291695493467
2021-05-07,235.3318634033203,0.02076677968831553
2021-05-10,240.2189483642578,-0.014355024957458884
2021-05-11,236.77059936523438,-0.020833346759469795
2021-05-12,231.83787536621094,-0.018026123544275907
2021-05-14,227.6587371826172,0.002708406516073847
2021-05-17,228.27532958984375,0.016506606974267646
2021-05-18,232.0433807373047,0.007085856398895363
2021-05-19,233.68760681152344,-0.006645075129525391
2021-05-20,232.13473510742188,0.008755630478883392
2021-05-21,234.16722106933594,0.004290913370271099
2021-05-24,235.17201232910156,0.00514656117643697
2021-05-25,236.38233947753906,0.018742149350681636
2021-05-26,240.81265258789062,0.025889154777201107
2021-05-27,247.04708862304688,-0.004067205427782938
2021-05-28,246.04229736328125,0.0006495033559843488
2021-05-31,246.2021026611328,0.0069566344827962645
2021-06-01,247.9148406982422,0.00036861402664700726
2021-06-02,248.0062255859375,-0.007274506599752817
2021-06-03,246.2021026611328,0.003988509275522967
2021-06-04,247.18408203125,0.013026672006763773
2021-06-07,250.40406799316406,0.004286285088170194
2021-06-08,251.4773712158203,-0.011623510746218257
2021-06-09,248.5543212890625,0.01846732594785183
2021-06-10,253.1444549560547,9.017439643876912e-05
2021-06-11,253.1672821044922,0.013169880055360572
2021-06-14,256.50146484375,-0.006588308919410313
2021-06-15,254.81155395507812,-0.004749891163298159
2021-06-16,253.60122680664062,0.006213413830677528
2021-06-17,255.1769561767578,-0.015929952006416004
2021-06-18,251.11199951171875,-0.013914001661068598
2021-06-21,247.61802673339844,0.026560931038806856
2021-06-22,254.1949920654297,-0.029467451167161318
2021-06-23,246.7045135498047,0.01647702592282907
2021-06-24,250.76947021484375,-0.0028232804938510547
2021-06-25,250.0614776611328,-0.00018245025072871623
2021-06-28,250.01585388183594,-0.008768792066958131
2021-06-29,247.82351684570312,0.005621203443405776
2021-06-30,249.21658325195312,-0.011546008004330921
2021-07-01,246.33912658691406,-0.001390540595032963
2021-07-02,245.99658203125,-0.004177554728950539
2021-07-05,244.9689178466797,-0.006991592212495568
2021-07-06,243.25619506835938,-0.000844873158626247
2021-07-07,243.05067443847656,-0.0021610855312865773
2021-07-08,242.52542114257812,-0.009792850776631834
2021-07-09,240.15040588378906,9.499001079960046e-05
2021-07-12,240.1732177734375,-0.0019015257441046263
2021-07-13,239.71652221679688,0.07021067135190173
2021-07-14,256.54718017578125,0.025280204526524575
2021-07-15,263.0327453613281,0.003212416393115758
2021-07-16,263.8777160644531,-0.006837023643000872
2021-07-19,262.0735778808594,-0.009933710441778598
2021-07-20,259.47021484375,0.028340029544877243
2021-07-22,266.8236083984375,0.025590636736161576
2021-07-23,273.65179443359375,-0.014520539818013156
2021-07-26,269.67822265625,0.0016937095895173115
2021-07-27,270.1349792480469,0.0008451404649210126
2021-07-28,270.36328125,-0.002533844797942608
2021-07-29,269.67822265625,-0.005588777677389634
2021-07-30,268.1710510253906,0.008685816977866967
2021-08-02,270.5003356933594,0.012072648668651098
2021-08-03,273.7659912109375,-0.004337869104571235
2021-08-04,272.57843017578125,0.006870133287057101
2021-08-05,274.4510803222656,-0.004826083847897289
2021-08-06,273.1265563964844,-0.002006858021918023
2021-08-09,272.57843017578125,0.011813118222988583
2021-08-10,275.7984313964844,-0.004305570109333856
2021-08-11,274.6109619140625,0.007650649245003471
2021-08-12,276.7119140625,0.015928122342096174
2021-08-13,281.1194152832031,-0.0023558030035863986
2021-08-16,280.4571533203125,0.033954768324769624
2021-08-17,289.9800109863281,-0.008662748570968493
2021-08-18,287.4679870605469,-0.014855382058400535
2021-08-20,283.1975402832031,0.01419230573189112
2021-08-23,287.2167663574219,0.007474032618963955
2021-08-24,289.3634338378906,-0.002998989333423019
2021-08-25,288.4956359863281,-0.004274535419702352
2021-08-26,287.262451171875,0.009539662951810524
2021-08-27,290.0028381347656,-0.00393714997864314
2021-08-30,288.8610534667969,0.013439581363659414
2021-08-31,292.74322509765625,0.0017163212097646152
2021-09-01,293.24566650390625,0.014640640711061303
2021-09-02,297.5389709472656,0.005602806305839314
2021-09-03,299.2060241699219,0.047855331640960896
2021-09-06,313.5246276855469,-0.017772586465762852
2021-09-07,307.9524841308594,-0.01787169084649498
2021-09-08,302.4488525390625,0.00022652412900714403
2021-09-09,302.5173645019531,0.012681973943216684
2021-09-13,306.3538818359375,0.004025559729221362
2021-09-14,307.5871276855469,0.0008908608628919179
2021-09-15,307.86114501953125,-0.009198359951443247
2021-09-16,305.0293273925781,-0.0038927681394300695
2021-09-17,303.8419189453125,-0.0041339687506152245
2021-09-20,302.5858459472656,0.007698131734591884
2021-09-21,304.9151916503906,0.0008239035312254117
2021-09-22,305.1664123535156,0.009204382574545145
2021-09-23,307.97528076171875,0.0032627693119933188
2021-09-24,308.9801330566406,-0.033407143212004775
2021-09-27,298.6579895019531,-0.02186896645097669
2021-09-28,292.12664794921875,0.001798085037345798
2021-09-29,292.65191650390625,-0.010378411319408087
2021-09-30,289.6146545410156,0.0033904831069622166
2021-10-01,290.5965881347656,0.007544000279765317
2021-10-04,292.7888488769531,0.009047951841260948
2021-10-05,295.43798828125,-0.01716016011714594
2021-10-06,290.36822509765625,0.01132521530174202
2021-10-07,293.6567077636719,0.028307070178849703
2021-10-08,301.9692687988281,-0.012629499413285283
2021-10-11,298.1555480957031,0.009650601471183018
2021-10-12,301.0329284667969,0.020482455477848438
2021-10-13,307.1988220214844,0.05300333558805326
2021-10-14,323.48138427734375,0.0021179568970770557
2021-10-18,324.16650390625,0.0025360826217477594
2021-10-19,324.9886169433594,-0.013491589577346752
2021-10-20,320.60400390625,-0.008049077287895057
2021-10-21,318.0234375,-0.019962590893458088
2021-10-22,311.67486572265625,-0.02154164482350962
2021-10-25,304.96087646484375,0.0006739746129225122
2021-10-26,305.1664123535156,0.004415035541591061
2021-10-27,306.51373291015625,-0.021159134124172807
2021-10-28,300.0281677246094,-0.015451328371573148
2021-10-29,295.392333984375,0.01345184461541904
2021-11-01,299.36590576171875,-0.0025174262576070916
2021-11-02,298.6122741699219,-0.0019882621505505904
2021-11-03,298.0185546875,0.0018390304124573653
2021-11-04,298.5666198730469,0.0071132509648199616
2021-11-08,300.6903991699219,0.00015203455832790702
2021-11-09,300.7361145019531,-0.008884551567752474
2021-11-10,298.064208984375,-0.016549148108194855
2021-11-11,293.1315002441406,0.02843545351316812
2021-11-12,301.4668273925781,-0.0017421735057014942
2021-11-15,300.9416198730469,0.0038700956419848165
2021-11-16,302.1062927246094,0.0005291219616019305
2021-11-17,302.2661437988281,-0.015639107946898156
2021-11-18,297.5389709472656,-0.011359360033280863
2021-11-22,294.15911865234375,-0.0019410715171253035
2021-11-23,293.588134765625,-0.00980063399296649
2021-11-24,290.7107849121094,0.00031419237286200996
2021-11-25,290.8021240234375,-0.023951611312158172
2021-11-26,283.8369445800781,0.014723621240351203
2021-11-29,288.01605224609375,0.010545672626092628
2021-11-30,291.0533752441406,-0.0038447193878059505
2021-12-01,289.9343566894531,0.018903499358827958
2021-12-02,295.4151306152344,-0.00935366480915667
2021-12-03,292.65191650390625,-0.025361177056270612
2021-12-06,285.22991943359375,0.012650520295805379
2021-12-07,288.8382263183594,0.014705772035334519
2021-12-08,293.0858154296875,0.002337399347510649
2021-12-09,293.7708740234375,-0.007695804528517924
2021-12-10,291.51007080078125,0.011202652540220459
2021-12-13,294.7757568359375,0.0023239991005477023
2021-12-14,295.4608154296875,-0.01623110086493429
2021-12-15,290.6651611328125,0.012413229186658992
2021-12-16,294.27325439453125,0.04112998517227351
2021-12-17,306.376708984375,-0.0072300483138751925
2021-12-20,304.1615905761719,0.037315209636183955
2021-12-21,315.5114440917969,-0.00745540121711874
2021-12-22,313.1591796875,0.012980529352147885
2021-12-23,317.2241516113281,0.005615114709747626
2021-12-24,319.0054016113281,0.001646486343040987
2021-12-27,319.5306396484375,0.00836196967063274
2021-12-28,322.2025451660156,-0.0024806939009747175
2021-12-29,321.40325927734375,0.014779036554446456
2021-12-30,326.1532897949219,0.001750473993138213
2021-12-31,326.7242126464844,0.004682938201860498
2022-01-03,328.2542419433594,0.0038960658631947975
2022-01-04,329.53314208984375,-0.011088111269512813
2022-01-05,325.8792419433594,-0.010861915691388946
2022-01-06,322.3395690917969,0.008147467678580878
2022-01-07,324.9658203125,-0.025298728081378785
2022-01-10,316.7445983886719,0.000937269337852209
2022-01-11,317.0414733886719,-0.004033665052270208
2022-01-12,315.76263427734375,-0.06017216734271391
2022-01-13,296.76251220703125,-0.015313676625415384
2022-01-14,292.2179870605469,0.010706499018996452
2022-01-17,295.34661865234375,-0.02064483290724306
2022-01-18,289.2492370605469,-0.01918524129101984
2022-01-19,283.6999206542969,-0.009578886347967774
2022-01-20,280.9823913574219,-0.014897421385430598
2022-01-21,276.7964782714844,-0.053384059897242264
2022-01-24,262.01995849609375,-0.017546969614028685
2022-01-25,257.42230224609375,-0.03189984273072388
2022-01-27,249.2105712890625,0.013584399566404226
2022-01-28,252.595947265625,0.03703692517056778
2022-01-31,261.9513244628906,0.007073005669751664
2022-02-01,263.8041076660156,0.019682721616578247
2022-02-02,268.9964904785156,-0.016581811944145985
2022-02-03,264.5360412597656,-0.011240474938791434
2022-02-04,261.5625305175781,-0.02579810640236402
2022-02-07,254.81471252441406,0.00583483242679117
2022-02-08,256.301513671875,0.01552862848646086
2022-02-09,260.2815246582031,0.008260966677434034
2022-02-10,262.43170166015625,-0.021267391697198046
2022-02-11,256.8504638671875,-0.03517689588849304
2022-02-14,247.8152618408203,0.03996676030109558
2022-02-15,257.7196350097656,0.0009764407326171565
2022-02-16,257.9712829589844,0.001773410623168603
2022-02-17,258.42877197265625,-0.004337170357693765
2022-02-18,257.30792236328125,0.014845816848457982
2022-02-21,261.12786865234375,-0.011650253288733259
2022-02-22,258.0856628417969,0.005229071328425539
2022-02-23,259.4352111816406,-0.05281259421493956
2022-02-24,245.7337646484375,0.033696426469076
2022-02-25,254.0141143798828,0.0009903845535812472
2022-02-28,254.26568603515625,-0.0010792414296204589
2022-03-02,253.99127197265625,0.025846273110951
2022-03-03,260.5559997558594,0.010095692160331238
2022-03-04,263.1864929199219,-0.005996803142822471
2022-03-07,261.60821533203125,0.027279828304351383
2022-03-08,268.7448425292969,-0.003319240660391465
2022-03-09,267.8528137207031,0.004696592833930424
2022-03-10,269.1108093261719,-0.00348471568478137
2022-03-11,268.17303466796875,0.02038556157193394
2022-03-14,273.639892578125,-0.01747055081551241
2022-03-15,268.8592529296875,0.017951232579415555
2022-03-16,273.68560791015625,0.004931016834055724
2022-03-17,275.03515625,-0.001995927367239969
2022-03-21,274.4862060546875,0.016750044805836195
2022-03-22,279.0838623046875,0.0018849603390698189
2022-03-23,279.60992431640625,-0.0010634933004506353
2022-03-24,279.31256103515625,-0.011792606927451876
2022-03-25,276.01873779296875,-0.005220915681896643
2022-03-28,274.5776672363281,0.0038322348075174872
2022-03-29,275.6299133300781,-0.002821573143282796
2022-03-30,274.8522033691406,-0.014813647737925595
2022-03-31,270.7806396484375,0.016725797762635608
2022-04-01,275.3096618652344,0.00631413468520825
2022-04-04,277.0480041503906,-0.0024141059750224514
2022-04-05,276.3791809082031,-0.00934643626883247
2022-04-06,273.7960205078125,-0.02139672224409339
2022-04-07,267.93768310546875,0.0048206208309045095
2022-04-08,269.22930908203125,-0.021502802165378698
2022-04-11,263.44012451171875,-0.02171248664624903
2022-04-12,257.7201843261719,0.0008948516721483113
2022-04-13,257.9508056640625,-0.03683825154403442
2022-04-18,248.44834899902344,-0.015131758630577696
2022-04-19,244.6888885498047,0.011405449424794822
2022-04-20,247.47967529296875,0.0050326694382603065
2022-04-21,248.72515869140625,-0.002781886048313309
2022-04-22,248.03323364257812,-0.015529335828385227
2022-04-25,244.1814422607422,-0.00018871844863432852
2022-04-26,244.13536071777344,-0.01946148213820864
2022-04-27,239.38412475585938,0.006936899001917185
2022-04-28,241.04470825195312,-0.026313237373984832
2022-04-29,234.70204162597656,-0.027122635452756616
2022-05-02,228.3363037109375,-0.00656564900554979
2022-05-04,226.83712768554688,0.019115433756953237
2022-05-05,231.1732177734375,-0.03202637752927884
2022-05-06,223.7695770263672,-0.004019853306141963
2022-05-09,222.87005615234375,-0.011383600123017867
2022-05-10,220.33299255371094,-0.01203809513784282
2022-05-11,217.68060302734375,0.004026309982478438
2022-05-12,218.5570526123047,-0.010869520444057978
2022-05-13,216.1814422607422,-0.0013870314710248133
2022-05-16,215.881591796875,0.03985053452017584
2022-05-17,224.48458862304688,-0.011096314243062455
2022-05-18,221.99363708496094,-0.06254557576944819
2022-05-19,208.10891723632812,0.01873003922829186
2022-05-20,212.00680541992188,0.013925069371281795
2022-05-23,214.95901489257812,-0.012982736392705196
2022-05-24,212.1682586669922,-0.03282971556512104
2022-05-25,205.2028350830078,0.019107576917697378
2022-05-26,209.12376403808594,0.029999047802155898
2022-05-27,215.39727783203125,0.0199163008714196
2022-05-30,219.68719482421875,0.0037795660611414927
2022-05-31,220.51751708984375,-0.015270308907463392
2022-06-01,217.150146484375,0.007222394926285736
2022-06-02,218.71849060058594,0.00284729908430581
2022-06-03,219.34124755859375,-0.004837023925567285
2022-06-06,218.28028869628906,-0.011728728057742832
2022-06-07,215.7201385498047,0.0058804868068358385
2022-06-08,216.98867797851562,0.009885257763929234
2022-06-09,219.1336669921875,-0.029681061620160598
2022-06-10,212.62954711914062,-0.03221604189197047
2022-06-13,205.7794647216797,-0.0004484663052983784
2022-06-14,205.6871795654297,-0.01300727786488265
2022-06-15,203.01174926757812,-0.04044547673740573
2022-06-16,194.80084228515625,-0.040492405573726464
2022-06-17,186.9128875732422,0.023321724445923397
2022-06-20,191.2720184326172,0.025322525690250064
2022-06-21,196.11550903320312,-0.032694330325958254
2022-06-22,189.70364379882812,0.018966543756813836
2022-06-23,193.30166625976562,-0.0007158070693131791
2022-06-24,193.16329956054688,0.01468653108621032
2022-06-27,196.0001983642578,0.005530760480928487
2022-06-28,197.084228515625,-0.015213556525369265
2022-06-29,194.08587646484375,-0.011170623758020248
2022-06-30,191.91781616210938,0.014301143165992958
2022-07-01,194.66246032714844,-0.004028407357957509
2022-07-04,193.87828063964844,-0.015940885283630024
2022-07-05,190.78768920898438,0.005923479433136203
2022-07-06,191.91781616210938,0.01141695115557706
2022-07-07,194.1089324951172,-0.004039894905504826
2022-07-08,193.3247528076172,-0.01884996611214551
2022-07-11,189.6805877685547,-0.004985476924571963
2022-07-12,188.7349395751953,-0.005987905343169064
2022-07-13,187.6048126220703,-0.012908799597620813
2022-07-14,185.1830596923828,-0.018931281129603073
2022-07-15,181.67730712890625,0.027675358571739972
2022-07-18,186.70529174804688,0.0022236173861249764
2022-07-19,187.12045288085938,0.015900350367434868
2022-07-20,190.09573364257812,0.004610569465008929
2022-07-21,190.97218322753906,-0.0076086130592870616
2022-07-22,189.51914978027344,0.009614159111913878
2022-07-25,191.34121704101562,-0.02314362548882598
2022-07-26,186.9128875732422,0.0035785066896074635
2022-07-27,187.58175659179688,0.02299257859406678
2022-07-28,191.89474487304688,0.018509759928702296
2022-07-29,195.44667053222656,0.012508828895899882
2022-08-01,197.8914794921875,0.0013986411922075614
2022-08-02,198.1682586669922,0.006401248002353199
2022-08-03,199.43678283691406,0.0072857608580805255
2022-08-04,200.88983154296875,0.010332903017245876
2022-08-05,202.96560668945312,-0.009431830295918764
2022-08-08,201.05126953125,-0.01307784946314905
2022-08-10,198.4219512939453,0.01929561871274199
2022-08-11,202.25062561035156,-0.005359835837816629
2022-08-12,201.16659545898438,0.0022929910023428146
2022-08-16,201.62786865234375,0.013612424628519415
2022-08-17,204.3725128173828,-0.018056546792658668
2022-08-18,200.6822509765625,-0.005976393394359736
2022-08-19,199.48289489746094,-0.028789340359148485
2022-08-22,193.7399139404297,-0.007976253174091785
2022-08-23,192.19459533691406,-0.0012000954296577104
2022-08-24,191.9639434814453,-0.0022828097565535943
2022-08-25,191.52572631835938,0.004937447368232428
2022-08-26,192.47137451171875,-0.03091676388819742
2022-08-29,186.52078247070312,0.022752532635853973
2022-08-30,190.7646026611328,-0.007495871243755725
2022-09-01,189.33465576171875,-0.006700146580061794
2022-09-02,188.0660858154297,-0.005396143268301512
2022-09-05,187.05125427246094,-0.002589367734024295
2022-09-06,186.56690979003906,0.007417528424535247
2022-09-07,187.95077514648438,0.013130379421478766
2022-09-08,190.41864013671875,0.01053779081414663
2022-09-09,192.42523193359375,0.011626481470614847
2022-09-12,194.66246032714844,0.0015403610093247533
2022-09-13,194.96231079101562,-0.015024203552463256
2022-09-14,192.0331573486328,-0.003002681348596381
2022-09-15,191.45654296875,-0.03228528282109544
2022-09-16,185.2753143310547,0.0007468990594210467
2022-09-19,185.4136962890625,0.007339231645872246
2022-09-20,186.7744903564453,-0.010249457270903317
2022-09-21,184.8601531982422,-0.006986878657399331
2022-09-22,183.5685577392578,-0.009046370973942675
2022-09-23,181.90792846679688,0.0011411298460481945
2022-09-26,182.11550903320312,0.009118549437534096
2022-09-27,183.77613830566406,-0.0008786151855624258
2022-09-28,183.6146697998047,-0.013189321595752368
2022-09-29,181.1929168701172,0.0036915586375996234
2022-09-30,181.86180114746094,0.0006341404682386198
2022-10-03,181.9771270751953,0.027883324013401545
2022-10-04,187.05125427246094,0.01146722327223415
2022-10-06,189.1962127685547,-0.004997998655231761
2022-10-07,188.2506103515625,0.007841087339809594
2022-10-10,189.72669982910156,-0.01677611316583838
2022-10-11,186.5438232421875,0.008778654427166632
2022-10-12,188.18142700195312,-0.07071946696324505
2022-10-13,174.8733367919922,-0.004748222568668248
2022-10-14,174.04299926757812,-0.005830748893441262
2022-10-17,173.0281982421875,0.011196891312338364
2022-10-18,174.965576171875,-0.003295587580704362
2022-10-19,174.3889617919922,0.009125753417585702
2022-10-20,175.9803924560547,0.0027524373212257647
2022-10-21,176.4647674560547,0.005620160149834019
2022-10-24,177.45652770996094,-0.00012992494878028005
2022-10-25,177.4334716796875,-0.005199565197948397
2022-10-27,176.51089477539062,0.0015679707270637167
2022-10-28,176.78765869140625,0.008610510863324539
2022-10-31,178.3098907470703,0.015133945140037186
2022-11-01,181.0084228515625,0.00395007219347443
2022-11-02,181.72341918945312,-0.013834251961429511
2022-11-03,179.20941162109375,0.005276607222954199
2022-11-04,180.155029296875,0.0024325294918792206
2022-11-07,180.59326171875,-0.0014047734923146038
2022-11-09,180.33956909179688,-0.0052437088439422075
2022-11-10,179.3939208984375,0.027770661304645117
2022-11-11,184.3758087158203,-0.007880907566861328
2022-11-14,182.92276000976562,0.0015130097315438906
2022-11-15,183.19952392578125,0.002769743941528624
2022-11-16,183.70693969726562,-0.0037663780757508647
2022-11-17,183.01502990722656,-0.00730936021483275
2022-11-18,181.67730712890625,-0.013203146810741528
2022-11-21,179.27859497070312,0.00038589854868442686
2022-11-22,179.3477783203125,-0.0001285548697027572
2022-11-23,179.32472229003906,0.02443732995241321
2022-11-24,183.70693969726562,0.011424887814344586
2022-11-25,185.80577087402344,0.007075571445664508
2022-11-28,187.12045288085938,-0.001232638399050967
2022-11-29,186.88980102539062,0.004319313913035749
2022-11-30,187.69703674316406,0.01671193024452733
2022-12-01,190.8338165283203,-0.003142449697097094
2022-12-02,190.234130859375,-0.00012127838973097216
2022-12-05,190.2110595703125,-0.0024249795759105908
2022-12-06,189.7498016357422,-0.012276764084721337
2022-12-07,187.4202880859375,-0.006399204870299657
2022-12-08,186.220947265625,-0.02390386700421232
2022-12-09,181.76954650878906,0.005836835062210888
2022-12-12,182.83050537109375,0.003532137426368598
2022-12-13,183.47628784179688,0.005782539393970554
2022-12-14,184.53724670410156,-0.012123451679876829
2022-12-15,182.30001831054688,-0.013790495424288896
2022-12-16,179.7860107421875,-0.0017959753042998683
2022-12-19,179.46311950683594,-0.0002570295192834138
2022-12-20,179.4169921875,0.0014140683256860243
2022-12-21,179.6707000732422,-0.0019256216125506098
2022-12-22,179.32472229003906,-0.028552976138561004
2022-12-23,174.2044677734375,0.007546600302855477
2022-12-26,175.5191192626953,0.016031632588214606
2022-12-27,178.33297729492188,0.003103815018614231
2022-12-28,178.88648986816406,0.007607025373384424
2022-12-29,180.24728393554688,0.00511848025080841
2022-12-30,181.1698760986328,0.0007637400996147736
2023-01-02,181.30824279785156,0.010176804547501472
2023-01-03,183.15338134765625,-0.0185113228705156
2023-01-04,179.76296997070312,-0.0071851615311707695
2023-01-05,178.47134399414062,-0.01266477649594766
2023-01-06,176.21104431152344,0.025654461006668905
2023-01-09,180.7316436767578,0.003190360632834288
2023-01-10,181.30824279785156,0.002035562892009235
2023-01-11,181.67730712890625,0.0016502883658240375
2023-01-12,181.9771270751953,-0.0015209558434797765
2023-01-13,181.70034790039062,0.011931980697878819
2023-01-16,183.86839294433594,-0.005644730758898819
2023-01-17,182.83050537109375,0.017282702858792964
2023-01-18,185.9903106689453,0.0004960185202125267
2023-01-19,186.0825653076172,-0.0006196747597212449
2023-01-20,185.96725463867188,0.009549745436941759
2023-01-23,187.74319458007812,0.001477819540377956
2023-01-24,188.02064514160156,-0.012420102026266422
2023-01-25,185.68540954589844,-0.008716271790165875
2023-01-27,184.06692504882812,0.010551512433463861
2023-01-30,186.0091094970703,-0.008452462955566342
2023-01-31,184.43687438964844,0.008900532006646644
2023-02-01,186.07846069335938,0.017520035936516853
2023-02-02,189.33856201171875,-0.003785794438196044
2023-02-03,188.62176513671875,-0.007967550258398681
2023-02-06,187.11891174316406,-0.010255870798599909
2023-02-07,185.19984436035156,0.015605750129539242
2023-02-08,188.09002685546875,0.0038105187873964663
2023-02-09,188.80674743652344,-0.006122855208560707
2023-02-10,187.6507110595703,-0.01281416296487592
2023-02-13,185.24612426757812,0.011233174825313164
2023-02-14,187.3270263671875,0.005677438105335497
2023-02-15,188.39056396484375,0.006136624515525435
2023-02-16,189.54664611816406,-0.008782713494603023
2023-02-17,187.8819122314453,0.0018460120576342387
2023-02-20,188.22874450683594,-0.01056384126829979
2023-02-21,186.24032592773438,-0.018870346892690404
2023-02-22,182.7259063720703,-0.0030367115165812475
2023-02-23,182.1710205078125,-0.0016500038529964067
2023-02-24,181.8704376220703,-0.007500590860303524
2023-02-27,180.5063018798828,-0.008454003880584593
2023-02-28,178.9803009033203,0.010076257157820345
2023-03-01,180.78375244140625,-0.007417805298584268
2023-03-02,179.44273376464844,0.006184715439909283
2023-03-03,180.5525360107422,0.008451754550169444
2023-03-06,182.07852172851562,-0.002920630355347953
2023-03-08,181.54673767089844,-0.006367790743989188
2023-03-09,180.39068603515625,-0.002563422827988715
2023-03-10,179.9282684326172,-0.0093806032151722
2023-03-13,178.2404327392578,-0.015566169983901479
2023-03-14,175.46591186523438,-0.009750999492666224
2023-03-15,173.75494384765625,-0.007717873500817207
2023-03-16,172.41392517089844,0.00978943952285971
2023-03-17,174.1017608642578,-0.024834063442791487
2023-03-20,169.77810668945312,-0.002042766428276499
2023-03-21,169.43128967285156,0.0
2023-03-22,169.43128967285156,-0.013373290649035252
2023-03-23,167.16543579101562,0.0006915340207171994
2023-03-24,167.28103637695312,-0.00138229469676443
2023-03-27,167.0498046875,-0.013979094932157876
2023-03-28,164.714599609375,0.008001122028366447
2023-03-29,166.03250122070312,0.017267821855609267
2023-03-31,168.89952087402344,0.007392267358593108
2023-04-03,170.1480712890625,0.004891835796170696
2023-04-05,170.98040771484375,-0.008384014381673355
2023-04-06,169.54690551757812,0.018137095994699592
2023-04-10,172.6219940185547,-0.008170367512290166
2023-04-11,171.21160888671875,0.0051316676476071965
2023-04-12,172.0902099609375,-0.010345355921527188
2023-04-13,170.30987548828125,-0.018870345264064725
2023-04-17,167.0960693359375,0.018126516326466557
2023-04-18,170.12493896484375,-0.01929877621104381
2023-04-19,166.84173583984375,0.0056818368888635895
2023-04-20,167.78970336914062,0.014330955617115837
2023-04-21,170.1942901611328,0.02689850762781254
2023-04-24,174.7722625732422,-0.00608545143019279
2023-04-25,173.7086944580078,-0.002928275949425574
2023-04-26,173.2000274658203,-0.00040049909975803377
2023-04-27,173.1306610107422,0.028311983184637235
2023-04-28,178.03233337402344,0.008701244059688085
2023-05-02,179.58143615722656,-0.008368730557583692
2023-05-03,178.0785675048828,-0.0036353877539864188
2023-05-04,177.43118286132812,-0.011206617057084811
2023-05-05,175.44277954101562,0.002504040331826385
2023-05-08,175.88209533691406,0.005126659540546585
2023-05-09,176.78378295898438,0.0037928646878713224
2023-05-10,177.4542999267578,0.0023453854352391
2023-05-11,177.87049865722656,-0.003639726133513266
2023-05-12,177.2230987548828,0.006523143110939156
2023-05-15,178.379150390625,0.003110881404136956
2023-05-16,178.93406677246094,-0.012017185169165945
2023-05-17,176.78378295898438,0.000784933014848832
2023-05-18,176.92254638671875,0.00940922117129106
2023-05-19,178.58724975585938,0.024728180210791484
2023-05-22,183.00338745117188,0.004800926516532966
2023-05-23,183.88197326660156,0.005155304309914399
2023-05-24,184.82994079589844,-0.014010549809440498
2023-05-25,182.24037170410156,0.01928452802637115
2023-05-26,185.75479125976562,-0.004729979383299554
2023-05-29,184.8761749267578,0.006753358872470416
2023-05-30,186.1247100830078,0.0028572203882497593
2023-05-31,186.65650939941406,0.00867084273400831
2023-06-01,188.2749786376953,-0.00540344761548317
2023-06-02,187.2576446533203,-0.0018520846892186027
2023-06-05,186.91082763671875,-0.01051448447873482
2023-06-06,184.945556640625,0.007125724552068169
2023-06-07,186.263427734375,-0.008068429813811173
2023-06-08,184.7605743408203,-0.0056313477781543275
2023-06-09,183.72012329101562,-0.004278886491196787
2023-06-12,182.9340057373047,-0.00012645174485470534
2023-06-13,182.91087341308594,0.0022754182006927692
2023-06-14,183.3270721435547,-0.018917854666389955
2023-06-15,179.85891723632812,-0.01966839718291835
2023-06-16,176.32138061523438,-0.0030160795846235766
2023-06-19,175.78958129882812,0.00618182506280518
2023-06-20,176.87628173828125,0.007843154846837841
2023-06-21,178.2635498046875,-0.008301006275957201
2023-06-22,176.78378295898438,-0.006146973226136887
2023-06-23,175.6970977783203,0.0025003289335128187
2023-06-26,176.1363983154297,0.0044632913969389065
2023-06-27,176.92254638671875,-0.002352348415616823
2023-06-28,176.50636291503906,0.019517837918772818
2023-06-30,179.95138549804688,0.006295866108315451
2023-07-03,181.08433532714844,0.011108196532340298
2023-07-04,183.09585571289062,-0.005177438482186991
2023-07-05,182.14788818359375,0.0058391199844787245
2023-07-06,183.2114715576172,-0.0008834052486448307
2023-07-07,183.04962158203125,-0.014904545886495368
2023-07-10,180.32135009765625,0.005385130915571246
2023-07-11,181.2924041748047,-0.0005100503914636789
2023-07-12,181.19993591308594,0.006252400502260169
2023-07-13,182.33287048339844,0.027263368846232705
2023-07-14,187.3038787841797,0.025182101688884018
2023-07-17,192.0205841064453,0.004696024661281273
2023-07-18,192.9223175048828,0.001797782028934325
2023-07-19,193.26914978027344,-0.0007179802254634327
2023-07-20,193.13038635253906,-0.031006732799804815
2023-07-21,187.1420440673828,-0.0016060935341974947
2023-07-24,186.8414764404297,-0.00903359887913635
2023-07-25,185.15362548828125,0.005869182613018387
2023-07-26,186.24032592773438,-0.006952142510810333
2023-07-27,184.945556640625,-0.0030004310020500524
2023-07-28,184.39064025878906,0.015799275501738874
2023-07-31,187.3038787841797,0.004690860321265422
2023-08-01,188.1824951171875,-0.010197905929653195
2023-08-02,186.263427734375,-0.007820210765006164
2023-08-03,184.8068084716797,0.02302010675970001
2023-08-04,189.0610809326172,0.005625607178256331
2023-08-07,190.12466430664062,0.012647501888040313
2023-08-08,192.52926635742188,0.003482675545694258
2023-08-09,193.1997833251953,0.0020343495313879245
2023-08-10,193.5928192138672,-0.013376290729807838
2023-08-11,191.00326538085938,0.005084045730847642
2023-08-14,191.97433471679688,0.008430733719994032
2023-08-16,193.5928192138672,-0.0026275884252432435
2023-08-17,193.08413696289062,-0.014010157451081362
2023-08-18,190.37899780273438,0.0070439423057964135
2023-08-21,191.7200164794922,0.006029895349324965
2023-08-22,192.87606811523438,-0.004435407757679699
2023-08-23,192.0205841064453,-0.006140765834402151
2023-08-24,190.8414306640625,-0.0072692185422160716
2023-08-25,189.45416259765625,-0.004027361963545917
2023-08-28,188.691162109375,0.00012251270897523092
2023-08-29,188.7142791748047,-0.0022052820523725813
2023-08-30,188.29811096191406,0.0029468477480905086
2023-08-31,188.85299682617188,0.01946630232526192
2023-09-01,192.52926635742188,0.04263236156358752
2023-09-04,200.73724365234375,-0.005183225044156359
2023-09-05,199.69677734375,-0.0059047958452634886
2023-09-06,198.51760864257812,0.008269299503076422
2023-09-07,200.15921020507812,-0.006584266644426906
2023-09-08,198.84130859375,0.011279182126921805
2023-09-11,201.08407592773438,0.00034488656532905004
2023-09-12,201.15342712402344,0.0016091433141889322
2023-09-13,201.47711181640625,0.001721447524553943
2023-09-14,201.82394409179688,0.0105394876770033
2023-09-15,203.95106506347656,-0.011223212810103633
2023-09-18,201.66207885742188,-0.013758267740486163
2023-09-20,198.88755798339844,-0.002673792483598114
2023-09-21,198.35577392578125,-0.024361888093059947
2023-09-22,193.52345275878906,-0.010513647943786286
2023-09-25,191.4888153076172,-0.0028979049295619896
2023-09-26,190.93389892578125,0.006660169979423092
2023-09-27,192.20555114746094,-0.02478036750708512
2023-09-28,187.442626953125,0.0017267653513770576
2023-09-29,187.76629638671875,-0.0014775564522132578
2023-10-03,187.48886108398438,-0.0013565259003830432
2023-10-04,187.23452758789062,0.0046924348128967175
2023-10-05,188.1131134033203,0.002581240492818937
2023-10-06,188.5986785888672,-0.005516746233799497
2023-10-09,187.5582275390625,0.005300844073812927
2023-10-10,188.5524444580078,0.032863145367397095
2023-10-11,194.74887084960938,-0.00961650111861867
2023-10-12,192.87606811523438,-0.014504926534331442
2023-10-13,190.0784149169922,-0.002067836832670311
2023-10-16,189.68536376953125,0.0029254570347883035
2023-10-17,190.2402801513672,-0.009601376753978097
2023-10-18,188.41371154785156,-0.029819691330034703
2023-10-19,182.79527282714844,-0.008727451697129296
2023-10-20,181.19993591308594,-0.022202556454381628
2023-10-23,177.1768341064453,-0.003392854697612968
2023-10-25,176.57569885253906,-0.009427703698518752
2023-10-26,174.91099548339844,0.010839340285983656
2023-10-27,176.80691528320312,-0.0009154052335944574
2023-10-30,176.6450653076172,-0.000523642022695614
2023-10-31,176.5525665283203,-0.0022261692163439983
2023-11-01,176.15953063964844,0.007087525447623921
2023-11-02,177.40806579589844,-0.00026060895626112135
2023-11-03,177.36183166503906,0.0028679619927931554
2023-11-06,177.87049865722656,-0.0035097604247296132
2023-11-07,177.2462158203125,-0.0028696605580850187
2023-11-08,176.73757934570312,-0.003532258613166528
2023-11-09,176.11329650878906,-0.00406991619389796
2023-11-10,175.3965301513672,0.006195678093034784
2023-11-13,176.4832305908203,0.02620195996802699
2023-11-15,181.10743713378906,0.013915511569284833
2023-11-16,183.6276397705078,-0.004281041539788921
2023-11-17,182.84152221679688,0.012139582541567107
2023-11-20,185.06114196777344,0.0011244897930577924
2023-11-21,185.2692413330078,-0.000998368858666443
2023-11-22,185.0842742919922,0.0056214164871415395
2023-11-23,186.1247100830078,-0.01614905029722813
2023-11-24,183.1189727783203,0.002146508361674959
2023-11-28,183.5120391845703,0.023686406308658814
2023-11-29,187.85877990722656,0.016738560077871778
2023-11-30,191.00326538085938,-0.013073443050938716
2023-12-01,188.50619506835938,-0.0004906126319841331
2023-12-04,188.41371154785156,-0.007608349967091477
2023-12-05,186.98019409179688,0.035612726492569635
2023-12-06,193.63906860351562,-0.0011939011830267576
2023-12-07,193.4078826904297,0.010400405390724732
2023-12-08,195.41940307617188,-0.004732722074152207
2023-12-11,194.49453735351562,0.003804213175899074
2023-12-12,195.23443603515625,-0.006039914078158071
2023-12-13,194.05523681640625,0.035148365997242914
2023-12-14,200.87596130371094,0.027969691765200366
2023-12-15,206.49440002441406,-0.0029112194452936
2023-12-18,205.89324951171875,-0.01471079978241241
2023-12-19,202.86439514160156,-0.015386402070384664
2023-12-20,199.7430419921875,0.004745935176725391
2023-12-21,200.69100952148438,0.06601367984729278
2023-12-22,213.93936157226562,0.016103084504159204
2023-12-26,217.3844451904297,0.0018080221348293346
2023-12-27,217.77748107910156,-0.0031850585733939063
2023-12-28,217.08384704589844,0.003940729638069795
2023-12-29,217.93931579589844,0.012412490457975878
2024-01-01,220.6444854736328,-0.016661299043986832
2024-01-02,216.96826171875,-0.028346186348179758
2024-01-03,210.8180389404297,-0.00767716323140466
2024-01-04,209.19955444335938,0.009283884248271868
2024-01-05,211.14173889160156,-0.013688207706875288
2024-01-08,208.2515869140625,0.000888190307485992
2024-01-09,208.43655395507812,0.0063227950487616535
2024-01-10,209.75445556640625,-0.011904657981963052
2024-01-11,207.2574005126953,0.03848714490163707
2024-01-12,215.23414611816406,0.06262767549165815
2024-01-15,228.71376037597656,-0.01940971987095852
2024-01-16,224.2744903564453,-0.0053607780567943575
2024-01-17,223.07220458984375,0.0005182204844842442
2024-01-18,223.18780517578125,0.004972503964630448
2024-01-19,224.297607421875,-0.031233911091808952
2024-01-23,217.2919158935547,0.01951385922474458
2024-01-24,221.53211975097656,-0.016839196852475258
2024-01-25,217.80169677734375,0.006382930129862574
2024-01-29,219.19190979003906,-0.0010570860582218566
2024-01-30,218.960205078125,0.011957608258135854
2024-01-31,221.5784454345703,-0.01422139034450276
2024-02-01,218.4272918701172,0.025034490404405974
2024-02-02,223.8955078125,-0.001655737910489452
2024-02-05,223.52479553222656,0.03586598630711446
2024-02-06,231.54173278808594,-0.008906231640444573
2024-02-07,229.4795684814453,-0.012823112015534321
2024-02-08,226.53692626953125,0.003272998757133383
2024-02-09,227.27838134765625,0.02242839100267502
2024-02-12,232.37586975097656,0.020241270183140925
2024-02-13,237.07945251464844,0.005668510344727373
2024-02-14,238.42333984375,0.007774500758768843
2024-02-15,240.27696228027344,0.04725165908406348
2024-02-16,251.6304473876953,-0.012983318691883294
2024-02-19,248.3634490966797,-0.007463346330811693
2024-02-20,246.50982666015625,-0.019832787670250984
2024-02-21,241.620849609375,0.018507831832341504
2024-02-22,246.0927276611328,0.009603710531287613
2024-02-23,248.4561309814453,-0.006061726036293069
2024-02-26,246.95005798339844,-0.0027210007538871483
2024-02-27,246.27810668945312,-0.025872607090843824
2024-02-28,239.90625,0.0017383372207568915
2024-02-29,240.3232879638672,0.0009642010670973811
2024-03-01,240.5550079345703,0.002696984772546651
2024-03-04,241.2037811279297,-0.013832837019266297
2024-03-05,237.86724853515625,-0.00029219568733274137
2024-03-06,237.79774475097656,0.004579476811072736
2024-03-07,238.88673400878906,-0.0018428454182223275
2024-03-11,238.44650268554688,-0.007190645831560261
2024-03-12,236.73191833496094,-0.012626154060246919
2024-03-13,233.74290466308594,0.026863725901397517
2024-03-14,240.02210998535156,-0.0018341917836574018
2024-03-15,239.5818634033203,-0.013152849039855918
2024-03-18,236.43067932128906,-0.03008618225523385
2024-03-19,229.3173828125,-0.0027281418612474795
2024-03-20,228.6917724609375,0.014083161323829918
2024-03-21,231.9124755859375,-0.02667604734536355
2024-03-22,225.72596740722656,-0.01488402389831478
2024-03-26,222.3662567138672,-0.01573417132168098
2024-03-27,218.8675079345703,0.016514984521777132
2024-03-28,222.4821014404297,0.01010219958908376
2024-04-01,224.7296600341797,-0.007732815367965662
2024-04-02,222.9918670654297,0.004156221484953315
2024-04-03,223.91867065429688,0.00869201445150547
2024-04-04,225.86497497558594,-0.004821484680036292
2024-04-05,224.77597045898438,-0.010617464573490887
2024-04-08,222.38941955566406,-0.008543475860908645
2024-04-09,220.48944091796875,0.003152596028400234
2024-04-10,221.18455505371094,-0.013722969206206748
2024-04-12,218.1492462158203,-0.02421661777751949
2024-04-15,212.8664093017578,-0.023946961283511814
2024-04-16,207.76890563964844,-0.008921558453690581
2024-04-18,205.915283203125,0.018903932636890497
2024-04-19,209.80789184570312,0.020430735485241103
2024-04-22,214.09442138671875,0.00021645095693134664
2024-04-23,214.14076232910156,-0.004760819297290109
2024-04-24,213.12127685546875,0.0023917607614913905
2024-04-25,213.63101196289062,0.0078091374021624915
2024-04-26,215.29928588867188,-0.0035514187460763402
2024-04-29,214.53466796875,-0.0011880728411555186
2024-04-30,214.27978515625,-0.010813185748954623
2024-05-02,211.96273803710938,-0.0001092059067653306
2024-05-03,211.93959045410156,0.002842399529492168
2024-05-06,212.54200744628906,0.011446640007472197
2024-05-07,214.9748992919922,-0.001508951034506989
2024-05-08,214.6505126953125,-0.01575984251744611
2024-05-09,211.2676544189453,-0.008883592715885902
2024-05-10,209.39083862304688,0.0002212402600725305
2024-05-13,209.43716430664062,0.00973569676796937
2024-05-14,211.47618103027344,0.004273014306708012
2024-05-15,212.37982177734375,0.013419167147321165
2024-05-16,215.2297821044922,-0.007428201273861679
2024-05-17,213.63101196289062,-0.0002168490574850912
2024-05-21,213.58468627929688,0.0008677986889931155
2024-05-22,213.77003479003906,0.009755002147451064
2024-05-23,215.85536193847656,-0.0046156955420912915
2024-05-24,214.85903930664062,-0.02415602241942727
2024-05-27,209.6688995361328,0.007956561091768455
2024-05-28,211.33714294433594,-0.011511899005580473
2024-05-29,208.9042510986328,-0.03072315473755305
2024-05-30,202.48605346679688,0.0028608620596368706
2024-05-31,203.06533813476562,0.01346414098491966
2024-06-03,205.7994384765625,-0.013397965133349454
2024-06-04,203.04214477539062,0.0304690840689974
2024-06-05,209.22865295410156,0.021040899258452983
2024-06-06,213.63101196289062,0.05108466670028444
2024-06-07,224.54428100585938,-0.0191931302917
2024-06-10,220.2345733642578,0.0016833996233569515
2024-06-11,220.60531616210938,0.0017854981362730449
2024-06-12,220.99920654296875,0.011952162626962526
2024-06-13,223.640625,-0.01056779402902952
2024-06-14,221.27723693847656,0.03005242515924933
2024-06-18,227.92715454101562,0.007929273528505698
2024-06-19,229.7344512939453,-0.010791732690164757
2024-06-20,227.25521850585938,0.0003058402118845116
2024-06-21,227.32472229003906,0.0
2024-06-24,227.32472229003906,0.012842771084054405
2024-06-25,230.24420166015625,-0.00332096605776655
2024-06-26,229.4795684814453,0.03150239710654312
2024-06-27,236.70872497558594,0.007928669627677909
2024-06-28,238.58551025390625,0.02427893685956839
2024-07-01,244.37811279296875,0.020574673486366102
2024-07-02,249.40611267089844,0.0014863800903011093
2024-07-03,249.77682495117188,-0.015398817328017511
2024-07-04,245.93055725097656,0.008290778141879285
2024-07-05,247.96951293945312,0.011399778351146583
2024-07-08,250.7963104248047,-0.00036948959025595585
2024-07-09,250.70364379882812,-0.010073880193405826
2024-07-10,248.17808532714844,-0.0027075367797263494
2024-07-11,247.50613403320312,0.04877377245005454
2024-07-12,259.57794189453125,-0.0008035646055362111
2024-07-15,259.3693542480469,0.0
2024-07-16,259.3693542480469,0.024120206871031558
2024-07-18,265.6253967285156,-0.027913446360891214
2024-07-19,258.21087646484375,-0.0922470770190097
2024-07-22,234.3916778564453,-0.010379599941228168
2024-07-23,231.9587860107422,-0.0008989813014389503
2024-07-24,231.75025939941406,0.01349731383063646
2024-07-25,234.87826538085938,0.035414775382703656
2024-07-26,243.19642639160156,-0.0007621977521691248
2024-07-29,243.0110626220703,-0.00553008597967608
2024-07-30,241.6671905517578,0.0009587760398299672
2024-07-31,241.89889526367188,-0.0008621034415633444
2024-08-01,241.6903533935547,-0.03719675576484216
2024-08-02,232.70025634765625,-0.03415322404021859
2024-08-05,224.75279235839844,0.009278382641409788
2024-08-06,226.838134765625,0.016138905361903433
2024-08-07,230.49905395507812,-0.020305592763027902
2024-08-08,225.81863403320312,0.008208524080612234
2024-08-09,227.67227172851562,-0.004579735709982047
2024-08-12,226.6295928955078,0.002964975956406324
2024-08-13,227.30154418945312,0.0094801212155875
2024-08-14,229.45639038085938,0.042613362430070634
2024-08-16,239.2342987060547,0.006779747933135516
2024-08-19,240.8562469482422,0.009427577431515344
2024-08-20,243.12693786621094,0.00324020352755916
2024-08-21,243.9147186279297,-0.013964108664298425
2024-08-22,240.5086669921875,-0.012716743129160935
2024-08-23,237.45018005371094,0.01483214862801141
2024-08-26,240.97207641601562,-0.00548069298886944
2024-08-27,239.65138244628906,0.033742517808556416
2024-08-28,247.73782348632812,0.007669311899804354
2024-08-29,249.63780212402344,-0.0005568981378845095
2024-08-30,249.498779296875,-0.011051270271354552
2024-09-02,246.7415008544922,0.006761221440267917
2024-09-03,248.40977478027344,-0.03152677157920347
2024-09-04,240.57821655273438,0.010979331284859395
2024-09-05,243.2196044921875,-0.008097610736503502
2024-09-06,241.25010681152344,-0.011044954934253726
2024-09-09,238.58551025390625,0.02117135266571757
2024-09-10,243.63668823242188,-0.0216834448405816
2024-09-11,238.3538055419922,0.03052394074422149
2024-09-12,245.62930297851562,0.03876997026009277
2024-09-13,255.15234375,0.0023612482585464445
2024-09-16,255.75482177734375,0.0
2024-09-17,255.75482177734375,-0.024913985605281908
2024-09-18,249.38294982910156,-0.00891959836659828
2024-09-19,247.15855407714844,0.010780858096444357
2024-09-20,249.82313537597656,-0.00779054566740911
2024-09-23,247.8768768310547,0.008693211803192602
2024-09-24,250.03172302246094,-0.006208989960319378
2024-09-25,248.47927856445312,0.010630521179307406
2024-09-26,251.12074279785156,-0.00018471878600379021
2024-09-27,251.07435607910156,-0.0006459666828507737
2024-09-30,250.91217041015625,0.009788625243100979
2024-10-01,253.36825561523438,-0.03036126667912098
2024-10-03,245.67567443847656,0.006413300969324132
2024-10-04,247.2512664794922,-0.003935914278197505
2024-10-07,246.27810668945312,-0.008467367142248716
2024-10-08,244.19277954101562,0.007970484805183586
2024-10-09,246.1391143798828,-0.011578842764165542
2024-10-10,243.2891082763672,0.006285735968482475
2024-10-11,244.818359375,0.04022346466209803
2024-10-14,254.66580200195312,-0.030206573149145544
2024-10-15,246.9732208251953,-0.001501022171694566
2024-10-16,246.60250854492188,-0.006389197134742841
2024-10-17,245.02691650390625,0.03763581010038308
2024-10-18,254.2487030029297,-0.0010024940520426684
2024-10-21,253.9938201904297,-0.004834810878627804
2024-10-22,252.76580810546875,0.0032082804616409
2024-10-23,253.57675170898438,-0.0005481271789845588
2024-10-24,253.43775939941406,-0.006308394629826908
2024-10-25,251.83897399902344,0.027877395275802908
2024-10-28,258.8595886230469,0.006444823822187029
2024-10-29,260.52789306640625,0.005425104761895838
2024-10-30,261.9412841796875,-0.02379483303142893
2024-10-31,255.70843505859375,-0.0008153665079614347
2024-11-01,255.49993896484375,-0.01913500382574662
2024-11-04,250.61094665527344,0.005362444645924169
2024-11-05,251.954833984375,0.03715296989264605
2024-11-06,261.3157043457031,-0.000886743379175492
2024-11-07,261.083984375,0.009939568917149755
2024-11-08,263.6790466308594,0.007908696927803494
2024-11-11,265.764404296875,-0.004969473741262664
2024-11-12,264.4436950683594,-0.0028915358987944284
2024-11-13,263.6790466308594,-0.0040421354280294475
2024-11-14,262.61322021484375,-0.024439793569319357
2024-11-18,256.19500732421875,0.01655068887449418
2024-11-19,260.4352111816406,-0.008629776090554153
2024-11-21,258.1877136230469,0.026025215432795124
2024-11-22,264.9071044921875,0.01889262754715304
2024-11-25,269.9118957519531,0.011245554144379222
2024-11-26,272.94720458984375,-0.010356404687243859
2024-11-27,270.1204528808594,-0.0183566110632023
2024-11-28,265.1619567871094,0.0098741751907363
2024-11-29,267.78021240234375,0.01159468749764958
2024-12-02,270.8850402832031,-0.0021383763008286927
2024-12-03,270.3057861328125,0.0080575745875191
2024-12-04,272.4837951660156,0.018027273473585126
2024-12-05,277.39593505859375,-0.006515059336326456
2024-12-06,275.58868408203125,0.02152330604430097
2024-12-09,281.520263671875,0.014320982354629752
2024-12-10,285.5519104003906,0.0029211394934147705
2024-12-11,286.38604736328125,0.00032362569901334126
2024-12-12,286.4787292480469,0.002749981757335762
2024-12-13,287.26654052734375,-0.002419806334755137
2024-12-16,286.5714111328125,-0.001132010531638139
2024-12-17,286.24700927734375,0.01214201840519702
2024-12-18,289.7226257324219,0.00047969001533765265
2024-12-19,289.8616027832031,-0.02414061212747487
2024-12-20,282.8641662597656,0.008846579629304241
2024-12-23,285.3665466308594,-0.008444328994958838
2024-12-24,282.9568176269531,-0.0008188155884282233
2024-12-26,282.7251281738281,0.013276503218740965
2024-12-27,286.4787292480469,-0.017470027435901647
2024-12-30,281.47393798828125,-0.006091503965267253
2024-12-31,279.75933837890625,-0.005135181540530498
2025-01-01,278.3227233886719,0.011655052549435219
2025-01-02,281.56658935546875,-0.030776662641250008
2025-01-03,272.9009094238281,-0.0005095937709010956
2025-01-06,272.7618408203125,-0.0008494203310411841
2025-01-07,272.5301513671875,0.01190277828168207
2025-01-08,275.7740173339844,-0.017644097650843626
2025-01-09,270.9082336425781,0.028224353368620392
2025-01-10,278.554443359375,-0.02894681141040123
2025-01-13,270.4911804199219,0.00342642908436952
2025-01-14,271.4179992675781,-0.0006829457516872584
2025-01-15,271.2326354980469,-0.01571848716283797
2025-01-16,266.9692687988281,-0.02117683611511545
2025-01-17,261.3157043457031,0.06490499069637679
2025-01-20,278.2763977050781,-0.006327862477423785
2025-01-21,276.5155029296875,0.036031348017737885
2025-01-22,286.4787292480469,0.02782280594013109
2025-01-23,294.4493713378906,0.007554217917634443
2025-01-24,296.6737060546875,-0.037956863021020415
2025-01-27,285.41290283203125,0.005464473862886621
2025-01-28,286.9725341796875,0.029150160429354255
2025-01-29,295.33782958984375,-0.011041752991176601
2025-01-30,292.0767822265625,0.009385031844870939
2025-01-31,294.81793212890625,-0.022763610601998163
2025-02-01,288.1068115234375,0.02887142499420592
2025-02-03,296.42486572265625,0.008450209765011651
2025-02-04,298.9297180175781,0.002687811711071575
2025-02-05,299.7331848144531,0.00268040311324258
2025-02-06,300.5365905761719,0.00015729109199313918
2025-02-07,300.5838623046875,0.003301882769658482
2025-02-10,301.57635498046875,-0.018962454566631592
2025-02-11,295.85772705078125,-0.008945640829709833
2025-02-12,293.2110900878906,-0.0053193499002544
2025-02-13,291.6513977050781,-0.0014583282976693424
2025-02-14,291.22607421875,-0.008925592398785431
2025-02-17,288.626708984375,0.022433208003620253
2025-02-18,295.1015319824219,0.006085800175327893
2025-02-19,296.8974609375,-0.00254699068820452
2025-02-20,296.1412658691406,-0.02218311560943642
2025-02-21,289.5719299316406,-0.03688600737741221
2025-02-24,278.8907775878906,-0.012709694920269188
2025-02-25,275.3461608886719,0.010985262137293228
2025-02-27,278.37091064453125,-0.05721558514910341
2025-02-28,262.4437561035156,0.021249786476524868
2025-03-03,268.0206298828125,-0.012519897523484147
2025-03-04,264.6650390625,0.018214263311895573
2025-03-05,269.4857177734375,0.0028059540855407406
2025-03-06,270.24188232421875,-0.0038474194961066743
2025-03-07,269.2021484375,-0.013693803666070536
2025-03-10,265.5157470703125,-0.011213826458952525
2025-03-11,262.5382995605469,-0.033123480518967297
2025-03-12,253.8421173095703,-0.016942801117373563
2025-03-13,249.54132080078125,-0.015719636980446317
2025-03-17,245.61862182617188,0.0
2025-03-18,245.61862182617188,0.022513021482075235
2025-03-19,251.1482391357422,0.008656226215883134
2025-03-20,253.32223510742188,-0.013805913915215795
2025-03-21,249.82489013671875,0.019296169607080804
2025-03-24,254.6455535888672,0.005939137191342647
2025-03-25,256.1579284667969,-0.013284117542709861
2025-03-26,252.75509643554688,0.017950735540302354
2025-03-27,257.292236328125,-0.03655405700328973
2025-03-28,247.8871612548828,0.00133464380639281
2025-04-01,248.21800231933594,0.0038080273728478
2025-04-02,249.16322326660156,-0.027503740088054784
2025-04-03,242.310302734375,-0.039204226586720625
2025-04-04,232.8107147216797,-0.013804373893125055
2025-04-07,229.59690856933594,0.017908649796306353
2025-04-08,233.70867919921875,-0.04287162226569652
2025-04-09,223.689208984375,0.013099589513998033
2025-04-11,226.61944580078125,0.017726821356593314
2025-04-15,230.63668823242188,0.01495890904707542
2025-04-16,234.08676147460938,-0.0434080063307023
2025-04-17,223.92552185058594,0.006542882633899794
2025-04-21,225.39064025878906,-0.0180331985191996
2025-04-22,221.3261260986328,0.040358834978337255
2025-04-23,230.2585906982422,-0.003489344461153565
2025-04-24,229.45513916015625,-0.007621044141966515
2025-04-25,227.70645141601562,-0.0016604603507210935
2025-04-28,227.32835388183594,0.003742199304600069
2025-04-29,228.17906188964844,0.00041427200839261324
2025-04-30,228.27359008789062,0.0007453139803923481
2025-05-02,228.4437255859375,0.007820369229420976
2025-05-05,230.23023986816406,-0.009771301324881465
2025-05-06,227.9805908203125,0.011816394903237715
2025-05-07,230.67449951171875,-0.010121327067387664
2025-05-08,228.3397674560547,0.0018213803023494624
2025-05-09,228.7556610107422,0.06309664974645024
2025-05-12,243.1893768310547,-0.02219372368300765
2025-05-13,237.79209899902344,0.005445733470662795
2025-05-14,239.08705139160156,0.014351250308814123
2025-05-15,242.51824951171875,-0.008808471998548395
2025-05-16,240.3820343017578,-0.010066475274312148
2025-05-19,237.9622344970703,-0.008103254017144956
2025-05-20,236.03396606445312,0.00484558452857331
2025-05-21,237.1776885986328,-0.019846912670663408
2025-05-22,232.47044372558594,0.005773740952110584
2025-05-23,233.8126678466797,0.011642973861700767
2025-05-26,236.53494262695312,-0.00795242851136091
2025-05-27,234.65391540527344,-0.003303165458241497
2025-05-28,233.87881469726562,0.010952679637790563
2025-05-29,236.44041442871094,-0.001879014226130571
2025-05-30,235.9961395263672,-0.007970520054547237
2025-06-02,234.11512756347656,-0.005894687006145927
2025-06-03,232.73509216308594,0.0025993725498731912
2025-06-04,233.34005737304688,0.004374982916098169
2025-06-05,234.3609161376953,0.0026215116963084206
2025-06-06,234.9752960205078,0.010861243997389192
2025-06-09,237.5274200439453,0.014246466327868523
2025-06-10,240.91134643554688,0.015890561442520434
2025-06-11,244.73956298828125,0.0026648374874338465
2025-06-12,245.39175415039062,0.0023111561912037004
2025-06-13,245.95889282226562,0.010299418791125836
2025-06-16,248.49212646484375,7.60814433735657e-05
2025-06-17,248.5110321044922,-0.005020809055692355
2025-06-18,247.2633056640625,0.015252969394953908
2025-06-19,251.03480529785156,0.0036147982924925603
2025-06-20,251.94224548339844,-0.012380985201214223
2025-06-23,248.8229522705078,0.006572018980231631
2025-06-24,250.45822143554688,0.01675657958466026
2025-06-25,254.65504455566406,-0.0033035987079690354
2025-06-26,253.8137664794922,-0.012922675741446454
2025-06-27,250.5338134765625,0.0035089260090637175
2025-06-30,251.4129180908203,-0.005376534972603819
2025-07-01,250.06118774414062,0.009261039015719508
2025-07-02,252.37701416015625,0.0001873059980241898
2025-07-03,252.42428588867188,0.011233837304488459
2025-07-04,255.25997924804688,-0.008516970636960997
2025-07-07,253.0859375,0.007096183342336859
2025-07-08,254.8818817138672,-0.006860836836149797
2025-07-09,253.1331787109375,-0.010268765428586124
2025-07-10,250.5338134765625,-0.025466862017771597
2025-07-11,244.15350341796875,-0.015679422910441443
2025-07-14,240.3253173828125,0.012389364798386815
2025-07-15,243.30279541015625,0.02097893194971845
2025-07-16,248.4070281982422,-0.008371334362392013
2025-07-17,246.32752990722656,0.024366919297460488
2025-07-18,252.32977294921875,-0.024723759612265694
2025-07-21,246.0912322998047,-0.0024966153237554467
2025-07-22,245.47683715820312,0.006545923343301618
2025-07-23,247.08370971679688,0.0017215593176209687
2025-07-24,247.5090789794922,-0.010120305744091396
2025-07-25,245.00421142578125,-0.016325689454975367
2025-07-28,241.0043487548828,0.006998592734503539
2025-07-29,242.6910400390625,-0.006354291103426557
2025-07-30,241.14891052246094,-0.0075938682359805165
2025-07-31,239.31765747070312,-0.022351998435085285
2025-08-01,233.9684295654297,0.013594219921210904
2025-08-04,237.1490478515625,-0.000568981713829797
2025-08-05,237.0141143798828,-0.02419584371475436
2025-08-06,231.27935791015625,0.009834979248042108
2025-08-07,233.55398559570312,-0.013494602250565979
2025-08-08,230.4022674560547,0.010750850202219997
2025-08-11,232.87928771972656,0.0004139044371511691
2025-08-12,232.97567749023438,-0.0002896197833235359
2025-08-13,232.908203125,0.021353297511928826
2025-08-14,237.88156127929688,-0.0064826977320949775
2025-08-18,236.33944702148438,0.0071367319566688625
2025-08-19,238.02613830566406,0.015711044630839055
2025-08-20,241.76577758789062,-0.0037075648738649214
2025-08-21,240.86941528320312,-0.0050818409516815155
2025-08-22,239.64535522460938,0.020913701136386464
2025-08-25,244.6572265625,-0.007130412048106161
2025-08-26,242.9127197265625,-0.005475539224529813
2025-08-28,241.5826416015625,-0.004947083062790347
2025-08-29,240.38751220703125,0.0038089287088083346
2025-09-01,241.30313110351562,0.0022767107865275804
2025-09-02,241.85250854492188,-0.005459668697491482
2025-09-03,240.53207397460938,-0.01839241387229118
2025-09-04,236.1081085205078,-0.00530678709731125
2025-09-05,234.85513305664062,-0.004719433483464153
2025-09-08,233.7467498779297,0.027337928680831736
2025-09-09,240.13690185546875,0.026490105360330363
2025-09-10,246.49815368652344,-0.007194526504467502
2025-09-11,244.72471618652344,-0.007758687824298338
2025-09-12,242.8259735107422,-0.0026196689259784245
2025-09-15,242.18984985351562,0.010864372913720555
2025-09-16,244.8210906982422,0.0005511513378804178
2025-09-17,244.95602416992188,0.01093840459595019
2025-09-18,247.6354522705078,-0.004086625719073811
2025-09-19,246.6234588623047,-0.021689920288763376
2025-09-22,241.2742156982422,-0.002796267957792198
2025-09-23,240.59954833984375,-0.020189901884406947
2025-09-24,235.7418670654297,-0.010589155859845767
2025-09-25,233.2455596923828,-0.025826474597868465
2025-09-26,227.22164916992188,0.016500552876941077
2025-09-29,230.97093200683594,-0.001126649948592573
2025-09-30,230.71070861816406,0.007101919019472103
2025-10-01,232.3491973876953,-0.0003733441595478171
2025-10-03,232.262451171875,0.004772246614537012
2025-10-06,233.37086486816406,0.005781998435615332
2025-10-07,234.72021484375,0.0030386233194024115
2025-10-08,235.43344116210938,0.008719800930252042
2025-10-09,237.4863739013672,0.009334481374117631
2025-10-10,239.70318603515625,-0.014354656650617414
2025-10-13,236.2623291015625,0.013421414846385371
2025-10-14,239.4333038330078,0.007205620418339942
2025-10-15,241.1585693359375,0.014387865584178039
2025-10-16,244.62832641601562,-0.05086482864667463
2025-10-17,232.1853485107422,0.0014114284764188412
2025-10-20,232.5130615234375,0.0004973757669652912
2025-10-21,232.6287078857422,0.01218099308290177
2025-10-23,235.4623565673828,-0.0054031877239325565
2025-10-24,234.1901092529297,0.0038274985546866702
2025-10-27,235.0864715576172,-0.006272820131233092
2025-10-28,233.61181640625,-0.0004126065709800786
2025-10-29,233.5154266357422,-0.0014859183749881266
2025-10-30,233.16844177246094,-0.005166898578862433
2025-10-31,231.96368408203125,-0.0007064215089989112
2025-11-03,231.79981994628906,-0.010727634814106213
2025-11-04,229.3131561279297,0.008952595798304541
2025-11-06,231.36610412597656,-0.014830233632831535
2025-11-07,227.9348907470703,0.014165473005951723
2025-11-10,231.1636962890625,0.0077134994954304315
2025-11-11,232.94677734375,0.014605473458051632
2025-11-12,236.3490753173828,0.0004485656068842214
2025-11-13,236.45509338378906,-0.003913122346910547
2025-11-14,235.52981567382812,-0.0013094335579082461
2025-11-17,235.22140502929688,-0.012907228907065416
2025-11-18,232.1853485107422,0.02146117842218498
2025-11-19,237.16831970214844,0.0007721772729094578
2025-11-20,237.35145568847656,-0.007187498091457689
2025-11-21,235.64549255371094,0.01137058923363532
2025-11-24,238.32492065429688,-0.006591965535005073
2025-11-25,236.75389099121094,0.018523059856716095
2025-11-26,241.13929748535156,-0.002518144147695689
2025-11-27,240.53207397460938,-0.00012021434312536883
2025-11-28,240.50315856933594,0.003005656463503259
2025-12-01,241.2260284423828,-0.0004395600502979935
2025-12-02,241.1199951171875,0.018067730495556322
2025-12-03,245.4764862060547,0.008795001500228716
2025-12-04,247.6354522705078,0.011598593311482386
2025-12-05,250.50767517089844,0.0056557511903165825
2025-12-08,251.9244842529297,-0.015188560375958393
2025-12-09,248.09811401367188,0.0022143555729567943
2025-12-10,248.64749145507812,0.004922811779204395
2025-12-11,249.8715362548828,0.0052072656231250125
2025-12-12,251.1726837158203,0.004374560662196547
2025-12-15,252.27145385742188,-0.009627855116676076
2025-12-16,249.84262084960938,0.0074069455100092
2025-12-17,251.6931915283203,0.010377469730914912
2025-12-18,254.3051300048828,0.0022740717242222264
2025-12-19,254.88343811035156,0.031083316905172742
2025-12-22,262.8060607910156,-0.004657655363462632
2025-12-23,261.5820007324219,-0.012306570165684705
2025-12-24,258.3628234863281,-0.006565766989096278
2025-12-26,256.6664733886719,-0.007735557931700887
2025-12-29,254.68101501464844,-0.002232790268876017
2025-12-30,254.11236572265625,-0.0014033679870931737
2025-12-31,253.75575256347656,0.015458862425486997
2026-01-01,257.67852783203125,0.006171530897329358
2026-01-02,259.268798828125,-0.021189610768716505
2026-01-05,253.77499389648438,0.008735405165579024
2026-01-06,255.9918212890625,0.0195782479012534
2026-01-07,261.0036926269531,-0.03175770929179289
2026-01-08,252.71481323242188,-0.0009533919924008538
2026-01-09,252.473876953125,0.004390030102511044
2026-01-12,253.58224487304688,0.004180996350751975
2026-01-13,254.64247131347656,-0.015140054537776892
2026-01-14,250.78717041015625,0.0
2026-01-15,250.78717041015625,0.02786319540256188
2026-01-16,257.77490234375,-0.0803889132506066
2026-01-19,237.0526580810547,-0.024598527126578507
2026-01-20,231.2215118408203,-0.001458886965659656
2026-01-21,230.88418579101562,0.004591894933034579
2026-01-22,231.9443817138672,-0.00934969669502872
2026-01-23,229.77577209472656,0.010327065922860701
2026-01-27,232.148681640625,0.010860323216049128
2026-01-28,234.66989135742188,0.010322298909588135
2026-01-29,237.09222412109375,-0.012093453526678566
2026-01-30,234.22496032714844,0.022794475135026193
2026-02-02,239.56399536132812,0.001609611067876937
2026-02-03,239.94960021972656,-0.038526551132099796
2026-02-04,230.70516967773438,0.00021429288572760719
2026-02-05,230.75460815429688,-0.01144006103658246
2026-02-06,228.11476135253906,-0.002773963327362017
2026-02-09,227.4819793701172,0.006041416371958652
2026-02-10,228.85629272460938,-0.007171600350599161
2026-02-11,227.21502685546875,-0.04669068692513023
2026-02-12,216.606201171875,-0.022777141269517465
2026-02-13,211.6725311279297,-0.003876898576293475
2026-02-16,210.85189819335938,0.011394598068226403
2026-02-17,213.2544708251953,-0.017339702894529796
2026-02-18,209.55670166015625,-0.003491387633807741
2026-02-19,208.82505798339844,-0.0063917009162723915
2026-02-20,207.4903106689453,-0.01891744315467947
2026-02-23,203.56512451171875,-0.02792754341479442
2026-02-24,197.8800506591797,0.008893786656305025
2026-02-25,199.63995361328125,-0.0041600158488440675
2026-02-26,198.8094482421875,-0.0005967376601559993
2026-02-27,198.69081115722656,-0.011892959905005607
2026-03-02,196.32778930664062,-0.015208753123800656
2026-03-04,193.34188842773438,0.0006647539305559835
2026-03-05,193.4704132080078,-0.0014309175515291317
2026-03-06,193.19357299804688,0.017144356895677726
2026-03-09,196.50575256347656,0.01096853512381113
2026-03-10,198.6611328125,0.006469932384271626
2026-03-11,199.9464569091797,0.001384571721051664
2026-03-12,200.22329711914062,-0.024344462824327784
2026-03-13,195.34896850585938,-0.012501259530447006
2026-03-16,192.9068603515625,-0.019424957903376172
2026-03-17,189.15965270996094,0.015575996548132354
2026-03-18,192.1060028076172,-0.030313921704762548
2026-03-19,186.2825164794922,0.013215777479599566
2026-03-20,188.744384765625,-0.0176007991235253
2026-03-23,185.42233276367188,0.006398702813516843
2026-03-24,186.60879516601562,0.0016424093882430046
2026-03-25,186.915283203125,0.01348851561836728
2026-03-27,189.43649291992188,-0.020668051560583156
2026-03-30,185.52120971679688,0.018865849700591797
2026-04-01,189.02122497558594,0.019510490046776185
2026-04-02,192.70912170410156,0.012210729184358504
2026-04-06,195.06224060058594,0.037660286434203716
2026-04-07,202.40834045410156,-0.006350153821705562
2026-04-08,201.12301635742188,-0.00270378166784746
2026-04-09,200.5792236328125,0.009907905267033668
2026-04-10,202.56654357910156,-0.009322580914881584
2026-04-13,200.6781005859375,0.03340397091161251
2026-04-15,207.3815460205078,0.002431396111399753
2026-04-16,207.88577270507812,-0.028250656451753287
2026-04-17,202.0128631591797,-0.009005511320054227
2026-04-20,200.19363403320312,0.012495074272726336
2026-04-21,202.695068359375,-0.004926593426712089
2026-04-22,201.69647216796875,-0.0060784301858473055
2026-04-23,200.47047424316406,-0.01676856801927651
2026-04-24,197.10887145996094,0.02854132154983602
2026-04-27,202.734619140625,-0.016922697588273583
2026-04-28,199.30380249023438,-0.004464775837889068
2026-04-29,198.41395568847656,-0.00014950100578647874
2026-04-30,198.38429260253906,0.0
2026-05-01,198.38429260253906,0.0004984111989303486
2026-05-04,198.48316955566406,-0.004831872708921492
2026-05-05,197.5241241455078,-0.003303684427762188
2026-05-06,196.87156677246094,-0.008838819811388343
2026-05-07,195.13145446777344,0.002786801984808518
2026-05-08,195.6752471923828,-0.006215019557816559
2026-05-11,194.45912170410156,-0.036150059717956706
2026-05-12,187.42941284179688,-0.009336929739337085
2026-05-13,185.6793975830078,0.00266240764716974
2026-05-14,186.1737518310547,0.00902813299442351
2026-05-15,187.85455322265625,0.011421030349836547
2026-05-18,190.0000457763672,0.015611183019252683
2026-05-19,192.96617126464844,0.00999127724299842
2026-05-20,194.89414978027344,0.013291438387990961
2026-05-21,197.4845733642578,0.016871975867750022
2026-05-22,200.8165283203125,0.018364355971014268
2026-05-25,204.50439453125,-0.015035739867486408
2026-05-26,201.4295196533203,-0.010553156095216343
2026-05-27,199.30380249023438,0.0
2026-05-28,199.30380249023438,0.01324534087545648
2026-05-29,201.9436492919922,0.010575326952221076
2026-06-01,204.0792694091797,0.016617320417548598
2026-06-02,207.47052001953125,-0.027354107455378474
2026-06-03,201.79534912109375,0.00107789420833182
2026-06-04,202.0128631591797,-0.029121055297125276
2026-06-05,196.13003540039062,-0.08373240509374125
2026-06-08,179.7075958251953,-0.0004951042754474111
2026-06-09,179.61862182617188,-0.01508237787480693
2026-06-10,176.9095458984375,-0.008718430932562748
2026-06-11,175.36717224121094,0.015617083402107879
2026-06-12,178.10589599609375,0.0068835336300803185
2026-06-15,179.33189392089844,0.007112155977841761
2026-06-16,180.60733032226562,0.009853854445171173
2026-06-17,182.3870086669922,-0.008836170925669573
2026-06-18,180.77540588378906,-0.01115731292969191
2026-06-19,178.75843811035156,-0.0034292456248607994
2026-06-22,178.1454315185547,-0.03157943694609455
2026-06-23,172.5196990966797,-5.740187441438671e-05
2026-06-24,172.50979614257812,0.0029803808766661888
2026-06-25,173.02394104003906,0.0
2026-06-26,173.02394104003906,0.002742762624525996
2026-06-29,173.49850463867188,-0.029006108669195174
2026-06-30,168.4659881591797,-0.0015259152434557999
2026-07-01,168.20892333984375,0.022747361603230765
2026-07-02,172.0352325439453,0.011953965856227322
2026-07-03,174.09173583984375,-0.00999537569255049
2026-07-06,172.35162353515625,-0.007572307475470219
2026-07-07,171.04652404785156,-0.0016185082479869273
2026-07-08,170.76968383789062,0.00023151370648699654
2026-07-09,170.80921936035156,0.015628694730186465
2026-07-10,173.47874450683594,0.01692684110611009
2026-07-13,176.41519165039062,-0.007229655964695381
2026-07-14,175.1397705078125,-0.01405667906143604
2026-07-15,172.67788696289062,0.017692565040191344
2026-07-16,175.73300170898438,-0.009789579396705883
2026-07-17,174.0126495361328,0.0021590493869174665
2026-07-20,174.3883514404297,-0.007994074574438126
2026-07-21,172.99427795410156,-0.0030291021193394885
2026-07-22,172.4702606201172,0.002178446079544649
2026-07-23,172.84597778320312,0.013156321964498563
2026-07-24,175.1199951171875,0.019472383263986925
2026-07-27,178.52999877929688,0.014507345295467378
2026-07-28,181.1199951171875,0.013747822218927341
2026-07-29,183.61000061035156,0.014814014550740051
2026-07-30,186.3300018310547,-0.01438312621818294
2026-07-31,183.64999389648438,0.02728020654576735
2026-08-03,188.66000366210938,-0.012509278938520163
2026-08-04,186.3000030517578,0.0037037167477369515
2026-08-05,186.99000549316406,-0.004652710574995722
2026-08-06,186.1199951171875,0.00757577745057203
2026-08-07,187.52999877929688,-0.010824928238206688
2026-08-10,185.5,-0.0048517191185141195
2026-08-11,184.60000610351562,-0.0035753176613616544
2026-08-12,183.94000244140625,-0.00456668656486614
2026-08-13,183.10000610351562,0.0049153133068469135
2026-08-14,184.0,-0.011413076649541387
2026-08-17,181.89999389648438,-0.021110480850680458
2026-08-18,178.05999755859375,0.008367996819014678
2026-08-19,179.5500030517578,0.008075727783887654
2026-08-20,181.0,-0.0011602580876640678
2026-08-21,180.7899932861328,0.0028762890191491586
2026-08-24,181.30999755859375,-0.006728813838899672
2026-08-25,180.08999633789062,-0.01521456099779217
2026-08-26,177.35000610351562,-0.005356708059410797
2026-08-27,176.39999389648438,0.02579366898633717
2026-08-28,180.9499969482422,0.01961869638921976
2026-08-31,184.5,-0.015176168302210358
2026-09-01,181.6999969482422,-0.025371495254701282
2026-09-02,177.08999633789062,-0.00773615193132382
2026-09-03,175.72000122070312,0.0038697511441920796
2026-09-04,176.39999389648438,-0.020408112070792517
2026-09-07,172.8000030517578,-0.007523165675919707
2026-09-08,171.5,-0.026239067055393583
2026-09-09,167.0,-0.004191598492468196
2026-09-10,166.3000030517578,0.006614496840293027
2026-09-11,167.39999389648438,
